word,support,cells,pi,core_cells,core_share,core_components,core_largest,core_density_pct,hotspot,label,core_area
gastown,45,11,1.0,11,1.0,2,10,0.98,True,area,Downtown
coal,39,15,1.0,15,1.0,3,13,0.98,True,area,Downtown
counsel,34,10,1.0,10,1.0,2,9,1.0,True,area,Downtown
chinatown,28,8,1.0,8,1.0,2,7,0.96,True,area,Strathcona
minerals,27,9,1.0,9,1.0,1,9,1.0,True,area,Downtown
langara,21,11,1.0,11,1.0,6,4,0.7,False,area,Oakridge
bentall,16,2,1.0,2,1.0,1,2,1.0,True,point,Downtown
stadium,16,8,1.0,8,1.0,3,5,0.9,False,area,Downtown
killarney,15,8,1.0,8,1.0,3,4,0.5,False,area,Killarney
lithium,13,8,1.0,8,1.0,3,6,1.0,True,area,Downtown
keefer,12,4,1.0,4,1.0,2,3,0.96,True,point,Strathcona
sfu,12,2,1.0,2,1.0,1,2,1.0,True,point,Downtown
thurlow,12,6,1.0,6,1.0,2,5,0.97,True,area,West End
lawyer,11,9,1.0,9,1.0,4,5,0.99,True,area,Downtown
vgh,11,3,1.0,3,1.0,1,3,0.87,False,point,Fairview
bayshore,10,4,1.0,4,1.0,3,2,0.96,True,point,Fairview
benevolent,10,6,1.0,6,1.0,1,6,0.94,True,area,Strathcona
dunsmuir,10,4,1.0,4,1.0,1,4,0.99,True,area,Downtown
haro,10,5,1.0,5,1.0,2,4,0.95,True,area,West End
richards,9,6,1.0,6,1.0,1,6,0.98,True,area,Downtown
alberni,8,4,1.0,4,1.0,1,4,0.98,True,area,Downtown
cordova,7,5,1.0,5,1.0,4,2,0.99,True,point,Downtown
fourth,7,5,1.0,5,1.0,3,3,0.91,True,point,Kitsilano
hendry,7,6,1.0,6,1.0,4,2,0.72,False,point,Kensington-Cedar Cottage
hornby,7,6,1.0,6,1.0,2,5,0.99,True,area,Downtown
pne,7,4,1.0,4,1.0,1,4,0.67,False,area,Hastings-Sunrise
abbott,6,4,1.0,4,1.0,3,2,0.98,True,point,Downtown
audi,6,4,1.0,4,1.0,2,2,0.86,False,point,Renfrew-Collingwood
bayswater,6,4,1.0,4,1.0,3,2,0.98,True,point,Kitsilano
bute,6,5,1.0,5,1.0,2,4,0.97,True,area,West End
cardero,6,4,1.0,4,1.0,1,4,0.94,True,area,Downtown
nevada,6,4,1.0,4,1.0,1,4,1.0,True,area,Downtown
stables,6,4,1.0,4,1.0,4,1,0.46,False,point,Dunbar-Southlands
studies,6,5,1.0,5,1.0,3,3,0.99,True,point,Downtown
chop,5,5,1.0,5,1.0,3,2,0.98,True,point,Downtown
condominiums,5,5,1.0,5,1.0,4,2,0.97,True,point,Downtown
consulado,5,5,1.0,5,1.0,1,5,0.99,True,area,Downtown
crosstown,5,4,1.0,4,1.0,1,4,0.96,True,area,Downtown
economic,5,4,1.0,4,1.0,1,4,1.0,True,area,Downtown
ef,5,3,1.0,3,1.0,3,1,0.99,True,point,Downtown
honorary,5,3,1.0,3,1.0,2,2,1.0,True,point,Downtown
hycroft,5,2,1.0,2,1.0,1,2,0.75,False,point,Fairview
kaslo,5,5,1.0,5,1.0,4,2,0.72,False,point,Hastings-Sunrise
lagoon,5,4,1.0,4,1.0,2,3,0.75,False,point,West End
lp,5,5,1.0,5,1.0,2,3,1.0,True,point,Downtown
rover,5,3,1.0,3,1.0,1,3,0.96,True,point,Fairview
whitecaps,5,5,1.0,5,1.0,2,3,0.93,True,point,Downtown
consulate,43,17,0.999,17,1.0,6,12,0.98,True,area,Downtown
profile,5,5,0.999,5,1.0,4,2,0.99,True,point,Downtown
pr,5,5,0.989,5,1.0,4,2,0.99,True,point,Downtown
nightclub,11,9,0.98,9,1.0,4,5,0.99,True,area,Downtown
pleasant,49,24,0.975,23,0.98,3,17,0.88,False,area,Mount Pleasant
marpole,39,18,0.973,17,0.974,4,13,0.72,False,area,Marpole
hastings,55,27,0.972,26,0.982,5,11,0.89,False,area,Hastings-Sunrise
mining,43,13,0.967,12,0.977,1,12,0.99,True,area,Downtown
main,133,46,0.961,43,0.977,8,29,0.88,False,area,Riley Park
false,33,20,0.96,19,0.97,9,8,0.91,True,area,Fairview
yaletown,120,20,0.958,16,0.967,1,16,0.98,True,area,Downtown
cabaret,9,8,0.957,8,1.0,5,3,0.98,True,point,Downtown
strathcona,22,8,0.952,7,0.955,3,4,0.9,True,area,Strathcona
champlain,21,9,0.95,8,0.952,3,4,0.56,False,area,Killarney
kerrisdale,85,26,0.949,22,0.953,5,17,0.69,False,area,Kerrisdale
broadway,147,43,0.948,38,0.966,6,23,0.91,True,area,Fairview
as,12,12,0.948,12,1.0,8,3,0.94,True,point,Kitsilano
robson,81,16,0.947,13,0.963,1,13,0.98,True,area,Downtown
kingsway,43,23,0.946,21,0.953,5,7,0.86,False,area,Renfrew-Collingwood
grandview,22,15,0.944,14,0.955,3,10,0.78,False,area,Grandview-Woodland
metals,44,12,0.941,10,0.955,1,10,1.0,True,area,Downtown
blush,5,5,0.928,5,1.0,4,2,0.99,True,point,Downtown
dunbar,47,21,0.927,18,0.936,5,7,0.67,False,area,Dunbar-Southlands
howe,21,8,0.925,7,0.952,1,7,0.99,True,area,Downtown
exploration,17,8,0.92,7,0.941,1,7,1.0,True,area,Downtown
denman,24,6,0.913,4,0.917,1,4,0.93,True,area,West End
davie,32,8,0.911,5,0.906,2,3,0.95,True,point,West End
kitsilano,111,50,0.91,42,0.928,8,32,0.83,False,area,Kitsilano
mines,14,7,0.909,6,0.929,1,6,1.0,True,area,Downtown
granville,166,45,0.901,38,0.958,11,11,0.93,True,area,Fairview
oakridge,61,22,0.893,17,0.918,10,5,0.77,False,area,Oakridge
powell,12,9,0.893,8,0.917,3,4,0.93,True,area,Grandview-Woodland
terminal,27,19,0.892,18,0.963,12,4,0.83,False,area,Downtown
musqueam,10,7,0.885,6,0.9,4,2,0.35,False,point,Dunbar-Southlands
pender,28,11,0.883,10,0.929,1,10,0.98,True,area,Downtown
olympic,27,12,0.88,9,0.889,2,8,0.94,True,area,Mount Pleasant
cambie,62,33,0.876,28,0.903,11,10,0.87,False,area,Fairview
trout,10,6,0.875,5,0.9,2,4,0.5,False,area,Kensington-Cedar Cottage
cancer,13,9,0.874,8,0.923,3,3,0.99,True,point,Fairview
kingsgate,8,3,0.867,2,0.875,1,2,0.91,True,point,Mount Pleasant
woodland,9,9,0.866,8,0.889,5,3,0.88,False,point,Grandview-Woodland
laurel,8,4,0.866,3,0.875,1,3,0.83,False,point,Fairview
tower,42,27,0.859,25,0.952,5,16,0.97,True,area,Downtown
seawall,12,11,0.859,10,0.917,9,2,0.81,False,point,Downtown
resources,97,25,0.858,14,0.887,2,13,0.99,True,area,Downtown
fraserview,17,14,0.849,12,0.882,10,2,0.66,False,point,Sunset
collingwood,27,18,0.845,14,0.852,3,12,0.81,False,area,Renfrew-Collingwood
boundary,19,9,0.838,7,0.842,3,3,0.78,False,point,Renfrew-Collingwood
renfrew,26,15,0.826,11,0.808,5,6,0.7,False,area,Renfrew-Collingwood
fairview,23,16,0.822,12,0.826,3,7,0.97,True,area,Fairview
mount,51,31,0.821,23,0.843,2,22,0.85,False,area,Mount Pleasant
kits,27,20,0.821,16,0.852,6,9,0.86,False,area,Kitsilano
roundhouse,6,4,0.817,3,0.833,1,3,0.99,True,point,Downtown
copper,17,9,0.815,7,0.882,2,6,1.0,True,area,Downtown
llp,107,36,0.813,29,0.907,7,16,0.99,True,area,Downtown
augustine,6,6,0.812,5,0.833,3,3,0.9,False,point,Kitsilano
coho,6,3,0.811,2,0.833,2,1,0.91,True,point,Grandview-Woodland
rooms,6,6,0.811,5,0.833,2,4,0.97,True,area,Strathcona
asset,9,8,0.809,7,0.889,3,3,0.99,True,point,Downtown
chamber,7,4,0.808,3,0.857,1,3,1.0,True,point,Downtown
comox,6,6,0.807,5,0.833,3,2,0.82,False,point,West End
polo,6,5,0.807,4,0.833,3,2,0.86,False,point,West End
downtown,140,58,0.806,47,0.921,4,39,0.97,True,area,Downtown
uranium,7,4,0.805,3,0.857,1,3,1.0,True,point,Downtown
comedy,17,10,0.804,8,0.882,4,3,0.97,True,point,Mount Pleasant
brain,9,8,0.804,7,0.889,4,2,0.99,True,point,Downtown
concord,8,5,0.801,4,0.875,2,2,0.91,True,point,Downtown
recruiting,15,11,0.797,9,0.867,1,9,0.99,True,area,Downtown
trimble,5,4,0.797,3,0.8,1,3,0.52,False,point,West Point Grey
hillcrest,5,3,0.795,2,0.8,1,2,0.79,False,point,Riley Park
venables,5,4,0.792,3,0.8,2,2,0.88,False,point,Grandview-Woodland
britannia,15,8,0.791,5,0.8,2,4,0.86,False,area,Grandview-Woodland
dtes,6,3,0.791,2,0.833,1,2,0.97,True,point,Downtown
windows,5,5,0.789,4,0.8,2,2,0.83,False,point,Hastings-Sunrise
island,55,21,0.787,12,0.818,4,7,0.92,True,area,Fairview
creek,52,34,0.784,26,0.846,10,12,0.89,False,area,Fairview
beatty,7,4,0.784,3,0.857,1,3,0.97,True,point,Downtown
mec,5,5,0.783,4,0.8,1,4,0.94,True,area,Mount Pleasant
gold,85,34,0.78,24,0.871,7,13,0.98,True,area,Downtown
victoria,35,29,0.776,25,0.886,13,5,0.89,False,area,Downtown
harbour,71,30,0.774,21,0.845,5,17,0.98,True,area,Downtown
pace,6,5,0.771,4,0.833,2,3,0.98,True,point,Downtown
espana,5,3,0.771,2,0.8,1,2,0.94,True,point,Downtown
sunset,20,15,0.768,12,0.85,7,4,0.84,False,area,Sunset
barclay,11,7,0.768,5,0.818,3,3,0.96,True,point,West End
capital,87,35,0.767,25,0.885,4,18,0.98,True,area,Downtown
mackay,6,5,0.767,4,0.833,2,2,0.98,True,point,Fairview
jenny,5,5,0.765,4,0.8,3,2,0.91,True,point,Kitsilano
vine,9,9,0.759,7,0.778,2,5,0.77,False,area,Kitsilano
furnished,5,4,0.759,3,0.8,2,2,0.99,True,point,Downtown
burrard,47,22,0.758,16,0.872,3,10,0.98,True,area,Downtown
pandora,6,6,0.758,5,0.833,2,3,0.95,True,point,Grandview-Woodland
romeo,5,5,0.757,4,0.8,3,2,0.93,True,point,Strathcona
champagne,5,4,0.756,3,0.8,1,3,0.98,True,point,Downtown
bay,53,28,0.755,20,0.849,4,9,0.95,True,area,Downtown
rooftop,5,4,0.755,3,0.8,1,3,0.98,True,point,Downtown
ielts,6,6,0.754,5,0.833,1,5,0.99,True,area,Downtown
teapressu,5,5,0.753,4,0.8,3,2,0.91,True,point,Fairview
arbutus,55,36,0.75,26,0.782,8,8,0.75,False,area,Arbutus-Ridge
adidas,5,5,0.741,4,0.8,1,4,0.99,True,area,West End
regiment,5,3,0.74,2,0.8,1,2,0.92,True,point,Downtown
shaughnessy,20,14,0.737,10,0.8,6,3,0.66,False,point,Shaughnessy
commission,12,10,0.736,8,0.833,1,8,1.0,True,area,Downtown
marina,12,11,0.732,8,0.75,4,3,0.9,True,point,Downtown
consumer,8,6,0.732,5,0.875,4,2,0.99,True,point,Downtown
visa,23,14,0.731,11,0.87,3,7,0.99,True,area,Downtown
carpets,9,8,0.731,6,0.778,3,4,0.96,True,area,Fairview
rupert,8,6,0.731,5,0.75,4,2,0.6,False,point,Renfrew-Collingwood
condos,23,19,0.73,15,0.826,6,5,0.95,True,area,Downtown
neill,5,5,0.73,4,0.8,1,4,1.0,True,area,Downtown
ideal,5,5,0.729,4,0.8,2,2,0.98,True,point,Fairview
reid,5,5,0.725,4,0.8,1,4,1.0,True,area,Downtown
lawyers,49,30,0.724,24,0.878,6,15,0.99,True,area,Downtown
portraits,5,5,0.724,4,0.8,4,1,0.91,True,point,Strathcona
kensington,12,10,0.722,7,0.75,4,2,0.71,False,point,Kensington-Cedar Cottage
gec,8,7,0.719,5,0.75,3,3,0.92,True,point,Downtown
thanh,5,5,0.715,4,0.8,3,2,0.87,False,point,Kensington-Cedar Cottage
jugo,5,5,0.714,4,0.8,3,2,1.0,True,point,Downtown
korea,5,5,0.714,4,0.8,1,4,1.0,True,area,Downtown
airlines,5,5,0.713,4,0.8,3,2,0.98,True,point,West End
trafalgar,7,6,0.71,4,0.714,2,3,0.69,False,point,Arbutus-Ridge
spark,8,7,0.709,6,0.875,3,3,0.99,True,point,Downtown
railtown,13,9,0.708,5,0.692,1,5,0.91,True,area,Strathcona
order,5,5,0.707,4,0.8,2,3,1.0,True,point,Downtown
knight,10,9,0.706,7,0.8,5,2,0.9,True,point,Kensington-Cedar Cottage
languages,6,6,0.704,5,0.833,4,2,1.0,True,point,Downtown
jericho,30,19,0.703,11,0.7,3,8,0.56,False,area,West Point Grey
wealth,173,25,0.702,14,0.908,3,12,0.99,True,area,Downtown
hemlock,10,6,0.702,3,0.7,1,3,0.97,True,point,Fairview
ignite,5,5,0.702,4,0.8,2,2,0.99,True,point,Downtown
beach,68,46,0.699,31,0.765,11,8,0.73,False,area,Kitsilano
research,44,33,0.699,28,0.886,7,10,0.98,True,area,Downtown
stanley,37,20,0.698,12,0.73,4,9,0.84,False,area,West End
plastic,11,9,0.698,6,0.727,1,6,0.98,True,area,Fairview
litigation,9,8,0.698,7,0.889,3,5,1.0,True,area,Downtown
commercial,66,42,0.697,31,0.818,10,9,0.92,True,area,Downtown
grey,60,36,0.693,18,0.683,7,8,0.69,False,area,West Point Grey
psychic,8,8,0.693,6,0.75,5,2,0.88,False,point,Sunset
off,14,14,0.691,11,0.786,9,2,0.91,True,point,Riley Park
jesus,8,8,0.691,6,0.75,4,2,0.65,False,point,Renfrew-Collingwood
insolvency,8,6,0.688,4,0.75,1,4,1.0,True,area,Downtown
canaccord,5,4,0.688,3,0.8,1,3,1.0,True,point,Downtown
guu,7,6,0.687,4,0.714,3,2,0.96,True,point,West End
sweat,5,5,0.687,4,0.8,2,2,0.99,True,point,Downtown
regent,7,6,0.686,4,0.714,2,2,0.92,True,point,Kitsilano
corporate,21,17,0.685,14,0.857,5,10,0.99,True,area,Downtown
adanac,11,8,0.683,5,0.727,3,3,0.44,False,point,Hastings-Sunrise
autobody,11,10,0.681,8,0.818,7,2,0.88,False,point,Marpole
english,55,30,0.68,22,0.836,6,10,0.97,True,area,Downtown
end,48,32,0.679,19,0.729,3,15,0.94,True,area,West End
templeton,10,8,0.679,5,0.7,3,3,0.65,False,point,Grandview-Woodland
parts,29,24,0.676,18,0.793,12,3,0.89,False,point,Mount Pleasant
marine,77,47,0.673,31,0.675,12,14,0.82,False,area,Marpole
list,6,6,0.673,5,0.833,4,2,0.99,True,point,Downtown
elliott,5,5,0.671,4,0.8,2,2,0.99,True,point,Downtown
ventures,21,13,0.67,9,0.81,2,6,0.99,True,area,Downtown
essentials,6,6,0.67,4,0.667,2,2,0.94,True,point,Riley Park
willow,11,8,0.668,4,0.636,2,3,0.92,True,point,Fairview
southlands,12,8,0.665,5,0.667,4,2,0.44,False,point,Kerrisdale
wayne,7,6,0.663,4,0.714,2,2,0.97,True,point,Grandview-Woodland
raymond,20,7,0.66,6,0.9,3,3,0.99,True,point,Downtown
jewish,13,7,0.66,3,0.692,2,2,0.78,False,point,Oakridge
number,5,5,0.658,4,0.8,4,1,0.86,False,point,Kitsilano
georgia,41,20,0.657,14,0.829,3,11,0.98,True,area,Downtown
antiques,17,14,0.657,10,0.765,6,3,0.93,True,point,Riley Park
aquarius,8,4,0.657,2,0.75,1,2,0.92,True,point,Downtown
alma,9,8,0.655,5,0.667,3,3,0.81,False,point,West Point Grey
model,5,4,0.652,3,0.8,2,2,0.99,True,point,Downtown
cottage,12,11,0.651,7,0.667,3,4,0.85,False,area,Kensington-Cedar Cottage
immigration,165,62,0.646,44,0.848,13,22,0.95,True,area,Downtown
product,7,7,0.646,5,0.714,2,3,0.85,False,point,Sunset
lookout,10,8,0.644,5,0.7,3,3,0.9,True,point,Strathcona
facility,7,7,0.639,5,0.714,3,2,0.93,True,point,Mount Pleasant
east,129,98,0.638,68,0.744,16,12,0.85,False,area,Grandview-Woodland
advisory,28,17,0.638,11,0.786,2,10,1.0,True,area,Downtown
anne,6,4,0.637,2,0.667,1,2,0.96,True,point,Shaughnessy
showroom,11,9,0.634,6,0.727,3,2,0.93,True,point,Mount Pleasant
parkade,10,7,0.634,5,0.7,2,3,1.0,True,point,Downtown
barn,6,5,0.634,3,0.667,1,3,0.97,True,point,Fairview
sprott,8,6,0.632,4,0.75,1,4,1.0,True,area,Downtown
eastside,20,15,0.629,9,0.7,3,6,0.95,True,area,Strathcona
bullion,5,5,0.627,3,0.6,1,3,1.0,True,point,Downtown
commissary,6,4,0.619,2,0.667,2,1,0.91,True,point,Grandview-Woodland
diamonds,25,12,0.618,7,0.8,3,5,0.99,True,area,Downtown
collision,30,26,0.614,18,0.733,10,2,0.84,False,point,Marpole
migration,5,5,0.613,4,0.8,2,3,1.0,True,point,Downtown
brewing,28,26,0.606,18,0.714,5,8,0.93,True,area,Grandview-Woodland
towers,19,18,0.603,12,0.684,3,7,0.93,True,area,West End
cook,8,7,0.603,4,0.625,2,2,0.71,False,point,Killarney
airport,12,8,0.601,4,0.667,3,2,0.84,False,point,Marpole
assessment,7,6,0.599,4,0.714,3,2,0.92,True,point,Renfrew-Collingwood
village,94,62,0.598,32,0.638,13,8,0.89,False,area,Mount Pleasant
moberly,5,4,0.597,2,0.6,1,2,0.45,False,point,Sunset
baseball,5,4,0.594,2,0.6,1,2,0.68,False,point,Riley Park
sharon,7,7,0.592,5,0.714,2,3,0.99,True,point,Downtown
american,22,13,0.591,7,0.727,3,5,1.0,True,area,Downtown
oliver,9,6,0.591,2,0.556,1,2,0.57,False,point,Riley Park
fraser,71,37,0.59,16,0.606,9,7,0.83,False,area,Sunset
boss,11,9,0.59,6,0.727,2,4,0.99,True,area,Downtown
atlantis,6,6,0.59,4,0.667,2,2,0.94,True,point,Downtown
dueck,5,4,0.59,2,0.6,1,2,0.77,False,point,Sunset
integra,5,5,0.59,4,0.8,3,2,0.99,True,point,Downtown
elevate,6,6,0.589,4,0.667,2,2,0.99,True,point,Downtown
risk,7,7,0.586,5,0.714,2,4,1.0,True,area,Downtown
broker,51,30,0.583,17,0.686,7,6,0.97,True,area,Downtown
movement,18,17,0.583,12,0.722,6,4,0.96,True,area,Fairview
crest,11,6,0.583,2,0.636,1,2,0.98,True,point,Fairview
nexus,10,8,0.583,6,0.8,4,2,0.99,True,point,Downtown
thunderbird,5,4,0.583,2,0.6,2,1,0.27,False,point,Hastings-Sunrise
connaught,5,4,0.582,2,0.6,1,2,0.83,False,point,Kitsilano
lululemon,10,9,0.581,6,0.7,3,2,0.96,True,point,Downtown
baker,7,7,0.581,6,0.857,4,2,0.99,True,point,Downtown
thompson,13,10,0.578,6,0.615,2,4,0.98,True,area,Downtown
tire,22,22,0.575,14,0.636,8,4,0.78,False,area,Grandview-Woodland
frog,5,4,0.574,2,0.6,2,1,0.64,False,point,Hastings-Sunrise
wings,7,7,0.573,5,0.714,3,3,0.98,True,point,West End
sands,5,5,0.572,2,0.4,1,2,0.92,True,point,West End
elizabeth,22,19,0.57,12,0.682,6,5,0.51,False,area,Riley Park
doyle,6,5,0.57,3,0.667,1,3,0.99,True,point,Downtown
denny,5,5,0.57,4,0.8,3,2,0.97,True,point,Fairview
mosaic,8,7,0.566,4,0.625,3,2,0.88,False,point,Grandview-Woodland
superstore,7,5,0.566,3,0.571,1,3,0.74,False,point,Renfrew-Collingwood
aboriginal,17,14,0.565,10,0.765,8,3,0.82,False,point,Grandview-Woodland
pretty,5,5,0.565,3,0.6,1,3,0.95,True,point,Mount Pleasant
oak,34,23,0.562,14,0.647,9,4,0.81,False,area,Marpole
bros,13,12,0.562,7,0.615,6,2,0.85,False,point,Sunset
river,32,24,0.561,9,0.531,4,4,0.81,False,area,Killarney
materials,12,10,0.558,6,0.667,2,3,0.92,True,point,Marpole
cameron,7,7,0.557,5,0.714,2,3,1.0,True,point,Downtown
waterfront,26,14,0.556,7,0.654,2,6,0.98,True,area,Downtown
joint,6,6,0.556,4,0.667,2,2,0.98,True,point,West End
surgery,18,14,0.555,7,0.611,1,7,0.97,True,area,Fairview
regus,9,8,0.555,5,0.667,1,5,1.0,True,area,Downtown
anxiety,6,6,0.552,4,0.667,3,2,0.95,True,point,Kitsilano
aarm,11,10,0.551,7,0.727,6,2,0.94,True,point,Downtown
licensed,10,8,0.551,5,0.7,2,4,1.0,True,area,Downtown
steakhouse,10,8,0.55,5,0.7,1,5,1.0,True,area,Downtown
chiropractor,8,7,0.55,4,0.625,2,2,0.9,True,point,Riley Park
sunrise,26,20,0.549,11,0.615,4,6,0.87,False,area,Hastings-Sunrise
northern,17,13,0.548,7,0.588,3,3,0.91,True,point,Strathcona
innovation,13,11,0.546,7,0.692,1,7,1.0,True,area,Downtown
ceramics,12,11,0.546,7,0.667,6,2,0.93,True,point,Strathcona
housing,78,66,0.545,42,0.641,18,8,0.8,False,area,Killarney
gate,18,17,0.544,11,0.667,4,4,0.98,True,area,Downtown
trading,36,28,0.541,17,0.639,8,4,0.91,True,area,Downtown
rail,5,5,0.541,2,0.4,1,2,0.75,False,point,Downtown
omni,6,6,0.539,3,0.5,1,3,0.99,True,point,Fairview
architecture,65,42,0.538,24,0.615,5,8,0.97,True,area,Downtown
boat,14,10,0.538,6,0.714,4,2,0.93,True,point,Downtown
exclusive,5,4,0.536,2,0.6,1,2,0.99,True,point,Downtown
sportswear,7,6,0.534,4,0.571,1,4,0.94,True,area,Mount Pleasant
radical,10,10,0.532,6,0.6,3,2,0.96,True,point,Mount Pleasant
south,83,56,0.53,28,0.59,12,8,0.74,False,area,Sunset
silver,39,25,0.527,13,0.692,2,11,0.99,True,area,Downtown
riley,10,10,0.525,5,0.5,1,5,0.7,False,area,Riley Park
lemon,6,5,0.525,3,0.667,2,2,0.98,True,point,West End
professional,57,36,0.523,25,0.789,5,13,0.99,True,area,Downtown
joyce,15,9,0.52,2,0.533,1,2,0.84,False,point,Renfrew-Collingwood
pharmaceuticals,6,6,0.52,4,0.667,1,4,1.0,True,area,Downtown
technical,5,5,0.52,2,0.4,2,1,0.7,False,point,Renfrew-Collingwood
investments,15,11,0.519,7,0.733,3,5,0.99,True,area,Downtown
sailing,5,5,0.518,3,0.6,2,2,0.98,True,point,Fairview
career,25,19,0.517,12,0.6,5,4,0.97,True,area,Downtown
cheng,13,13,0.516,10,0.769,4,4,0.98,True,area,Downtown
collection,17,14,0.515,7,0.529,5,2,0.93,True,point,Downtown
charlie,6,6,0.514,4,0.667,2,2,0.98,True,point,Mount Pleasant
andrea,6,6,0.511,4,0.667,4,1,0.88,False,point,Renfrew-Collingwood
ecole,5,5,0.511,2,0.4,1,2,0.45,False,point,South Cambie
handmade,6,6,0.51,4,0.667,2,2,0.96,True,point,Strathcona
china,22,18,0.509,11,0.636,6,3,0.95,True,point,Mount Pleasant
debt,10,8,0.509,6,0.7,1,6,1.0,True,area,Downtown
pentecostal,7,7,0.509,4,0.571,3,2,0.84,False,point,Riley Park
steven,8,8,0.508,4,0.5,2,2,0.99,True,point,Downtown
fairmont,14,8,0.507,5,0.714,2,3,0.99,True,point,Downtown
mortgage,142,67,0.506,17,0.451,7,8,0.97,True,area,Fairview
language,47,30,0.506,20,0.745,7,11,0.97,True,area,Downtown
moose,6,4,0.506,3,0.5,1,3,1.0,True,point,Downtown
se,6,5,0.505,2,0.5,1,2,0.77,False,point,Sunset
science,22,18,0.504,8,0.545,3,4,0.83,False,area,Fairview
lush,9,9,0.504,4,0.444,3,2,0.79,False,point,Marpole
crystal,15,15,0.502,9,0.6,6,2,0.87,False,point,Renfrew-Collingwood
rug,9,8,0.501,5,0.667,2,3,0.97,True,point,Fairview
bad,5,5,0.5,3,0.6,1,3,0.99,True,point,Downtown
brighton,6,5,0.499,2,0.5,1,2,0.22,False,point,Hastings-Sunrise
justice,8,6,0.496,3,0.625,1,3,0.99,True,point,Downtown
gateway,20,15,0.495,6,0.55,2,3,0.93,True,point,Downtown
securities,21,12,0.494,7,0.571,3,3,0.9,False,point,Downtown
railway,5,5,0.494,3,0.6,1,3,0.99,True,point,Downtown
glenn,6,6,0.492,4,0.667,2,2,0.99,True,point,Downtown
sage,7,7,0.491,5,0.714,1,5,0.99,True,area,Downtown
french,11,9,0.49,6,0.727,4,2,0.97,True,point,West End
search,16,15,0.485,10,0.688,1,10,0.99,True,area,Downtown
income,8,8,0.484,4,0.5,2,3,0.82,False,point,Kensington-Cedar Cottage
mews,8,6,0.484,2,0.5,2,1,0.57,False,point,Oakridge
boating,5,4,0.484,2,0.6,2,1,0.93,True,point,Fairview
th,109,73,0.483,45,0.633,16,10,0.92,True,area,Fairview
district,43,29,0.483,8,0.419,2,4,0.77,False,area,Killarney
recruitment,34,16,0.483,9,0.647,2,8,0.99,True,area,Downtown
nanaimo,10,8,0.482,4,0.5,1,4,0.78,False,area,Grandview-Woodland
prevention,9,8,0.482,5,0.667,5,1,0.83,False,point,Fairview
state,6,5,0.482,3,0.667,1,3,1.0,True,point,Downtown
printers,13,12,0.481,6,0.538,5,2,0.94,True,point,Mount Pleasant
grow,5,5,0.48,3,0.6,2,2,0.94,True,point,Downtown
consultancy,8,8,0.479,6,0.75,5,2,0.97,True,point,Downtown
babylon,5,4,0.477,2,0.6,2,1,0.93,True,point,West End
hill,30,26,0.476,12,0.533,8,3,0.83,False,point,Sunset
tourism,7,5,0.476,3,0.714,1,3,1.0,True,point,Downtown
pay,6,6,0.475,2,0.333,2,1,0.91,True,point,Hastings-Sunrise
woodworking,8,8,0.474,4,0.5,3,2,0.92,True,point,Grandview-Woodland
study,13,9,0.473,5,0.692,2,3,1.0,True,point,Downtown
fung,8,8,0.473,4,0.5,2,2,0.86,False,point,Victoria-Fraserview
engine,7,6,0.472,3,0.429,2,2,0.98,True,point,Mount Pleasant
cultural,29,25,0.471,12,0.517,5,4,0.73,False,area,Downtown
expo,9,8,0.469,5,0.667,2,3,0.93,True,point,Downtown
rehabilitation,9,9,0.469,5,0.556,2,3,0.97,True,point,Fairview
loans,14,13,0.467,9,0.714,3,4,0.99,True,area,Downtown
amber,8,8,0.467,4,0.5,4,1,0.91,True,point,Grandview-Woodland
trustee,8,8,0.466,5,0.625,1,5,1.0,True,area,Downtown
maryam,5,4,0.466,2,0.6,1,2,0.99,True,point,Downtown
frontier,6,6,0.464,4,0.667,3,2,0.96,True,point,Fairview
firm,19,17,0.463,11,0.684,4,5,0.99,True,area,Downtown
banh,6,6,0.46,3,0.5,2,2,0.84,False,point,Kensington-Cedar Cottage
criminal,10,8,0.458,5,0.7,2,3,0.99,True,point,Downtown
shannon,18,15,0.457,6,0.5,4,3,0.78,False,point,Kerrisdale
korean,32,25,0.453,9,0.5,3,4,0.93,True,area,West End
vietnamese,29,23,0.453,13,0.586,10,2,0.9,True,point,Grandview-Woodland
birds,6,6,0.453,2,0.333,1,2,0.96,True,point,Fairview
cedar,27,24,0.451,11,0.519,6,4,0.85,False,area,Kensington-Cedar Cottage
shaw,20,12,0.451,5,0.65,1,5,1.0,True,area,Downtown
oriental,6,6,0.449,3,0.5,1,3,0.97,True,point,Fairview
wrap,5,5,0.449,3,0.6,1,3,0.99,True,point,Downtown
distribution,8,8,0.447,4,0.5,3,2,0.89,False,point,Grandview-Woodland
faculty,5,5,0.447,3,0.6,1,3,1.0,True,point,Downtown
hostel,5,5,0.447,3,0.6,1,3,1.0,True,point,Downtown
college,130,52,0.446,24,0.6,5,13,0.98,True,area,Downtown
westside,51,44,0.446,17,0.451,6,5,0.88,False,area,Dunbar-Southlands
advisors,28,19,0.446,11,0.643,2,8,0.99,True,area,Downtown
sweets,8,7,0.446,3,0.5,3,1,0.76,False,point,Sunset
commerce,11,6,0.445,3,0.636,1,3,1.0,True,point,Downtown
morris,6,6,0.443,3,0.5,2,2,0.99,True,point,Fairview
polish,5,5,0.443,3,0.6,3,1,0.85,False,point,Kensington-Cedar Cottage
studios,151,97,0.441,41,0.483,7,10,0.92,True,area,Grandview-Woodland
suites,36,30,0.44,12,0.472,4,6,0.97,True,area,Downtown
rock,18,17,0.44,8,0.444,5,2,0.92,True,point,Mount Pleasant
crossfit,8,8,0.439,4,0.5,2,3,0.93,True,point,Strathcona
iphone,6,5,0.439,2,0.5,1,2,0.98,True,point,Fairview
rosewood,5,4,0.437,2,0.4,2,1,1.0,True,point,Downtown
vintage,28,27,0.436,12,0.464,5,4,0.92,True,area,Mount Pleasant
companies,10,7,0.436,5,0.7,1,5,1.0,True,area,Downtown
chapter,8,8,0.432,4,0.5,2,2,0.97,True,point,Mount Pleasant
tax,52,40,0.431,18,0.365,8,4,0.88,False,area,Renfrew-Collingwood
partnership,12,10,0.43,5,0.583,1,5,1.0,True,area,Downtown
via,6,6,0.43,3,0.5,2,2,0.82,False,point,Downtown
software,41,29,0.429,17,0.683,3,14,0.99,True,area,Downtown
funds,9,9,0.427,5,0.556,1,5,1.0,True,area,Downtown
douglas,20,18,0.426,7,0.35,5,3,0.58,False,point,South Cambie
courts,15,13,0.424,6,0.4,5,2,0.68,False,point,Renfrew-Collingwood
dennis,8,7,0.424,3,0.5,2,2,0.97,True,point,Fairview
viva,13,10,0.423,5,0.615,3,2,0.98,True,point,Downtown
pavilion,11,10,0.422,5,0.545,2,3,0.96,True,point,Fairview
orthotics,9,9,0.422,4,0.444,4,1,0.88,False,point,Fairview
umbrella,11,11,0.421,6,0.545,3,2,0.96,True,point,Mount Pleasant
floor,14,14,0.42,6,0.429,2,4,0.97,True,area,Fairview
hollywood,6,5,0.42,2,0.333,1,2,0.85,False,point,Marpole
ridge,6,6,0.42,3,0.5,3,1,0.63,False,point,Arbutus-Ridge
skytrain,23,20,0.419,7,0.348,6,2,0.69,False,point,Renfrew-Collingwood
alexander,21,15,0.419,5,0.429,1,5,0.92,True,area,Strathcona
beer,29,24,0.418,10,0.483,5,3,0.9,False,point,Hastings-Sunrise
nelson,29,23,0.418,10,0.448,2,9,0.96,True,area,West End
yacht,29,13,0.417,5,0.414,2,3,0.94,True,point,Downtown
holistic,20,20,0.417,11,0.55,4,4,0.97,True,area,Downtown
produce,23,15,0.416,6,0.435,2,5,0.7,False,area,Strathcona
children,40,33,0.415,9,0.375,4,4,0.7,False,area,South Cambie
heather,21,20,0.415,8,0.381,5,4,0.79,False,area,Fairview
expert,16,14,0.415,6,0.375,4,2,0.79,False,point,South Cambie
furniture,65,55,0.414,21,0.415,8,5,0.88,False,area,Mount Pleasant
gray,7,5,0.414,2,0.571,1,2,0.99,True,point,Downtown
mainland,21,17,0.413,8,0.571,2,5,0.93,True,area,Downtown
prado,6,6,0.413,3,0.5,2,2,0.94,True,point,Downtown
peace,11,10,0.411,4,0.364,3,2,0.74,False,point,Sunset
drop,7,7,0.411,3,0.429,1,3,0.95,True,point,Strathcona
ubc,22,16,0.41,5,0.409,1,5,0.87,False,area,Fairview
billiards,8,8,0.41,4,0.5,3,2,0.76,False,point,Renfrew-Collingwood
cypress,20,19,0.409,8,0.45,3,4,0.87,False,area,Kitsilano
brewery,8,8,0.409,4,0.5,3,2,0.92,True,point,Grandview-Woodland
bone,5,5,0.409,2,0.4,1,2,0.89,False,point,Mount Pleasant
pac,6,4,0.408,2,0.667,1,2,1.0,True,point,Downtown
analytics,10,9,0.407,5,0.5,2,4,0.99,True,area,Downtown
kung,10,10,0.407,5,0.5,2,3,0.88,False,point,Strathcona
scoop,5,5,0.407,2,0.4,1,2,0.86,False,point,Kitsilano
forever,10,10,0.406,4,0.4,2,2,0.89,False,point,Kitsilano
fatburger,6,6,0.404,4,0.667,2,3,1.0,True,point,Downtown
arena,14,10,0.403,3,0.5,1,3,0.89,False,point,Downtown
news,22,19,0.402,7,0.364,4,3,0.99,True,point,Downtown
carr,9,7,0.402,2,0.444,1,2,0.68,False,point,Strathcona
pine,6,5,0.402,2,0.5,1,2,0.89,False,point,Fairview
shipping,17,12,0.401,5,0.588,1,5,1.0,True,area,Downtown
jimmy,7,7,0.4,2,0.286,1,2,0.5,False,point,Shaughnessy
point,134,89,0.399,21,0.328,9,8,0.73,False,area,West Point Grey
form,13,12,0.397,3,0.231,2,2,0.93,True,point,Strathcona
fifth,6,5,0.395,2,0.5,1,2,0.96,True,point,Fairview
operative,17,17,0.394,8,0.471,6,2,0.62,False,point,Killarney
wok,9,8,0.393,3,0.333,2,2,0.96,True,point,West End
cocktail,7,5,0.393,2,0.571,1,2,1.0,True,point,Downtown
this,7,7,0.393,4,0.571,3,2,0.96,True,point,Mount Pleasant
chartered,26,19,0.392,8,0.423,3,6,0.99,True,area,Downtown
bites,6,6,0.392,3,0.5,2,2,0.95,True,point,West End
brand,11,11,0.391,6,0.545,3,2,0.94,True,point,Downtown
prince,8,7,0.391,2,0.375,1,2,0.56,False,point,Arbutus-Ridge
maritime,7,6,0.391,2,0.429,1,2,0.89,False,point,Grandview-Woodland
psychotherapy,10,8,0.39,5,0.5,3,2,0.99,True,point,Downtown
moody,5,5,0.39,2,0.4,1,2,0.85,False,point,Renfrew-Collingwood
salmon,5,5,0.39,2,0.4,2,1,0.97,True,point,Fairview
luxe,14,14,0.387,7,0.5,3,3,0.99,True,point,Fairview
vcc,10,4,0.385,1,0.1,1,1,0.97,True,point,Downtown
loblaw,5,5,0.384,2,0.4,1,2,0.76,False,point,Sunset
haven,11,10,0.383,4,0.455,2,2,0.9,True,point,Killarney
wood,21,19,0.382,7,0.381,3,5,0.9,True,area,Strathcona
steel,5,5,0.382,2,0.4,1,2,0.7,False,point,Kensington-Cedar Cottage
laundry,21,20,0.381,10,0.476,7,2,0.89,False,point,Grandview-Woodland
critical,5,5,0.381,3,0.6,1,3,1.0,True,point,Downtown
general,77,47,0.38,13,0.468,4,8,0.98,True,area,Downtown
rent,35,27,0.38,10,0.371,4,4,0.96,True,area,Downtown
holly,6,6,0.38,2,0.333,2,1,0.72,False,point,Grandview-Woodland
dominion,24,15,0.379,6,0.333,4,2,0.84,False,point,Sunset
extensions,10,10,0.379,5,0.5,3,3,0.97,True,point,Downtown
buddhist,8,8,0.379,4,0.5,3,2,0.82,False,point,Strathcona
tung,5,5,0.379,2,0.4,1,2,0.88,False,point,Kensington-Cedar Cottage
boudoir,6,6,0.378,3,0.5,1,3,1.0,True,point,Downtown
daisy,5,5,0.378,2,0.4,2,1,0.6,False,point,Marpole
erica,5,5,0.378,2,0.4,2,1,0.79,False,point,Riley Park
dent,5,5,0.377,2,0.4,1,2,0.84,False,point,Marpole
grocery,26,25,0.376,9,0.385,6,3,0.69,False,point,Renfrew-Collingwood
interrent,10,10,0.376,3,0.3,1,3,0.94,True,point,West End
vida,6,6,0.376,3,0.5,1,3,0.98,True,point,West End
pressure,5,5,0.374,3,0.6,3,1,0.93,True,point,West End
washing,5,5,0.374,3,0.6,3,1,0.93,True,point,West End
global,79,47,0.372,11,0.494,1,11,1.0,True,area,Downtown
go,40,32,0.372,9,0.275,4,3,0.88,False,point,Grandview-Woodland
burnaby,26,18,0.372,3,0.385,2,2,0.81,False,point,Renfrew-Collingwood
accountants,24,16,0.372,6,0.333,2,5,0.99,True,area,Downtown
mb,5,5,0.367,2,0.4,2,1,0.55,False,point,Grandview-Woodland
alan,7,7,0.365,3,0.429,1,3,1.0,True,point,Downtown
spartacus,5,5,0.365,2,0.4,1,2,0.94,True,point,Grandview-Woodland
productions,67,52,0.364,15,0.313,4,9,0.94,True,area,Mount Pleasant
leash,5,5,0.364,2,0.4,2,1,0.51,False,point,Riley Park
ideas,5,5,0.363,3,0.6,2,2,0.97,True,point,Downtown
motors,25,23,0.362,11,0.44,5,4,0.89,False,area,Fairview
agro,5,5,0.359,2,0.4,1,2,0.91,True,point,Grandview-Woodland
peterson,5,5,0.358,2,0.4,1,2,0.99,True,point,West End
graphics,23,21,0.357,4,0.217,1,4,0.8,False,area,Sunset
astrologer,6,6,0.356,2,0.333,1,2,0.86,False,point,Sunset
bmw,5,5,0.356,2,0.4,2,1,0.79,False,point,Renfrew-Collingwood
bounce,9,9,0.355,2,0.222,1,2,0.97,True,point,Downtown
incorporated,5,5,0.355,3,0.6,1,3,1.0,True,point,Downtown
fox,13,13,0.354,5,0.385,3,2,0.91,True,point,Grandview-Woodland
plan,7,7,0.353,3,0.429,1,3,0.99,True,point,Downtown
lai,5,5,0.352,2,0.4,1,2,0.95,True,point,Kerrisdale
shelter,5,5,0.351,2,0.4,1,2,0.87,False,point,Strathcona
bureau,12,11,0.35,4,0.333,2,2,0.96,True,point,Mount Pleasant
tap,7,7,0.35,2,0.286,1,2,0.98,True,point,Downtown
storage,66,56,0.349,16,0.273,7,4,0.73,False,area,Strathcona
face,14,14,0.348,4,0.286,2,2,0.95,True,point,Mount Pleasant
yew,6,5,0.348,2,0.5,2,1,0.84,False,point,Kitsilano
hive,14,13,0.347,3,0.214,1,3,0.69,False,point,Strathcona
mt,9,8,0.347,3,0.444,1,3,0.95,True,point,Mount Pleasant
bike,33,28,0.346,6,0.333,4,2,0.95,True,point,West End
petite,6,6,0.346,2,0.333,1,2,0.74,False,point,Kitsilano
tetra,5,5,0.346,0,0.0,0,0,,False,scattered,
fishing,10,7,0.345,2,0.5,1,2,0.97,True,point,Fairview
hey,6,6,0.345,3,0.5,1,3,0.99,True,point,Downtown
klein,9,6,0.344,2,0.444,2,1,0.98,True,point,Mount Pleasant
floors,19,19,0.342,5,0.263,2,3,0.8,False,point,Strathcona
theatre,80,52,0.341,15,0.338,6,5,0.79,False,area,Grandview-Woodland
clinical,12,10,0.34,4,0.417,1,4,0.98,True,area,Fairview
ed,9,9,0.34,4,0.444,3,2,0.89,False,point,Shaughnessy
whales,5,4,0.34,2,0.4,1,2,0.96,True,point,West End
bed,23,22,0.339,8,0.348,6,2,0.67,False,point,Kitsilano
sound,33,25,0.337,9,0.394,2,6,0.95,True,area,Mount Pleasant
mfg,7,7,0.337,3,0.429,1,3,0.95,True,point,Mount Pleasant
persian,5,5,0.337,2,0.4,1,2,0.93,True,point,West End
rebecca,5,5,0.337,2,0.4,2,1,0.81,False,point,Riley Park
yee,5,5,0.337,2,0.4,1,2,0.85,False,point,Strathcona
supermarket,19,19,0.336,7,0.368,4,3,0.88,False,point,Kensington-Cedar Cottage
grove,10,8,0.336,2,0.3,2,1,0.3,False,point,Kerrisdale
memorial,20,19,0.333,6,0.3,3,3,0.5,False,point,Sunset
salad,8,8,0.333,4,0.5,1,4,1.0,True,area,Downtown
genius,7,7,0.333,3,0.429,1,3,0.96,True,point,Fairview
authority,11,11,0.332,2,0.182,1,2,0.97,True,point,Fairview
heaven,10,9,0.332,2,0.3,1,2,0.85,False,point,Dunbar-Southlands
hospital,73,55,0.331,18,0.342,10,3,0.78,False,point,South Cambie
skatepark,8,7,0.331,3,0.375,3,1,0.5,False,point,Hastings-Sunrise
ron,10,9,0.33,4,0.4,2,2,0.94,True,point,Fairview
friendship,5,5,0.33,2,0.4,2,1,0.76,False,point,Grandview-Woodland
photobooth,7,7,0.329,2,0.286,1,2,0.96,True,point,Downtown
dentistry,24,16,0.328,6,0.458,3,4,0.96,True,area,Fairview
danny,5,4,0.328,2,0.4,1,2,1.0,True,point,Downtown
nicola,5,5,0.328,2,0.4,1,2,0.84,False,point,West End
ma,12,11,0.327,4,0.333,2,2,0.97,True,point,Mount Pleasant
mountain,59,53,0.325,16,0.322,7,3,0.69,False,point,Riley Park
pottery,8,8,0.325,4,0.5,3,2,0.95,True,point,Fairview
ng,11,11,0.324,2,0.182,1,2,0.83,False,point,Marpole
mj,6,6,0.323,2,0.333,1,2,0.63,False,point,Killarney
forest,18,16,0.322,6,0.444,1,6,0.99,True,area,Downtown
brock,6,6,0.322,2,0.333,1,2,0.74,False,point,South Cambie
iglesia,6,6,0.322,2,0.333,2,1,0.86,False,point,Kensington-Cedar Cottage
tango,5,5,0.321,2,0.4,1,2,0.91,True,point,Mount Pleasant
branding,10,9,0.32,3,0.4,1,3,0.99,True,point,Downtown
dickens,5,5,0.32,2,0.4,2,1,0.62,False,point,Kensington-Cedar Cottage
martial,23,20,0.318,6,0.348,4,2,0.83,False,point,Dunbar-Southlands
framing,17,17,0.318,6,0.353,3,2,0.83,False,point,Kensington-Cedar Cottage
bianca,5,5,0.318,2,0.4,2,1,0.91,True,point,Hastings-Sunrise
anytime,10,10,0.317,4,0.4,2,2,0.92,True,point,Kensington-Cedar Cottage
merchant,7,7,0.317,2,0.286,1,2,0.96,True,point,West End
elise,6,6,0.317,2,0.333,1,2,0.82,False,point,Fairview
blossom,13,12,0.316,4,0.308,3,2,0.54,False,point,West Point Grey
chow,17,13,0.315,4,0.412,1,4,0.98,True,area,Downtown
puppy,5,5,0.315,2,0.4,1,2,0.95,True,point,West End
quantum,13,13,0.314,2,0.154,1,2,0.92,True,point,Arbutus-Ridge
galaxy,5,5,0.314,2,0.4,2,1,0.92,True,point,Kensington-Cedar Cottage
watch,9,8,0.312,2,0.222,1,2,1.0,True,point,Downtown
auctions,6,6,0.312,2,0.333,1,2,0.79,False,point,Renfrew-Collingwood
winter,6,6,0.312,2,0.333,1,2,0.78,False,point,Hastings-Sunrise
daily,5,5,0.312,2,0.4,1,2,0.96,True,point,West End
writing,5,5,0.311,2,0.4,1,2,0.98,True,point,Downtown
legal,31,23,0.31,4,0.129,2,3,1.0,True,point,Downtown
creekside,8,7,0.31,2,0.375,2,1,0.84,False,point,Downtown
lord,17,17,0.309,4,0.235,2,3,0.55,False,point,West Point Grey
finance,11,10,0.309,2,0.182,1,2,1.0,True,point,Downtown
prescriptions,7,6,0.309,2,0.429,1,2,0.98,True,point,Fairview
iga,5,5,0.309,2,0.4,1,2,0.99,True,point,Downtown
mai,5,5,0.308,2,0.4,2,1,0.82,False,point,Kensington-Cedar Cottage
hr,12,12,0.307,4,0.333,3,2,0.95,True,point,Downtown
is,11,10,0.306,3,0.273,1,3,0.97,True,point,Strathcona
robinson,9,8,0.306,2,0.333,1,2,0.91,True,point,Fairview
breakfast,26,24,0.304,7,0.269,5,2,0.63,False,point,Kitsilano
discovery,12,11,0.303,2,0.167,1,2,0.64,False,point,West Point Grey
myo,5,5,0.302,2,0.4,2,1,0.83,False,point,Riley Park
cargo,6,6,0.301,2,0.333,1,2,0.91,True,point,Kensington-Cedar Cottage
move,8,8,0.3,3,0.375,3,1,0.76,False,scattered,Grandview-Woodland
kosher,6,6,0.3,2,0.333,1,2,0.84,False,scattered,Mount Pleasant
communication,14,14,0.299,2,0.143,1,2,0.67,False,scattered,Renfrew-Collingwood
sweet,30,27,0.298,7,0.3,3,3,0.9,True,scattered,Riley Park
after,11,11,0.298,3,0.273,2,2,0.97,True,scattered,Downtown
tech,48,37,0.297,7,0.208,2,6,0.62,False,scattered,Renfrew-Collingwood
innovations,14,11,0.297,4,0.286,2,2,0.91,True,scattered,Grandview-Woodland
herb,6,5,0.296,2,0.333,2,1,0.68,False,scattered,Oakridge
premiere,5,5,0.296,2,0.4,1,2,0.96,True,scattered,Fairview
montessori,45,42,0.295,11,0.267,5,3,0.69,False,scattered,Kensington-Cedar Cottage
captain,12,11,0.294,2,0.25,1,2,0.33,False,scattered,Killarney
unit,12,11,0.294,5,0.417,2,3,0.97,True,scattered,Fairview
find,5,5,0.294,1,0.2,1,1,1.0,True,scattered,Downtown
investment,118,25,0.293,8,0.203,1,8,1.0,True,scattered,Downtown
urban,85,64,0.293,2,0.024,1,2,0.96,True,scattered,Downtown
fine,80,55,0.291,9,0.125,3,5,0.88,False,scattered,Strathcona
eric,15,13,0.291,5,0.333,2,3,0.74,False,scattered,South Cambie
independent,19,18,0.29,7,0.368,3,3,0.75,False,scattered,Fairview
clinics,18,16,0.29,3,0.222,2,2,0.91,True,scattered,Kitsilano
faith,9,8,0.29,2,0.333,2,1,0.57,False,scattered,Victoria-Fraserview
wax,15,14,0.289,4,0.267,1,4,0.94,True,scattered,Kitsilano
mindful,5,5,0.289,2,0.4,1,2,0.97,True,scattered,Kitsilano
festival,26,22,0.288,6,0.231,3,2,0.78,False,scattered,Hastings-Sunrise
naturopathic,30,24,0.287,3,0.167,1,3,0.99,True,scattered,Fairview
trail,15,15,0.286,4,0.267,3,2,0.38,False,scattered,Kerrisdale
integral,5,5,0.286,2,0.4,1,2,0.99,True,scattered,Fairview
julie,7,6,0.285,2,0.286,1,2,0.76,False,scattered,Riley Park
neil,5,4,0.285,2,0.4,1,2,0.96,True,scattered,Downtown
patrick,16,12,0.284,3,0.312,1,3,0.8,False,scattered,Mount Pleasant
gordon,14,13,0.284,5,0.357,2,3,0.83,False,scattered,West End
indigenous,11,9,0.284,3,0.455,1,3,0.98,True,scattered,Downtown
smp,9,7,0.284,3,0.444,2,2,0.97,True,scattered,Fairview
mah,8,8,0.284,3,0.375,1,3,0.92,True,scattered,Strathcona
latest,6,6,0.284,2,0.333,1,2,0.86,False,scattered,Kitsilano
cycles,14,14,0.283,4,0.286,2,2,0.84,False,scattered,Mount Pleasant
awesome,6,6,0.283,2,0.333,1,2,0.88,False,scattered,Strathcona
gathering,5,5,0.283,2,0.4,1,2,0.98,True,scattered,Downtown
architects,44,34,0.281,2,0.045,2,1,0.86,False,scattered,Mount Pleasant
bin,5,5,0.281,2,0.4,1,2,0.91,True,scattered,Downtown
vanity,7,7,0.28,3,0.429,2,2,0.95,True,scattered,Mount Pleasant
loving,5,5,0.28,2,0.4,1,2,0.97,True,scattered,Downtown
wing,12,11,0.279,4,0.417,1,4,0.98,True,scattered,Downtown
mill,7,7,0.279,2,0.286,1,2,0.42,False,scattered,Kitsilano
tours,53,36,0.278,2,0.057,1,2,0.74,False,scattered,Downtown
apparel,34,29,0.277,9,0.265,5,3,0.91,True,scattered,Grandview-Woodland
heights,17,16,0.277,6,0.353,5,2,0.62,False,scattered,Killarney
couture,10,9,0.276,1,0.1,1,1,0.99,True,scattered,Downtown
markets,6,6,0.276,3,0.5,1,3,1.0,True,scattered,Downtown
iman,5,5,0.276,2,0.4,1,2,0.96,True,scattered,Fairview
milk,5,5,0.276,2,0.4,2,1,0.89,False,scattered,Renfrew-Collingwood
terry,5,5,0.276,2,0.4,1,2,0.98,True,scattered,Fairview
jr,7,6,0.275,2,0.429,1,2,0.98,True,scattered,Fairview
networks,17,14,0.274,1,0.059,1,1,1.0,True,scattered,Downtown
summer,10,10,0.274,4,0.4,3,2,0.82,False,scattered,Downtown
doctors,7,7,0.274,2,0.286,1,2,0.98,True,scattered,Fairview
philip,5,5,0.274,2,0.4,1,2,0.98,True,scattered,Fairview
talent,29,24,0.273,1,0.034,1,1,0.99,True,scattered,Downtown
harvey,8,8,0.273,2,0.25,1,2,0.98,True,scattered,Fairview
disposal,5,5,0.273,2,0.4,2,1,0.7,False,scattered,Sunset
queen,43,38,0.272,8,0.209,4,5,0.42,False,scattered,Riley Park
veterinary,23,22,0.272,7,0.304,4,2,0.76,False,scattered,Hastings-Sunrise
jewels,9,7,0.272,0,0.0,0,0,,False,scattered,
scalp,8,8,0.272,3,0.375,1,3,0.97,True,scattered,Fairview
course,7,7,0.272,2,0.286,1,2,0.45,False,scattered,Riley Park
sleep,20,17,0.271,4,0.3,1,4,0.98,True,scattered,Fairview
hairstylist,10,6,0.271,1,0.1,1,1,0.99,True,scattered,Downtown
rejuvenation,8,5,0.271,2,0.25,1,2,0.97,True,scattered,West End
still,8,8,0.271,2,0.25,2,1,0.28,False,scattered,Renfrew-Collingwood
detailing,29,26,0.27,5,0.241,2,4,0.86,False,scattered,Marpole
renaissance,10,10,0.27,4,0.4,2,2,0.95,True,scattered,Kitsilano
agent,25,21,0.269,6,0.32,2,5,0.98,True,scattered,Fairview
guest,9,9,0.269,3,0.333,1,3,0.87,False,scattered,Mount Pleasant
dave,7,7,0.269,2,0.286,1,2,0.65,False,scattered,Dunbar-Southlands
drum,6,6,0.269,2,0.333,1,2,0.92,True,scattered,Strathcona
listings,5,4,0.269,2,0.4,1,2,0.97,True,scattered,Fairview
jamie,8,8,0.268,2,0.25,1,2,0.98,True,scattered,Fairview
cup,7,7,0.267,2,0.286,1,2,0.78,False,scattered,South Cambie
culinary,6,5,0.267,2,0.333,1,2,0.89,False,scattered,Mount Pleasant
depot,38,37,0.266,9,0.237,3,3,0.79,False,scattered,Renfrew-Collingwood
inspired,13,11,0.265,4,0.385,3,2,0.91,True,scattered,South Cambie
pier,6,6,0.265,2,0.333,1,2,0.95,True,scattered,Kerrisdale
lash,39,29,0.264,2,0.077,2,1,0.98,True,scattered,West End
taco,18,16,0.264,3,0.222,1,3,0.93,True,scattered,Strathcona
emily,17,15,0.264,3,0.294,2,2,0.69,False,scattered,Strathcona
bridges,5,5,0.264,2,0.4,1,2,0.99,True,scattered,Downtown
casino,7,7,0.263,2,0.286,2,1,0.48,False,scattered,Hastings-Sunrise
bayview,6,5,0.263,1,0.167,1,1,0.56,False,scattered,West Point Grey
fabrics,8,8,0.261,1,0.125,1,1,0.88,False,scattered,Sunset
optical,38,33,0.26,6,0.158,4,2,0.84,False,scattered,Renfrew-Collingwood
thrift,22,20,0.259,7,0.364,3,3,0.92,True,scattered,Mount Pleasant
mission,12,10,0.259,2,0.333,2,1,0.9,False,scattered,Strathcona
chinese,86,66,0.258,7,0.163,2,5,0.93,True,scattered,Strathcona
pain,17,16,0.257,4,0.235,2,2,0.87,False,scattered,Kitsilano
cozy,6,6,0.257,2,0.333,1,2,0.92,True,scattered,West End
md,45,35,0.256,3,0.067,3,1,0.91,True,scattered,Fairview
may,8,8,0.256,2,0.25,1,2,0.96,True,scattered,Strathcona
rae,6,6,0.256,2,0.333,1,2,0.98,True,scattered,Fairview
pizzeria,26,22,0.255,3,0.192,1,3,0.91,True,scattered,Grandview-Woodland
naturals,7,7,0.255,2,0.286,1,2,0.81,False,scattered,Grandview-Woodland
effects,6,6,0.255,2,0.333,1,2,0.95,True,scattered,Mount Pleasant
fashions,17,17,0.254,4,0.235,2,2,0.91,True,scattered,Strathcona
rise,13,11,0.253,2,0.308,1,2,0.97,True,scattered,Fairview
italian,25,22,0.252,3,0.12,1,3,0.48,False,scattered,Renfrew-Collingwood
fair,16,15,0.252,3,0.188,2,2,0.66,False,scattered,Hastings-Sunrise
staffing,13,10,0.251,3,0.231,1,3,0.99,True,scattered,Downtown
pierre,5,5,0.251,2,0.4,1,2,0.97,True,scattered,Downtown
atlantic,7,6,0.25,1,0.143,1,1,1.0,True,scattered,Downtown
hospice,7,7,0.25,2,0.286,2,1,0.22,False,scattered,Shaughnessy
pivot,7,7,0.25,2,0.286,1,2,0.85,False,scattered,Kitsilano
mall,32,19,0.249,5,0.344,2,3,0.92,True,scattered,Mount Pleasant
paint,28,22,0.249,4,0.179,3,2,0.67,False,scattered,Grandview-Woodland
bosa,6,6,0.249,1,0.167,1,1,0.99,True,scattered,Downtown
joel,5,5,0.249,1,0.2,1,1,0.96,True,scattered,Fairview
mortgages,40,20,0.248,4,0.1,2,3,0.97,True,scattered,Fairview
council,30,22,0.247,1,0.033,1,1,0.95,True,scattered,Grandview-Woodland
howard,13,13,0.246,2,0.154,1,2,0.69,False,scattered,Sunset
film,34,24,0.245,2,0.059,2,1,0.86,False,scattered,Renfrew-Collingwood
joan,5,5,0.245,2,0.4,2,1,0.93,True,scattered,Shaughnessy
donuts,9,9,0.244,2,0.222,1,2,0.46,False,scattered,Sunset
yum,6,6,0.244,2,0.333,2,1,0.81,False,scattered,Riley Park
smith,17,16,0.242,2,0.118,2,1,0.93,True,scattered,Fairview
appraisals,13,13,0.241,2,0.154,2,1,0.87,False,scattered,South Cambie
banquet,6,6,0.241,2,0.333,2,1,0.83,False,scattered,Sunset
front,13,13,0.24,3,0.231,2,2,0.85,False,scattered,Grandview-Woodland
fisher,6,6,0.24,2,0.333,1,2,0.98,True,scattered,Fairview
peoples,5,5,0.24,0,0.0,0,0,,False,scattered,
financial,274,99,0.239,3,0.022,3,1,0.7,False,scattered,Marpole
fashion,46,36,0.239,3,0.087,2,2,0.98,True,scattered,Downtown
self,22,21,0.239,6,0.273,4,2,0.74,False,scattered,Renfrew-Collingwood
ramen,34,28,0.238,4,0.235,1,4,0.95,True,scattered,West End
promo,5,5,0.238,1,0.2,1,1,0.82,False,scattered,Mount Pleasant
automotive,34,29,0.237,6,0.235,3,3,0.9,True,scattered,Strathcona
cat,15,15,0.236,5,0.333,3,2,0.89,False,scattered,Riley Park
journey,6,6,0.236,1,0.167,1,1,0.8,False,scattered,Mount Pleasant
lumber,6,6,0.236,2,0.333,2,1,0.77,False,scattered,Kitsilano
cell,40,31,0.235,4,0.125,3,2,0.87,False,scattered,Sunset
rocky,11,11,0.235,2,0.182,1,2,0.77,False,scattered,Strathcona
edward,39,27,0.234,5,0.205,3,2,0.77,False,scattered,South Cambie
op,26,25,0.234,3,0.115,3,1,0.54,False,scattered,Killarney
rain,11,11,0.233,2,0.182,1,2,0.86,False,scattered,Grandview-Woodland
stewart,10,9,0.233,0,0.0,0,0,,False,scattered,
oral,8,8,0.232,3,0.375,1,3,0.99,True,scattered,Fairview
picture,7,7,0.232,1,0.143,1,1,0.94,True,scattered,Downtown
quality,20,19,0.231,3,0.15,2,2,0.85,False,scattered,Riley Park
bowl,7,7,0.231,2,0.286,1,2,0.95,True,scattered,Kerrisdale
guitar,7,6,0.231,1,0.143,1,1,0.89,False,scattered,Strathcona
sri,6,6,0.231,2,0.333,2,1,0.88,False,scattered,Sunset
crepe,9,8,0.23,2,0.222,1,2,0.96,True,scattered,West End
moda,9,9,0.23,2,0.222,2,1,0.91,True,scattered,Kitsilano
superior,7,7,0.23,0,0.0,0,0,,False,scattered,
wish,6,6,0.23,2,0.333,1,2,0.96,True,scattered,Strathcona
booth,16,15,0.229,4,0.25,2,3,0.75,False,scattered,Renfrew-Collingwood
visual,16,14,0.229,3,0.188,1,3,0.95,True,scattered,Mount Pleasant
metal,14,13,0.228,3,0.214,3,1,0.82,False,scattered,Marpole
axis,10,9,0.227,2,0.2,1,2,0.95,True,scattered,West End
crescent,7,7,0.227,2,0.286,1,2,0.99,True,scattered,Fairview
aria,6,6,0.227,2,0.333,2,1,0.91,True,scattered,Kitsilano
society,335,206,0.225,6,0.042,3,4,0.8,False,scattered,Strathcona
little,90,77,0.225,7,0.089,4,3,0.54,False,scattered,Riley Park
neighbourhood,33,30,0.225,6,0.182,3,3,0.84,False,scattered,Riley Park
line,23,23,0.224,3,0.13,2,2,0.76,False,scattered,Marpole
moss,7,7,0.224,2,0.286,1,2,0.88,False,scattered,Grandview-Woodland
janet,6,6,0.224,2,0.333,1,2,0.99,True,scattered,Fairview
movers,45,41,0.223,3,0.067,2,2,0.9,True,scattered,Marpole
rehab,24,21,0.223,3,0.167,1,3,0.83,False,scattered,Renfrew-Collingwood
merchants,9,9,0.223,2,0.222,1,2,0.95,True,scattered,Fairview
burger,31,26,0.222,2,0.065,1,2,0.92,True,scattered,West End
holiday,8,8,0.222,1,0.125,1,1,0.99,True,scattered,Fairview
milano,7,6,0.222,1,0.143,1,1,0.92,True,scattered,Downtown
doctor,14,14,0.221,4,0.286,1,4,0.98,True,scattered,Fairview
canna,11,10,0.22,1,0.091,1,1,0.98,True,scattered,Downtown
childcare,19,17,0.219,5,0.263,3,2,0.69,False,scattered,Arbutus-Ridge
fc,6,6,0.219,2,0.333,1,2,0.94,True,scattered,Downtown
onyx,5,5,0.219,2,0.4,1,2,0.98,True,scattered,Downtown
tattoo,97,65,0.218,6,0.062,3,3,0.88,False,scattered,Downtown
homer,6,4,0.218,1,0.167,1,1,0.97,True,scattered,Downtown
root,7,7,0.217,2,0.286,1,2,0.94,True,scattered,West End
crane,6,6,0.217,2,0.333,2,1,0.87,False,scattered,Marpole
glass,49,45,0.216,6,0.122,2,3,0.81,False,scattered,Kensington-Cedar Cottage
hamilton,7,7,0.216,1,0.143,1,1,1.0,True,scattered,Downtown
brandon,6,6,0.216,2,0.333,1,2,0.95,True,scattered,Fairview
now,18,18,0.215,3,0.167,2,2,0.92,True,scattered,Kitsilano
terra,13,13,0.215,2,0.154,1,2,0.76,False,scattered,Renfrew-Collingwood
next,13,13,0.214,2,0.154,2,1,0.7,False,scattered,Renfrew-Collingwood
lepage,10,6,0.214,1,0.1,1,1,0.98,True,scattered,Mount Pleasant
learn,7,7,0.214,2,0.286,2,1,0.75,False,scattered,Renfrew-Collingwood
women,49,42,0.213,2,0.122,1,2,0.74,False,scattered,South Cambie
menswear,8,8,0.213,2,0.25,2,1,0.68,False,scattered,South Cambie
associated,7,7,0.213,2,0.286,2,1,0.69,False,scattered,Riley Park
ez,6,6,0.213,2,0.333,1,2,0.94,True,scattered,Mount Pleasant
daycare,37,37,0.212,4,0.108,2,3,0.39,False,scattered,Oakridge
fruit,7,7,0.212,2,0.286,1,2,0.82,False,scattered,Grandview-Woodland
wilderness,5,5,0.212,1,0.2,1,1,0.98,True,scattered,Downtown
lake,43,37,0.211,5,0.186,2,4,0.48,False,scattered,Kensington-Cedar Cottage
wah,6,5,0.211,1,0.167,1,1,0.93,True,scattered,Strathcona
maple,36,31,0.21,3,0.111,3,1,0.36,False,scattered,Kerrisdale
champion,5,5,0.21,1,0.2,1,1,0.77,False,scattered,Strathcona
oh,10,9,0.209,2,0.2,1,2,0.72,False,scattered,Mount Pleasant
underground,8,7,0.209,0,0.0,0,0,,False,scattered,
hq,7,7,0.209,0,0.0,0,0,,False,scattered,
clips,5,5,0.209,1,0.2,1,1,0.85,False,scattered,West End
haul,32,31,0.208,4,0.125,2,3,0.75,False,scattered,Renfrew-Collingwood
filipino,11,11,0.208,2,0.182,1,2,0.62,False,scattered,Kensington-Cedar Cottage
import,8,8,0.208,1,0.125,1,1,0.93,True,scattered,Strathcona
chelsea,7,7,0.208,0,0.0,0,0,,False,scattered,
simpson,6,6,0.207,1,0.167,1,1,0.5,False,scattered,Kerrisdale
interiors,72,55,0.206,4,0.069,2,3,0.8,False,scattered,Marpole
rogers,33,25,0.206,1,0.03,1,1,0.81,False,scattered,Downtown
hudson,15,13,0.206,2,0.133,1,2,0.91,True,scattered,Marpole
clubhouse,8,8,0.206,2,0.25,2,1,0.52,False,scattered,Riley Park
woodward,6,5,0.206,1,0.167,1,1,0.99,True,scattered,Downtown
relations,13,12,0.205,0,0.0,0,0,,False,scattered,
burritos,9,9,0.205,1,0.111,1,1,0.98,True,scattered,Mount Pleasant
bia,8,8,0.205,2,0.25,2,1,0.68,False,scattered,South Cambie
pictures,6,6,0.205,2,0.333,2,1,0.94,True,scattered,Kitsilano
basil,11,11,0.204,2,0.182,1,2,0.78,False,scattered,Kitsilano
pediatric,10,10,0.204,2,0.2,1,2,0.91,True,scattered,Fairview
under,10,10,0.203,2,0.2,1,2,0.94,True,scattered,Kitsilano
donair,29,24,0.202,0,0.0,0,0,,False,scattered,
grant,13,11,0.202,2,0.231,1,2,0.81,False,scattered,Grandview-Woodland
chipotle,5,5,0.202,0,0.0,0,0,,False,scattered,
muscle,5,5,0.202,1,0.2,1,1,0.98,True,scattered,Downtown
child,45,44,0.199,6,0.133,4,2,0.54,False,scattered,Dunbar-Southlands
outlet,25,24,0.199,4,0.16,3,2,0.76,False,scattered,Renfrew-Collingwood
eva,10,7,0.199,1,0.2,1,1,0.97,True,scattered,Fairview
helen,9,9,0.199,2,0.222,1,2,0.86,False,scattered,Riley Park
nando,7,7,0.198,2,0.286,1,2,0.96,True,scattered,Shaughnessy
cut,14,14,0.197,2,0.143,1,2,0.7,False,scattered,Victoria-Fraserview
drake,8,7,0.196,1,0.125,1,1,0.98,True,scattered,Downtown
bloom,12,12,0.195,2,0.167,1,2,0.91,True,scattered,Grandview-Woodland
huang,8,8,0.195,3,0.375,2,2,0.99,True,scattered,Fairview
cold,6,6,0.195,0,0.0,0,0,,False,scattered,
motor,6,6,0.195,2,0.333,1,2,0.95,True,scattered,Fairview
donnelly,5,4,0.192,0,0.0,0,0,,False,scattered,
fu,14,13,0.191,4,0.286,2,2,0.83,False,scattered,Strathcona
reflexology,11,10,0.191,2,0.182,1,2,0.91,True,scattered,Fairview
burgers,10,9,0.191,2,0.3,1,2,0.9,False,scattered,Kitsilano
allied,6,6,0.191,2,0.333,1,2,0.92,True,scattered,Fairview
limousine,18,17,0.189,2,0.111,1,2,0.53,False,scattered,Sunset
appliances,14,13,0.189,2,0.143,1,2,0.82,False,scattered,Kensington-Cedar Cottage
osteopathy,14,12,0.189,1,0.071,1,1,0.97,True,scattered,Fairview
products,49,41,0.188,2,0.061,2,1,0.84,False,scattered,Strathcona
jewelry,38,31,0.188,1,0.026,1,1,0.83,False,scattered,Strathcona
three,19,18,0.188,2,0.105,1,2,0.62,False,scattered,Renfrew-Collingwood
thornton,6,5,0.188,1,0.167,1,1,0.36,False,scattered,Strathcona
jessica,11,10,0.187,3,0.273,2,2,0.89,False,scattered,Marpole
jane,9,9,0.187,2,0.222,1,2,0.75,False,scattered,Kitsilano
night,8,8,0.187,2,0.25,1,2,0.87,False,scattered,Grandview-Woodland
navy,6,6,0.187,1,0.167,1,1,0.84,False,scattered,Sunset
atelier,29,25,0.186,0,0.0,0,0,,False,scattered,
johns,8,8,0.185,2,0.25,1,2,0.88,False,scattered,Killarney
sir,19,18,0.183,4,0.211,3,2,0.4,False,scattered,Oakridge
foot,16,16,0.183,2,0.125,1,2,0.91,True,scattered,Kensington-Cedar Cottage
shore,5,5,0.183,0,0.0,0,0,,False,scattered,
fantasy,6,6,0.182,1,0.167,1,1,0.95,True,scattered,West End
abc,19,17,0.18,2,0.105,1,2,0.68,False,scattered,Kensington-Cedar Cottage
matt,8,8,0.179,0,0.0,0,0,,False,scattered,
upholstery,14,14,0.178,3,0.214,2,2,0.85,False,scattered,Kitsilano
turnabout,6,5,0.178,1,0.167,1,1,0.83,False,scattered,Riley Park
luna,5,5,0.178,0,0.0,0,0,,False,scattered,
golf,37,29,0.177,7,0.189,5,2,0.24,False,scattered,Killarney
piano,23,19,0.177,2,0.087,1,2,0.62,False,scattered,Sunset
advance,10,9,0.177,1,0.1,1,1,0.95,True,scattered,Downtown
brasil,5,5,0.177,0,0.0,0,0,,False,scattered,
digital,123,75,0.176,0,0.0,0,0,,False,scattered,
atomic,7,7,0.176,0,0.0,0,0,,False,scattered,
imports,11,9,0.175,1,0.091,1,1,0.48,False,scattered,Strathcona
solar,8,8,0.175,2,0.25,1,2,0.85,False,scattered,Grandview-Woodland
sales,63,44,0.174,2,0.032,2,1,0.79,False,scattered,Grandview-Woodland
premier,21,16,0.174,2,0.095,1,2,0.85,False,scattered,Marpole
wu,19,19,0.174,2,0.105,1,2,0.85,False,scattered,South Cambie
dosa,11,9,0.174,2,0.182,1,2,0.81,False,scattered,Kensington-Cedar Cottage
ashley,7,7,0.174,2,0.286,1,2,0.91,True,scattered,Fairview
soleil,7,7,0.174,2,0.286,1,2,0.74,False,scattered,Downtown
garden,99,89,0.173,5,0.061,1,5,0.61,False,scattered,Hastings-Sunrise
ministry,16,16,0.173,2,0.125,1,2,0.9,False,scattered,Hastings-Sunrise
schools,10,10,0.173,0,0.0,0,0,,False,scattered,
packaging,9,9,0.173,2,0.222,1,2,0.79,False,scattered,Marpole
id,5,5,0.173,0,0.0,0,0,,False,scattered,
university,27,22,0.171,3,0.111,1,3,0.73,False,scattered,West Point Grey
ballet,8,7,0.171,1,0.125,1,1,0.99,True,scattered,Downtown
falafel,7,7,0.171,2,0.286,1,2,0.95,True,scattered,Kitsilano
bob,6,6,0.168,1,0.167,1,1,0.97,True,scattered,Fairview
pantry,12,11,0.167,2,0.25,1,2,0.72,False,scattered,Grandview-Woodland
test,5,5,0.167,0,0.0,0,0,,False,scattered,
van,99,81,0.166,1,0.01,1,1,0.75,False,scattered,Sunset
architect,19,16,0.166,2,0.158,1,2,0.94,True,scattered,Fairview
theory,5,5,0.165,0,0.0,0,0,,False,scattered,
tam,7,7,0.164,2,0.286,2,1,0.89,False,scattered,Victoria-Fraserview
medi,8,8,0.163,2,0.25,2,1,0.87,False,scattered,South Cambie
immigrant,6,6,0.163,0,0.0,0,0,,False,scattered,
smoke,51,38,0.162,3,0.078,2,2,0.91,True,scattered,Grandview-Woodland
presbyterian,13,11,0.162,3,0.231,2,2,0.5,False,scattered,Victoria-Fraserview
evolution,13,13,0.161,2,0.154,1,2,0.88,False,scattered,Grandview-Woodland
olive,12,11,0.161,0,0.0,0,0,,False,scattered,
smiles,8,8,0.161,2,0.25,2,1,0.84,False,scattered,Dunbar-Southlands
rmt,33,24,0.16,0,0.0,0,0,,False,scattered,
restoration,22,21,0.159,2,0.091,1,2,0.76,False,scattered,Hastings-Sunrise
specialists,10,10,0.159,2,0.2,1,2,0.84,False,scattered,Kensington-Cedar Cottage
eden,9,8,0.159,0,0.0,0,0,,False,scattered,
absolute,7,7,0.159,0,0.0,0,0,,False,scattered,
carpet,24,20,0.158,1,0.083,1,1,0.86,False,scattered,Renfrew-Collingwood
chu,6,6,0.158,1,0.167,1,1,0.97,True,scattered,Strathcona
proper,6,5,0.158,0,0.0,0,0,,False,scattered,
square,60,34,0.157,1,0.017,1,1,0.69,False,scattered,Killarney
hospitality,12,10,0.156,0,0.0,0,0,,False,scattered,
boxing,11,11,0.156,0,0.0,0,0,,False,scattered,
repairs,26,24,0.155,2,0.077,2,1,0.86,False,scattered,Sunset
press,21,21,0.155,2,0.095,1,2,0.87,False,scattered,Sunset
live,18,17,0.155,5,0.278,2,3,0.88,False,scattered,Shaughnessy
vincent,14,11,0.155,2,0.214,2,1,0.72,False,scattered,South Cambie
cascadia,8,8,0.155,2,0.25,2,1,0.19,False,scattered,Hastings-Sunrise
neptune,7,7,0.155,1,0.143,1,1,0.95,True,scattered,West End
canine,11,11,0.154,2,0.182,1,2,0.66,False,scattered,Kitsilano
indigo,32,28,0.153,1,0.031,1,1,0.81,False,scattered,Downtown
meat,23,20,0.152,2,0.174,1,2,0.85,False,scattered,Sunset
electrical,11,11,0.152,0,0.0,0,0,,False,scattered,
back,8,8,0.152,2,0.25,1,2,0.9,True,scattered,Kitsilano
supply,68,58,0.151,1,0.015,1,1,0.73,False,scattered,Renfrew-Collingwood
builders,12,12,0.151,2,0.167,1,2,0.55,False,scattered,Renfrew-Collingwood
regal,5,5,0.151,0,0.0,0,0,,False,scattered,
arts,113,91,0.15,1,0.009,1,1,0.54,False,scattered,Dunbar-Southlands
destination,12,11,0.15,1,0.083,1,1,0.77,False,scattered,Mount Pleasant
fit,28,26,0.149,0,0.0,0,0,,False,scattered,
phone,20,17,0.149,2,0.1,2,1,0.78,False,scattered,Renfrew-Collingwood
time,38,37,0.148,3,0.079,2,2,0.66,False,scattered,Victoria-Fraserview
armani,5,4,0.148,0,0.0,0,0,,False,scattered,
concepts,8,8,0.147,0,0.0,0,0,,False,scattered,
super,29,27,0.146,4,0.138,2,2,0.7,False,scattered,Sunset
ride,8,8,0.145,2,0.25,1,2,0.92,True,scattered,Kitsilano
tasty,5,5,0.145,0,0.0,0,0,,False,scattered,
bill,10,8,0.144,0,0.0,0,0,,False,scattered,
bags,8,8,0.144,2,0.25,1,2,0.92,True,scattered,Arbutus-Ridge
employment,25,20,0.143,2,0.08,1,2,0.84,False,scattered,Kensington-Cedar Cottage
project,32,27,0.142,0,0.0,0,0,,False,scattered,
high,29,27,0.142,4,0.138,2,2,0.74,False,scattered,Renfrew-Collingwood
floral,22,21,0.142,1,0.045,1,1,0.89,False,scattered,Marpole
boot,9,9,0.141,0,0.0,0,0,,False,scattered,
fish,26,24,0.139,0,0.0,0,0,,False,scattered,
kelly,17,16,0.139,2,0.118,1,2,0.81,False,scattered,Victoria-Fraserview
chapel,16,14,0.139,3,0.25,1,3,0.87,False,scattered,Strathcona
plant,7,7,0.139,1,0.143,1,1,0.91,True,scattered,Strathcona
florist,48,43,0.138,0,0.0,0,0,,False,scattered,
happy,38,34,0.138,0,0.0,0,0,,False,scattered,
blenz,29,29,0.138,0,0.0,0,0,,False,scattered,
inner,6,6,0.138,0,0.0,0,0,,False,scattered,
preschool,33,31,0.137,5,0.152,3,2,0.54,False,scattered,Kensington-Cedar Cottage
gear,8,8,0.137,0,0.0,0,0,,False,scattered,
west,387,195,0.136,1,0.003,1,1,0.32,False,scattered,West Point Grey
mexico,12,10,0.136,0,0.0,0,0,,False,scattered,
spice,11,10,0.135,2,0.182,1,2,0.91,True,scattered,Grandview-Woodland
media,175,97,0.133,0,0.0,0,0,,False,scattered,
operators,9,8,0.133,1,0.111,1,1,0.8,False,scattered,Fairview
together,6,6,0.133,0,0.0,0,0,,False,scattered,
hearing,24,20,0.132,1,0.042,1,1,0.8,False,scattered,Fairview
villa,18,16,0.132,0,0.0,0,0,,False,scattered,
towing,17,17,0.132,0,0.0,0,0,,False,scattered,
wang,17,16,0.132,0,0.0,0,0,,False,scattered,
maintenance,20,20,0.13,2,0.1,1,2,0.65,False,scattered,West Point Grey
quest,13,12,0.13,0,0.0,0,0,,False,scattered,
walk,8,7,0.13,0,0.0,0,0,,False,scattered,
cabana,6,6,0.13,0,0.0,0,0,,False,scattered,
artist,20,18,0.129,1,0.05,1,1,0.93,True,scattered,Strathcona
brothers,15,15,0.129,2,0.133,1,2,0.91,True,scattered,Kensington-Cedar Cottage
masters,10,10,0.129,1,0.1,1,1,0.48,False,scattered,Sunset
regency,11,9,0.128,0,0.0,0,0,,False,scattered,
tony,10,10,0.128,2,0.2,1,2,0.8,False,scattered,Grandview-Woodland
parish,23,23,0.127,2,0.087,1,2,0.6,False,scattered,Shaughnessy
mine,5,5,0.127,0,0.0,0,0,,False,scattered,
army,23,22,0.125,3,0.13,2,2,0.69,False,scattered,Killarney
stars,11,11,0.125,2,0.182,1,2,0.73,False,scattered,West End
trade,25,18,0.124,0,0.0,0,0,,False,scattered,
machine,11,11,0.124,2,0.182,1,2,0.76,False,scattered,Sunset
mc,6,4,0.124,0,0.0,0,0,,False,scattered,
printing,50,46,0.123,1,0.02,1,1,0.44,False,scattered,Marpole
george,33,32,0.123,1,0.03,1,1,0.15,False,scattered,Dunbar-Southlands
mac,18,18,0.123,1,0.056,1,1,0.57,False,scattered,Kensington-Cedar Cottage
train,16,13,0.123,2,0.125,1,2,0.67,False,scattered,Hastings-Sunrise
films,35,28,0.122,0,0.0,0,0,,False,scattered,
interactive,16,12,0.121,0,0.0,0,0,,False,scattered,
morgan,5,4,0.121,0,0.0,0,0,,False,scattered,
art,178,119,0.119,0,0.0,0,0,,False,scattered,
roofing,41,35,0.119,2,0.049,1,2,0.65,False,scattered,Sunset
cross,18,17,0.119,0,0.0,0,0,,False,scattered,
leather,16,14,0.119,0,0.0,0,0,,False,scattered,
churches,10,10,0.119,2,0.2,2,1,0.57,False,scattered,Kensington-Cedar Cottage
sherwin,9,9,0.119,2,0.222,1,2,0.83,False,scattered,Strathcona
community,221,158,0.118,0,0.0,0,0,,False,scattered,
lashes,15,14,0.118,0,0.0,0,0,,False,scattered,
paws,10,10,0.118,0,0.0,0,0,,False,scattered,
dan,13,12,0.117,0,0.0,0,0,,False,scattered,
taekwondo,7,7,0.117,0,0.0,0,0,,False,scattered,
health,321,154,0.116,0,0.0,0,0,,False,scattered,
indian,56,51,0.116,0,0.0,0,0,,False,scattered,
spirits,16,15,0.116,1,0.062,1,1,0.76,False,scattered,Grandview-Woodland
facial,17,14,0.115,0,0.0,0,0,,False,scattered,
denture,16,13,0.115,2,0.188,1,2,0.87,False,scattered,Kensington-Cedar Cottage
screen,10,10,0.115,0,0.0,0,0,,False,scattered,
photography,146,100,0.114,0,0.0,0,0,,False,scattered,
globe,6,5,0.114,0,0.0,0,0,,False,scattered,
lot,108,82,0.113,0,0.0,0,0,,False,scattered,
maison,13,13,0.112,2,0.154,1,2,0.91,True,scattered,Oakridge
macdonald,28,20,0.111,0,0.0,0,0,,False,scattered,
jordan,7,7,0.111,0,0.0,0,0,,False,scattered,
pan,16,13,0.11,0,0.0,0,0,,False,scattered,
cove,11,11,0.11,0,0.0,0,0,,False,scattered,
ph,9,9,0.11,0,0.0,0,0,,False,scattered,
du,8,8,0.11,0,0.0,0,0,,False,scattered,
reflex,5,5,0.11,0,0.0,0,0,,False,scattered,
roll,8,8,0.109,0,0.0,0,0,,False,scattered,
tandoori,10,9,0.108,1,0.1,1,1,0.92,True,scattered,Grandview-Woodland
brenda,7,6,0.108,0,0.0,0,0,,False,scattered,
works,45,42,0.107,0,0.0,0,0,,False,scattered,
bookkeeping,12,12,0.107,0,0.0,0,0,,False,scattered,
area,10,10,0.107,0,0.0,0,0,,False,scattered,
yvr,24,22,0.106,2,0.083,1,2,0.65,False,scattered,Marpole
silk,8,7,0.106,0,0.0,0,0,,False,scattered,
station,86,62,0.105,0,0.0,0,0,,False,scattered,
justin,13,12,0.105,1,0.077,1,1,0.62,False,scattered,Grandview-Woodland
gary,11,11,0.105,1,0.091,1,1,0.73,False,scattered,Riley Park
labour,11,10,0.105,2,0.182,1,2,0.79,False,scattered,Kensington-Cedar Cottage
lutheran,11,11,0.105,2,0.182,1,2,0.81,False,scattered,Oakridge
youth,25,24,0.104,0,0.0,0,0,,False,scattered,
lucky,21,20,0.104,0,0.0,0,0,,False,scattered,
francis,9,9,0.104,1,0.111,1,1,0.75,False,scattered,Mount Pleasant
photo,38,36,0.103,0,0.0,0,0,,False,scattered,
baron,5,5,0.103,0,0.0,0,0,,False,scattered,
christ,18,18,0.102,0,0.0,0,0,,False,scattered,
peaceful,7,7,0.102,0,0.0,0,0,,False,scattered,
lodge,33,31,0.1,0,0.0,0,0,,False,scattered,
parklink,32,27,0.1,0,0.0,0,0,,False,scattered,
precise,32,27,0.1,0,0.0,0,0,,False,scattered,
alice,5,5,0.1,0,0.0,0,0,,False,scattered,
lifestyle,13,13,0.099,2,0.154,1,2,0.78,False,scattered,Kensington-Cedar Cottage
raincity,12,12,0.099,0,0.0,0,0,,False,scattered,
information,10,8,0.099,0,0.0,0,0,,False,scattered,
sing,10,10,0.099,0,0.0,0,0,,False,scattered,
adrienne,5,5,0.099,0,0.0,0,0,,False,scattered,
star,49,46,0.098,2,0.041,1,2,0.55,False,scattered,Sunset
dealer,39,38,0.098,0,0.0,0,0,,False,scattered,
louise,6,4,0.098,0,0.0,0,0,,False,scattered,
country,20,20,0.097,2,0.1,2,1,0.4,False,scattered,Dunbar-Southlands
accounting,59,41,0.096,0,0.0,0,0,,False,scattered,
yours,6,6,0.096,0,0.0,0,0,,False,scattered,
mi,14,13,0.095,2,0.143,1,2,0.82,False,scattered,Kensington-Cedar Cottage
institutions,10,10,0.095,0,0.0,0,0,,False,scattered,
planning,26,19,0.093,0,0.0,0,0,,False,scattered,
grain,7,7,0.093,0,0.0,0,0,,False,scattered,
photos,5,5,0.093,0,0.0,0,0,,False,scattered,
dynasty,5,5,0.092,0,0.0,0,0,,False,scattered,
centres,28,26,0.091,0,0.0,0,0,,False,scattered,
coach,23,22,0.09,0,0.0,0,0,,False,scattered,
ocean,31,28,0.088,0,0.0,0,0,,False,scattered,
our,17,14,0.088,0,0.0,0,0,,False,scattered,
bee,10,10,0.088,0,0.0,0,0,,False,scattered,
acting,9,9,0.088,0,0.0,0,0,,False,scattered,
creative,102,66,0.087,0,0.0,0,0,,False,scattered,
alpha,16,14,0.087,0,0.0,0,0,,False,scattered,
doors,16,16,0.087,2,0.125,1,2,0.77,False,scattered,Hastings-Sunrise
whole,8,8,0.087,0,0.0,0,0,,False,scattered,
barra,7,7,0.087,0,0.0,0,0,,False,scattered,
inspire,6,5,0.087,0,0.0,0,0,,False,scattered,
very,6,6,0.087,0,0.0,0,0,,False,scattered,
house,329,210,0.086,2,0.006,1,2,0.4,False,scattered,Shaughnessy
education,98,66,0.086,0,0.0,0,0,,False,scattered,
charters,20,11,0.086,0,0.0,0,0,,False,scattered,
brokers,19,18,0.086,0,0.0,0,0,,False,scattered,
ink,17,16,0.086,0,0.0,0,0,,False,scattered,
melissa,9,9,0.086,0,0.0,0,0,,False,scattered,
makeup,30,26,0.085,0,0.0,0,0,,False,scattered,
pond,6,6,0.085,0,0.0,0,0,,False,scattered,
gas,31,31,0.084,0,0.0,0,0,,False,scattered,
savings,17,16,0.084,0,0.0,0,0,,False,scattered,
computers,16,16,0.084,1,0.062,1,1,0.81,False,scattered,West Point Grey
made,13,13,0.084,0,0.0,0,0,,False,scattered,
india,18,16,0.083,0,0.0,0,0,,False,scattered,
andrew,29,24,0.082,0,0.0,0,0,,False,scattered,
orange,16,15,0.082,0,0.0,0,0,,False,scattered,
york,13,13,0.081,0,0.0,0,0,,False,scattered,
driving,48,45,0.08,0,0.0,0,0,,False,scattered,
game,7,6,0.08,0,0.0,0,0,,False,scattered,
lung,6,4,0.08,0,0.0,0,0,,False,scattered,
sons,12,11,0.079,0,0.0,0,0,,False,scattered,
cutting,6,5,0.079,0,0.0,0,0,,False,scattered,
print,38,30,0.078,0,0.0,0,0,,False,scattered,
synergy,7,7,0.078,0,0.0,0,0,,False,scattered,
closed,5,3,0.078,0,0.0,0,0,,False,scattered,
great,31,27,0.077,1,0.032,1,1,0.76,False,scattered,Strathcona
staging,10,10,0.077,0,0.0,0,0,,False,scattered,
tv,10,9,0.077,0,0.0,0,0,,False,scattered,
breads,7,7,0.077,0,0.0,0,0,,False,scattered,
forum,6,5,0.076,0,0.0,0,0,,False,scattered,
support,26,22,0.075,0,0.0,0,0,,False,scattered,
vegan,12,12,0.075,0,0.0,0,0,,False,scattered,
six,9,8,0.075,0,0.0,0,0,,False,scattered,
mint,8,8,0.075,0,0.0,0,0,,False,scattered,
vanguard,7,7,0.075,0,0.0,0,0,,False,scattered,
asia,5,5,0.075,0,0.0,0,0,,False,scattered,
james,58,35,0.074,0,0.0,0,0,,False,scattered,
wedding,25,23,0.074,0,0.0,0,0,,False,scattered,
lau,12,12,0.074,0,0.0,0,0,,False,scattered,
space,53,47,0.072,0,0.0,0,0,,False,scattered,
bridal,30,25,0.072,0,0.0,0,0,,False,scattered,
museum,23,22,0.072,2,0.087,1,2,0.66,False,scattered,Kitsilano
people,24,21,0.071,0,0.0,0,0,,False,scattered,
westcoast,24,24,0.071,0,0.0,0,0,,False,scattered,
fred,7,7,0.071,0,0.0,0,0,,False,scattered,
screening,7,7,0.071,0,0.0,0,0,,False,scattered,
perry,6,6,0.071,0,0.0,0,0,,False,scattered,
gelato,19,19,0.07,0,0.0,0,0,,False,scattered,
balance,10,10,0.07,0,0.0,0,0,,False,scattered,
lauren,8,8,0.07,0,0.0,0,0,,False,scattered,
realtor,195,55,0.069,0,0.0,0,0,,False,scattered,
therapy,158,90,0.069,0,0.0,0,0,,False,scattered,
king,76,58,0.069,0,0.0,0,0,,False,scattered,
jack,23,21,0.069,0,0.0,0,0,,False,scattered,
european,16,16,0.069,0,0.0,0,0,,False,scattered,
mediterranean,9,9,0.069,0,0.0,0,0,,False,scattered,
stop,125,118,0.068,1,0.008,1,1,0.2,False,scattered,Oakridge
neighborhood,32,32,0.068,0,0.0,0,0,,False,scattered,
manufacturing,12,11,0.068,0,0.0,0,0,,False,scattered,
refugee,5,4,0.066,0,0.0,0,0,,False,scattered,
me,17,17,0.064,0,0.0,0,0,,False,scattered,
tokyo,11,10,0.064,0,0.0,0,0,,False,scattered,
quebec,5,5,0.064,0,0.0,0,0,,False,scattered,
emergency,18,15,0.063,0,0.0,0,0,,False,scattered,
pub,41,35,0.062,0,0.0,0,0,,False,scattered,
canvas,9,9,0.062,0,0.0,0,0,,False,scattered,
thomas,25,20,0.061,0,0.0,0,0,,False,scattered,
brows,11,10,0.061,0,0.0,0,0,,False,scattered,
sign,10,9,0.061,0,0.0,0,0,,False,scattered,
chris,18,14,0.06,0,0.0,0,0,,False,scattered,
five,16,15,0.06,0,0.0,0,0,,False,scattered,
resource,33,27,0.058,0,0.0,0,0,,False,scattered,
delivery,29,29,0.058,0,0.0,0,0,,False,scattered,
mattress,8,8,0.058,0,0.0,0,0,,False,scattered,
glow,11,10,0.057,0,0.0,0,0,,False,scattered,
bus,117,114,0.056,0,0.0,0,0,,False,scattered,
seniors,20,20,0.056,0,0.0,0,0,,False,scattered,
cake,16,16,0.056,0,0.0,0,0,,False,scattered,
build,14,14,0.056,0,0.0,0,0,,False,scattered,
canadian,190,122,0.055,0,0.0,0,0,,False,scattered,
cleaning,137,108,0.055,0,0.0,0,0,,False,scattered,
central,44,37,0.055,0,0.0,0,0,,False,scattered,
wong,35,34,0.055,0,0.0,0,0,,False,scattered,
karen,13,13,0.055,0,0.0,0,0,,False,scattered,
painting,72,67,0.054,0,0.0,0,0,,False,scattered,
cantina,14,12,0.053,0,0.0,0,0,,False,scattered,
rocket,9,9,0.053,0,0.0,0,0,,False,scattered,
equipment,32,29,0.052,0,0.0,0,0,,False,scattered,
gourmet,16,16,0.052,0,0.0,0,0,,False,scattered,
catherine,7,7,0.052,0,0.0,0,0,,False,scattered,
social,42,35,0.051,0,0.0,0,0,,False,scattered,
graham,8,8,0.051,0,0.0,0,0,,False,scattered,
plumbing,61,56,0.05,0,0.0,0,0,,False,scattered,
cosmetics,15,12,0.05,0,0.0,0,0,,False,scattered,
finch,5,5,0.05,0,0.0,0,0,,False,scattered,
pet,72,61,0.049,0,0.0,0,0,,False,scattered,
landscaping,21,20,0.049,0,0.0,0,0,,False,scattered,
waves,13,13,0.049,0,0.0,0,0,,False,scattered,
raven,7,7,0.049,0,0.0,0,0,,False,scattered,
archer,5,5,0.049,0,0.0,0,0,,False,scattered,
soccer,13,13,0.048,0,0.0,0,0,,False,scattered,
chan,28,22,0.047,0,0.0,0,0,,False,scattered,
secondary,24,24,0.047,0,0.0,0,0,,False,scattered,
magazine,12,12,0.047,0,0.0,0,0,,False,scattered,
courses,6,6,0.047,0,0.0,0,0,,False,scattered,
marquis,5,5,0.047,0,0.0,0,0,,False,scattered,
assn,37,28,0.046,0,0.0,0,0,,False,scattered,
choice,24,20,0.046,0,0.0,0,0,,False,scattered,
anthony,16,15,0.046,0,0.0,0,0,,False,scattered,
consultant,14,13,0.046,0,0.0,0,0,,False,scattered,
spencer,5,5,0.045,0,0.0,0,0,,False,scattered,
data,17,16,0.044,0,0.0,0,0,,False,scattered,
intelligence,9,8,0.044,0,0.0,0,0,,False,scattered,
shawn,7,7,0.044,0,0.0,0,0,,False,scattered,
shoppe,18,17,0.043,0,0.0,0,0,,False,scattered,
blair,6,6,0.043,0,0.0,0,0,,False,scattered,
natural,38,33,0.042,0,0.0,0,0,,False,scattered,
success,16,15,0.042,0,0.0,0,0,,False,scattered,
tan,15,13,0.042,0,0.0,0,0,,False,scattered,
iron,14,13,0.041,0,0.0,0,0,,False,scattered,
weight,8,8,0.041,0,0.0,0,0,,False,scattered,
julia,6,6,0.041,0,0.0,0,0,,False,scattered,
hong,14,12,0.04,0,0.0,0,0,,False,scattered,
bespoke,6,6,0.04,0,0.0,0,0,,False,scattered,
performance,51,45,0.039,0,0.0,0,0,,False,scattered,
angels,9,9,0.039,0,0.0,0,0,,False,scattered,
speed,7,7,0.039,0,0.0,0,0,,False,scattered,
franklin,6,5,0.039,0,0.0,0,0,,False,scattered,
factory,41,34,0.038,0,0.0,0,0,,False,scattered,
event,33,24,0.038,0,0.0,0,0,,False,scattered,
esthetics,25,24,0.038,0,0.0,0,0,,False,scattered,
cosmetic,19,18,0.038,0,0.0,0,0,,False,scattered,
monica,7,7,0.038,0,0.0,0,0,,False,scattered,
aesthetic,8,8,0.037,0,0.0,0,0,,False,scattered,
institute,77,55,0.036,0,0.0,0,0,,False,scattered,
circle,30,30,0.036,0,0.0,0,0,,False,scattered,
spirit,23,21,0.036,0,0.0,0,0,,False,scattered,
bombay,11,10,0.036,0,0.0,0,0,,False,scattered,
falls,11,11,0.036,0,0.0,0,0,,False,scattered,
bottle,7,7,0.036,0,0.0,0,0,,False,scattered,
photographer,15,13,0.035,0,0.0,0,0,,False,scattered,
limited,39,29,0.034,0,0.0,0,0,,False,scattered,
nd,38,29,0.034,0,0.0,0,0,,False,scattered,
ai,20,17,0.034,0,0.0,0,0,,False,scattered,
saint,15,13,0.034,0,0.0,0,0,,False,scattered,
ming,12,12,0.033,0,0.0,0,0,,False,scattered,
momo,9,9,0.033,0,0.0,0,0,,False,scattered,
lounge,116,73,0.032,0,0.0,0,0,,False,scattered,
pho,47,44,0.032,0,0.0,0,0,,False,scattered,
save,31,30,0.032,0,0.0,0,0,,False,scattered,
nickel,9,7,0.032,0,0.0,0,0,,False,scattered,
linda,8,6,0.032,0,0.0,0,0,,False,scattered,
skin,99,66,0.03,0,0.0,0,0,,False,scattered,
cooperative,13,13,0.03,0,0.0,0,0,,False,scattered,
virgin,9,8,0.03,0,0.0,0,0,,False,scattered,
burrito,5,4,0.03,0,0.0,0,0,,False,scattered,
rennie,12,5,0.029,0,0.0,0,0,,False,scattered,
thomson,5,5,0.029,0,0.0,0,0,,False,scattered,
technologies,91,59,0.028,0,0.0,0,0,,False,scattered,
greater,38,34,0.028,0,0.0,0,0,,False,scattered,
wholesale,13,13,0.028,0,0.0,0,0,,False,scattered,
izakaya,8,8,0.028,0,0.0,0,0,,False,scattered,
design,430,213,0.027,0,0.0,0,0,,False,scattered,
david,60,47,0.027,0,0.0,0,0,,False,scattered,
appliance,31,28,0.027,0,0.0,0,0,,False,scattered,
chen,21,21,0.027,0,0.0,0,0,,False,scattered,
triple,15,15,0.027,0,0.0,0,0,,False,scattered,
parker,13,12,0.027,0,0.0,0,0,,False,scattered,
wave,10,10,0.027,0,0.0,0,0,,False,scattered,
venue,6,5,0.027,0,0.0,0,0,,False,scattered,
counselling,211,84,0.026,0,0.0,0,0,,False,scattered,
bubble,33,28,0.026,0,0.0,0,0,,False,scattered,
noodle,31,30,0.026,0,0.0,0,0,,False,scattered,
development,90,60,0.025,0,0.0,0,0,,False,scattered,
roasters,34,34,0.025,0,0.0,0,0,,False,scattered,
tcm,18,16,0.025,0,0.0,0,0,,False,scattered,
weddings,11,11,0.025,0,0.0,0,0,,False,scattered,
ba,8,8,0.025,0,0.0,0,0,,False,scattered,
tour,8,8,0.025,0,0.0,0,0,,False,scattered,
allstar,5,5,0.025,0,0.0,0,0,,False,scattered,
care,253,187,0.023,0,0.0,0,0,,False,scattered,
bitcoin,73,63,0.023,0,0.0,0,0,,False,scattered,
golden,52,42,0.023,0,0.0,0,0,,False,scattered,
pilates,38,32,0.023,0,0.0,0,0,,False,scattered,
terrace,16,16,0.023,0,0.0,0,0,,False,scattered,
counsellor,9,9,0.023,0,0.0,0,0,,False,scattered,
murray,9,9,0.023,0,0.0,0,0,,False,scattered,
locker,33,31,0.022,0,0.0,0,0,,False,scattered,
easy,23,22,0.022,0,0.0,0,0,,False,scattered,
colour,11,11,0.022,0,0.0,0,0,,False,scattered,
gibson,7,7,0.022,0,0.0,0,0,,False,scattered,
patricia,7,6,0.022,0,0.0,0,0,,False,scattered,
vibe,7,6,0.022,0,0.0,0,0,,False,scattered,
food,144,112,0.021,0,0.0,0,0,,False,scattered,
business,140,80,0.021,0,0.0,0,0,,False,scattered,
long,19,17,0.02,0,0.0,0,0,,False,scattered,
massage,160,97,0.019,0,0.0,0,0,,False,scattered,
elementary,85,83,0.019,0,0.0,0,0,,False,scattered,
hardware,19,17,0.019,0,0.0,0,0,,False,scattered,
legacy,11,11,0.019,0,0.0,0,0,,False,scattered,
queer,10,9,0.018,0,0.0,0,0,,False,scattered,
sell,10,9,0.018,0,0.0,0,0,,False,scattered,
transportation,9,8,0.018,0,0.0,0,0,,False,scattered,
harrison,7,6,0.018,0,0.0,0,0,,False,scattered,
physiotherapy,78,64,0.017,0,0.0,0,0,,False,scattered,
catering,56,52,0.017,0,0.0,0,0,,False,scattered,
heating,39,38,0.017,0,0.0,0,0,,False,scattered,
cloud,28,21,0.017,0,0.0,0,0,,False,scattered,
industries,19,17,0.017,0,0.0,0,0,,False,scattered,
suite,16,14,0.017,0,0.0,0,0,,False,scattered,
recording,10,10,0.017,0,0.0,0,0,,False,scattered,
paradise,8,7,0.017,0,0.0,0,0,,False,scattered,
vietnam,8,8,0.017,0,0.0,0,0,,False,scattered,
amazon,35,32,0.016,0,0.0,0,0,,False,scattered,
power,28,24,0.016,0,0.0,0,0,,False,scattered,
wall,19,15,0.016,0,0.0,0,0,,False,scattered,
spare,9,8,0.016,0,0.0,0,0,,False,scattered,
canada,746,262,0.015,0,0.0,0,0,,False,scattered,
learning,71,65,0.015,0,0.0,0,0,,False,scattered,
coastal,38,32,0.015,0,0.0,0,0,,False,scattered,
developments,32,28,0.015,0,0.0,0,0,,False,scattered,
jennifer,17,17,0.015,0,0.0,0,0,,False,scattered,
website,6,5,0.015,0,0.0,0,0,,False,scattered,
vector,5,5,0.015,0,0.0,0,0,,False,scattered,
nail,80,68,0.014,0,0.0,0,0,,False,scattered,
hall,60,53,0.014,0,0.0,0,0,,False,scattered,
custom,58,53,0.014,0,0.0,0,0,,False,scattered,
seafood,50,44,0.014,0,0.0,0,0,,False,scattered,
coaching,46,36,0.014,0,0.0,0,0,,False,scattered,
white,33,31,0.014,0,0.0,0,0,,False,scattered,
solution,14,13,0.014,0,0.0,0,0,,False,scattered,
clearly,9,7,0.014,0,0.0,0,0,,False,scattered,
driver,8,7,0.014,0,0.0,0,0,,False,scattered,
major,5,5,0.014,0,0.0,0,0,,False,scattered,
dollar,20,20,0.013,0,0.0,0,0,,False,scattered,
pasta,15,12,0.013,0,0.0,0,0,,False,scattered,
ymca,13,11,0.013,0,0.0,0,0,,False,scattered,
alley,9,9,0.013,0,0.0,0,0,,False,scattered,
foods,88,80,0.012,0,0.0,0,0,,False,scattered,
one,82,61,0.012,0,0.0,0,0,,False,scattered,
credit,44,33,0.012,0,0.0,0,0,,False,scattered,
seo,36,31,0.012,0,0.0,0,0,,False,scattered,
bbq,34,29,0.012,0,0.0,0,0,,False,scattered,
recovery,25,25,0.012,0,0.0,0,0,,False,scattered,
speech,12,10,0.012,0,0.0,0,0,,False,scattered,
spanish,11,11,0.012,0,0.0,0,0,,False,scattered,
bc,465,224,0.011,0,0.0,0,0,,False,scattered,
pacific,272,145,0.011,0,0.0,0,0,,False,scattered,
library,49,42,0.011,0,0.0,0,0,,False,scattered,
good,43,36,0.011,0,0.0,0,0,,False,scattered,
grooming,27,25,0.011,0,0.0,0,0,,False,scattered,
safeway,17,17,0.011,0,0.0,0,0,,False,scattered,
guys,11,11,0.011,0,0.0,0,0,,False,scattered,
communications,69,48,0.01,0,0.0,0,0,,False,scattered,
dog,65,59,0.01,0,0.0,0,0,,False,scattered,
sky,34,31,0.01,0,0.0,0,0,,False,scattered,
style,32,27,0.01,0,0.0,0,0,,False,scattered,
key,24,21,0.01,0,0.0,0,0,,False,scattered,
williams,23,22,0.01,0,0.0,0,0,,False,scattered,
bennett,6,6,0.01,0,0.0,0,0,,False,scattered,
rbc,109,73,0.009,0,0.0,0,0,,False,scattered,
building,103,68,0.009,0,0.0,0,0,,False,scattered,
clothing,52,42,0.009,0,0.0,0,0,,False,scattered,
plaza,47,36,0.009,0,0.0,0,0,,False,scattered,
mexican,36,31,0.009,0,0.0,0,0,,False,scattered,
jewellery,33,24,0.009,0,0.0,0,0,,False,scattered,
executive,18,16,0.009,0,0.0,0,0,,False,scattered,
restaurants,15,14,0.009,0,0.0,0,0,,False,scattered,
comics,11,11,0.009,0,0.0,0,0,,False,scattered,
aaa,10,10,0.009,0,0.0,0,0,,False,scattered,
brazilian,8,8,0.009,0,0.0,0,0,,False,scattered,
teeth,8,8,0.009,0,0.0,0,0,,False,scattered,
knowledge,7,7,0.009,0,0.0,0,0,,False,scattered,
rentals,72,50,0.008,0,0.0,0,0,,False,scattered,
water,32,27,0.008,0,0.0,0,0,,False,scattered,
jackson,12,11,0.008,0,0.0,0,0,,False,scattered,
bright,11,11,0.008,0,0.0,0,0,,False,scattered,
epic,11,10,0.008,0,0.0,0,0,,False,scattered,
therapeutics,10,10,0.008,0,0.0,0,0,,False,scattered,
straight,9,9,0.008,0,0.0,0,0,,False,scattered,
midtown,6,6,0.008,0,0.0,0,0,,False,scattered,
oaks,5,4,0.008,0,0.0,0,0,,False,scattered,
room,65,47,0.007,0,0.0,0,0,,False,scattered,
alliance,45,36,0.007,0,0.0,0,0,,False,scattered,
modern,44,39,0.007,0,0.0,0,0,,False,scattered,
land,24,21,0.007,0,0.0,0,0,,False,scattered,
nick,15,14,0.007,0,0.0,0,0,,False,scattered,
trainer,14,10,0.007,0,0.0,0,0,,False,scattered,
alterations,6,6,0.007,0,0.0,0,0,,False,scattered,
sisters,6,6,0.007,0,0.0,0,0,,False,scattered,
wellness,240,126,0.006,0,0.0,0,0,,False,scattered,
club,231,152,0.006,0,0.0,0,0,,False,scattered,
homes,86,61,0.006,0,0.0,0,0,,False,scattered,
bistro,70,51,0.006,0,0.0,0,0,,False,scattered,
security,67,44,0.006,0,0.0,0,0,,False,scattered,
flight,17,17,0.006,0,0.0,0,0,,False,scattered,
song,12,12,0.006,0,0.0,0,0,,False,scattered,
detail,11,11,0.006,0,0.0,0,0,,False,scattered,
republic,11,11,0.006,0,0.0,0,0,,False,scattered,
dj,10,9,0.006,0,0.0,0,0,,False,scattered,
tanning,10,7,0.006,0,0.0,0,0,,False,scattered,
cinema,8,7,0.006,0,0.0,0,0,,False,scattered,
app,5,5,0.006,0,0.0,0,0,,False,scattered,
everybody,5,5,0.006,0,0.0,0,0,,False,scattered,
marketing,183,93,0.005,0,0.0,0,0,,False,scattered,
columbia,155,90,0.005,0,0.0,0,0,,False,scattered,
travel,147,90,0.005,0,0.0,0,0,,False,scattered,
family,100,75,0.005,0,0.0,0,0,,False,scattered,
vancity,72,57,0.005,0,0.0,0,0,,False,scattered,
sports,66,51,0.005,0,0.0,0,0,,False,scattered,
day,52,47,0.005,0,0.0,0,0,,False,scattered,
jewellers,43,24,0.005,0,0.0,0,0,,False,scattered,
video,35,32,0.005,0,0.0,0,0,,False,scattered,
ballroom,13,11,0.005,0,0.0,0,0,,False,scattered,
help,13,12,0.005,0,0.0,0,0,,False,scattered,
yukon,11,10,0.005,0,0.0,0,0,,False,scattered,
training,104,76,0.004,0,0.0,0,0,,False,scattered,
public,95,75,0.004,0,0.0,0,0,,False,scattered,
chiropractic,55,48,0.004,0,0.0,0,0,,False,scattered,
local,51,49,0.004,0,0.0,0,0,,False,scattered,
integrated,33,28,0.004,0,0.0,0,0,,False,scattered,
labs,27,22,0.004,0,0.0,0,0,,False,scattered,
brian,20,19,0.004,0,0.0,0,0,,False,scattered,
haus,18,17,0.004,0,0.0,0,0,,False,scattered,
mike,17,15,0.004,0,0.0,0,0,,False,scattered,
camp,14,11,0.004,0,0.0,0,0,,False,scattered,
basketball,10,9,0.004,0,0.0,0,0,,False,scattered,
discover,9,9,0.004,0,0.0,0,0,,False,scattered,
hotels,8,6,0.004,0,0.0,0,0,,False,scattered,
stellar,8,8,0.004,0,0.0,0,0,,False,scattered,
vacations,7,7,0.004,0,0.0,0,0,,False,scattered,
miles,6,6,0.004,0,0.0,0,0,,False,scattered,
ski,6,6,0.004,0,0.0,0,0,,False,scattered,
trial,6,6,0.004,0,0.0,0,0,,False,scattered,
city,195,121,0.003,0,0.0,0,0,,False,scattered,
union,105,86,0.003,0,0.0,0,0,,False,scattered,
first,83,60,0.003,0,0.0,0,0,,False,scattered,
healing,53,45,0.003,0,0.0,0,0,,False,scattered,
entertainment,40,35,0.003,0,0.0,0,0,,False,scattered,
hot,30,28,0.003,0,0.0,0,0,,False,scattered,
records,23,19,0.003,0,0.0,0,0,,False,scattered,
hut,21,20,0.003,0,0.0,0,0,,False,scattered,
bella,19,19,0.003,0,0.0,0,0,,False,scattered,
chi,19,19,0.003,0,0.0,0,0,,False,scattered,
cruises,19,16,0.003,0,0.0,0,0,,False,scattered,
advertising,17,15,0.003,0,0.0,0,0,,False,scattered,
residence,17,16,0.003,0,0.0,0,0,,False,scattered,
locksmith,16,14,0.003,0,0.0,0,0,,False,scattered,
victory,15,13,0.003,0,0.0,0,0,,False,scattered,
precision,14,12,0.003,0,0.0,0,0,,False,scattered,
strength,12,12,0.003,0,0.0,0,0,,False,scattered,
remax,11,8,0.003,0,0.0,0,0,,False,scattered,
ruby,11,10,0.003,0,0.0,0,0,,False,scattered,
dale,10,9,0.003,0,0.0,0,0,,False,scattered,
camera,9,9,0.003,0,0.0,0,0,,False,scattered,
lion,9,7,0.003,0,0.0,0,0,,False,scattered,
abm,8,7,0.003,0,0.0,0,0,,False,scattered,
goldsmith,8,6,0.003,0,0.0,0,0,,False,scattered,
mama,7,6,0.003,0,0.0,0,0,,False,scattered,
davidstea,5,5,0.003,0,0.0,0,0,,False,scattered,
ga,5,5,0.003,0,0.0,0,0,,False,scattered,
pioneer,5,5,0.003,0,0.0,0,0,,False,scattered,
tommy,5,5,0.003,0,0.0,0,0,,False,scattered,
home,228,164,0.002,0,0.0,0,0,,False,scattered,
atm,182,133,0.002,0,0.0,0,0,,False,scattered,
british,146,84,0.002,0,0.0,0,0,,False,scattered,
association,110,76,0.002,0,0.0,0,0,,False,scattered,
world,110,81,0.002,0,0.0,0,0,,False,scattered,
car,100,68,0.002,0,0.0,0,0,,False,scattered,
pharmacy,98,85,0.002,0,0.0,0,0,,False,scattered,
lab,71,57,0.002,0,0.0,0,0,,False,scattered,
acupuncture,69,51,0.002,0,0.0,0,0,,False,scattered,
post,66,62,0.002,0,0.0,0,0,,False,scattered,
network,52,36,0.002,0,0.0,0,0,,False,scattered,
technology,50,35,0.002,0,0.0,0,0,,False,scattered,
supplies,43,42,0.002,0,0.0,0,0,,False,scattered,
re,39,22,0.002,0,0.0,0,0,,False,scattered,
love,37,36,0.002,0,0.0,0,0,,False,scattered,
run,30,30,0.002,0,0.0,0,0,,False,scattered,
tree,28,27,0.002,0,0.0,0,0,,False,scattered,
games,26,21,0.002,0,0.0,0,0,,False,scattered,
cream,22,21,0.002,0,0.0,0,0,,False,scattered,
be,20,18,0.002,0,0.0,0,0,,False,scattered,
master,19,18,0.002,0,0.0,0,0,,False,scattered,
wear,19,19,0.002,0,0.0,0,0,,False,scattered,
zen,19,19,0.002,0,0.0,0,0,,False,scattered,
pop,16,15,0.002,0,0.0,0,0,,False,scattered,
andy,15,14,0.002,0,0.0,0,0,,False,scattered,
lawn,15,15,0.002,0,0.0,0,0,,False,scattered,
ho,14,14,0.002,0,0.0,0,0,,False,scattered,
professionals,14,12,0.002,0,0.0,0,0,,False,scattered,
path,11,10,0.002,0,0.0,0,0,,False,scattered,
chateau,8,8,0.002,0,0.0,0,0,,False,scattered,
gems,8,8,0.002,0,0.0,0,0,,False,scattered,
louis,8,7,0.002,0,0.0,0,0,,False,scattered,
saigon,8,7,0.002,0,0.0,0,0,,False,scattered,
swan,8,8,0.002,0,0.0,0,0,,False,scattered,
worldwide,7,7,0.002,0,0.0,0,0,,False,scattered,
civic,6,6,0.002,0,0.0,0,0,,False,scattered,
comfort,6,6,0.002,0,0.0,0,0,,False,scattered,
elements,6,5,0.002,0,0.0,0,0,,False,scattered,
gong,6,6,0.002,0,0.0,0,0,,False,scattered,
mink,6,5,0.002,0,0.0,0,0,,False,scattered,
morrison,6,6,0.002,0,0.0,0,0,,False,scattered,
shawarma,6,6,0.002,0,0.0,0,0,,False,scattered,
hairstyling,5,5,0.002,0,0.0,0,0,,False,scattered,
hills,5,5,0.002,0,0.0,0,0,,False,scattered,
physician,5,5,0.002,0,0.0,0,0,,False,scattered,
turkish,5,4,0.002,0,0.0,0,0,,False,scattered,
vancouver,2835,568,0.001,0,0.0,0,0,,False,scattered,
royal,166,118,0.001,0,0.0,0,0,,False,scattered,
coast,155,108,0.001,0,0.0,0,0,,False,scattered,
repair,116,92,0.001,0,0.0,0,0,,False,scattered,
construction,114,89,0.001,0,0.0,0,0,,False,scattered,
systems,104,71,0.001,0,0.0,0,0,,False,scattered,
music,102,83,0.001,0,0.0,0,0,,False,scattered,
tea,94,71,0.001,0,0.0,0,0,,False,scattered,
foundation,91,70,0.001,0,0.0,0,0,,False,scattered,
body,79,69,0.001,0,0.0,0,0,,False,scattered,
dance,71,47,0.001,0,0.0,0,0,,False,scattered,
it,68,55,0.001,0,0.0,0,0,,False,scattered,
diamond,66,59,0.001,0,0.0,0,0,,False,scattered,
advisor,64,36,0.001,0,0.0,0,0,,False,scattered,
collective,64,50,0.001,0,0.0,0,0,,False,scattered,
com,49,40,0.001,0,0.0,0,0,,False,scattered,
rental,45,37,0.001,0,0.0,0,0,,False,scattered,
metro,44,42,0.001,0,0.0,0,0,,False,scattered,
vape,44,34,0.001,0,0.0,0,0,,False,scattered,
engineering,42,33,0.001,0,0.0,0,0,,False,scattered,
eye,39,36,0.001,0,0.0,0,0,,False,scattered,
peter,39,35,0.001,0,0.0,0,0,,False,scattered,
truck,38,32,0.001,0,0.0,0,0,,False,scattered,
town,34,33,0.001,0,0.0,0,0,,False,scattered,
computer,33,30,0.001,0,0.0,0,0,,False,scattered,
gardens,31,28,0.001,0,0.0,0,0,,False,scattered,
optometry,29,28,0.001,0,0.0,0,0,,False,scattered,
aesthetics,28,23,0.001,0,0.0,0,0,,False,scattered,
only,23,23,0.001,0,0.0,0,0,,False,scattered,
seymour,22,15,0.001,0,0.0,0,0,,False,scattered,
luggage,21,19,0.001,0,0.0,0,0,,False,scattered,
adventures,20,17,0.001,0,0.0,0,0,,False,scattered,
cycle,20,19,0.001,0,0.0,0,0,,False,scattered,
peak,20,19,0.001,0,0.0,0,0,,False,scattered,
tile,19,19,0.001,0,0.0,0,0,,False,scattered,
can,18,17,0.001,0,0.0,0,0,,False,scattered,
clark,17,16,0.001,0,0.0,0,0,,False,scattered,
native,17,17,0.001,0,0.0,0,0,,False,scattered,
shoe,17,15,0.001,0,0.0,0,0,,False,scattered,
liberty,16,15,0.001,0,0.0,0,0,,False,scattered,
experience,14,12,0.001,0,0.0,0,0,,False,scattered,
johnson,14,13,0.001,0,0.0,0,0,,False,scattered,
ray,14,14,0.001,0,0.0,0,0,,False,scattered,
robin,13,12,0.001,0,0.0,0,0,,False,scattered,
dairy,12,12,0.001,0,0.0,0,0,,False,scattered,
irish,12,10,0.001,0,0.0,0,0,,False,scattered,
lux,12,12,0.001,0,0.0,0,0,,False,scattered,
pink,10,10,0.001,0,0.0,0,0,,False,scattered,
premium,10,10,0.001,0,0.0,0,0,,False,scattered,
sparkle,9,9,0.001,0,0.0,0,0,,False,scattered,
virtual,9,8,0.001,0,0.0,0,0,,False,scattered,
voice,9,9,0.001,0,0.0,0,0,,False,scattered,
advanced,8,8,0.001,0,0.0,0,0,,False,scattered,
collectibles,8,8,0.001,0,0.0,0,0,,False,scattered,
folk,8,8,0.001,0,0.0,0,0,,False,scattered,
miller,8,7,0.001,0,0.0,0,0,,False,scattered,
quesada,8,8,0.001,0,0.0,0,0,,False,scattered,
reliable,8,8,0.001,0,0.0,0,0,,False,scattered,
woo,8,8,0.001,0,0.0,0,0,,False,scattered,
above,7,7,0.001,0,0.0,0,0,,False,scattered,
dining,7,7,0.001,0,0.0,0,0,,False,scattered,
organics,7,7,0.001,0,0.0,0,0,,False,scattered,
bni,6,6,0.001,0,0.0,0,0,,False,scattered,
brad,6,5,0.001,0,0.0,0,0,,False,scattered,
customs,6,5,0.001,0,0.0,0,0,,False,scattered,
hip,6,6,0.001,0,0.0,0,0,,False,scattered,
page,6,6,0.001,0,0.0,0,0,,False,scattered,
tow,6,6,0.001,0,0.0,0,0,,False,scattered,
amc,5,5,0.001,0,0.0,0,0,,False,scattered,
elena,5,5,0.001,0,0.0,0,0,,False,scattered,
jill,5,5,0.001,0,0.0,0,0,,False,scattered,
veronica,5,5,0.001,0,0.0,0,0,,False,scattered,
warrior,5,4,0.001,0,0.0,0,0,,False,scattered,
td,265,52,0.0,0,0.0,0,0,,False,scattered,
bank,233,107,0.0,0,0.0,0,0,,False,scattered,
personal,169,72,0.0,0,0.0,0,0,,False,scattered,
private,166,23,0.0,0,0.0,0,0,,False,scattered,
agency,121,67,0.0,0,0.0,0,0,,False,scattered,
boutique,98,72,0.0,0,0.0,0,0,,False,scattered,
life,96,69,0.0,0,0.0,0,0,,False,scattered,
starbucks,95,95,0.0,0,0.0,0,0,,False,scattered,
western,95,75,0.0,0,0.0,0,0,,False,scattered,
new,94,73,0.0,0,0.0,0,0,,False,scattered,
north,83,65,0.0,0,0.0,0,0,,False,scattered,
impark,81,78,0.0,0,0.0,0,0,,False,scattered,
best,79,67,0.0,0,0.0,0,0,,False,scattered,
mobile,79,59,0.0,0,0.0,0,0,,False,scattered,
planner,78,39,0.0,0,0.0,0,0,,False,scattered,
thai,78,62,0.0,0,0.0,0,0,,False,scattered,
blue,76,62,0.0,0,0.0,0,0,,False,scattered,
lee,76,60,0.0,0,0.0,0,0,,False,scattered,
green,75,61,0.0,0,0.0,0,0,,False,scattered,
express,74,54,0.0,0,0.0,0,0,,False,scattered,
john,73,57,0.0,0,0.0,0,0,,False,scattered,
banking,70,11,0.0,0,0.0,0,0,,False,scattered,
svc,70,61,0.0,0,0.0,0,0,,False,scattered,
japanese,69,55,0.0,0,0.0,0,0,,False,scattered,
laser,69,50,0.0,0,0.0,0,0,,False,scattered,
team,69,53,0.0,0,0.0,0,0,,False,scattered,
electric,65,59,0.0,0,0.0,0,0,,False,scattered,
fresh,65,56,0.0,0,0.0,0,0,,False,scattered,
liquor,65,59,0.0,0,0.0,0,0,,False,scattered,
living,65,55,0.0,0,0.0,0,0,,False,scattered,
mart,65,60,0.0,0,0.0,0,0,,False,scattered,
my,65,54,0.0,0,0.0,0,0,,False,scattered,
cannabis,64,51,0.0,0,0.0,0,0,,False,scattered,
designs,64,53,0.0,0,0.0,0,0,,False,scattered,
branch,62,57,0.0,0,0.0,0,0,,False,scattered,
subway,60,60,0.0,0,0.0,0,0,,False,scattered,
tim,60,59,0.0,0,0.0,0,0,,False,scattered,
cuisine,59,51,0.0,0,0.0,0,0,,False,scattered,
moving,59,51,0.0,0,0.0,0,0,,False,scattered,
trust,58,50,0.0,0,0.0,0,0,,False,scattered,
advice,57,2,0.0,0,0.0,0,0,,False,scattered,
scotiabank,57,54,0.0,0,0.0,0,0,,False,scattered,
wine,56,46,0.0,0,0.0,0,0,,False,scattered,
hortons,55,55,0.0,0,0.0,0,0,,False,scattered,
pro,55,46,0.0,0,0.0,0,0,,False,scattered,
sun,53,40,0.0,0,0.0,0,0,,False,scattered,
no,52,47,0.0,0,0.0,0,0,,False,scattered,
prec,50,31,0.0,0,0.0,0,0,,False,scattered,
red,49,42,0.0,0,0.0,0,0,,False,scattered,
books,48,39,0.0,0,0.0,0,0,,False,scattered,
energy,48,39,0.0,0,0.0,0,0,,False,scattered,
events,48,38,0.0,0,0.0,0,0,,False,scattered,
your,48,43,0.0,0,0.0,0,0,,False,scattered,
chicken,47,40,0.0,0,0.0,0,0,,False,scattered,
all,46,43,0.0,0,0.0,0,0,,False,scattered,
eleven,45,39,0.0,0,0.0,0,0,,False,scattered,
kids,45,40,0.0,0,0.0,0,0,,False,scattered,
luxury,45,37,0.0,0,0.0,0,0,,False,scattered,
big,44,42,0.0,0,0.0,0,0,,False,scattered,
bmo,44,31,0.0,0,0.0,0,0,,False,scattered,
exchange,44,32,0.0,0,0.0,0,0,,False,scattered,
mr,44,39,0.0,0,0.0,0,0,,False,scattered,
scotia,44,3,0.0,0,0.0,0,0,,False,scattered,
ups,44,43,0.0,0,0.0,0,0,,False,scattered,
max,43,25,0.0,0,0.0,0,0,,False,scattered,
plus,43,38,0.0,0,0.0,0,0,,False,scattered,
pure,43,41,0.0,0,0.0,0,0,,False,scattered,
web,43,33,0.0,0,0.0,0,0,,False,scattered,
animal,42,39,0.0,0,0.0,0,0,,False,scattered,
barbershop,42,38,0.0,0,0.0,0,0,,False,scattered,
michael,42,30,0.0,0,0.0,0,0,,False,scattered,
contracting,41,39,0.0,0,0.0,0,0,,False,scattered,
paul,40,34,0.0,0,0.0,0,0,,False,scattered,
physio,40,37,0.0,0,0.0,0,0,,False,scattered,
national,39,31,0.0,0,0.0,0,0,,False,scattered,
organic,39,33,0.0,0,0.0,0,0,,False,scattered,
top,39,33,0.0,0,0.0,0,0,,False,scattered,
united,39,37,0.0,0,0.0,0,0,,False,scattered,
interior,38,35,0.0,0,0.0,0,0,,False,scattered,
stores,38,34,0.0,0,0.0,0,0,,False,scattered,
access,37,36,0.0,0,0.0,0,0,,False,scattered,
block,37,32,0.0,0,0.0,0,0,,False,scattered,
convenience,37,32,0.0,0,0.0,0,0,,False,scattered,
cpa,37,28,0.0,0,0.0,0,0,,False,scattered,
rpo,37,37,0.0,0,0.0,0,0,,False,scattered,
small,37,30,0.0,0,0.0,0,0,,False,scattered,
air,36,33,0.0,0,0.0,0,0,,False,scattered,
freshslice,36,36,0.0,0,0.0,0,0,,False,scattered,
jones,36,29,0.0,0,0.0,0,0,,False,scattered,
london,36,22,0.0,0,0.0,0,0,,False,scattered,
mcdonald,36,36,0.0,0,0.0,0,0,,False,scattered,
projects,36,35,0.0,0,0.0,0,0,,False,scattered,
up,36,33,0.0,0,0.0,0,0,,False,scattered,
young,36,34,0.0,0,0.0,0,0,,False,scattered,
black,35,29,0.0,0,0.0,0,0,,False,scattered,
cibc,35,31,0.0,0,0.0,0,0,,False,scattered,
hub,35,31,0.0,0,0.0,0,0,,False,scattered,
medicine,35,31,0.0,0,0.0,0,0,,False,scattered,
program,35,31,0.0,0,0.0,0,0,,False,scattered,
you,34,31,0.0,0,0.0,0,0,,False,scattered,
christian,33,29,0.0,0,0.0,0,0,,False,scattered,
drug,33,33,0.0,0,0.0,0,0,,False,scattered,
head,33,33,0.0,0,0.0,0,0,,False,scattered,
ice,33,31,0.0,0,0.0,0,0,,False,scattered,
renovations,33,28,0.0,0,0.0,0,0,,False,scattered,
shoppers,33,31,0.0,0,0.0,0,0,,False,scattered,
specialist,33,24,0.0,0,0.0,0,0,,False,scattered,
spot,33,32,0.0,0,0.0,0,0,,False,scattered,
agencies,32,25,0.0,0,0.0,0,0,,False,scattered,
flowers,32,29,0.0,0,0.0,0,0,,False,scattered,
holdings,32,26,0.0,0,0.0,0,0,,False,scattered,
image,32,30,0.0,0,0.0,0,0,,False,scattered,
juice,32,29,0.0,0,0.0,0,0,,False,scattered,
leaf,32,31,0.0,0,0.0,0,0,,False,scattered,
more,32,31,0.0,0,0.0,0,0,,False,scattered,
removal,32,30,0.0,0,0.0,0,0,,False,scattered,
smart,32,31,0.0,0,0.0,0,0,,False,scattered,
well,32,26,0.0,0,0.0,0,0,,False,scattered,
window,32,29,0.0,0,0.0,0,0,,False,scattered,
bean,31,29,0.0,0,0.0,0,0,,False,scattered,
bread,31,26,0.0,0,0.0,0,0,,False,scattered,
cleaners,31,30,0.0,0,0.0,0,0,,False,scattered,
craft,31,29,0.0,0,0.0,0,0,,False,scattered,
rose,31,31,0.0,0,0.0,0,0,,False,scattered,
baptist,30,27,0.0,0,0.0,0,0,,False,scattered,
cash,30,27,0.0,0,0.0,0,0,,False,scattered,
inn,30,27,0.0,0,0.0,0,0,,False,scattered,
kim,30,30,0.0,0,0.0,0,0,,False,scattered,
nations,30,28,0.0,0,0.0,0,0,,False,scattered,
notary,30,27,0.0,0,0.0,0,0,,False,scattered,
box,29,27,0.0,0,0.0,0,0,,False,scattered,
chevron,29,29,0.0,0,0.0,0,0,,False,scattered,
clean,29,26,0.0,0,0.0,0,0,,False,scattered,
eatery,29,27,0.0,0,0.0,0,0,,False,scattered,
integrative,29,26,0.0,0,0.0,0,0,,False,scattered,
location,29,27,0.0,0,0.0,0,0,,False,scattered,
money,29,26,0.0,0,0.0,0,0,,False,scattered,
door,28,27,0.0,0,0.0,0,0,,False,scattered,
fire,28,28,0.0,0,0.0,0,0,,False,scattered,
grace,28,25,0.0,0,0.0,0,0,,False,scattered,
lifelabs,28,22,0.0,0,0.0,0,0,,False,scattered,
mark,28,25,0.0,0,0.0,0,0,,False,scattered,
men,28,22,0.0,0,0.0,0,0,,False,scattered,
online,28,26,0.0,0,0.0,0,0,,False,scattered,
out,28,24,0.0,0,0.0,0,0,,False,scattered,
athletics,27,25,0.0,0,0.0,0,0,,False,scattered,
concrete,27,24,0.0,0,0.0,0,0,,False,scattered,
control,27,25,0.0,0,0.0,0,0,,False,scattered,
environmental,27,24,0.0,0,0.0,0,0,,False,scattered,
free,27,26,0.0,0,0.0,0,0,,False,scattered,
bell,26,24,0.0,0,0.0,0,0,,False,scattered,
corner,26,25,0.0,0,0.0,0,0,,False,scattered,
drugs,26,16,0.0,0,0.0,0,0,,False,scattered,
enterprise,26,20,0.0,0,0.0,0,0,,False,scattered,
esso,26,15,0.0,0,0.0,0,0,,False,scattered,
flower,26,24,0.0,0,0.0,0,0,,False,scattered,
grand,26,24,0.0,0,0.0,0,0,,False,scattered,
localcoin,26,25,0.0,0,0.0,0,0,,False,scattered,
montreal,26,26,0.0,0,0.0,0,0,,False,scattered,
pharmasave,26,23,0.0,0,0.0,0,0,,False,scattered,
brown,25,21,0.0,0,0.0,0,0,,False,scattered,
caffe,25,23,0.0,0,0.0,0,0,,False,scattered,
full,25,22,0.0,0,0.0,0,0,,False,scattered,
heart,25,20,0.0,0,0.0,0,0,,False,scattered,
landscape,25,24,0.0,0,0.0,0,0,,False,scattered,
oakwyn,25,4,0.0,0,0.0,0,0,,False,scattered,
scotiamcleod,25,2,0.0,0,0.0,0,0,,False,scattered,
artistry,24,22,0.0,0,0.0,0,0,,False,scattered,
heritage,24,21,0.0,0,0.0,0,0,,False,scattered,
joe,24,22,0.0,0,0.0,0,0,,False,scattered,
junk,24,24,0.0,0,0.0,0,0,,False,scattered,
kevin,24,19,0.0,0,0.0,0,0,,False,scattered,
nutrition,24,22,0.0,0,0.0,0,0,,False,scattered,
pest,24,23,0.0,0,0.0,0,0,,False,scattered,
production,24,23,0.0,0,0.0,0,0,,False,scattered,
smile,24,23,0.0,0,0.0,0,0,,False,scattered,
vision,24,22,0.0,0,0.0,0,0,,False,scattered,
charles,23,21,0.0,0,0.0,0,0,,False,scattered,
direct,23,21,0.0,0,0.0,0,0,,False,scattered,
electronics,23,21,0.0,0,0.0,0,0,,False,scattered,
freedom,23,22,0.0,0,0.0,0,0,,False,scattered,
gifts,23,20,0.0,0,0.0,0,0,,False,scattered,
healthy,23,21,0.0,0,0.0,0,0,,False,scattered,
just,23,22,0.0,0,0.0,0,0,,False,scattered,
mary,23,22,0.0,0,0.0,0,0,,False,scattered,
mini,23,22,0.0,0,0.0,0,0,,False,scattered,
shoes,23,21,0.0,0,0.0,0,0,,False,scattered,
sutton,23,11,0.0,0,0.0,0,0,,False,scattered,
bikes,22,20,0.0,0,0.0,0,0,,False,scattered,
bridge,22,19,0.0,0,0.0,0,0,,False,scattered,
brow,22,18,0.0,0,0.0,0,0,,False,scattered,
buy,22,22,0.0,0,0.0,0,0,,False,scattered,
catholic,22,17,0.0,0,0.0,0,0,,False,scattered,
connect,22,20,0.0,0,0.0,0,0,,False,scattered,
department,22,18,0.0,0,0.0,0,0,,False,scattered,
do,22,21,0.0,0,0.0,0,0,,False,scattered,
dragon,22,21,0.0,0,0.0,0,0,,False,scattered,
dream,22,20,0.0,0,0.0,0,0,,False,scattered,
level,22,19,0.0,0,0.0,0,0,,False,scattered,
light,22,21,0.0,0,0.0,0,0,,False,scattered,
manager,22,16,0.0,0,0.0,0,0,,False,scattered,
mccafe,22,22,0.0,0,0.0,0,0,,False,scattered,
sea,22,22,0.0,0,0.0,0,0,,False,scattered,
second,22,21,0.0,0,0.0,0,0,,False,scattered,
side,22,21,0.0,0,0.0,0,0,,False,scattered,
stone,22,21,0.0,0,0.0,0,0,,False,scattered,
warehouse,22,19,0.0,0,0.0,0,0,,False,scattered,
annex,21,20,0.0,0,0.0,0,0,,False,scattered,
campus,21,20,0.0,0,0.0,0,0,,False,scattered,
daniel,21,20,0.0,0,0.0,0,0,,False,scattered,
edge,21,19,0.0,0,0.0,0,0,,False,scattered,
feet,21,21,0.0,0,0.0,0,0,,False,scattered,
field,21,21,0.0,0,0.0,0,0,,False,scattered,
laboratory,21,21,0.0,0,0.0,0,0,,False,scattered,
open,21,21,0.0,0,0.0,0,0,,False,scattered,
registered,21,19,0.0,0,0.0,0,0,,False,scattered,
soul,21,21,0.0,0,0.0,0,0,,False,scattered,
wild,21,21,0.0,0,0.0,0,0,,False,scattered,
audio,20,17,0.0,0,0.0,0,0,,False,scattered,
barbers,20,20,0.0,0,0.0,0,0,,False,scattered,
book,20,19,0.0,0,0.0,0,0,,False,scattered,
dispensary,20,18,0.0,0,0.0,0,0,,False,scattered,
dry,20,18,0.0,0,0.0,0,0,,False,scattered,
farm,20,19,0.0,0,0.0,0,0,,False,scattered,
industrial,20,19,0.0,0,0.0,0,0,,False,scattered,
jj,20,19,0.0,0,0.0,0,0,,False,scattered,
li,20,15,0.0,0,0.0,0,0,,False,scattered,
lions,20,16,0.0,0,0.0,0,0,,False,scattered,
mental,20,18,0.0,0,0.0,0,0,,False,scattered,
moon,20,20,0.0,0,0.0,0,0,,False,scattered,
patisserie,20,17,0.0,0,0.0,0,0,,False,scattered,
robert,20,18,0.0,0,0.0,0,0,,False,scattered,
scott,20,14,0.0,0,0.0,0,0,,False,scattered,
shell,20,15,0.0,0,0.0,0,0,,False,scattered,
shine,20,18,0.0,0,0.0,0,0,,False,scattered,
simply,20,19,0.0,0,0.0,0,0,,False,scattered,
true,20,19,0.0,0,0.0,0,0,,False,scattered,
view,20,17,0.0,0,0.0,0,0,,False,scattered,
yu,20,18,0.0,0,0.0,0,0,,False,scattered,
account,19,14,0.0,0,0.0,0,0,,False,scattered,
arc,19,15,0.0,0,0.0,0,0,,False,scattered,
better,19,17,0.0,0,0.0,0,0,,False,scattered,
culture,19,19,0.0,0,0.0,0,0,,False,scattered,
elite,19,15,0.0,0,0.0,0,0,,False,scattered,
eyewear,19,18,0.0,0,0.0,0,0,,False,scattered,
flooring,19,19,0.0,0,0.0,0,0,,False,scattered,
gift,19,18,0.0,0,0.0,0,0,,False,scattered,
kin,19,19,0.0,0,0.0,0,0,,False,scattered,
math,19,18,0.0,0,0.0,0,0,,False,scattered,
outdoor,19,18,0.0,0,0.0,0,0,,False,scattered,
playground,19,19,0.0,0,0.0,0,0,,False,scattered,
poke,19,18,0.0,0,0.0,0,0,,False,scattered,
pool,19,18,0.0,0,0.0,0,0,,False,scattered,
recycling,19,17,0.0,0,0.0,0,0,,False,scattered,
renovation,19,17,0.0,0,0.0,0,0,,False,scattered,
richard,19,17,0.0,0,0.0,0,0,,False,scattered,
sam,19,18,0.0,0,0.0,0,0,,False,scattered,
sport,19,17,0.0,0,0.0,0,0,,False,scattered,
taste,19,15,0.0,0,0.0,0,0,,False,scattered,
two,19,16,0.0,0,0.0,0,0,,False,scattered,
america,18,18,0.0,0,0.0,0,0,,False,scattered,
anglican,18,17,0.0,0,0.0,0,0,,False,scattered,
blinds,18,18,0.0,0,0.0,0,0,,False,scattered,
board,18,18,0.0,0,0.0,0,0,,False,scattered,
cooper,18,15,0.0,0,0.0,0,0,,False,scattered,
experts,18,15,0.0,0,0.0,0,0,,False,scattered,
farmers,18,17,0.0,0,0.0,0,0,,False,scattered,
fast,18,18,0.0,0,0.0,0,0,,False,scattered,
greek,18,16,0.0,0,0.0,0,0,,False,scattered,
imaging,18,16,0.0,0,0.0,0,0,,False,scattered,
japan,18,16,0.0,0,0.0,0,0,,False,scattered,
liu,18,12,0.0,0,0.0,0,0,,False,scattered,
manor,18,17,0.0,0,0.0,0,0,,False,scattered,
motion,18,17,0.0,0,0.0,0,0,,False,scattered,
nature,18,15,0.0,0,0.0,0,0,,False,scattered,
palace,18,17,0.0,0,0.0,0,0,,False,scattered,
parlour,18,17,0.0,0,0.0,0,0,,False,scattered,
petro,18,18,0.0,0,0.0,0,0,,False,scattered,
pros,18,14,0.0,0,0.0,0,0,,False,scattered,
provincial,18,18,0.0,0,0.0,0,0,,False,scattered,
retail,18,13,0.0,0,0.0,0,0,,False,scattered,
rob,18,17,0.0,0,0.0,0,0,,False,scattered,
shack,18,17,0.0,0,0.0,0,0,,False,scattered,
taylor,18,16,0.0,0,0.0,0,0,,False,scattered,
tennis,18,18,0.0,0,0.0,0,0,,False,scattered,
toastmasters,18,16,0.0,0,0.0,0,0,,False,scattered,
touch,18,17,0.0,0,0.0,0,0,,False,scattered,
wendy,18,16,0.0,0,0.0,0,0,,False,scattered,
william,18,16,0.0,0,0.0,0,0,,False,scattered,
accessories,17,16,0.0,0,0.0,0,0,,False,scattered,
ace,17,16,0.0,0,0.0,0,0,,False,scattered,
al,17,17,0.0,0,0.0,0,0,,False,scattered,
alex,17,17,0.0,0,0.0,0,0,,False,scattered,
century,17,15,0.0,0,0.0,0,0,,False,scattered,
cruise,17,13,0.0,0,0.0,0,0,,False,scattered,
don,17,16,0.0,0,0.0,0,0,,False,scattered,
hsbc,17,16,0.0,0,0.0,0,0,,False,scattered,
internet,17,11,0.0,0,0.0,0,0,,False,scattered,
lam,17,15,0.0,0,0.0,0,0,,False,scattered,
lighting,17,16,0.0,0,0.0,0,0,,False,scattered,
lotus,17,17,0.0,0,0.0,0,0,,False,scattered,
meats,17,15,0.0,0,0.0,0,0,,False,scattered,
mechanical,17,17,0.0,0,0.0,0,0,,False,scattered,
moore,17,16,0.0,0,0.0,0,0,,False,scattered,
nest,17,16,0.0,0,0.0,0,0,,False,scattered,
party,17,17,0.0,0,0.0,0,0,,False,scattered,
sarah,17,15,0.0,0,0.0,0,0,,False,scattered,
shred,17,16,0.0,0,0.0,0,0,,False,scattered,
simon,17,16,0.0,0,0.0,0,0,,False,scattered,
tom,17,16,0.0,0,0.0,0,0,,False,scattered,
universal,17,15,0.0,0,0.0,0,0,,False,scattered,
valley,17,17,0.0,0,0.0,0,0,,False,scattered,
waffle,17,14,0.0,0,0.0,0,0,,False,scattered,
workshop,17,16,0.0,0,0.0,0,0,,False,scattered,
action,16,16,0.0,0,0.0,0,0,,False,scattered,
aid,16,16,0.0,0,0.0,0,0,,False,scattered,
bcliquor,16,16,0.0,0,0.0,0,0,,False,scattered,
casa,16,16,0.0,0,0.0,0,0,,False,scattered,
chocolates,16,16,0.0,0,0.0,0,0,,False,scattered,
evergreen,16,14,0.0,0,0.0,0,0,,False,scattered,
formerly,16,13,0.0,0,0.0,0,0,,False,scattered,
handyman,16,15,0.0,0,0.0,0,0,,False,scattered,
jeff,16,16,0.0,0,0.0,0,0,,False,scattered,
lending,16,13,0.0,0,0.0,0,0,,False,scattered,
old,16,15,0.0,0,0.0,0,0,,False,scattered,
reading,16,16,0.0,0,0.0,0,0,,False,scattered,
senior,16,14,0.0,0,0.0,0,0,,False,scattered,
table,16,16,0.0,0,0.0,0,0,,False,scattered,
tacos,16,15,0.0,0,0.0,0,0,,False,scattered,
wilson,16,15,0.0,0,0.0,0,0,,False,scattered,
wireless,16,15,0.0,0,0.0,0,0,,False,scattered,
active,15,14,0.0,0,0.0,0,0,,False,scattered,
angel,15,15,0.0,0,0.0,0,0,,False,scattered,
artisan,15,14,0.0,0,0.0,0,0,,False,scattered,
asian,15,15,0.0,0,0.0,0,0,,False,scattered,
beyond,15,14,0.0,0,0.0,0,0,,False,scattered,
chef,15,15,0.0,0,0.0,0,0,,False,scattered,
chocolate,15,14,0.0,0,0.0,0,0,,False,scattered,
discount,15,14,0.0,0,0.0,0,0,,False,scattered,
early,15,15,0.0,0,0.0,0,0,,False,scattered,
en,15,13,0.0,0,0.0,0,0,,False,scattered,
equity,15,11,0.0,0,0.0,0,0,,False,scattered,
fusion,15,14,0.0,0,0.0,0,0,,False,scattered,
goods,15,14,0.0,0,0.0,0,0,,False,scattered,
healthcare,15,15,0.0,0,0.0,0,0,,False,scattered,
horizon,15,14,0.0,0,0.0,0,0,,False,scattered,
human,15,15,0.0,0,0.0,0,0,,False,scattered,
injury,15,13,0.0,0,0.0,0,0,,False,scattered,
jason,15,12,0.0,0,0.0,0,0,,False,scattered,
jim,15,15,0.0,0,0.0,0,0,,False,scattered,
joy,15,15,0.0,0,0.0,0,0,,False,scattered,
lynn,15,15,0.0,0,0.0,0,0,,False,scattered,
make,15,15,0.0,0,0.0,0,0,,False,scattered,
martin,15,13,0.0,0,0.0,0,0,,False,scattered,
northwest,15,15,0.0,0,0.0,0,0,,False,scattered,
pre,15,13,0.0,0,0.0,0,0,,False,scattered,
prime,15,13,0.0,0,0.0,0,0,,False,scattered,
publishing,15,13,0.0,0,0.0,0,0,,False,scattered,
ristorante,15,13,0.0,0,0.0,0,0,,False,scattered,
ryan,15,14,0.0,0,0.0,0,0,,False,scattered,
shopping,15,13,0.0,0,0.0,0,0,,False,scattered,
source,15,15,0.0,0,0.0,0,0,,False,scattered,
student,15,13,0.0,0,0.0,0,0,,False,scattered,
summit,15,15,0.0,0,0.0,0,0,,False,scattered,
wash,15,15,0.0,0,0.0,0,0,,False,scattered,
around,14,14,0.0,0,0.0,0,0,,False,scattered,
baby,14,13,0.0,0,0.0,0,0,,False,scattered,
contractors,14,13,0.0,0,0.0,0,0,,False,scattered,
domino,14,14,0.0,0,0.0,0,0,,False,scattered,
eagle,14,10,0.0,0,0.0,0,0,,False,scattered,
fellowship,14,14,0.0,0,0.0,0,0,,False,scattered,
fido,14,12,0.0,0,0.0,0,0,,False,scattered,
holy,14,14,0.0,0,0.0,0,0,,False,scattered,
icbc,14,12,0.0,0,0.0,0,0,,False,scattered,
ken,14,13,0.0,0,0.0,0,0,,False,scattered,
lady,14,12,0.0,0,0.0,0,0,,False,scattered,
latin,14,13,0.0,0,0.0,0,0,,False,scattered,
lin,14,13,0.0,0,0.0,0,0,,False,scattered,
loft,14,11,0.0,0,0.0,0,0,,False,scattered,
mackenzie,14,12,0.0,0,0.0,0,0,,False,scattered,
method,14,13,0.0,0,0.0,0,0,,False,scattered,
original,14,14,0.0,0,0.0,0,0,,False,scattered,
phoenix,14,14,0.0,0,0.0,0,0,,False,scattered,
play,14,14,0.0,0,0.0,0,0,,False,scattered,
quick,14,13,0.0,0,0.0,0,0,,False,scattered,
residences,14,13,0.0,0,0.0,0,0,,False,scattered,
rice,14,14,0.0,0,0.0,0,0,,False,scattered,
richmond,14,14,0.0,0,0.0,0,0,,False,scattered,
signs,14,14,0.0,0,0.0,0,0,,False,scattered,
skincare,14,12,0.0,0,0.0,0,0,,False,scattered,
snack,14,13,0.0,0,0.0,0,0,,False,scattered,
strategy,14,13,0.0,0,0.0,0,0,,False,scattered,
take,14,13,0.0,0,0.0,0,0,,False,scattered,
tattoos,14,11,0.0,0,0.0,0,0,,False,scattered,
temple,14,13,0.0,0,0.0,0,0,,False,scattered,
trinity,14,14,0.0,0,0.0,0,0,,False,scattered,
wow,14,13,0.0,0,0.0,0,0,,False,scattered,
benjamin,13,13,0.0,0,0.0,0,0,,False,scattered,
coin,13,13,0.0,0,0.0,0,0,,False,scattered,
conditioning,13,13,0.0,0,0.0,0,0,,False,scattered,
creations,13,13,0.0,0,0.0,0,0,,False,scattered,
curry,13,12,0.0,0,0.0,0,0,,False,scattered,
decor,13,13,0.0,0,0.0,0,0,,False,scattered,
flow,13,13,0.0,0,0.0,0,0,,False,scattered,
four,13,13,0.0,0,0.0,0,0,,False,scattered,
hand,13,13,0.0,0,0.0,0,0,,False,scattered,
hockey,13,11,0.0,0,0.0,0,0,,False,scattered,
joseph,13,11,0.0,0,0.0,0,0,,False,scattered,
karate,13,13,0.0,0,0.0,0,0,,False,scattered,
kumon,13,13,0.0,0,0.0,0,0,,False,scattered,
landmark,13,12,0.0,0,0.0,0,0,,False,scattered,
laura,13,13,0.0,0,0.0,0,0,,False,scattered,
magic,13,13,0.0,0,0.0,0,0,,False,scattered,
meditation,13,13,0.0,0,0.0,0,0,,False,scattered,
michelle,13,13,0.0,0,0.0,0,0,,False,scattered,
oasis,13,12,0.0,0,0.0,0,0,,False,scattered,
opus,13,11,0.0,0,0.0,0,0,,False,scattered,
oxygen,13,13,0.0,0,0.0,0,0,,False,scattered,
painters,13,13,0.0,0,0.0,0,0,,False,scattered,
papa,13,12,0.0,0,0.0,0,0,,False,scattered,
paper,13,12,0.0,0,0.0,0,0,,False,scattered,
planet,13,12,0.0,0,0.0,0,0,,False,scattered,
policing,13,13,0.0,0,0.0,0,0,,False,scattered,
postes,13,13,0.0,0,0.0,0,0,,False,scattered,
rim,13,9,0.0,0,0.0,0,0,,False,scattered,
roof,13,13,0.0,0,0.0,0,0,,False,scattered,
safe,13,12,0.0,0,0.0,0,0,,False,scattered,
sunny,13,13,0.0,0,0.0,0,0,,False,scattered,
telus,13,12,0.0,0,0.0,0,0,,False,scattered,
toy,13,12,0.0,0,0.0,0,0,,False,scattered,
tutoring,13,12,0.0,0,0.0,0,0,,False,scattered,
vapes,13,13,0.0,0,0.0,0,0,,False,scattered,
we,13,13,0.0,0,0.0,0,0,,False,scattered,
whistler,13,12,0.0,0,0.0,0,0,,False,scattered,
yuen,13,11,0.0,0,0.0,0,0,,False,scattered,
anderson,12,11,0.0,0,0.0,0,0,,False,scattered,
assembly,12,11,0.0,0,0.0,0,0,,False,scattered,
athletic,12,11,0.0,0,0.0,0,0,,False,scattered,
authorized,12,11,0.0,0,0.0,0,0,,False,scattered,
bath,12,12,0.0,0,0.0,0,0,,False,scattered,
ben,12,12,0.0,0,0.0,0,0,,False,scattered,
bon,12,10,0.0,0,0.0,0,0,,False,scattered,
bosley,12,12,0.0,0,0.0,0,0,,False,scattered,
christopher,12,9,0.0,0,0.0,0,0,,False,scattered,
clear,12,11,0.0,0,0.0,0,0,,False,scattered,
cobs,12,9,0.0,0,0.0,0,0,,False,scattered,
crown,12,11,0.0,0,0.0,0,0,,False,scattered,
currency,12,10,0.0,0,0.0,0,0,,False,scattered,
deep,12,12,0.0,0,0.0,0,0,,False,scattered,
dollarama,12,12,0.0,0,0.0,0,0,,False,scattered,
dynamic,12,11,0.0,0,0.0,0,0,,False,scattered,
engel,12,2,0.0,0,0.0,0,0,,False,scattered,
federation,12,10,0.0,0,0.0,0,0,,False,scattered,
fix,12,12,0.0,0,0.0,0,0,,False,scattered,
flying,12,11,0.0,0,0.0,0,0,,False,scattered,
frank,12,12,0.0,0,0.0,0,0,,False,scattered,
halal,12,11,0.0,0,0.0,0,0,,False,scattered,
henry,12,12,0.0,0,0.0,0,0,,False,scattered,
ian,12,10,0.0,0,0.0,0,0,,False,scattered,
jay,12,12,0.0,0,0.0,0,0,,False,scattered,
jonathan,12,12,0.0,0,0.0,0,0,,False,scattered,
laboratories,12,12,0.0,0,0.0,0,0,,False,scattered,
leasing,12,12,0.0,0,0.0,0,0,,False,scattered,
leo,12,12,0.0,0,0.0,0,0,,False,scattered,
lessons,12,12,0.0,0,0.0,0,0,,False,scattered,
logistics,12,12,0.0,0,0.0,0,0,,False,scattered,
look,12,12,0.0,0,0.0,0,0,,False,scattered,
lu,12,9,0.0,0,0.0,0,0,,False,scattered,
maria,12,11,0.0,0,0.0,0,0,,False,scattered,
mind,12,11,0.0,0,0.0,0,0,,False,scattered,
orthodontics,12,9,0.0,0,0.0,0,0,,False,scattered,
oyster,12,11,0.0,0,0.0,0,0,,False,scattered,
panago,12,12,0.0,0,0.0,0,0,,False,scattered,
radio,12,10,0.0,0,0.0,0,0,,False,scattered,
reach,12,11,0.0,0,0.0,0,0,,False,scattered,
residential,12,10,0.0,0,0.0,0,0,,False,scattered,
right,12,11,0.0,0,0.0,0,0,,False,scattered,
salvation,12,11,0.0,0,0.0,0,0,,False,scattered,
seasons,12,12,0.0,0,0.0,0,0,,False,scattered,
spectrum,12,11,0.0,0,0.0,0,0,,False,scattered,
sterling,12,11,0.0,0,0.0,0,0,,False,scattered,
story,12,11,0.0,0,0.0,0,0,,False,scattered,
tai,12,12,0.0,0,0.0,0,0,,False,scattered,
track,12,10,0.0,0,0.0,0,0,,False,scattered,
traditional,12,11,0.0,0,0.0,0,0,,False,scattered,
treatment,12,12,0.0,0,0.0,0,0,,False,scattered,
turf,12,12,0.0,0,0.0,0,0,,False,scattered,
vip,12,12,0.0,0,0.0,0,0,,False,scattered,
volkers,12,2,0.0,0,0.0,0,0,,False,scattered,
windsor,12,11,0.0,0,0.0,0,0,,False,scattered,
work,12,11,0.0,0,0.0,0,0,,False,scattered,
accountant,11,8,0.0,0,0.0,0,0,,False,scattered,
advantage,11,10,0.0,0,0.0,0,0,,False,scattered,
allan,11,11,0.0,0,0.0,0,0,,False,scattered,
av,11,10,0.0,0,0.0,0,0,,False,scattered,
bailey,11,9,0.0,0,0.0,0,0,,False,scattered,
banana,11,11,0.0,0,0.0,0,0,,False,scattered,
bear,11,10,0.0,0,0.0,0,0,,False,scattered,
beem,11,11,0.0,0,0.0,0,0,,False,scattered,
brands,11,10,0.0,0,0.0,0,0,,False,scattered,
cfp,11,10,0.0,0,0.0,0,0,,False,scattered,
cha,11,9,0.0,0,0.0,0,0,,False,scattered,
chang,11,11,0.0,0,0.0,0,0,,False,scattered,
chocolatier,11,11,0.0,0,0.0,0,0,,False,scattered,
class,11,11,0.0,0,0.0,0,0,,False,scattered,
classic,11,10,0.0,0,0.0,0,0,,False,scattered,
days,11,10,0.0,0,0.0,0,0,,False,scattered,
dessert,11,10,0.0,0,0.0,0,0,,False,scattered,
drainage,11,11,0.0,0,0.0,0,0,,False,scattered,
drywall,11,10,0.0,0,0.0,0,0,,False,scattered,
everyday,11,10,0.0,0,0.0,0,0,,False,scattered,
expedia,11,10,0.0,0,0.0,0,0,,False,scattered,
eyecare,11,11,0.0,0,0.0,0,0,,False,scattered,
fun,11,11,0.0,0,0.0,0,0,,False,scattered,
future,11,10,0.0,0,0.0,0,0,,False,scattered,
gospel,11,10,0.0,0,0.0,0,0,,False,scattered,
graphic,11,9,0.0,0,0.0,0,0,,False,scattered,
growth,11,11,0.0,0,0.0,0,0,,False,scattered,
guard,11,11,0.0,0,0.0,0,0,,False,scattered,
guardian,11,10,0.0,0,0.0,0,0,,False,scattered,
hi,11,11,0.0,0,0.0,0,0,,False,scattered,
holidays,11,11,0.0,0,0.0,0,0,,False,scattered,
honey,11,10,0.0,0,0.0,0,0,,False,scattered,
ii,11,11,0.0,0,0.0,0,0,,False,scattered,
implant,11,11,0.0,0,0.0,0,0,,False,scattered,
infinity,11,11,0.0,0,0.0,0,0,,False,scattered,
landing,11,11,0.0,0,0.0,0,0,,False,scattered,
leadership,11,10,0.0,0,0.0,0,0,,False,scattered,
legion,11,10,0.0,0,0.0,0,0,,False,scattered,
loop,11,10,0.0,0,0.0,0,0,,False,scattered,
maid,11,10,0.0,0,0.0,0,0,,False,scattered,
masonry,11,9,0.0,0,0.0,0,0,,False,scattered,
mobility,11,11,0.0,0,0.0,0,0,,False,scattered,
nova,11,11,0.0,0,0.0,0,0,,False,scattered,
owl,11,11,0.0,0,0.0,0,0,,False,scattered,
oxford,11,11,0.0,0,0.0,0,0,,False,scattered,
paris,11,9,0.0,0,0.0,0,0,,False,scattered,
parks,11,11,0.0,0,0.0,0,0,,False,scattered,
pinnacle,11,10,0.0,0,0.0,0,0,,False,scattered,
practice,11,10,0.0,0,0.0,0,0,,False,scattered,
prep,11,9,0.0,0,0.0,0,0,,False,scattered,
protection,11,11,0.0,0,0.0,0,0,,False,scattered,
providence,11,10,0.0,0,0.0,0,0,,False,scattered,
rainbow,11,10,0.0,0,0.0,0,0,,False,scattered,
see,11,11,0.0,0,0.0,0,0,,False,scattered,
select,11,8,0.0,0,0.0,0,0,,False,scattered,
show,11,10,0.0,0,0.0,0,0,,False,scattered,
specsavers,11,11,0.0,0,0.0,0,0,,False,scattered,
staples,11,8,0.0,0,0.0,0,0,,False,scattered,
steve,11,11,0.0,0,0.0,0,0,,False,scattered,
strategies,11,11,0.0,0,0.0,0,0,,False,scattered,
sunshine,11,11,0.0,0,0.0,0,0,,False,scattered,
system,11,10,0.0,0,0.0,0,0,,False,scattered,
testing,11,11,0.0,0,0.0,0,0,,False,scattered,
tires,11,8,0.0,0,0.0,0,0,,False,scattered,
total,11,11,0.0,0,0.0,0,0,,False,scattered,
trees,11,11,0.0,0,0.0,0,0,,False,scattered,
ukrainian,11,9,0.0,0,0.0,0,0,,False,scattered,
viet,11,11,0.0,0,0.0,0,0,,False,scattered,
yang,11,9,0.0,0,0.0,0,0,,False,scattered,
am,10,10,0.0,0,0.0,0,0,,False,scattered,
bao,10,9,0.0,0,0.0,0,0,,False,scattered,
bicycle,10,10,0.0,0,0.0,0,0,,False,scattered,
cabinets,10,10,0.0,0,0.0,0,0,,False,scattered,
cactus,10,10,0.0,0,0.0,0,0,,False,scattered,
candy,10,9,0.0,0,0.0,0,0,,False,scattered,
certified,10,10,0.0,0,0.0,0,0,,False,scattered,
change,10,10,0.0,0,0.0,0,0,,False,scattered,
closet,10,9,0.0,0,0.0,0,0,,False,scattered,
coinsite,10,10,0.0,0,0.0,0,0,,False,scattered,
colombie,10,3,0.0,0,0.0,0,0,,False,scattered,
connection,10,9,0.0,0,0.0,0,0,,False,scattered,
core,10,10,0.0,0,0.0,0,0,,False,scattered,
cornerstone,10,9,0.0,0,0.0,0,0,,False,scattered,
craig,10,9,0.0,0,0.0,0,0,,False,scattered,
ctr,10,10,0.0,0,0.0,0,0,,False,scattered,
designer,10,10,0.0,0,0.0,0,0,,False,scattered,
dim,10,10,0.0,0,0.0,0,0,,False,scattered,
dogs,10,10,0.0,0,0.0,0,0,,False,scattered,
dutch,10,10,0.0,0,0.0,0,0,,False,scattered,
earth,10,10,0.0,0,0.0,0,0,,False,scattered,
electrolysis,10,9,0.0,0,0.0,0,0,,False,scattered,
element,10,10,0.0,0,0.0,0,0,,False,scattered,
emerald,10,10,0.0,0,0.0,0,0,,False,scattered,
empire,10,10,0.0,0,0.0,0,0,,False,scattered,
espresso,10,8,0.0,0,0.0,0,0,,False,scattered,
evolve,10,10,0.0,0,0.0,0,0,,False,scattered,
eyes,10,9,0.0,0,0.0,0,0,,False,scattered,
famous,10,9,0.0,0,0.0,0,0,,False,scattered,
focus,10,10,0.0,0,0.0,0,0,,False,scattered,
hardwood,10,10,0.0,0,0.0,0,0,,False,scattered,
headquarters,10,10,0.0,0,0.0,0,0,,False,scattered,
hung,10,10,0.0,0,0.0,0,0,,False,scattered,
impact,10,9,0.0,0,0.0,0,0,,False,scattered,
imperial,10,10,0.0,0,0.0,0,0,,False,scattered,
ivy,10,10,0.0,0,0.0,0,0,,False,scattered,
lower,10,10,0.0,0,0.0,0,0,,False,scattered,
mail,10,9,0.0,0,0.0,0,0,,False,scattered,
man,10,10,0.0,0,0.0,0,0,,False,scattered,
med,10,10,0.0,0,0.0,0,0,,False,scattered,
mei,10,10,0.0,0,0.0,0,0,,False,scattered,
mitchell,10,10,0.0,0,0.0,0,0,,False,scattered,
nine,10,10,0.0,0,0.0,0,0,,False,scattered,
orchid,10,9,0.0,0,0.0,0,0,,False,scattered,
parallel,10,7,0.0,0,0.0,0,0,,False,scattered,
pie,10,10,0.0,0,0.0,0,0,,False,scattered,
purdys,10,10,0.0,0,0.0,0,0,,False,scattered,
purple,10,10,0.0,0,0.0,0,0,,False,scattered,
realtors,10,8,0.0,0,0.0,0,0,,False,scattered,
recreation,10,10,0.0,0,0.0,0,0,,False,scattered,
regional,10,10,0.0,0,0.0,0,0,,False,scattered,
ross,10,10,0.0,0,0.0,0,0,,False,scattered,
running,10,10,0.0,0,0.0,0,0,,False,scattered,
sandwich,10,10,0.0,0,0.0,0,0,,False,scattered,
seed,10,10,0.0,0,0.0,0,0,,False,scattered,
shiatsu,10,8,0.0,0,0.0,0,0,,False,scattered,
slice,10,10,0.0,0,0.0,0,0,,False,scattered,
so,10,9,0.0,0,0.0,0,0,,False,scattered,
son,10,10,0.0,0,0.0,0,0,,False,scattered,
sophia,10,10,0.0,0,0.0,0,0,,False,scattered,
stage,10,9,0.0,0,0.0,0,0,,False,scattered,
stephen,10,10,0.0,0,0.0,0,0,,False,scattered,
sugar,10,10,0.0,0,0.0,0,0,,False,scattered,
tiffany,10,8,0.0,0,0.0,0,0,,False,scattered,
translations,10,9,0.0,0,0.0,0,0,,False,scattered,
trauma,10,9,0.0,0,0.0,0,0,,False,scattered,
unlimited,10,9,0.0,0,0.0,0,0,,False,scattered,
valu,10,10,0.0,0,0.0,0,0,,False,scattered,
venture,10,10,0.0,0,0.0,0,0,,False,scattered,
wind,10,10,0.0,0,0.0,0,0,,False,scattered,
about,9,9,0.0,0,0.0,0,0,,False,scattered,
adams,9,9,0.0,0,0.0,0,0,,False,scattered,
ads,9,9,0.0,0,0.0,0,0,,False,scattered,
adventure,9,8,0.0,0,0.0,0,0,,False,scattered,
african,9,9,0.0,0,0.0,0,0,,False,scattered,
alamo,9,9,0.0,0,0.0,0,0,,False,scattered,
alberta,9,9,0.0,0,0.0,0,0,,False,scattered,
angela,9,8,0.0,0,0.0,0,0,,False,scattered,
ash,9,8,0.0,0,0.0,0,0,,False,scattered,
atlas,9,9,0.0,0,0.0,0,0,,False,scattered,
benefits,9,7,0.0,0,0.0,0,0,,False,scattered,
britannique,9,2,0.0,0,0.0,0,0,,False,scattered,
browns,9,9,0.0,0,0.0,0,0,,False,scattered,
bruce,9,9,0.0,0,0.0,0,0,,False,scattered,
budget,9,9,0.0,0,0.0,0,0,,False,scattered,
cars,9,9,0.0,0,0.0,0,0,,False,scattered,
cheese,9,7,0.0,0,0.0,0,0,,False,scattered,
chill,9,7,0.0,0,0.0,0,0,,False,scattered,
choir,9,6,0.0,0,0.0,0,0,,False,scattered,
coffees,9,9,0.0,0,0.0,0,0,,False,scattered,
colin,9,8,0.0,0,0.0,0,0,,False,scattered,
collins,9,7,0.0,0,0.0,0,0,,False,scattered,
countertops,9,9,0.0,0,0.0,0,0,,False,scattered,
crossroads,9,8,0.0,0,0.0,0,0,,False,scattered,
divine,9,9,0.0,0,0.0,0,0,,False,scattered,
dolce,9,9,0.0,0,0.0,0,0,,False,scattered,
duncan,9,7,0.0,0,0.0,0,0,,False,scattered,
educational,9,9,0.0,0,0.0,0,0,,False,scattered,
exotic,9,9,0.0,0,0.0,0,0,,False,scattered,
exp,9,2,0.0,0,0.0,0,0,,False,scattered,
finishing,9,9,0.0,0,0.0,0,0,,False,scattered,
fortune,9,8,0.0,0,0.0,0,0,,False,scattered,
freshii,9,9,0.0,0,0.0,0,0,,False,scattered,
furnishings,9,9,0.0,0,0.0,0,0,,False,scattered,
fyidoctors,9,8,0.0,0,0.0,0,0,,False,scattered,
gem,9,9,0.0,0,0.0,0,0,,False,scattered,
get,9,9,0.0,0,0.0,0,0,,False,scattered,
hello,9,9,0.0,0,0.0,0,0,,False,scattered,
here,9,9,0.0,0,0.0,0,0,,False,scattered,
hope,9,9,0.0,0,0.0,0,0,,False,scattered,
imagine,9,8,0.0,0,0.0,0,0,,False,scattered,
initiative,9,8,0.0,0,0.0,0,0,,False,scattered,
instacoin,9,9,0.0,0,0.0,0,0,,False,scattered,
jacob,9,8,0.0,0,0.0,0,0,,False,scattered,
kingdom,9,9,0.0,0,0.0,0,0,,False,scattered,
kong,9,8,0.0,0,0.0,0,0,,False,scattered,
laundromat,9,9,0.0,0,0.0,0,0,,False,scattered,
league,9,9,0.0,0,0.0,0,0,,False,scattered,
low,9,9,0.0,0,0.0,0,0,,False,scattered,
mansion,9,9,0.0,0,0.0,0,0,,False,scattered,
metropolitan,9,9,0.0,0,0.0,0,0,,False,scattered,
minds,9,9,0.0,0,0.0,0,0,,False,scattered,
minuteman,9,9,0.0,0,0.0,0,0,,False,scattered,
net,9,9,0.0,0,0.0,0,0,,False,scattered,
optimum,9,9,0.0,0,0.0,0,0,,False,scattered,
pc,9,9,0.0,0,0.0,0,0,,False,scattered,
permanent,9,9,0.0,0,0.0,0,0,,False,scattered,
platinum,9,8,0.0,0,0.0,0,0,,False,scattered,
po,9,8,0.0,0,0.0,0,0,,False,scattered,
police,9,7,0.0,0,0.0,0,0,,False,scattered,
port,9,6,0.0,0,0.0,0,0,,False,scattered,
presentation,9,8,0.0,0,0.0,0,0,,False,scattered,
prints,9,8,0.0,0,0.0,0,0,,False,scattered,
remodeling,9,6,0.0,0,0.0,0,0,,False,scattered,
resume,9,9,0.0,0,0.0,0,0,,False,scattered,
rides,9,9,0.0,0,0.0,0,0,,False,scattered,
sean,9,8,0.0,0,0.0,0,0,,False,scattered,
snow,9,9,0.0,0,0.0,0,0,,False,scattered,
spaces,9,8,0.0,0,0.0,0,0,,False,scattered,
stephanie,9,9,0.0,0,0.0,0,0,,False,scattered,
stock,9,9,0.0,0,0.0,0,0,,False,scattered,
stuart,9,9,0.0,0,0.0,0,0,,False,scattered,
sum,9,9,0.0,0,0.0,0,0,,False,scattered,
surgical,9,7,0.0,0,0.0,0,0,,False,scattered,
tacofino,9,9,0.0,0,0.0,0,0,,False,scattered,
taiwan,9,9,0.0,0,0.0,0,0,,False,scattered,
therapeutic,9,9,0.0,0,0.0,0,0,,False,scattered,
third,9,9,0.0,0,0.0,0,0,,False,scattered,
thrive,9,8,0.0,0,0.0,0,0,,False,scattered,
tina,9,9,0.0,0,0.0,0,0,,False,scattered,
vera,9,9,0.0,0,0.0,0,0,,False,scattered,
walking,9,8,0.0,0,0.0,0,0,,False,scattered,
weed,9,7,0.0,0,0.0,0,0,,False,scattered,
wise,9,8,0.0,0,0.0,0,0,,False,scattered,
wolf,9,9,0.0,0,0.0,0,0,,False,scattered,
yan,9,9,0.0,0,0.0,0,0,,False,scattered,
yummy,9,8,0.0,0,0.0,0,0,,False,scattered,
zhang,9,9,0.0,0,0.0,0,0,,False,scattered,
aaron,8,7,0.0,0,0.0,0,0,,False,scattered,
adam,8,8,0.0,0,0.0,0,0,,False,scattered,
adult,8,8,0.0,0,0.0,0,0,,False,scattered,
ali,8,8,0.0,0,0.0,0,0,,False,scattered,
alpine,8,8,0.0,0,0.0,0,0,,False,scattered,
amanda,8,8,0.0,0,0.0,0,0,,False,scattered,
amy,8,7,0.0,0,0.0,0,0,,False,scattered,
antique,8,8,0.0,0,0.0,0,0,,False,scattered,
apex,8,8,0.0,0,0.0,0,0,,False,scattered,
apple,8,8,0.0,0,0.0,0,0,,False,scattered,
aqua,8,8,0.0,0,0.0,0,0,,False,scattered,
aritzia,8,8,0.0,0,0.0,0,0,,False,scattered,
ark,8,7,0.0,0,0.0,0,0,,False,scattered,
arthur,8,8,0.0,0,0.0,0,0,,False,scattered,
assoc,8,8,0.0,0,0.0,0,0,,False,scattered,
aurora,8,8,0.0,0,0.0,0,0,,False,scattered,
automation,8,8,0.0,0,0.0,0,0,,False,scattered,
basic,8,8,0.0,0,0.0,0,0,,False,scattered,
beef,8,8,0.0,0,0.0,0,0,,False,scattered,
bento,8,8,0.0,0,0.0,0,0,,False,scattered,
biomedical,8,8,0.0,0,0.0,0,0,,False,scattered,
bird,8,7,0.0,0,0.0,0,0,,False,scattered,
blake,8,7,0.0,0,0.0,0,0,,False,scattered,
brake,8,8,0.0,0,0.0,0,0,,False,scattered,
campbell,8,8,0.0,0,0.0,0,0,,False,scattered,
canucks,8,6,0.0,0,0.0,0,0,,False,scattered,
chai,8,7,0.0,0,0.0,0,0,,False,scattered,
choi,8,8,0.0,0,0.0,0,0,,False,scattered,
chun,8,8,0.0,0,0.0,0,0,,False,scattered,
concept,8,7,0.0,0,0.0,0,0,,False,scattered,
connie,8,8,0.0,0,0.0,0,0,,False,scattered,
contemporary,8,8,0.0,0,0.0,0,0,,False,scattered,
dark,8,8,0.0,0,0.0,0,0,,False,scattered,
dds,8,8,0.0,0,0.0,0,0,,False,scattered,
dermatology,8,5,0.0,0,0.0,0,0,,False,scattered,
division,8,8,0.0,0,0.0,0,0,,False,scattered,
dude,8,8,0.0,0,0.0,0,0,,False,scattered,
echo,8,8,0.0,0,0.0,0,0,,False,scattered,
elephant,8,8,0.0,0,0.0,0,0,,False,scattered,
engineers,8,8,0.0,0,0.0,0,0,,False,scattered,
essential,8,8,0.0,0,0.0,0,0,,False,scattered,
etc,8,7,0.0,0,0.0,0,0,,False,scattered,
evans,8,8,0.0,0,0.0,0,0,,False,scattered,
fear,8,8,0.0,0,0.0,0,0,,False,scattered,
foam,8,7,0.0,0,0.0,0,0,,False,scattered,
fountain,8,8,0.0,0,0.0,0,0,,False,scattered,
frame,8,8,0.0,0,0.0,0,0,,False,scattered,
funeral,8,8,0.0,0,0.0,0,0,,False,scattered,
german,8,8,0.0,0,0.0,0,0,,False,scattered,
giant,8,8,0.0,0,0.0,0,0,,False,scattered,
gutter,8,8,0.0,0,0.0,0,0,,False,scattered,
guy,8,8,0.0,0,0.0,0,0,,False,scattered,
gymnastics,8,7,0.0,0,0.0,0,0,,False,scattered,
harmony,8,8,0.0,0,0.0,0,0,,False,scattered,
husky,8,7,0.0,0,0.0,0,0,,False,scattered,
hygiene,8,8,0.0,0,0.0,0,0,,False,scattered,
hypnosis,8,8,0.0,0,0.0,0,0,,False,scattered,
icon,8,7,0.0,0,0.0,0,0,,False,scattered,
insurebc,8,7,0.0,0,0.0,0,0,,False,scattered,
jean,8,8,0.0,0,0.0,0,0,,False,scattered,
jobs,8,7,0.0,0,0.0,0,0,,False,scattered,
kam,8,8,0.0,0,0.0,0,0,,False,scattered,
landscapes,8,8,0.0,0,0.0,0,0,,False,scattered,
leung,8,7,0.0,0,0.0,0,0,,False,scattered,
liang,8,8,0.0,0,0.0,0,0,,False,scattered,
lift,8,7,0.0,0,0.0,0,0,,False,scattered,
lily,8,8,0.0,0,0.0,0,0,,False,scattered,
lines,8,8,0.0,0,0.0,0,0,,False,scattered,
lingerie,8,8,0.0,0,0.0,0,0,,False,scattered,
link,8,8,0.0,0,0.0,0,0,,False,scattered,
lloyd,8,7,0.0,0,0.0,0,0,,False,scattered,
lost,8,7,0.0,0,0.0,0,0,,False,scattered,
lube,8,7,0.0,0,0.0,0,0,,False,scattered,
mandarin,8,6,0.0,0,0.0,0,0,,False,scattered,
marble,8,7,0.0,0,0.0,0,0,,False,scattered,
marketplace,8,8,0.0,0,0.0,0,0,,False,scattered,
mia,8,8,0.0,0,0.0,0,0,,False,scattered,
minute,8,8,0.0,0,0.0,0,0,,False,scattered,
monkey,8,8,0.0,0,0.0,0,0,,False,scattered,
not,8,8,0.0,0,0.0,0,0,,False,scattered,
paragon,8,8,0.0,0,0.0,0,0,,False,scattered,
perfect,8,7,0.0,0,0.0,0,0,,False,scattered,
pharmachoice,8,8,0.0,0,0.0,0,0,,False,scattered,
pick,8,6,0.0,0,0.0,0,0,,False,scattered,
prestige,8,8,0.0,0,0.0,0,0,,False,scattered,
quiznos,8,8,0.0,0,0.0,0,0,,False,scattered,
recruiters,8,6,0.0,0,0.0,0,0,,False,scattered,
rexall,8,8,0.0,0,0.0,0,0,,False,scattered,
roots,8,8,0.0,0,0.0,0,0,,False,scattered,
russell,8,8,0.0,0,0.0,0,0,,False,scattered,
sacred,8,8,0.0,0,0.0,0,0,,False,scattered,
safety,8,8,0.0,0,0.0,0,0,,False,scattered,
sale,8,8,0.0,0,0.0,0,0,,False,scattered,
sara,8,8,0.0,0,0.0,0,0,,False,scattered,
scout,8,7,0.0,0,0.0,0,0,,False,scattered,
scrap,8,7,0.0,0,0.0,0,0,,False,scattered,
secret,8,8,0.0,0,0.0,0,0,,False,scattered,
shanghai,8,8,0.0,0,0.0,0,0,,False,scattered,
signature,8,7,0.0,0,0.0,0,0,,False,scattered,
simple,8,8,0.0,0,0.0,0,0,,False,scattered,
specialty,8,8,0.0,0,0.0,0,0,,False,scattered,
spring,8,8,0.0,0,0.0,0,0,,False,scattered,
stay,8,7,0.0,0,0.0,0,0,,False,scattered,
steak,8,7,0.0,0,0.0,0,0,,False,scattered,
steam,8,7,0.0,0,0.0,0,0,,False,scattered,
strong,8,6,0.0,0,0.0,0,0,,False,scattered,
stylist,8,8,0.0,0,0.0,0,0,,False,scattered,
sub,8,8,0.0,0,0.0,0,0,,False,scattered,
susan,8,7,0.0,0,0.0,0,0,,False,scattered,
sussex,8,8,0.0,0,0.0,0,0,,False,scattered,
swim,8,7,0.0,0,0.0,0,0,,False,scattered,
tailors,8,6,0.0,0,0.0,0,0,,False,scattered,
tang,8,7,0.0,0,0.0,0,0,,False,scattered,
taverna,8,7,0.0,0,0.0,0,0,,False,scattered,
ten,8,8,0.0,0,0.0,0,0,,False,scattered,
tri,8,8,0.0,0,0.0,0,0,,False,scattered,
uncle,8,8,0.0,0,0.0,0,0,,False,scattered,
value,8,8,0.0,0,0.0,0,0,,False,scattered,
win,8,8,0.0,0,0.0,0,0,,False,scattered,
workers,8,8,0.0,0,0.0,0,0,,False,scattered,
ya,8,8,0.0,0,0.0,0,0,,False,scattered,
yip,8,6,0.0,0,0.0,0,0,,False,scattered,
zone,8,7,0.0,0,0.0,0,0,,False,scattered,
affordable,7,7,0.0,0,0.0,0,0,,False,scattered,
agents,7,7,0.0,0,0.0,0,0,,False,scattered,
aging,7,7,0.0,0,0.0,0,0,,False,scattered,
alexandra,7,7,0.0,0,0.0,0,0,,False,scattered,
alive,7,7,0.0,0,0.0,0,0,,False,scattered,
alta,7,7,0.0,0,0.0,0,0,,False,scattered,
angus,7,7,0.0,0,0.0,0,0,,False,scattered,
ann,7,7,0.0,0,0.0,0,0,,False,scattered,
anna,7,7,0.0,0,0.0,0,0,,False,scattered,
arch,7,7,0.0,0,0.0,0,0,,False,scattered,
architectural,7,7,0.0,0,0.0,0,0,,False,scattered,
artificial,7,7,0.0,0,0.0,0,0,,False,scattered,
artigiano,7,6,0.0,0,0.0,0,0,,False,scattered,
bakeshop,7,7,0.0,0,0.0,0,0,,False,scattered,
barry,7,7,0.0,0,0.0,0,0,,False,scattered,
base,7,7,0.0,0,0.0,0,0,,False,scattered,
bathroom,7,7,0.0,0,0.0,0,0,,False,scattered,
beijing,7,7,0.0,0,0.0,0,0,,False,scattered,
birth,7,6,0.0,0,0.0,0,0,,False,scattered,
bliss,7,6,0.0,0,0.0,0,0,,False,scattered,
bookstore,7,7,0.0,0,0.0,0,0,,False,scattered,
bowling,7,7,0.0,0,0.0,0,0,,False,scattered,
breka,7,7,0.0,0,0.0,0,0,,False,scattered,
brooklyn,7,7,0.0,0,0.0,0,0,,False,scattered,
butter,7,7,0.0,0,0.0,0,0,,False,scattered,
cakes,7,7,0.0,0,0.0,0,0,,False,scattered,
call,7,7,0.0,0,0.0,0,0,,False,scattered,
careers,7,6,0.0,0,0.0,0,0,,False,scattered,
carter,7,7,0.0,0,0.0,0,0,,False,scattered,
cathedral,7,4,0.0,0,0.0,0,0,,False,scattered,
cellular,7,7,0.0,0,0.0,0,0,,False,scattered,
centers,7,7,0.0,0,0.0,0,0,,False,scattered,
cheung,7,7,0.0,0,0.0,0,0,,False,scattered,
chong,7,7,0.0,0,0.0,0,0,,False,scattered,
christina,7,6,0.0,0,0.0,0,0,,False,scattered,
christine,7,6,0.0,0,0.0,0,0,,False,scattered,
cindy,7,7,0.0,0,0.0,0,0,,False,scattered,
cineplex,7,7,0.0,0,0.0,0,0,,False,scattered,
claire,7,7,0.0,0,0.0,0,0,,False,scattered,
coalition,7,7,0.0,0,0.0,0,0,,False,scattered,
coco,7,7,0.0,0,0.0,0,0,,False,scattered,
coinflip,7,7,0.0,0,0.0,0,0,,False,scattered,
condo,7,6,0.0,0,0.0,0,0,,False,scattered,
conference,7,5,0.0,0,0.0,0,0,,False,scattered,
consignment,7,7,0.0,0,0.0,0,0,,False,scattered,
contact,7,6,0.0,0,0.0,0,0,,False,scattered,
creamery,7,6,0.0,0,0.0,0,0,,False,scattered,
davidson,7,7,0.0,0,0.0,0,0,,False,scattered,
delight,7,7,0.0,0,0.0,0,0,,False,scattered,
den,7,7,0.0,0,0.0,0,0,,False,scattered,
derek,7,7,0.0,0,0.0,0,0,,False,scattered,
dexter,7,4,0.0,0,0.0,0,0,,False,scattered,
diner,7,6,0.0,0,0.0,0,0,,False,scattered,
earls,7,7,0.0,0,0.0,0,0,,False,scattered,
easypark,7,7,0.0,0,0.0,0,0,,False,scattered,
elysian,7,7,0.0,0,0.0,0,0,,False,scattered,
empower,7,6,0.0,0,0.0,0,0,,False,scattered,
estates,7,7,0.0,0,0.0,0,0,,False,scattered,
excel,7,7,0.0,0,0.0,0,0,,False,scattered,
exposure,7,7,0.0,0,0.0,0,0,,False,scattered,
fan,7,7,0.0,0,0.0,0,0,,False,scattered,
farms,7,7,0.0,0,0.0,0,0,,False,scattered,
fedex,7,7,0.0,0,0.0,0,0,,False,scattered,
fong,7,6,0.0,0,0.0,0,0,,False,scattered,
forward,7,7,0.0,0,0.0,0,0,,False,scattered,
francophone,7,3,0.0,0,0.0,0,0,,False,scattered,
fund,7,7,0.0,0,0.0,0,0,,False,scattered,
generation,7,7,0.0,0,0.0,0,0,,False,scattered,
genesis,7,7,0.0,0,0.0,0,0,,False,scattered,
gill,7,7,0.0,0,0.0,0,0,,False,scattered,
girl,7,7,0.0,0,0.0,0,0,,False,scattered,
god,7,6,0.0,0,0.0,0,0,,False,scattered,
got,7,6,0.0,0,0.0,0,0,,False,scattered,
gregory,7,7,0.0,0,0.0,0,0,,False,scattered,
guide,7,7,0.0,0,0.0,0,0,,False,scattered,
guitars,7,7,0.0,0,0.0,0,0,,False,scattered,
gutters,7,7,0.0,0,0.0,0,0,,False,scattered,
harry,7,7,0.0,0,0.0,0,0,,False,scattered,
hat,7,6,0.0,0,0.0,0,0,,False,scattered,
headshots,7,7,0.0,0,0.0,0,0,,False,scattered,
hearts,7,7,0.0,0,0.0,0,0,,False,scattered,
heidi,7,7,0.0,0,0.0,0,0,,False,scattered,
helping,7,7,0.0,0,0.0,0,0,,False,scattered,
herbal,7,5,0.0,0,0.0,0,0,,False,scattered,
herbs,7,6,0.0,0,0.0,0,0,,False,scattered,
hertz,7,7,0.0,0,0.0,0,0,,False,scattered,
homestay,7,7,0.0,0,0.0,0,0,,False,scattered,
hu,7,7,0.0,0,0.0,0,0,,False,scattered,
hunter,7,7,0.0,0,0.0,0,0,,False,scattered,
insight,7,7,0.0,0,0.0,0,0,,False,scattered,
jade,7,7,0.0,0,0.0,0,0,,False,scattered,
jazz,7,6,0.0,0,0.0,0,0,,False,scattered,
jin,7,6,0.0,0,0.0,0,0,,False,scattered,
jitsu,7,7,0.0,0,0.0,0,0,,False,scattered,
jiu,7,7,0.0,0,0.0,0,0,,False,scattered,
johnston,7,7,0.0,0,0.0,0,0,,False,scattered,
jose,7,7,0.0,0,0.0,0,0,,False,scattered,
journeys,7,6,0.0,0,0.0,0,0,,False,scattered,
karma,7,7,0.0,0,0.0,0,0,,False,scattered,
kenneth,7,7,0.0,0,0.0,0,0,,False,scattered,
kerr,7,7,0.0,0,0.0,0,0,,False,scattered,
kfc,7,7,0.0,0,0.0,0,0,,False,scattered,
kings,7,7,0.0,0,0.0,0,0,,False,scattered,
kyle,7,6,0.0,0,0.0,0,0,,False,scattered,
lagree,7,7,0.0,0,0.0,0,0,,False,scattered,
leah,7,7,0.0,0,0.0,0,0,,False,scattered,
like,7,7,0.0,0,0.0,0,0,,False,scattered,
liquid,7,7,0.0,0,0.0,0,0,,False,scattered,
lisa,7,7,0.0,0,0.0,0,0,,False,scattered,
lo,7,7,0.0,0,0.0,0,0,,False,scattered,
marco,7,7,0.0,0,0.0,0,0,,False,scattered,
matrix,7,6,0.0,0,0.0,0,0,,False,scattered,
maureen,7,7,0.0,0,0.0,0,0,,False,scattered,
meet,7,7,0.0,0,0.0,0,0,,False,scattered,
mennonite,7,6,0.0,0,0.0,0,0,,False,scattered,
meridian,7,7,0.0,0,0.0,0,0,,False,scattered,
models,7,6,0.0,0,0.0,0,0,,False,scattered,
mom,7,7,0.0,0,0.0,0,0,,False,scattered,
momentum,7,7,0.0,0,0.0,0,0,,False,scattered,
nat,7,5,0.0,0,0.0,0,0,,False,scattered,
nicole,7,7,0.0,0,0.0,0,0,,False,scattered,
noodles,7,6,0.0,0,0.0,0,0,,False,scattered,
ok,7,7,0.0,0,0.0,0,0,,False,scattered,
orthodox,7,7,0.0,0,0.0,0,0,,False,scattered,
outfitters,7,6,0.0,0,0.0,0,0,,False,scattered,
outreach,7,6,0.0,0,0.0,0,0,,False,scattered,
own,7,7,0.0,0,0.0,0,0,,False,scattered,
pallet,7,7,0.0,0,0.0,0,0,,False,scattered,
panda,7,7,0.0,0,0.0,0,0,,False,scattered,
patio,7,6,0.0,0,0.0,0,0,,False,scattered,
performing,7,7,0.0,0,0.0,0,0,,False,scattered,
personnel,7,7,0.0,0,0.0,0,0,,False,scattered,
pete,7,7,0.0,0,0.0,0,0,,False,scattered,
petit,7,7,0.0,0,0.0,0,0,,False,scattered,
pets,7,7,0.0,0,0.0,0,0,,False,scattered,
piercing,7,6,0.0,0,0.0,0,0,,False,scattered,
platform,7,7,0.0,0,0.0,0,0,,False,scattered,
playhouse,7,7,0.0,0,0.0,0,0,,False,scattered,
portal,7,7,0.0,0,0.0,0,0,,False,scattered,
postal,7,7,0.0,0,0.0,0,0,,False,scattered,
pot,7,6,0.0,0,0.0,0,0,,False,scattered,
presale,7,6,0.0,0,0.0,0,0,,False,scattered,
provence,7,7,0.0,0,0.0,0,0,,False,scattered,
provisions,7,7,0.0,0,0.0,0,0,,False,scattered,
pulse,7,6,0.0,0,0.0,0,0,,False,scattered,
radiant,7,7,0.0,0,0.0,0,0,,False,scattered,
rcc,7,4,0.0,0,0.0,0,0,,False,scattered,
refrigeration,7,7,0.0,0,0.0,0,0,,False,scattered,
relief,7,7,0.0,0,0.0,0,0,,False,scattered,
resale,7,7,0.0,0,0.0,0,0,,False,scattered,
resort,7,7,0.0,0,0.0,0,0,,False,scattered,
retirement,7,7,0.0,0,0.0,0,0,,False,scattered,
revolution,7,7,0.0,0,0.0,0,0,,False,scattered,
roberts,7,6,0.0,0,0.0,0,0,,False,scattered,
russian,7,6,0.0,0,0.0,0,0,,False,scattered,
santa,7,7,0.0,0,0.0,0,0,,False,scattered,
sewing,7,7,0.0,0,0.0,0,0,,False,scattered,
ship,7,7,0.0,0,0.0,0,0,,False,scattered,
site,7,7,0.0,0,0.0,0,0,,False,scattered,
solo,7,5,0.0,0,0.0,0,0,,False,scattered,
speedy,7,7,0.0,0,0.0,0,0,,False,scattered,
squamish,7,7,0.0,0,0.0,0,0,,False,scattered,
structural,7,7,0.0,0,0.0,0,0,,False,scattered,
supreme,7,7,0.0,0,0.0,0,0,,False,scattered,
swift,7,7,0.0,0,0.0,0,0,,False,scattered,
that,7,7,0.0,0,0.0,0,0,,False,scattered,
toys,7,6,0.0,0,0.0,0,0,,False,scattered,
trans,7,7,0.0,0,0.0,0,0,,False,scattered,
treasures,7,7,0.0,0,0.0,0,0,,False,scattered,
ultimate,7,7,0.0,0,0.0,0,0,,False,scattered,
ultrasound,7,6,0.0,0,0.0,0,0,,False,scattered,
urgent,7,7,0.0,0,0.0,0,0,,False,scattered,
vital,7,6,0.0,0,0.0,0,0,,False,scattered,
warren,7,7,0.0,0,0.0,0,0,,False,scattered,
will,7,7,0.0,0,0.0,0,0,,False,scattered,
yard,7,7,0.0,0,0.0,0,0,,False,scattered,
yellow,7,7,0.0,0,0.0,0,0,,False,scattered,
ywca,7,6,0.0,0,0.0,0,0,,False,scattered,
age,6,6,0.0,0,0.0,0,0,,False,scattered,
alair,6,6,0.0,0,0.0,0,0,,False,scattered,
allen,6,6,0.0,0,0.0,0,0,,False,scattered,
anchor,6,6,0.0,0,0.0,0,0,,False,scattered,
angelo,6,6,0.0,0,0.0,0,0,,False,scattered,
au,6,6,0.0,0,0.0,0,0,,False,scattered,
avalon,6,5,0.0,0,0.0,0,0,,False,scattered,
avery,6,6,0.0,0,0.0,0,0,,False,scattered,
barbara,6,6,0.0,0,0.0,0,0,,False,scattered,
bare,6,6,0.0,0,0.0,0,0,,False,scattered,
basement,6,6,0.0,0,0.0,0,0,,False,scattered,
battery,6,5,0.0,0,0.0,0,0,,False,scattered,
beautique,6,6,0.0,0,0.0,0,0,,False,scattered,
beaver,6,5,0.0,0,0.0,0,0,,False,scattered,
belmont,6,4,0.0,0,0.0,0,0,,False,scattered,
benz,6,2,0.0,0,0.0,0,0,,False,scattered,
blackbird,6,6,0.0,0,0.0,0,0,,False,scattered,
blink,6,6,0.0,0,0.0,0,0,,False,scattered,
blood,6,5,0.0,0,0.0,0,0,,False,scattered,
blues,6,6,0.0,0,0.0,0,0,,False,scattered,
bones,6,6,0.0,0,0.0,0,0,,False,scattered,
boots,6,6,0.0,0,0.0,0,0,,False,scattered,
border,6,6,0.0,0,0.0,0,0,,False,scattered,
boy,6,6,0.0,0,0.0,0,0,,False,scattered,
boys,6,6,0.0,0,0.0,0,0,,False,scattered,
butcher,6,6,0.0,0,0.0,0,0,,False,scattered,
card,6,5,0.0,0,0.0,0,0,,False,scattered,
castle,6,6,0.0,0,0.0,0,0,,False,scattered,
catalyst,6,6,0.0,0,0.0,0,0,,False,scattered,
cave,6,5,0.0,0,0.0,0,0,,False,scattered,
cefa,6,5,0.0,0,0.0,0,0,,False,scattered,
chatime,6,6,0.0,0,0.0,0,0,,False,scattered,
chatr,6,6,0.0,0,0.0,0,0,,False,scattered,
chau,6,5,0.0,0,0.0,0,0,,False,scattered,
chimney,6,5,0.0,0,0.0,0,0,,False,scattered,
choices,6,6,0.0,0,0.0,0,0,,False,scattered,
chung,6,6,0.0,0,0.0,0,0,,False,scattered,
cim,6,6,0.0,0,0.0,0,0,,False,scattered,
click,6,5,0.0,0,0.0,0,0,,False,scattered,
code,6,5,0.0,0,0.0,0,0,,False,scattered,
compass,6,6,0.0,0,0.0,0,0,,False,scattered,
concert,6,5,0.0,0,0.0,0,0,,False,scattered,
continental,6,6,0.0,0,0.0,0,0,,False,scattered,
cool,6,5,0.0,0,0.0,0,0,,False,scattered,
courtney,6,5,0.0,0,0.0,0,0,,False,scattered,
craftsman,6,6,0.0,0,0.0,0,0,,False,scattered,
crew,6,6,0.0,0,0.0,0,0,,False,scattered,
cuts,6,6,0.0,0,0.0,0,0,,False,scattered,
da,6,5,0.0,0,0.0,0,0,,False,scattered,
dc,6,6,0.0,0,0.0,0,0,,False,scattered,
dean,6,5,0.0,0,0.0,0,0,,False,scattered,
delicatessen,6,6,0.0,0,0.0,0,0,,False,scattered,
delicious,6,6,0.0,0,0.0,0,0,,False,scattered,
designers,6,6,0.0,0,0.0,0,0,,False,scattered,
di,6,6,0.0,0,0.0,0,0,,False,scattered,
display,6,6,0.0,0,0.0,0,0,,False,scattered,
divorce,6,5,0.0,0,0.0,0,0,,False,scattered,
donald,6,6,0.0,0,0.0,0,0,,False,scattered,
down,6,6,0.0,0,0.0,0,0,,False,scattered,
eastern,6,6,0.0,0,0.0,0,0,,False,scattered,
eastvan,6,5,0.0,0,0.0,0,0,,False,scattered,
eco,6,6,0.0,0,0.0,0,0,,False,scattered,
ellis,6,6,0.0,0,0.0,0,0,,False,scattered,
em,6,6,0.0,0,0.0,0,0,,False,scattered,
et,6,6,0.0,0,0.0,0,0,,False,scattered,
excellence,6,6,0.0,0,0.0,0,0,,False,scattered,
fare,6,5,0.0,0,0.0,0,0,,False,scattered,
fat,6,6,0.0,0,0.0,0,0,,False,scattered,
feast,6,6,0.0,0,0.0,0,0,,False,scattered,
fisheries,6,5,0.0,0,0.0,0,0,,False,scattered,
fly,6,6,0.0,0,0.0,0,0,,False,scattered,
foreign,6,6,0.0,0,0.0,0,0,,False,scattered,
frames,6,6,0.0,0,0.0,0,0,,False,scattered,
friends,6,6,0.0,0,0.0,0,0,,False,scattered,
function,6,6,0.0,0,0.0,0,0,,False,scattered,
gina,6,6,0.0,0,0.0,0,0,,False,scattered,
girls,6,6,0.0,0,0.0,0,0,,False,scattered,
guru,6,6,0.0,0,0.0,0,0,,False,scattered,
hands,6,6,0.0,0,0.0,0,0,,False,scattered,
hoa,6,5,0.0,0,0.0,0,0,,False,scattered,
homecare,6,5,0.0,0,0.0,0,0,,False,scattered,
hypnotherapy,6,6,0.0,0,0.0,0,0,,False,scattered,
il,6,6,0.0,0,0.0,0,0,,False,scattered,
improvement,6,6,0.0,0,0.0,0,0,,False,scattered,
info,6,5,0.0,0,0.0,0,0,,False,scattered,
inspection,6,6,0.0,0,0.0,0,0,,False,scattered,
instant,6,6,0.0,0,0.0,0,0,,False,scattered,
integration,6,6,0.0,0,0.0,0,0,,False,scattered,
investigations,6,4,0.0,0,0.0,0,0,,False,scattered,
iris,6,6,0.0,0,0.0,0,0,,False,scattered,
janitorial,6,6,0.0,0,0.0,0,0,,False,scattered,
jude,6,5,0.0,0,0.0,0,0,,False,scattered,
junior,6,6,0.0,0,0.0,0,0,,False,scattered,
kay,6,5,0.0,0,0.0,0,0,,False,scattered,
kebab,6,6,0.0,0,0.0,0,0,,False,scattered,
kent,6,6,0.0,0,0.0,0,0,,False,scattered,
kitchens,6,6,0.0,0,0.0,0,0,,False,scattered,
kokoro,6,6,0.0,0,0.0,0,0,,False,scattered,
kwan,6,6,0.0,0,0.0,0,0,,False,scattered,
laptop,6,6,0.0,0,0.0,0,0,,False,scattered,
latina,6,6,0.0,0,0.0,0,0,,False,scattered,
lens,6,5,0.0,0,0.0,0,0,,False,scattered,
lighthouse,6,6,0.0,0,0.0,0,0,,False,scattered,
lights,6,6,0.0,0,0.0,0,0,,False,scattered,
lime,6,5,0.0,0,0.0,0,0,,False,scattered,
lindsay,6,6,0.0,0,0.0,0,0,,False,scattered,
ling,6,6,0.0,0,0.0,0,0,,False,scattered,
loan,6,6,0.0,0,0.0,0,0,,False,scattered,
lock,6,5,0.0,0,0.0,0,0,,False,scattered,
logic,6,6,0.0,0,0.0,0,0,,False,scattered,
lori,6,6,0.0,0,0.0,0,0,,False,scattered,
lucy,6,6,0.0,0,0.0,0,0,,False,scattered,
lunch,6,6,0.0,0,0.0,0,0,,False,scattered,
maids,6,6,0.0,0,0.0,0,0,,False,scattered,
matthew,6,6,0.0,0,0.0,0,0,,False,scattered,
maxim,6,6,0.0,0,0.0,0,0,,False,scattered,
meal,6,6,0.0,0,0.0,0,0,,False,scattered,
mediation,6,6,0.0,0,0.0,0,0,,False,scattered,
medicinal,6,6,0.0,0,0.0,0,0,,False,scattered,
meeting,6,6,0.0,0,0.0,0,0,,False,scattered,
mercedes,6,2,0.0,0,0.0,0,0,,False,scattered,
midwifery,6,6,0.0,0,0.0,0,0,,False,scattered,
midwives,6,5,0.0,0,0.0,0,0,,False,scattered,
miss,6,6,0.0,0,0.0,0,0,,False,scattered,
mo,6,6,0.0,0,0.0,0,0,,False,scattered,
moment,6,6,0.0,0,0.0,0,0,,False,scattered,
moves,6,6,0.0,0,0.0,0,0,,False,scattered,
napa,6,6,0.0,0,0.0,0,0,,False,scattered,
nash,6,6,0.0,0,0.0,0,0,,False,scattered,
nexgen,6,6,0.0,0,0.0,0,0,,False,scattered,
nguyen,6,6,0.0,0,0.0,0,0,,False,scattered,
nights,6,5,0.0,0,0.0,0,0,,False,scattered,
nofrills,6,6,0.0,0,0.0,0,0,,False,scattered,
orca,6,6,0.0,0,0.0,0,0,,False,scattered,
oscar,6,6,0.0,0,0.0,0,0,,False,scattered,
osteria,6,6,0.0,0,0.0,0,0,,False,scattered,
owen,6,6,0.0,0,0.0,0,0,,False,scattered,
parent,6,6,0.0,0,0.0,0,0,,False,scattered,
payday,6,6,0.0,0,0.0,0,0,,False,scattered,
payless,6,6,0.0,0,0.0,0,0,,False,scattered,
pearl,6,6,0.0,0,0.0,0,0,,False,scattered,
pickup,6,6,0.0,0,0.0,0,0,,False,scattered,
pointe,6,5,0.0,0,0.0,0,0,,False,scattered,
pokerrito,6,5,0.0,0,0.0,0,0,,False,scattered,
positive,6,6,0.0,0,0.0,0,0,,False,scattered,
price,6,6,0.0,0,0.0,0,0,,False,scattered,
programs,6,6,0.0,0,0.0,0,0,,False,scattered,
progressive,6,6,0.0,0,0.0,0,0,,False,scattered,
ram,6,6,0.0,0,0.0,0,0,,False,scattered,
raw,6,6,0.0,0,0.0,0,0,,False,scattered,
return,6,6,0.0,0,0.0,0,0,,False,scattered,
rick,6,6,0.0,0,0.0,0,0,,False,scattered,
rights,6,6,0.0,0,0.0,0,0,,False,scattered,
roman,6,6,0.0,0,0.0,0,0,,False,scattered,
rona,6,3,0.0,0,0.0,0,0,,False,scattered,
roy,6,6,0.0,0,0.0,0,0,,False,scattered,
salt,6,6,0.0,0,0.0,0,0,,False,scattered,
sandwiches,6,6,0.0,0,0.0,0,0,,False,scattered,
sciences,6,5,0.0,0,0.0,0,0,,False,scattered,
sephora,6,6,0.0,0,0.0,0,0,,False,scattered,
singh,6,5,0.0,0,0.0,0,0,,False,scattered,
sip,6,6,0.0,0,0.0,0,0,,False,scattered,
skating,6,5,0.0,0,0.0,0,0,,False,scattered,
skyline,6,6,0.0,0,0.0,0,0,,False,scattered,
smokes,6,6,0.0,0,0.0,0,0,,False,scattered,
soap,6,6,0.0,0,0.0,0,0,,False,scattered,
soup,6,5,0.0,0,0.0,0,0,,False,scattered,
special,6,5,0.0,0,0.0,0,0,,False,scattered,
spices,6,5,0.0,0,0.0,0,0,,False,scattered,
spin,6,6,0.0,0,0.0,0,0,,False,scattered,
spine,6,6,0.0,0,0.0,0,0,,False,scattered,
spray,6,6,0.0,0,0.0,0,0,,False,scattered,
spruce,6,6,0.0,0,0.0,0,0,,False,scattered,
standard,6,6,0.0,0,0.0,0,0,,False,scattered,
strategic,6,5,0.0,0,0.0,0,0,,False,scattered,
stuff,6,6,0.0,0,0.0,0,0,,False,scattered,
supplements,6,4,0.0,0,0.0,0,0,,False,scattered,
surface,6,6,0.0,0,0.0,0,0,,False,scattered,
szechuan,6,6,0.0,0,0.0,0,0,,False,scattered,
taiwanese,6,5,0.0,0,0.0,0,0,,False,scattered,
tanya,6,6,0.0,0,0.0,0,0,,False,scattered,
tapestry,6,6,0.0,0,0.0,0,0,,False,scattered,
ted,6,6,0.0,0,0.0,0,0,,False,scattered,
therapist,6,6,0.0,0,0.0,0,0,,False,scattered,
tierra,6,5,0.0,0,0.0,0,0,,False,scattered,
tmg,6,4,0.0,0,0.0,0,0,,False,scattered,
tool,6,6,0.0,0,0.0,0,0,,False,scattered,
toyota,6,6,0.0,0,0.0,0,0,,False,scattered,
tractor,6,6,0.0,0,0.0,0,0,,False,scattered,
translation,6,6,0.0,0,0.0,0,0,,False,scattered,
triumph,6,6,0.0,0,0.0,0,0,,False,scattered,
turner,6,5,0.0,0,0.0,0,0,,False,scattered,
unique,6,6,0.0,0,0.0,0,0,,False,scattered,
uno,6,5,0.0,0,0.0,0,0,,False,scattered,
vivid,6,5,0.0,0,0.0,0,0,,False,scattered,
vocal,6,6,0.0,0,0.0,0,0,,False,scattered,
wells,6,6,0.0,0,0.0,0,0,,False,scattered,
westland,6,6,0.0,0,0.0,0,0,,False,scattered,
wilfred,6,6,0.0,0,0.0,0,0,,False,scattered,
winery,6,6,0.0,0,0.0,0,0,,False,scattered,
wines,6,6,0.0,0,0.0,0,0,,False,scattered,
woof,6,6,0.0,0,0.0,0,0,,False,scattered,
ability,5,4,0.0,0,0.0,0,0,,False,scattered,
acai,5,5,0.0,0,0.0,0,0,,False,scattered,
accurate,5,5,0.0,0,0.0,0,0,,False,scattered,
actors,5,5,0.0,0,0.0,0,0,,False,scattered,
acura,5,2,0.0,0,0.0,0,0,,False,scattered,
affinity,5,5,0.0,0,0.0,0,0,,False,scattered,
africa,5,5,0.0,0,0.0,0,0,,False,scattered,
aikido,5,3,0.0,0,0.0,0,0,,False,scattered,
albert,5,5,0.0,0,0.0,0,0,,False,scattered,
alchemy,5,4,0.0,0,0.0,0,0,,False,scattered,
annie,5,5,0.0,0,0.0,0,0,,False,scattered,
another,5,5,0.0,0,0.0,0,0,,False,scattered,
anti,5,5,0.0,0,0.0,0,0,,False,scattered,
aquatic,5,5,0.0,0,0.0,0,0,,False,scattered,
ar,5,5,0.0,0,0.0,0,0,,False,scattered,
artists,5,5,0.0,0,0.0,0,0,,False,scattered,
authentic,5,5,0.0,0,0.0,0,0,,False,scattered,
autoglass,5,5,0.0,0,0.0,0,0,,False,scattered,
awards,5,4,0.0,0,0.0,0,0,,False,scattered,
away,5,5,0.0,0,0.0,0,0,,False,scattered,
bag,5,5,0.0,0,0.0,0,0,,False,scattered,
baguette,5,5,0.0,0,0.0,0,0,,False,scattered,
bake,5,5,0.0,0,0.0,0,0,,False,scattered,
baked,5,5,0.0,0,0.0,0,0,,False,scattered,
band,5,5,0.0,0,0.0,0,0,,False,scattered,
bang,5,5,0.0,0,0.0,0,0,,False,scattered,
banks,5,5,0.0,0,0.0,0,0,,False,scattered,
bathrooms,5,5,0.0,0,0.0,0,0,,False,scattered,
bayside,5,5,0.0,0,0.0,0,0,,False,scattered,
bcaa,5,5,0.0,0,0.0,0,0,,False,scattered,
beautiful,5,5,0.0,0,0.0,0,0,,False,scattered,
belgian,5,5,0.0,0,0.0,0,0,,False,scattered,
bethel,5,4,0.0,0,0.0,0,0,,False,scattered,
bite,5,5,0.0,0,0.0,0,0,,False,scattered,
blind,5,4,0.0,0,0.0,0,0,,False,scattered,
blu,5,3,0.0,0,0.0,0,0,,False,scattered,
bo,5,5,0.0,0,0.0,0,0,,False,scattered,
bond,5,5,0.0,0,0.0,0,0,,False,scattered,
bong,5,4,0.0,0,0.0,0,0,,False,scattered,
boom,5,4,0.0,0,0.0,0,0,,False,scattered,
brew,5,5,0.0,0,0.0,0,0,,False,scattered,
brilliant,5,5,0.0,0,0.0,0,0,,False,scattered,
brooks,5,5,0.0,0,0.0,0,0,,False,scattered,
brunch,5,4,0.0,0,0.0,0,0,,False,scattered,
brush,5,4,0.0,0,0.0,0,0,,False,scattered,
bryan,5,4,0.0,0,0.0,0,0,,False,scattered,
buddha,5,5,0.0,0,0.0,0,0,,False,scattered,
buns,5,5,0.0,0,0.0,0,0,,False,scattered,
burgoo,5,5,0.0,0,0.0,0,0,,False,scattered,
burke,5,5,0.0,0,0.0,0,0,,False,scattered,
busy,5,5,0.0,0,0.0,0,0,,False,scattered,
butler,5,5,0.0,0,0.0,0,0,,False,scattered,
cadets,5,3,0.0,0,0.0,0,0,,False,scattered,
calabria,5,4,0.0,0,0.0,0,0,,False,scattered,
calvin,5,5,0.0,0,0.0,0,0,,False,scattered,
canyon,5,5,0.0,0,0.0,0,0,,False,scattered,
capilano,5,5,0.0,0,0.0,0,0,,False,scattered,
capoeira,5,5,0.0,0,0.0,0,0,,False,scattered,
cards,5,5,0.0,0,0.0,0,0,,False,scattered,
caroline,5,5,0.0,0,0.0,0,0,,False,scattered,
carpentry,5,5,0.0,0,0.0,0,0,,False,scattered,
celpip,5,5,0.0,0,0.0,0,0,,False,scattered,
ceramic,5,5,0.0,0,0.0,0,0,,False,scattered,
charter,5,5,0.0,0,0.0,0,0,,False,scattered,
cheap,5,5,0.0,0,0.0,0,0,,False,scattered,
chorus,5,4,0.0,0,0.0,0,0,,False,scattered,
christmas,5,5,0.0,0,0.0,0,0,,False,scattered,
churchill,5,5,0.0,0,0.0,0,0,,False,scattered,
cigars,5,5,0.0,0,0.0,0,0,,False,scattered,
cinemas,5,5,0.0,0,0.0,0,0,,False,scattered,
citadel,5,5,0.0,0,0.0,0,0,,False,scattered,
citizen,5,4,0.0,0,0.0,0,0,,False,scattered,
claims,5,5,0.0,0,0.0,0,0,,False,scattered,
clever,5,5,0.0,0,0.0,0,0,,False,scattered,
clouds,5,5,0.0,0,0.0,0,0,,False,scattered,
cocina,5,5,0.0,0,0.0,0,0,,False,scattered,
collaborative,5,5,0.0,0,0.0,0,0,,False,scattered,
columbus,5,5,0.0,0,0.0,0,0,,False,scattered,
commons,5,3,0.0,0,0.0,0,0,,False,scattered,
contractor,5,5,0.0,0,0.0,0,0,,False,scattered,
coquitlam,5,5,0.0,0,0.0,0,0,,False,scattered,
costume,5,5,0.0,0,0.0,0,0,,False,scattered,
courier,5,5,0.0,0,0.0,0,0,,False,scattered,
coverings,5,4,0.0,0,0.0,0,0,,False,scattered,
crawford,5,5,0.0,0,0.0,0,0,,False,scattered,
crossing,5,5,0.0,0,0.0,0,0,,False,scattered,
cruiseshipcenters,5,4,0.0,0,0.0,0,0,,False,scattered,
davis,5,5,0.0,0,0.0,0,0,,False,scattered,
davison,5,4,0.0,0,0.0,0,0,,False,scattered,
dawn,5,5,0.0,0,0.0,0,0,,False,scattered,
decorating,5,5,0.0,0,0.0,0,0,,False,scattered,
des,5,4,0.0,0,0.0,0,0,,False,scattered,
diva,5,5,0.0,0,0.0,0,0,,False,scattered,
dong,5,4,0.0,0,0.0,0,0,,False,scattered,
dried,5,5,0.0,0,0.0,0,0,,False,scattered,
duke,5,5,0.0,0,0.0,0,0,,False,scattered,
dumpling,5,5,0.0,0,0.0,0,0,,False,scattered,
eats,5,5,0.0,0,0.0,0,0,,False,scattered,
edgar,5,5,0.0,0,0.0,0,0,,False,scattered,
eight,5,4,0.0,0,0.0,0,0,,False,scattered,
elle,5,5,0.0,0,0.0,0,0,,False,scattered,
envy,5,5,0.0,0,0.0,0,0,,False,scattered,
erin,5,5,0.0,0,0.0,0,0,,False,scattered,
euro,5,5,0.0,0,0.0,0,0,,False,scattered,
ev,5,5,0.0,0,0.0,0,0,,False,scattered,
everything,5,5,0.0,0,0.0,0,0,,False,scattered,
evoke,5,5,0.0,0,0.0,0,0,,False,scattered,
exercise,5,5,0.0,0,0.0,0,0,,False,scattered,
exit,5,4,0.0,0,0.0,0,0,,False,scattered,
export,5,5,0.0,0,0.0,0,0,,False,scattered,
exterior,5,5,0.0,0,0.0,0,0,,False,scattered,
exteriors,5,5,0.0,0,0.0,0,0,,False,scattered,
eyelash,5,5,0.0,0,0.0,0,0,,False,scattered,
fabric,5,5,0.0,0,0.0,0,0,,False,scattered,
facials,5,5,0.0,0,0.0,0,0,,False,scattered,
farmer,5,5,0.0,0,0.0,0,0,,False,scattered,
fatih,5,5,0.0,0,0.0,0,0,,False,scattered,
ferry,5,5,0.0,0,0.0,0,0,,False,scattered,
figure,5,5,0.0,0,0.0,0,0,,False,scattered,
fireworks,5,5,0.0,0,0.0,0,0,,False,scattered,
flamenco,5,4,0.0,0,0.0,0,0,,False,scattered,
flamingo,5,5,0.0,0,0.0,0,0,,False,scattered,
flash,5,5,0.0,0,0.0,0,0,,False,scattered,
footwear,5,5,0.0,0,0.0,0,0,,False,scattered,
force,5,5,0.0,0,0.0,0,0,,False,scattered,
ford,5,5,0.0,0,0.0,0,0,,False,scattered,
forge,5,5,0.0,0,0.0,0,0,,False,scattered,
fried,5,5,0.0,0,0.0,0,0,,False,scattered,
fries,5,5,0.0,0,0.0,0,0,,False,scattered,
fruits,5,5,0.0,0,0.0,0,0,,False,scattered,
fry,5,4,0.0,0,0.0,0,0,,False,scattered,
fx,5,4,0.0,0,0.0,0,0,,False,scattered,
gail,5,5,0.0,0,0.0,0,0,,False,scattered,
gee,5,5,0.0,0,0.0,0,0,,False,scattered,
gigi,5,5,0.0,0,0.0,0,0,,False,scattered,
glen,5,5,0.0,0,0.0,0,0,,False,scattered,
glory,5,5,0.0,0,0.0,0,0,,False,scattered,
goat,5,5,0.0,0,0.0,0,0,,False,scattered,
goldman,5,5,0.0,0,0.0,0,0,,False,scattered,
goose,5,5,0.0,0,0.0,0,0,,False,scattered,
gracie,5,5,0.0,0,0.0,0,0,,False,scattered,
greg,5,5,0.0,0,0.0,0,0,,False,scattered,
grilled,5,5,0.0,0,0.0,0,0,,False,scattered,
ground,5,5,0.0,0,0.0,0,0,,False,scattered,
gs,5,5,0.0,0,0.0,0,0,,False,scattered,
guild,5,5,0.0,0,0.0,0,0,,False,scattered,
ha,5,5,0.0,0,0.0,0,0,,False,scattered,
handy,5,5,0.0,0,0.0,0,0,,False,scattered,
hang,5,5,0.0,0,0.0,0,0,,False,scattered,
harris,5,5,0.0,0,0.0,0,0,,False,scattered,
haze,5,5,0.0,0,0.0,0,0,,False,scattered,
hd,5,5,0.0,0,0.0,0,0,,False,scattered,
herschel,5,4,0.0,0,0.0,0,0,,False,scattered,
hoang,5,4,0.0,0,0.0,0,0,,False,scattered,
hobbs,5,4,0.0,0,0.0,0,0,,False,scattered,
honda,5,4,0.0,0,0.0,0,0,,False,scattered,
hostelling,5,5,0.0,0,0.0,0,0,,False,scattered,
houses,5,5,0.0,0,0.0,0,0,,False,scattered,
hue,5,5,0.0,0,0.0,0,0,,False,scattered,
idea,5,5,0.0,0,0.0,0,0,,False,scattered,
indonesian,5,5,0.0,0,0.0,0,0,,False,scattered,
inside,5,5,0.0,0,0.0,0,0,,False,scattered,
inspections,5,5,0.0,0,0.0,0,0,,False,scattered,
inspiration,5,5,0.0,0,0.0,0,0,,False,scattered,
ip,5,5,0.0,0,0.0,0,0,,False,scattered,
irrigation,5,5,0.0,0,0.0,0,0,,False,scattered,
italy,5,4,0.0,0,0.0,0,0,,False,scattered,
japadog,5,5,0.0,0,0.0,0,0,,False,scattered,
jerry,5,5,0.0,0,0.0,0,0,,False,scattered,
jet,5,4,0.0,0,0.0,0,0,,False,scattered,
jo,5,4,0.0,0,0.0,0,0,,False,scattered,
joanne,5,5,0.0,0,0.0,0,0,,False,scattered,
job,5,5,0.0,0,0.0,0,0,,False,scattered,
judy,5,4,0.0,0,0.0,0,0,,False,scattered,
junction,5,5,0.0,0,0.0,0,0,,False,scattered,
kai,5,5,0.0,0,0.0,0,0,,False,scattered,
kal,5,5,0.0,0,0.0,0,0,,False,scattered,
kang,5,5,0.0,0,0.0,0,0,,False,scattered,
kara,5,5,0.0,0,0.0,0,0,,False,scattered,
karim,5,5,0.0,0,0.0,0,0,,False,scattered,
kate,5,5,0.0,0,0.0,0,0,,False,scattered,
keg,5,4,0.0,0,0.0,0,0,,False,scattered,
khalsa,5,3,0.0,0,0.0,0,0,,False,scattered,
ki,5,5,0.0,0,0.0,0,0,,False,scattered,
kia,5,4,0.0,0,0.0,0,0,,False,scattered,
kickboxing,5,4,0.0,0,0.0,0,0,,False,scattered,
koodo,5,5,0.0,0,0.0,0,0,,False,scattered,
kwok,5,5,0.0,0,0.0,0,0,,False,scattered,
lager,5,3,0.0,0,0.0,0,0,,False,scattered,
lara,5,5,0.0,0,0.0,0,0,,False,scattered,
larry,5,4,0.0,0,0.0,0,0,,False,scattered,
lawrence,5,5,0.0,0,0.0,0,0,,False,scattered,
leanne,5,5,0.0,0,0.0,0,0,,False,scattered,
legendary,5,5,0.0,0,0.0,0,0,,False,scattered,
les,5,5,0.0,0,0.0,0,0,,False,scattered,
leslie,5,5,0.0,0,0.0,0,0,,False,scattered,
limo,5,5,0.0,0,0.0,0,0,,False,scattered,
linh,5,5,0.0,0,0.0,0,0,,False,scattered,
links,5,5,0.0,0,0.0,0,0,,False,scattered,
literacy,5,5,0.0,0,0.0,0,0,,False,scattered,
liz,5,5,0.0,0,0.0,0,0,,False,scattered,
lms,5,5,0.0,0,0.0,0,0,,False,scattered,
loss,5,5,0.0,0,0.0,0,0,,False,scattered,
lucia,5,5,0.0,0,0.0,0,0,,False,scattered,
lumen,5,5,0.0,0,0.0,0,0,,False,scattered,
majestic,5,4,0.0,0,0.0,0,0,,False,scattered,
malkin,5,5,0.0,0,0.0,0,0,,False,scattered,
mammography,5,4,0.0,0,0.0,0,0,,False,scattered,
managers,5,4,0.0,0,0.0,0,0,,False,scattered,
manning,5,5,0.0,0,0.0,0,0,,False,scattered,
marie,5,5,0.0,0,0.0,0,0,,False,scattered,
marks,5,5,0.0,0,0.0,0,0,,False,scattered,
markus,5,5,0.0,0,0.0,0,0,,False,scattered,
masonic,5,3,0.0,0,0.0,0,0,,False,scattered,
matcha,5,5,0.0,0,0.0,0,0,,False,scattered,
maternity,5,5,0.0,0,0.0,0,0,,False,scattered,
mclean,5,5,0.0,0,0.0,0,0,,False,scattered,
mega,5,5,0.0,0,0.0,0,0,,False,scattered,
ministries,5,5,0.0,0,0.0,0,0,,False,scattered,
miracle,5,5,0.0,0,0.0,0,0,,False,scattered,
monarch,5,5,0.0,0,0.0,0,0,,False,scattered,
moonlight,5,5,0.0,0,0.0,0,0,,False,scattered,
morning,5,5,0.0,0,0.0,0,0,,False,scattered,
motorcycle,5,3,0.0,0,0.0,0,0,,False,scattered,
motorcycles,5,4,0.0,0,0.0,0,0,,False,scattered,
mountainview,5,4,0.0,0,0.0,0,0,,False,scattered,
munro,5,5,0.0,0,0.0,0,0,,False,scattered,
muse,5,4,0.0,0,0.0,0,0,,False,scattered,
musical,5,5,0.0,0,0.0,0,0,,False,scattered,
nicholas,5,5,0.0,0,0.0,0,0,,False,scattered,
nook,5,5,0.0,0,0.0,0,0,,False,scattered,
nordstrom,5,3,0.0,0,0.0,0,0,,False,scattered,
novo,5,4,0.0,0,0.0,0,0,,False,scattered,
oakberry,5,5,0.0,0,0.0,0,0,,False,scattered,
occupational,5,5,0.0,0,0.0,0,0,,False,scattered,
odd,5,5,0.0,0,0.0,0,0,,False,scattered,
oil,5,4,0.0,0,0.0,0,0,,False,scattered,
olympia,5,5,0.0,0,0.0,0,0,,False,scattered,
omega,5,5,0.0,0,0.0,0,0,,False,scattered,
opera,5,5,0.0,0,0.0,0,0,,False,scattered,
optometrists,5,4,0.0,0,0.0,0,0,,False,scattered,
outdoors,5,5,0.0,0,0.0,0,0,,False,scattered,
owned,5,4,0.0,0,0.0,0,0,,False,scattered,
palmer,5,5,0.0,0,0.0,0,0,,False,scattered,
paramount,5,5,0.0,0,0.0,0,0,,False,scattered,
passion,5,5,0.0,0,0.0,0,0,,False,scattered,
passport,5,3,0.0,0,0.0,0,0,,False,scattered,
penny,5,5,0.0,0,0.0,0,0,,False,scattered,
pita,5,5,0.0,0,0.0,0,0,,False,scattered,
pitch,5,5,0.0,0,0.0,0,0,,False,scattered,
planners,5,5,0.0,0,0.0,0,0,,False,scattered,
please,5,5,0.0,0,0.0,0,0,,False,scattered,
pmu,5,5,0.0,0,0.0,0,0,,False,scattered,
popeyes,5,4,0.0,0,0.0,0,0,,False,scattered,
posh,5,5,0.0,0,0.0,0,0,,False,scattered,
presales,5,5,0.0,0,0.0,0,0,,False,scattered,
preston,5,5,0.0,0,0.0,0,0,,False,scattered,
primary,5,5,0.0,0,0.0,0,0,,False,scattered,
priority,5,5,0.0,0,0.0,0,0,,False,scattered,
psychology,5,5,0.0,0,0.0,0,0,,False,scattered,
purebread,5,5,0.0,0,0.0,0,0,,False,scattered,
purolator,5,5,0.0,0,0.0,0,0,,False,scattered,
qi,5,4,0.0,0,0.0,0,0,,False,scattered,
racing,5,5,0.0,0,0.0,0,0,,False,scattered,
rad,5,4,0.0,0,0.0,0,0,,False,scattered,
ralph,5,5,0.0,0,0.0,0,0,,False,scattered,
ramada,5,5,0.0,0,0.0,0,0,,False,scattered,
rand,5,5,0.0,0,0.0,0,0,,False,scattered,
reduction,5,5,0.0,0,0.0,0,0,,False,scattered,
reiki,5,5,0.0,0,0.0,0,0,,False,scattered,
rescue,5,5,0.0,0,0.0,0,0,,False,scattered,
resorts,5,5,0.0,0,0.0,0,0,,False,scattered,
rhodes,5,4,0.0,0,0.0,0,0,,False,scattered,
ring,5,5,0.0,0,0.0,0,0,,False,scattered,
rising,5,5,0.0,0,0.0,0,0,,False,scattered,
roger,5,5,0.0,0,0.0,0,0,,False,scattered,
roma,5,5,0.0,0,0.0,0,0,,False,scattered,
ronald,5,5,0.0,0,0.0,0,0,,False,scattered,
rugs,5,5,0.0,0,0.0,0,0,,False,scattered,
rumble,5,5,0.0,0,0.0,0,0,,False,scattered,
saloon,5,5,0.0,0,0.0,0,0,,False,scattered,
salsa,5,5,0.0,0,0.0,0,0,,False,scattered,
sandhu,5,5,0.0,0,0.0,0,0,,False,scattered,
sandy,5,4,0.0,0,0.0,0,0,,False,scattered,
sauce,5,5,0.0,0,0.0,0,0,,False,scattered,
savvy,5,4,0.0,0,0.0,0,0,,False,scattered,
set,5,5,0.0,0,0.0,0,0,,False,scattered,
sexual,5,4,0.0,0,0.0,0,0,,False,scattered,
shane,5,5,0.0,0,0.0,0,0,,False,scattered,
siding,5,5,0.0,0,0.0,0,0,,False,scattered,
sister,5,5,0.0,0,0.0,0,0,,False,scattered,
skate,5,4,0.0,0,0.0,0,0,,False,scattered,
solid,5,5,0.0,0,0.0,0,0,,False,scattered,
soma,5,5,0.0,0,0.0,0,0,,False,scattered,
somatic,5,5,0.0,0,0.0,0,0,,False,scattered,
sonic,5,5,0.0,0,0.0,0,0,,False,scattered,
sophie,5,5,0.0,0,0.0,0,0,,False,scattered,
speaking,5,5,0.0,0,0.0,0,0,,False,scattered,
spence,5,5,0.0,0,0.0,0,0,,False,scattered,
spinal,5,4,0.0,0,0.0,0,0,,False,scattered,
sporting,5,5,0.0,0,0.0,0,0,,False,scattered,
squadron,5,4,0.0,0,0.0,0,0,,False,scattered,
stamp,5,5,0.0,0,0.0,0,0,,False,scattered,
stilhavn,5,1,0.0,0,0.0,0,0,,False,scattered,
storm,5,5,0.0,0,0.0,0,0,,False,scattered,
strata,5,5,0.0,0,0.0,0,0,,False,scattered,
stretch,5,5,0.0,0,0.0,0,0,,False,scattered,
stroke,5,2,0.0,0,0.0,0,0,,False,scattered,
styling,5,5,0.0,0,0.0,0,0,,False,scattered,
subaru,5,2,0.0,0,0.0,0,0,,False,scattered,
suki,5,5,0.0,0,0.0,0,0,,False,scattered,
sunday,5,5,0.0,0,0.0,0,0,,False,scattered,
sunflower,5,5,0.0,0,0.0,0,0,,False,scattered,
talk,5,5,0.0,0,0.0,0,0,,False,scattered,
tandem,5,5,0.0,0,0.0,0,0,,False,scattered,
tao,5,5,0.0,0,0.0,0,0,,False,scattered,
tasting,5,5,0.0,0,0.0,0,0,,False,scattered,
tavern,5,5,0.0,0,0.0,0,0,,False,scattered,
teachers,5,5,0.0,0,0.0,0,0,,False,scattered,
tesla,5,5,0.0,0,0.0,0,0,,False,scattered,
things,5,4,0.0,0,0.0,0,0,,False,scattered,
tiger,5,5,0.0,0,0.0,0,0,,False,scattered,
tint,5,5,0.0,0,0.0,0,0,,False,scattered,
traders,5,5,0.0,0,0.0,0,0,,False,scattered,
trainers,5,5,0.0,0,0.0,0,0,,False,scattered,
tsai,5,5,0.0,0,0.0,0,0,,False,scattered,
tsang,5,5,0.0,0,0.0,0,0,,False,scattered,
twenty,5,4,0.0,0,0.0,0,0,,False,scattered,
type,5,5,0.0,0,0.0,0,0,,False,scattered,
ultra,5,5,0.0,0,0.0,0,0,,False,scattered,
used,5,5,0.0,0,0.0,0,0,,False,scattered,
vacation,5,5,0.0,0,0.0,0,0,,False,scattered,
vanessa,5,5,0.0,0,0.0,0,0,,False,scattered,
vapor,5,5,0.0,0,0.0,0,0,,False,scattered,
vault,5,3,0.0,0,0.0,0,0,,False,scattered,
vcr,5,5,0.0,0,0.0,0,0,,False,scattered,
veterans,5,5,0.0,0,0.0,0,0,,False,scattered,
victor,5,5,0.0,0,0.0,0,0,,False,scattered,
vina,5,5,0.0,0,0.0,0,0,,False,scattered,
vista,5,5,0.0,0,0.0,0,0,,False,scattered,
viti,5,3,0.0,0,0.0,0,0,,False,scattered,
watches,5,5,0.0,0,0.0,0,0,,False,scattered,
waypoint,5,5,0.0,0,0.0,0,0,,False,scattered,
wedge,5,5,0.0,0,0.0,0,0,,False,scattered,
weeds,5,5,0.0,0,0.0,0,0,,False,scattered,
welcome,5,5,0.0,0,0.0,0,0,,False,scattered,
whale,5,5,0.0,0,0.0,0,0,,False,scattered,
wonton,5,5,0.0,0,0.0,0,0,,False,scattered,
workbc,5,5,0.0,0,0.0,0,0,,False,scattered,
yen,5,4,0.0,0,0.0,0,0,,False,scattered,
yuan,5,5,0.0,0,0.0,0,0,,False,scattered,
zero,5,5,0.0,0,0.0,0,0,,False,scattered,
zhou,5,5,0.0,0,0.0,0,0,,False,scattered,
zhu,5,5,0.0,0,0.0,0,0,,False,scattered,
