word,support,cells,pi,core_cells,core_share,core_components,core_largest,core_density_pct,hotspot,label,core_area
keele,54,38,1.0,38,1.0,16,7,0.84,False,area,York University Heights
birchmount,34,22,1.0,22,1.0,12,4,0.74,False,area,Wexford
roncesvalles,28,11,1.0,11,1.0,1,11,0.93,True,area,Parkdale—High Park
glendon,19,4,1.0,4,1.0,1,4,0.51,False,area,Bridle Path-Sunnybrook-York Mills
uoft,19,10,1.0,10,1.0,3,7,0.97,True,area,University
corktown,18,10,1.0,10,1.0,1,10,0.98,True,area,Moss Park
coxwell,18,11,1.0,11,1.0,4,4,0.83,False,area,Danforth
sherbourne,18,9,1.0,9,1.0,3,6,0.93,True,area,Moss Park
harbord,17,8,1.0,8,1.0,1,8,0.82,False,area,Palmerston-Little Italy
dovercourt,16,11,1.0,11,1.0,5,6,0.95,True,area,Dovercourt Village
runnymede,16,10,1.0,10,1.0,6,3,0.79,False,point,Parkdale—High Park
wynford,12,7,1.0,7,1.0,2,6,0.74,False,area,Banbury-Don Mills
cummer,11,9,1.0,9,1.0,6,2,0.51,False,point,Newtonbrook East
osgoode,11,6,1.0,6,1.0,4,2,0.98,True,point,York University Heights
burnhamthorpe,10,7,1.0,7,1.0,5,2,0.77,False,point,Islington
cityplace,10,3,1.0,3,1.0,1,3,0.97,True,point,Harbourfront-CityPlace
flemingdon,10,7,1.0,7,1.0,2,6,0.71,False,area,Flemingdon Park
roncy,10,5,1.0,5,1.0,2,3,0.96,True,point,Roncesvalles
yorku,10,3,1.0,3,1.0,3,1,0.88,False,point,York University Heights
bloordale,9,5,1.0,5,1.0,3,2,0.81,False,point,Markland Wood
cosburn,9,8,1.0,8,1.0,1,8,0.75,False,area,Danforth East York
donlands,9,3,1.0,3,1.0,3,1,0.84,False,point,Danforth East York
esplanade,9,3,1.0,3,1.0,2,2,0.99,True,point,St Lawrence-East Bayfront-The Islands
parkwoods,9,3,1.0,3,1.0,2,2,0.86,False,point,Fenside-Parkwoods
ashbridges,8,7,1.0,7,1.0,4,4,0.71,False,area,South Riverdale
balmy,8,7,1.0,7,1.0,6,2,0.63,False,point,The Beaches
bamburgh,8,5,1.0,5,1.0,2,3,0.65,False,point,Steeles
bloorcourt,8,4,1.0,4,1.0,1,4,0.97,True,area,Dovercourt Village
oise,8,3,1.0,3,1.0,1,3,0.97,True,point,University
rotman,8,3,1.0,3,1.0,2,2,0.98,True,point,University
accolade,7,6,1.0,6,1.0,4,2,0.83,False,point,York University Heights
amesbury,7,5,1.0,5,1.0,4,2,0.61,False,point,Brookhaven-Amesbury
balliol,7,4,1.0,4,1.0,1,4,0.89,False,area,Mount Pleasant East
humberwood,7,5,1.0,5,1.0,1,5,0.58,False,area,West Humber-Clairville
millwood,7,5,1.0,5,1.0,3,2,0.74,False,point,Leaside-Bennington
overlea,7,4,1.0,4,1.0,2,3,0.92,True,point,Thorncliffe Park
westmore,7,5,1.0,5,1.0,1,5,0.89,False,area,West Humber-Clairville
consilium,6,3,1.0,3,1.0,1,3,0.93,True,point,Woburn North
eringate,6,4,1.0,4,1.0,4,1,0.56,False,point,Eringate-Centennial-West Deane
gooderham,6,5,1.0,5,1.0,3,2,0.99,True,point,St Lawrence-East Bayfront-The Islands
humberline,6,6,1.0,6,1.0,2,4,0.57,False,area,West Humber-Clairville
keelesdale,6,5,1.0,5,1.0,2,4,0.61,False,area,Keelesdale-Eglinton West
knox,6,4,1.0,4,1.0,2,2,0.95,True,point,University
rowntree,6,4,1.0,4,1.0,2,2,0.37,False,point,Humber Summit
shoreham,6,2,1.0,2,1.0,1,2,0.73,False,point,Black Creek
wharf,6,6,1.0,6,1.0,2,4,0.96,True,area,Harbourfront-CityPlace
antrim,5,2,1.0,2,1.0,1,2,0.75,False,point,Dorset Park
ashbridge,5,3,1.0,3,1.0,2,2,0.69,False,point,South Riverdale
bessarion,5,2,1.0,2,1.0,1,2,0.87,False,point,Bayview Village
blythwood,5,4,1.0,4,1.0,1,4,0.49,False,area,Lawrence Park South
bremner,5,4,1.0,4,1.0,2,3,0.97,True,point,Harbourfront-CityPlace
brockton,5,4,1.0,4,1.0,1,4,0.89,False,area,Brockton Village
brookdale,5,4,1.0,4,1.0,3,2,0.8,False,point,Bedford Park-Nortown
burrows,5,5,1.0,5,1.0,2,3,0.8,False,point,Malvern East
carlingview,5,5,1.0,5,1.0,2,3,0.62,False,point,West Humber-Clairville
cliffwood,5,4,1.0,4,1.0,1,4,0.52,False,area,Hillcrest Village
deloitte,5,4,1.0,4,1.0,1,4,1.0,True,area,Financial District
eatonville,5,5,1.0,5,1.0,4,2,0.93,True,point,Islington
entrepreneurship,5,4,1.0,4,1.0,4,1,0.98,True,point,Yonge-Bay Corridor
firgrove,5,3,1.0,3,1.0,1,3,0.83,False,point,Glenfield-Jane Heights
glamorgan,5,3,1.0,3,1.0,1,3,0.65,False,point,Dorset Park
humberside,5,5,1.0,5,1.0,4,2,0.67,False,point,Parkdale—High Park
maryvale,5,2,1.0,2,1.0,2,1,0.64,False,point,Wexford
millwick,5,3,1.0,3,1.0,2,2,0.9,False,point,Humber Summit
minerals,5,4,1.0,4,1.0,1,4,1.0,True,area,Financial District
mos,5,5,1.0,5,1.0,4,2,1.0,True,point,Yonge-Bay Corridor
northtown,5,2,1.0,2,1.0,2,1,0.99,True,point,Yonge-Doris
olympium,5,2,1.0,2,1.0,1,2,0.44,False,point,Eringate-Centennial-West Deane
rathburn,5,5,1.0,5,1.0,3,3,0.74,False,point,Eringate-Centennial-West Deane
rockford,5,4,1.0,4,1.0,1,4,0.65,False,area,Westminster-Branson
sorauren,5,2,1.0,2,1.0,1,2,0.8,False,point,Roncesvalles
symington,5,3,1.0,3,1.0,2,2,0.9,False,point,Junction Triangle
woodside,5,2,1.0,2,1.0,1,2,0.79,False,point,Agincourt North
shuter,7,4,0.992,4,1.0,3,2,0.99,True,point,Downtown Yonge East
yonge,298,80,0.974,75,0.983,11,24,0.97,True,area,Newtonbrook East
riverdale,46,31,0.969,30,0.978,12,7,0.92,True,area,North Riverdale
scarborough,841,430,0.968,413,0.979,90,94,0.77,False,area,Wexford
bloor,235,64,0.968,59,0.97,9,22,0.96,True,area,Parkdale—High Park
etobicoke,444,268,0.965,257,0.975,79,41,0.79,False,area,Etobicoke City Centre
thorncliffe,28,10,0.964,9,0.964,1,9,0.86,False,area,Thorncliffe Park
pape,29,11,0.962,10,0.966,3,6,0.85,False,area,South Riverdale
leaside,105,39,0.958,35,0.962,6,29,0.85,False,area,Leaside-Bennington
mimico,40,22,0.948,20,0.95,2,19,0.8,False,area,Mimico-Queensway
leslieville,57,26,0.945,23,0.947,2,22,0.88,False,area,South Riverdale
warden,39,24,0.945,23,0.949,11,4,0.76,False,area,Clairlea-Birchmount
queensway,73,35,0.943,31,0.945,3,29,0.83,False,area,Etobicoke City Centre
quay,47,19,0.943,16,0.936,1,16,0.93,True,area,St Lawrence-East Bayfront-The Islands
clair,134,48,0.941,40,0.94,10,23,0.85,False,area,Corso Italia-Davenport
ryerson,36,7,0.941,5,0.944,2,4,0.98,True,area,Yonge-Bay Corridor
finch,128,78,0.94,72,0.953,27,11,0.84,False,area,York University Heights
bathurst,96,54,0.94,49,0.948,15,7,0.9,False,area,Englemount-Lawrence
danforth,200,56,0.939,45,0.945,9,30,0.9,True,area,Danforth
yorkville,148,29,0.939,22,0.946,5,18,0.98,True,area,Annex
ellesmere,35,20,0.937,18,0.943,10,5,0.83,False,area,Dorset Park
eglinton,196,83,0.936,73,0.949,16,26,0.89,False,area,Eglinton East
portland,16,6,0.935,5,0.938,1,5,0.99,True,area,Wellington Place
harbourfront,32,12,0.934,10,0.938,2,9,0.96,True,area,St Lawrence-East Bayfront-The Islands
morningside,31,15,0.932,14,0.935,7,6,0.74,False,area,West Hill
westway,15,10,0.932,9,0.933,7,2,0.57,False,point,Willowridge-Martingrove-Richview
bedford,18,13,0.929,12,0.944,6,4,0.96,True,area,Bedford Park-Nortown
swansea,14,10,0.926,9,0.929,5,5,0.6,False,area,Parkdale—High Park
kipling,57,36,0.925,32,0.93,12,13,0.77,False,area,Etobicoke City Centre
steeles,32,22,0.925,20,0.938,9,4,0.89,False,area,York University Heights
dundas,121,51,0.924,44,0.942,12,11,0.95,True,area,Parkdale—High Park
beaches,95,41,0.924,34,0.926,10,19,0.87,False,area,The Beaches
gerrard,43,21,0.922,18,0.93,6,5,0.93,True,area,South Riverdale
carlaw,13,8,0.921,7,0.923,2,5,0.95,True,area,South Riverdale
bayview,119,52,0.92,43,0.924,13,11,0.81,False,area,Bayview Village
jarvis,29,14,0.919,12,0.931,1,12,0.98,True,area,Downtown Yonge East
cabbagetown,25,10,0.919,8,0.92,1,8,0.92,True,area,Cabbagetown-South St.James Town
cloverdale,13,5,0.918,4,0.923,3,2,0.9,True,point,Etobicoke City Centre
baycrest,12,6,0.916,5,0.917,2,3,0.56,False,point,Englemount-Lawrence
bendale,12,11,0.916,10,0.917,7,2,0.63,False,point,Woburn North
kensington,62,14,0.913,10,0.935,5,5,0.99,True,area,Kensington Market
students,50,26,0.913,23,0.94,9,7,0.98,True,area,York University Heights
spadina,64,25,0.912,20,0.922,3,11,0.97,True,area,Harbourfront-CityPlace
front,55,24,0.912,20,0.927,4,16,0.98,True,area,St Lawrence-East Bayfront-The Islands
davisville,47,16,0.912,12,0.915,2,10,0.96,True,area,Mount Pleasant East
islington,60,39,0.91,34,0.917,14,13,0.83,False,area,Etobicoke City Centre
wellington,26,13,0.909,11,0.923,2,10,0.99,True,area,Wellington Place
amoreaux,11,8,0.908,7,0.909,4,3,0.42,False,point,East L'Amoreaux
bridlewood,21,10,0.904,8,0.905,4,4,0.63,False,area,East L'Amoreaux
ossington,32,11,0.903,8,0.906,2,5,0.97,True,area,Palmerston-Little Italy
annex,63,27,0.902,21,0.905,2,20,0.95,True,area,Annex
centenary,10,4,0.9,3,0.9,1,3,0.8,False,point,Morningside
parkdale,51,20,0.899,16,0.902,3,13,0.94,True,area,Parkdale
wellesley,41,14,0.898,10,0.902,3,8,0.93,True,area,Cabbagetown-South St.James Town
humber,151,99,0.897,87,0.921,46,11,0.71,False,area,West Humber-Clairville
kingston,37,24,0.897,23,0.919,10,7,0.86,False,area,West Hill
dufferin,96,51,0.896,42,0.906,12,8,0.92,True,area,York University Heights
tmu,10,5,0.895,4,0.9,1,4,1.0,True,area,Downtown Yonge East
wychwood,19,9,0.893,7,0.895,1,7,0.95,True,area,Wychwood
fairlawn,10,6,0.89,5,0.9,4,2,0.98,True,point,Bedford Park-Nortown
alderwood,9,5,0.888,4,0.889,2,3,0.73,False,point,Alderwood
richview,19,11,0.887,9,0.895,7,2,0.66,False,point,Willowridge-Martingrove-Richview
broadview,36,18,0.886,14,0.889,4,7,0.87,False,area,North Riverdale
caledonia,9,8,0.886,7,0.889,5,2,0.72,False,point,Caledonia-Fairbank
milner,9,5,0.886,4,0.889,2,2,0.84,False,point,Malvern East
sheppard,126,62,0.885,53,0.897,21,9,0.89,False,area,Agincourt South-Malvern West
gloucester,9,6,0.885,5,0.889,1,5,0.99,True,area,Church-Wellesley
downsview,81,53,0.883,45,0.901,20,8,0.8,False,area,Downsview
cliffside,17,9,0.882,7,0.882,1,7,0.69,False,area,Birchcliffe-Cliffside
ilac,9,6,0.882,5,0.889,1,5,0.99,True,area,Annex
roselawn,9,7,0.882,6,0.889,4,2,0.6,False,point,Briar Hill-Belgravia
weston,102,49,0.88,39,0.892,18,17,0.83,False,area,Weston
utsc,25,7,0.88,4,0.88,1,4,0.73,False,area,Highland Creek
adelaide,41,18,0.879,14,0.902,1,14,1.0,True,area,Wellington Place
davenport,18,12,0.878,10,0.889,5,3,0.89,False,point,Annex
rexdale,69,43,0.875,37,0.899,15,15,0.74,False,area,West Humber-Clairville
sherway,58,20,0.875,14,0.879,6,9,0.86,False,area,Etobicoke City Centre
donway,8,7,0.874,6,0.875,1,6,0.77,False,area,Banbury-Don Mills
trethewey,8,8,0.874,7,0.875,2,6,0.58,False,area,Brookhaven-Amesbury
chinatown,17,9,0.873,7,0.882,3,4,0.98,True,area,Kensington-Chinatown
stockyards,16,11,0.873,9,0.875,3,6,0.84,False,area,Junction Area
downtown,267,126,0.872,110,0.929,20,81,0.98,True,area,St Lawrence-East Bayfront-The Islands
alton,8,5,0.872,4,0.875,3,2,0.73,False,point,South Riverdale
roehampton,8,4,0.872,3,0.875,1,3,0.98,True,point,North Toronto
dupont,43,21,0.871,16,0.884,4,10,0.92,True,area,Annex
fallingbrook,8,3,0.871,2,0.875,2,1,0.73,False,point,Birchcliffe-Cliffside
perth,8,5,0.871,4,0.875,3,2,0.82,False,point,Junction Triangle
university,298,112,0.87,86,0.909,23,40,0.95,True,area,York University Heights
mills,179,89,0.869,69,0.888,32,14,0.78,False,area,Banbury-Don Mills
kew,16,8,0.868,6,0.875,3,4,0.92,True,area,The Beaches
camh,8,5,0.867,4,0.875,2,2,0.97,True,point,West Queen West
guildwood,30,15,0.866,12,0.867,6,6,0.59,False,area,Guildwood
yorkdale,101,42,0.862,29,0.871,7,22,0.91,True,area,Yorkdale-Glen Park
atrium,13,9,0.86,7,0.846,3,3,1.0,True,point,Yonge-Bay Corridor
lakeshore,86,48,0.858,39,0.872,16,19,0.85,False,area,New Toronto
markland,7,5,0.856,4,0.857,2,3,0.71,False,point,Markland Wood
harbour,53,28,0.855,21,0.868,5,15,0.94,True,area,St Lawrence-East Bayfront-The Islands
birchcliff,7,7,0.855,6,0.857,4,2,0.73,False,point,Birchcliffe-Cliffside
greektown,7,6,0.855,5,0.857,1,5,0.99,True,area,Playter Estates-Danforth
panorama,7,5,0.855,4,0.857,3,2,0.65,False,point,Mount Olive-Silverstone-Jamestown
wexford,22,17,0.853,14,0.864,5,10,0.78,False,area,Wexford
docks,8,6,0.853,5,0.875,4,2,0.96,True,point,South Riverdale
lawrence,198,113,0.852,90,0.879,35,14,0.81,False,area,Lawrence Park South
varsity,8,6,0.85,5,0.875,4,2,0.97,True,point,Downsview
castlefield,7,7,0.844,6,0.857,3,3,0.94,True,point,Briar Hill-Belgravia
palmerston,7,6,0.844,5,0.857,3,2,0.93,True,point,Trinity-Bellwoods
concorde,7,5,0.843,4,0.857,2,3,0.92,True,point,Banbury-Don Mills
cumberland,20,7,0.841,5,0.85,1,5,1.0,True,area,Annex
albion,52,20,0.84,13,0.846,3,8,0.75,False,area,Mount Olive-Silverstone-Jamestown
rosedale,57,30,0.839,22,0.86,6,14,0.96,True,area,Rosedale-Moore Park
malvern,27,18,0.838,14,0.852,10,4,0.68,False,area,Malvern East
regent,26,13,0.838,9,0.846,3,7,0.92,True,area,Regent Park
antibes,6,4,0.833,3,0.833,1,3,0.68,False,point,Westminster-Branson
cne,6,5,0.833,4,0.833,1,4,0.73,False,area,Fort York-Liberty Village
humbertown,6,4,0.833,3,0.833,1,3,0.7,False,point,Edenbridge-Humber Valley
ledbury,6,3,0.833,2,0.833,1,2,0.49,False,point,Bedford Park-Nortown
atkinson,6,4,0.832,3,0.833,1,3,0.87,False,point,York University Heights
chesswood,6,4,0.832,3,0.833,1,3,0.91,True,point,York University Heights
horne,6,5,0.832,4,0.833,3,2,0.71,False,point,Don Valley Village
orton,6,4,0.832,3,0.833,3,1,0.68,False,point,Morningside
yorkwoods,6,3,0.832,2,0.833,1,2,0.69,False,point,Glenfield-Jane Heights
jamestown,6,4,0.831,3,0.833,1,3,0.93,True,point,Cabbagetown-South St.James Town
toryork,6,4,0.831,3,0.833,2,2,0.9,True,point,Humber Summit
lofts,73,57,0.83,49,0.89,23,10,0.96,True,area,Moss Park
milliken,12,11,0.83,9,0.833,7,2,0.61,False,point,Milliken
erskine,6,3,0.83,2,0.833,1,2,0.94,True,point,North Toronto
oakwood,21,12,0.828,9,0.857,4,5,0.85,False,area,Oakwood Village
grenadier,6,6,0.824,5,0.833,3,3,0.71,False,point,High Park North
counsel,72,20,0.822,13,0.875,7,5,0.99,True,area,Financial District
pleasant,39,21,0.822,16,0.846,8,7,0.85,False,area,Mount Pleasant East
mulberry,6,5,0.822,4,0.833,2,2,0.98,True,point,Yorkdale-Glen Park
met,10,7,0.819,5,0.8,1,5,1.0,True,area,Downtown Yonge East
tetsu,6,5,0.818,4,0.833,2,2,0.98,True,point,Yorkdale-Glen Park
bluffs,33,28,0.814,22,0.818,9,4,0.64,False,area,Cliffcrest
mercatto,7,7,0.812,6,0.857,4,3,0.99,True,point,St Lawrence-East Bayfront-The Islands
marlee,11,6,0.811,4,0.818,2,3,0.86,False,point,Yorkdale-Glen Park
economic,6,6,0.809,5,0.833,2,3,1.0,True,point,Yonge-Eglinton
mining,25,12,0.805,8,0.84,2,7,1.0,True,area,Wellington Place
woodbine,60,36,0.804,25,0.817,10,9,0.75,False,area,West Humber-Clairville
wealth,423,84,0.803,47,0.842,18,15,0.99,True,area,St Lawrence-East Bayfront-The Islands
mccowan,16,13,0.802,10,0.812,6,4,0.76,False,area,Bendale South
hanlan,10,8,0.8,6,0.8,3,3,0.36,False,point,St Lawrence-East Bayfront-The Islands
roadsport,6,5,0.8,4,0.833,3,2,0.8,False,point,Dorset Park
goldfinch,5,3,0.8,2,0.8,1,2,0.76,False,point,Westminster-Branson
shaughnessy,5,4,0.8,3,0.8,1,3,0.51,False,point,Henry Farm
thorncrest,5,3,0.8,2,0.8,1,2,0.48,False,point,Princess-Rosethorn
bellwoods,26,17,0.799,12,0.808,3,9,0.97,True,area,Trinity-Bellwoods
yorkgate,5,3,0.799,2,0.8,1,2,0.8,False,point,Black Creek
norfinch,10,6,0.798,5,0.8,2,4,0.84,False,area,Black Creek
aberfoyle,5,3,0.797,2,0.8,1,2,0.95,True,point,Etobicoke City Centre
winchester,5,4,0.797,3,0.8,1,3,0.93,True,point,Cabbagetown-South St.James Town
biology,5,4,0.796,3,0.8,1,3,0.98,True,point,University
cedarbrook,5,5,0.796,4,0.8,2,3,0.53,False,point,Golfdale-Cedarbrae-Woburn
lebovic,5,4,0.795,3,0.8,3,1,0.93,True,point,Clairlea-Birchmount
lrt,37,36,0.794,30,0.838,22,3,0.81,False,point,Glenfield-Jane Heights
distillery,30,10,0.794,5,0.8,2,4,0.98,True,area,St Lawrence-East Bayfront-The Islands
beecroft,5,4,0.794,3,0.8,1,3,0.99,True,point,Lansing-Westgate
crush,7,6,0.792,5,0.857,3,3,0.99,True,point,Wellington Place
je,5,5,0.792,4,0.8,2,2,0.97,True,point,Moss Park
willowdale,46,40,0.791,32,0.826,16,9,0.89,False,area,Newtonbrook West
dixon,32,24,0.79,18,0.812,7,6,0.81,False,area,West Humber-Clairville
clairlea,5,5,0.79,4,0.8,3,2,0.64,False,point,Clairlea-Birchmount
azul,5,5,0.789,4,0.8,3,2,0.93,True,point,Brockton Village
roundhouse,5,3,0.789,2,0.8,1,2,0.9,True,point,Harbourfront-CityPlace
kurdish,5,5,0.788,4,0.8,3,2,0.98,True,point,York University Heights
mccaul,5,4,0.787,3,0.8,2,2,0.98,True,point,Kensington-Chinatown
metrolinx,5,5,0.785,4,0.8,3,2,0.94,True,point,York University Heights
baton,5,5,0.783,4,0.8,3,2,0.61,False,point,Markland Wood
waterworks,5,3,0.783,2,0.8,1,2,0.99,True,point,Kensington-Chinatown
fairbank,14,11,0.782,8,0.786,3,6,0.83,False,area,Briar Hill-Belgravia
greenwood,31,25,0.781,19,0.806,9,6,0.77,False,area,South Riverdale
oriole,14,10,0.778,8,0.857,7,2,0.72,False,point,Yonge-St.Clair
loma,10,7,0.778,5,0.8,3,3,0.95,True,point,Annex
driftwood,9,6,0.777,4,0.778,2,3,0.61,False,point,Black Creek
underhill,9,6,0.777,4,0.778,1,4,0.78,False,area,Parkwoods-O'Connor Hills
mines,5,5,0.777,4,0.8,1,4,1.0,True,area,Financial District
cedarvale,9,9,0.776,7,0.778,2,5,0.69,False,area,Humewood-Cedarvale
kingsway,87,49,0.775,30,0.782,8,11,0.8,False,area,Kingsway South
uhn,14,6,0.775,4,0.786,1,4,0.98,True,area,Yonge-Bay Corridor
laird,9,7,0.775,5,0.778,1,5,0.9,True,area,Leaside-Bennington
windermere,9,8,0.774,6,0.778,2,4,0.74,False,area,Parkdale—High Park
fairview,52,23,0.773,12,0.788,4,5,0.93,True,area,Don Valley Village
mcnicoll,9,9,0.773,7,0.778,4,2,0.75,False,point,Hillcrest Village
astor,9,9,0.768,8,0.889,6,2,1.0,True,point,Wellington Place
greenp,38,36,0.766,30,0.842,23,3,0.83,False,point,The Beaches
bellamy,10,8,0.765,6,0.8,5,2,0.59,False,point,Woburn North
woodsworth,9,6,0.764,4,0.778,2,2,0.78,False,point,University
cfo,5,5,0.763,4,0.8,2,3,1.0,True,point,Financial District
york,1022,591,0.761,478,0.86,133,32,0.83,False,area,York University Heights
junction,87,42,0.759,23,0.782,7,14,0.88,False,area,Parkdale—High Park
grange,10,5,0.754,3,0.8,2,2,0.97,True,point,Kensington-Chinatown
rooftop,11,8,0.753,6,0.818,4,2,0.98,True,point,Wellington Place
bluffers,8,8,0.75,6,0.75,2,3,0.6,False,point,Cliffcrest
donwood,8,3,0.749,2,0.75,1,2,0.78,False,point,Parkwoods-O'Connor Hills
valhalla,8,6,0.749,4,0.75,1,4,0.73,False,area,Islington
graydon,9,7,0.747,5,0.778,2,3,0.73,False,point,Financial District
sunnybrook,20,15,0.746,10,0.75,5,4,0.55,False,area,Bridle Path-Sunnybrook-York Mills
lambton,24,20,0.745,15,0.75,6,9,0.57,False,area,Rockcliffe-Smythe
annette,12,10,0.745,7,0.75,2,4,0.75,False,area,Parkdale—High Park
jane,94,59,0.744,39,0.755,18,5,0.83,False,area,Glenfield-Jane Heights
midland,43,27,0.744,20,0.814,10,4,0.81,False,area,Bendale-Glen Andrew
bay,168,83,0.743,53,0.81,16,21,0.96,True,area,Humber Bay Shores
berkeley,8,5,0.743,3,0.75,1,3,0.98,True,point,Moss Park
eaton,36,14,0.742,7,0.778,3,4,1.0,True,area,Yonge-Bay Corridor
boardwalk,12,11,0.742,8,0.75,2,6,0.81,False,area,The Beaches
markets,9,8,0.742,6,0.778,2,5,1.0,True,area,St Lawrence-East Bayfront-The Islands
redpath,8,6,0.741,4,0.75,1,4,0.99,True,area,North Toronto
carlton,31,17,0.738,10,0.742,4,6,0.98,True,area,Weston-Pelham Park
augusta,9,6,0.736,4,0.778,3,2,0.94,True,point,Kensington Market
goldman,9,6,0.735,4,0.778,2,3,1.0,True,point,Yonge-Bay Corridor
idea,14,13,0.733,10,0.786,6,3,0.99,True,point,Kensington-Chinatown
agincourt,43,29,0.731,19,0.767,9,10,0.78,False,area,Agincourt South-Malvern West
rabbit,11,11,0.731,9,0.818,6,2,0.99,True,point,Financial District
graduate,10,9,0.729,5,0.6,1,5,0.97,True,area,University
summerhill,28,18,0.728,11,0.75,3,8,0.96,True,area,Rosedale-Moore Park
beltline,8,7,0.728,5,0.75,5,1,0.83,False,point,Briar Hill-Belgravia
fairmont,7,6,0.727,5,0.857,3,3,1.0,True,point,Moss Park
centerpoint,11,5,0.725,2,0.727,1,2,0.91,True,point,Newtonbrook West
criminal,66,41,0.723,29,0.818,13,12,0.99,True,area,Yonge-Bay Corridor
adhd,8,7,0.723,5,0.75,3,2,0.99,True,point,Moss Park
don,209,134,0.722,84,0.746,38,14,0.8,False,area,Banbury-Don Mills
tibet,9,7,0.722,5,0.778,3,3,0.97,True,point,Parkdale
cedarbrae,18,12,0.721,7,0.722,1,7,0.83,False,area,Golfdale-Cedarbrae-Woburn
llp,330,125,0.719,73,0.818,17,26,0.99,True,area,Wellington Place
fort,35,24,0.719,15,0.743,5,10,0.97,True,area,Fort York-Liberty Village
concourse,12,5,0.715,4,0.75,1,4,1.0,True,area,Financial District
wedgewood,7,4,0.714,2,0.714,1,2,0.52,False,point,Islington
twelve,5,5,0.714,4,0.8,3,2,0.97,True,point,Avondale
wework,8,7,0.713,5,0.75,1,5,1.0,True,area,Wellington Place
sunnyside,26,18,0.712,11,0.731,3,5,0.75,False,area,Roncesvalles
geary,7,6,0.712,4,0.714,1,4,0.9,False,area,Wallace Emerson
lahore,7,5,0.712,3,0.714,1,3,0.95,True,point,Greenwood-Coxwell
collision,130,96,0.711,73,0.785,41,8,0.84,False,area,York University Heights
inkas,7,4,0.711,2,0.714,1,2,0.71,False,point,Humber Summit
duncan,15,14,0.709,10,0.733,3,6,0.95,True,area,St.Andrew-Windfields
clement,7,6,0.708,4,0.714,2,2,0.81,False,point,Markland Wood
kosher,18,16,0.707,11,0.722,8,2,0.86,False,point,Clanton Park
litigation,15,12,0.707,9,0.8,5,3,1.0,True,point,Lansing-Westgate
mile,23,17,0.706,12,0.739,5,6,0.93,True,area,Wexford
kappa,7,4,0.706,2,0.714,1,2,0.93,True,point,Annex
mae,5,5,0.706,4,0.8,4,1,0.97,True,point,Rosedale-Moore Park
corus,6,4,0.704,2,0.667,1,2,0.82,False,point,St Lawrence-East Bayfront-The Islands
markham,72,44,0.702,29,0.694,12,10,0.88,False,area,Milliken
profile,8,8,0.699,6,0.75,4,3,0.98,True,point,Yonge-Bay Corridor
norseman,10,9,0.698,6,0.7,1,6,0.71,False,area,Stonegate-Queensway
lansdowne,14,10,0.697,7,0.714,4,2,0.87,False,point,Junction Triangle
surface,7,6,0.696,4,0.714,4,1,0.86,False,point,Eringate-Centennial-West Deane
kennedy,72,50,0.695,29,0.708,9,8,0.83,False,area,Dorset Park
madison,19,14,0.695,10,0.789,8,2,0.98,True,point,Annex
sunlite,10,5,0.694,2,0.7,1,2,0.92,True,point,Banbury-Don Mills
munk,7,6,0.693,4,0.714,2,2,0.97,True,point,University
whitney,8,8,0.689,6,0.75,6,1,0.87,False,point,Rosedale-Moore Park
dennis,23,18,0.688,11,0.696,4,3,0.72,False,point,Mount Dennis
queens,53,34,0.687,19,0.717,7,12,0.96,True,area,St Lawrence-East Bayfront-The Islands
forest,149,86,0.686,48,0.698,17,15,0.86,False,area,Forest Hill South
chaim,7,7,0.685,5,0.714,5,1,0.73,False,point,Yorkdale-Glen Park
badger,5,5,0.684,4,0.8,2,3,1.0,True,point,Wellington Place
locationid,27,26,0.683,20,0.778,15,2,0.79,False,point,The Beaches
department,68,45,0.682,27,0.735,9,14,0.97,True,area,University
yacht,37,34,0.681,24,0.73,14,4,0.61,False,area,South Riverdale
kinesiology,5,5,0.681,4,0.8,4,1,0.98,True,point,University
beach,180,114,0.679,63,0.689,25,24,0.69,False,area,The Beaches
broad,8,8,0.678,6,0.75,5,2,0.95,True,point,Financial District
maverick,9,9,0.676,7,0.778,6,2,0.99,True,point,Wellington Place
bbs,7,7,0.673,5,0.714,4,2,0.95,True,point,Parkdale
studies,57,35,0.672,20,0.702,5,9,0.97,True,area,York University Heights
parliament,29,19,0.672,11,0.69,2,9,0.92,True,area,Moss Park
private,442,81,0.67,33,0.708,13,14,0.99,True,area,Wellington Place
terminals,5,5,0.67,4,0.8,3,2,0.84,False,point,West Humber-Clairville
midtown,82,54,0.667,34,0.695,13,17,0.96,True,area,Yonge-Eglinton
baldwin,13,8,0.667,4,0.692,3,2,0.97,True,point,Kensington-Chinatown
connor,29,22,0.666,14,0.724,7,4,0.87,False,area,O'Connor-Parkview
zoo,9,8,0.666,5,0.667,2,4,0.36,False,area,Morningside Heights
knob,6,6,0.666,4,0.667,1,4,0.52,False,area,Bendale South
outer,6,4,0.666,2,0.667,1,2,0.57,False,point,South Riverdale
cliffcrest,6,5,0.665,3,0.667,2,2,0.8,False,point,Cliffcrest
neilson,9,7,0.664,4,0.667,2,2,0.69,False,point,Malvern West
reinsurance,7,6,0.664,4,0.714,1,4,1.0,True,area,Financial District
scarlett,15,13,0.663,9,0.667,4,5,0.59,False,area,Rockcliffe-Smythe
dawes,9,4,0.663,2,0.667,1,2,0.82,False,point,O'Connor-Parkview
bangladeshi,6,5,0.663,3,0.667,1,3,0.94,True,point,Taylor-Massey
danube,6,4,0.663,2,0.667,1,2,0.69,False,point,Woburn North
glencairn,6,6,0.663,4,0.667,2,3,0.61,False,point,Yorkdale-Glen Park
milvan,6,5,0.663,3,0.667,2,2,0.9,False,point,Humber Summit
norway,6,4,0.663,2,0.667,2,1,0.64,False,point,Woodbine Corridor
simcoe,19,12,0.662,6,0.684,1,6,0.99,True,area,Wellington Place
webster,9,7,0.662,4,0.667,2,2,0.74,False,point,East End-Danforth
exhibition,9,8,0.661,5,0.667,2,3,0.76,False,point,Fort York-Liberty Village
bickford,6,5,0.661,3,0.667,1,3,0.85,False,point,Palmerston-Little Italy
victoria,132,86,0.66,51,0.72,19,11,0.84,False,area,Wexford
garrison,13,11,0.66,7,0.692,3,5,0.93,True,area,Fort York-Liberty Village
hashmi,6,6,0.66,4,0.667,2,2,0.94,True,point,Bendale South
luggage,27,25,0.659,19,0.778,8,7,0.98,True,area,Wellington Place
models,12,11,0.659,8,0.75,4,4,0.99,True,area,Wellington Place
dhaka,9,7,0.659,5,0.667,3,3,0.93,True,point,Oakridge
walmer,9,7,0.659,4,0.667,2,3,0.95,True,point,Annex
faculty,24,18,0.658,11,0.667,2,10,0.97,True,area,University
italy,24,14,0.658,6,0.667,2,5,0.96,True,area,Trinity-Bellwoods
birmingham,7,5,0.657,4,0.714,4,1,0.92,True,point,New Toronto
bayside,9,4,0.656,2,0.667,1,2,0.71,False,point,South Riverdale
canary,21,11,0.655,4,0.667,2,3,0.93,True,point,St Lawrence-East Bayfront-The Islands
phi,9,6,0.655,3,0.667,1,3,0.95,True,point,Annex
east,437,319,0.654,229,0.757,66,35,0.85,False,area,South Riverdale
wagner,5,5,0.654,4,0.8,4,1,1.0,True,point,Yonge-Bay Corridor
liberty,139,73,0.651,28,0.669,10,13,0.93,True,area,Fort York-Liberty Village
gladstone,9,7,0.651,4,0.667,2,3,0.97,True,point,Little Portugal
obsidian,6,6,0.649,4,0.667,3,2,0.8,False,point,South Riverdale
raymond,67,22,0.648,10,0.746,5,6,1.0,True,area,St Lawrence-East Bayfront-The Islands
paan,12,10,0.647,6,0.667,5,2,0.93,True,point,Greenwood-Coxwell
churrasqueira,14,13,0.646,9,0.714,7,2,0.91,True,point,Brookhaven-Amesbury
sinai,17,8,0.645,5,0.706,3,3,0.99,True,point,Yonge-Bay Corridor
advisory,66,27,0.644,13,0.742,5,8,1.0,True,area,Financial District
won,6,5,0.642,3,0.667,2,2,0.98,True,point,Willowdale West
west,612,366,0.639,245,0.752,76,50,0.88,False,area,Parkdale—High Park
broadway,14,8,0.634,4,0.643,1,4,0.94,True,area,North Toronto
dos,7,7,0.634,5,0.714,4,2,0.96,True,point,Little Portugal
queen,302,162,0.633,90,0.699,26,27,0.95,True,area,South Riverdale
waterfront,44,31,0.63,18,0.682,4,10,0.93,True,area,Humber Bay Shores
merrill,7,6,0.626,4,0.714,3,2,1.0,True,point,Financial District
hillcrest,25,16,0.625,9,0.64,4,4,0.89,False,area,Wychwood
beverly,12,10,0.624,5,0.583,2,3,0.64,False,point,Oakdale-Beverley Heights
singer,11,11,0.624,8,0.727,5,2,0.99,True,point,Bayview Village
skymark,8,6,0.624,3,0.625,1,3,0.81,False,point,Hillcrest Village
bales,8,7,0.623,4,0.625,2,3,0.77,False,point,Lansing-Westgate
colonel,8,6,0.623,3,0.625,2,2,0.56,False,point,New Toronto
demetrius,8,5,0.623,2,0.625,1,2,0.71,False,point,Humber Heights-Westmount
northview,8,6,0.623,3,0.625,1,3,0.79,False,point,Westminster-Branson
marsh,6,6,0.623,4,0.667,1,4,1.0,True,area,Financial District
tuxedo,8,5,0.622,3,0.625,1,3,0.81,False,point,Woburn North
adidas,7,6,0.622,4,0.714,3,2,1.0,True,point,Wellington Place
servicemaster,8,5,0.621,2,0.625,1,2,0.9,True,point,West Humber-Clairville
richmond,55,32,0.616,17,0.727,6,11,0.99,True,area,Wellington Place
jewelers,6,5,0.615,3,0.667,1,3,1.0,True,point,Downtown Yonge East
parkside,11,10,0.614,6,0.636,5,2,0.98,True,point,Parkdale—High Park
westmount,8,7,0.614,4,0.625,2,3,0.42,False,point,Humber Heights-Westmount
christie,33,23,0.611,10,0.606,3,7,0.94,True,area,Dovercourt Village
bold,10,10,0.611,6,0.6,4,3,1.0,True,point,Wellington Place
risk,24,21,0.61,13,0.667,4,8,1.0,True,area,Wellington Place
yazdani,6,5,0.609,3,0.667,3,1,0.99,True,point,Willowdale West
hullmark,8,6,0.608,3,0.625,1,3,1.0,True,point,Avondale
amr,6,6,0.608,5,0.833,5,1,1.0,True,point,York University Heights
registrar,5,5,0.608,3,0.6,2,2,0.97,True,point,University
partnership,15,14,0.605,10,0.667,6,4,0.99,True,area,Wellington Place
periodontics,9,9,0.605,6,0.667,4,2,0.99,True,point,Willowdale West
motors,139,118,0.604,79,0.712,39,14,0.85,False,area,York University Heights
concord,22,18,0.604,12,0.636,5,3,0.95,True,point,York University Heights
emery,14,12,0.603,7,0.643,5,2,0.72,False,point,Humbermede
avondale,13,9,0.603,4,0.615,1,4,0.68,False,area,St.Andrew-Windfields
document,5,5,0.602,4,0.8,4,1,1.0,True,point,Lansing-Westgate
mount,70,54,0.601,30,0.657,14,7,0.87,False,area,Mount Pleasant East
proposals,7,6,0.601,4,0.714,4,1,0.92,True,point,Agincourt South-Malvern West
hill,227,148,0.6,76,0.621,27,16,0.84,False,area,West Hill
curl,9,9,0.6,6,0.667,6,1,0.94,True,point,East End-Danforth
gibraltar,5,4,0.6,2,0.6,1,2,0.39,False,point,St Lawrence-East Bayfront-The Islands
kingsview,10,9,0.599,5,0.6,1,5,0.66,False,area,Kingsview Village-The Westway
crestview,5,4,0.599,2,0.6,1,2,0.62,False,point,Don Valley Village
seneca,25,16,0.598,6,0.6,1,6,0.59,False,area,Don Valley Village
pond,16,14,0.598,8,0.625,6,3,0.7,False,point,York University Heights
kupfert,7,7,0.598,5,0.714,4,2,1.0,True,point,Wellington Place
bridletowne,5,5,0.598,3,0.6,1,3,0.82,False,point,L'Amoreaux West
nai,5,5,0.598,3,0.6,1,3,0.84,False,point,Clanton Park
woburn,5,4,0.598,2,0.6,1,2,0.62,False,point,Woburn North
orfus,5,5,0.597,3,0.6,1,3,0.89,False,point,Yorkdale-Glen Park
sentinel,5,5,0.597,3,0.6,3,1,0.39,False,point,York University Heights
wreckers,5,4,0.597,2,0.6,1,2,0.74,False,point,Rockcliffe-Smythe
apotex,5,3,0.596,2,0.6,1,2,0.71,False,point,Humber Summit
huntingwood,5,5,0.596,3,0.6,2,2,0.64,False,point,Tam O'Shanter-Sullivan
jameson,5,5,0.595,3,0.6,1,3,0.95,True,point,Parkdale
highland,38,29,0.593,14,0.579,7,4,0.45,False,area,Highland Creek
colt,6,6,0.593,4,0.667,3,2,1.0,True,point,Financial District
coliseum,5,4,0.593,2,0.6,1,2,0.71,False,point,Fort York-Liberty Village
sloane,5,4,0.593,2,0.6,2,1,0.6,False,point,Victoria Village
parts,136,118,0.592,76,0.676,43,5,0.85,False,area,West Humber-Clairville
empress,16,9,0.592,3,0.625,1,3,0.99,True,point,Willowdale West
lakeview,14,12,0.592,9,0.714,8,2,0.92,True,point,Stonegate-Queensway
hyde,9,9,0.592,6,0.667,5,2,0.9,True,point,Thorncliffe Park
morse,5,4,0.591,2,0.6,1,2,0.93,True,point,South Riverdale
linden,5,5,0.59,3,0.6,2,2,0.99,True,point,Moss Park
humberview,15,12,0.589,6,0.6,3,2,0.78,False,point,Etobicoke City Centre
lanes,10,6,0.588,2,0.6,2,1,0.92,True,point,York University Heights
wallace,21,16,0.587,8,0.619,5,3,0.9,True,point,Junction Triangle
heron,10,8,0.587,4,0.6,2,2,0.75,False,point,West Hill
promed,8,5,0.587,2,0.625,2,1,0.96,True,point,York University Heights
sickkids,7,5,0.587,2,0.571,1,2,0.98,True,point,Yonge-Bay Corridor
abell,5,4,0.587,2,0.6,1,2,0.98,True,point,Little Portugal
lisgar,5,4,0.587,2,0.6,1,2,0.98,True,point,Little Portugal
sunnylea,5,5,0.587,3,0.6,3,1,0.63,False,point,Stonegate-Queensway
brasserie,6,6,0.585,4,0.667,3,2,1.0,True,point,Wellington Place
manning,5,4,0.585,3,0.8,3,1,0.87,False,point,Palmerston-Little Italy
tourism,16,12,0.584,7,0.688,4,3,1.0,True,point,Wellington Place
wigs,8,8,0.584,5,0.625,3,3,0.98,True,point,Annex
ramsden,5,5,0.583,3,0.6,1,3,0.98,True,point,Annex
mall,158,101,0.582,55,0.646,29,9,0.85,False,area,Etobicoke City Centre
student,77,54,0.582,30,0.649,8,9,0.97,True,area,University
securities,52,25,0.581,13,0.692,4,7,0.99,True,area,Financial District
korea,17,14,0.581,9,0.706,4,3,1.0,True,point,Yonge-Bay Corridor
cassandra,12,11,0.581,6,0.583,2,3,0.43,False,point,Parkwoods-O'Connor Hills
cartier,5,5,0.58,3,0.6,3,1,0.97,True,point,Yorkdale-Glen Park
research,138,99,0.578,62,0.717,20,30,0.98,True,area,Yonge-Bay Corridor
smoking,5,5,0.578,3,0.6,1,3,1.0,True,point,Annex
seton,5,5,0.575,3,0.6,3,1,0.54,False,point,Flemingdon Park
brooks,12,12,0.574,9,0.75,7,2,0.95,True,point,Financial District
bulldog,7,7,0.574,4,0.571,3,2,0.98,True,point,Banbury-Don Mills
stonegate,10,6,0.572,2,0.6,2,1,0.76,False,point,Stonegate-Queensway
guadalupe,5,5,0.572,3,0.6,3,1,0.85,False,point,Keelesdale-Eglinton West
lebanese,8,8,0.569,5,0.625,2,3,1.0,True,point,Financial District
parkway,34,24,0.568,10,0.588,3,4,0.85,False,area,Henry Farm
soho,21,17,0.568,9,0.619,3,5,0.99,True,area,Wellington Place
riverside,17,11,0.567,4,0.588,2,3,0.93,True,point,South Riverdale
ministere,5,5,0.567,3,0.6,1,3,1.0,True,point,Yonge-Bay Corridor
oakdale,7,7,0.566,4,0.571,3,2,0.69,False,point,Glenfield-Jane Heights
moses,5,5,0.564,3,0.6,3,1,0.98,True,point,Wellington Place
vintage,100,76,0.563,45,0.68,18,9,0.96,True,area,Little Portugal
leslie,53,40,0.563,19,0.604,11,4,0.88,False,area,South Riverdale
ervanaria,8,8,0.563,5,0.625,5,1,0.94,True,point,Keelesdale-Eglinton West
fortinos,7,4,0.562,2,0.571,2,1,0.8,False,point,West Humber-Clairville
barnabas,5,4,0.562,2,0.6,2,1,0.7,False,point,Malvern West
chestnut,19,9,0.561,3,0.579,2,2,0.79,False,point,Rosedale-Moore Park
woodgreen,16,14,0.561,8,0.625,5,4,0.91,True,area,South Riverdale
brunswick,7,7,0.561,4,0.571,1,4,0.89,False,area,University
mg,7,7,0.561,4,0.571,3,2,0.88,False,point,Humber Summit
diamonds,58,29,0.56,8,0.621,2,6,1.0,True,area,Downtown Yonge East
dineen,8,7,0.559,4,0.625,1,4,1.0,True,area,Financial District
workhaus,5,5,0.559,3,0.6,2,2,1.0,True,point,Financial District
village,415,269,0.558,150,0.646,65,11,0.87,False,area,Parkdale—High Park
deer,14,9,0.558,3,0.571,1,3,0.98,True,point,Rosedale-Moore Park
brake,10,10,0.557,6,0.6,6,1,0.9,False,point,York University Heights
westwood,7,7,0.557,4,0.571,3,2,0.87,False,point,West Humber-Clairville
metals,21,18,0.556,10,0.619,3,6,1.0,True,area,Financial District
wilson,91,64,0.555,27,0.571,11,6,0.84,False,area,Clanton Park
exploration,8,7,0.555,4,0.625,1,4,1.0,True,area,Financial District
rolltation,8,8,0.555,5,0.625,4,2,1.0,True,point,Yonge-Bay Corridor
refugees,5,5,0.555,3,0.6,3,1,0.94,True,point,Cabbagetown-South St.James Town
veggie,5,5,0.554,3,0.6,2,2,0.99,True,point,Wellington Place
charters,11,10,0.553,5,0.545,3,2,0.75,False,point,South Riverdale
row,6,6,0.553,4,0.667,3,2,0.96,True,point,Financial District
ef,5,4,0.553,2,0.6,1,2,1.0,True,point,Rosedale-Moore Park
uptown,41,29,0.552,19,0.707,14,5,0.99,True,area,Lawrence Park South
clinton,7,6,0.552,3,0.571,2,2,0.99,True,point,Palmerston-Little Italy
north,874,547,0.55,300,0.632,98,39,0.83,False,area,York University Heights
immaculate,7,6,0.55,4,0.571,4,1,0.77,False,point,Agincourt South-Malvern West
cn,19,14,0.549,7,0.632,3,4,0.99,True,area,Harbourfront-CityPlace
tackle,7,7,0.549,4,0.571,3,2,0.95,True,point,Tam O'Shanter-Sullivan
google,6,5,0.547,3,0.667,2,2,1.0,True,point,Wellington Place
bixi,5,5,0.546,3,0.6,3,1,0.97,True,point,Church-Wellesley
workforce,14,13,0.545,8,0.643,6,2,0.97,True,point,West Humber-Clairville
animation,14,14,0.544,8,0.571,8,1,0.98,True,point,Wellington Place
gfl,14,12,0.544,6,0.571,5,2,0.65,False,point,Humber Summit
berczy,5,4,0.543,2,0.6,1,2,0.99,True,point,Downtown Yonge East
portugal,7,6,0.542,3,0.571,3,1,0.97,True,point,Little Portugal
thomson,26,20,0.54,11,0.654,5,4,0.99,True,area,West Humber-Clairville
bangladesh,12,11,0.539,6,0.583,4,3,0.89,False,point,Taylor-Massey
newstands,10,8,0.539,4,0.6,2,2,0.99,True,point,Yonge-Bay Corridor
coptic,7,6,0.535,4,0.571,3,2,0.8,False,point,University
shiatsu,16,15,0.534,10,0.625,7,2,0.99,True,point,Wellington Place
condos,343,215,0.533,121,0.65,31,34,0.96,True,area,St Lawrence-East Bayfront-The Islands
automotive,240,202,0.533,121,0.629,57,8,0.84,False,area,York University Heights
lakeside,19,18,0.532,10,0.579,6,2,0.88,False,point,St Lawrence-East Bayfront-The Islands
altus,5,5,0.532,3,0.6,1,3,1.0,True,point,Financial District
creek,93,82,0.531,44,0.581,28,4,0.67,False,area,Highland Creek
consulate,78,56,0.53,30,0.641,8,9,0.99,True,area,Yonge-Bay Corridor
glen,61,51,0.53,26,0.59,17,3,0.62,False,point,Yorkdale-Glen Park
brimley,22,15,0.53,10,0.545,4,4,0.68,False,area,Bendale-Glen Andrew
gardiner,11,10,0.53,7,0.727,6,2,1.0,True,point,Wellington Place
airport,122,96,0.529,46,0.541,16,12,0.77,False,area,West Humber-Clairville
leah,8,8,0.526,5,0.625,3,3,0.99,True,point,Wellington Place
mailing,7,6,0.526,4,0.571,4,1,0.88,False,point,York University Heights
roofs,9,8,0.525,4,0.556,3,2,0.86,False,point,Humber Summit
tower,101,76,0.523,44,0.673,9,23,0.99,True,area,Wellington Place
rouge,89,67,0.523,31,0.528,17,5,0.49,False,area,West Rouge
transplant,18,17,0.523,11,0.667,6,3,0.99,True,point,Financial District
noir,5,5,0.522,2,0.4,2,1,0.97,True,point,Briar Hill-Belgravia
schwarz,5,4,0.522,2,0.6,2,1,0.98,True,point,South Eglinton-Davisville
shore,32,29,0.521,14,0.5,5,8,0.86,False,area,Humber Bay Shores
exhaust,27,24,0.521,13,0.593,11,2,0.8,False,point,Humber Summit
hodgson,6,6,0.521,4,0.667,3,2,0.91,True,point,Mount Pleasant East
jewish,29,24,0.52,12,0.552,5,3,0.83,False,point,Annex
presotea,6,6,0.519,4,0.667,4,1,1.0,True,point,Yonge-Bay Corridor
iii,7,7,0.517,4,0.571,3,2,0.97,True,point,Harbourfront-CityPlace
james,166,103,0.516,46,0.62,18,15,0.97,True,area,Wellington Place
moss,19,15,0.516,6,0.526,2,4,0.98,True,area,Moss Park
heights,100,85,0.515,47,0.57,28,6,0.56,False,area,Yorkdale-Glen Park
rancho,7,7,0.515,4,0.571,4,1,0.97,True,point,Junction Triangle
argo,5,5,0.515,3,0.6,2,2,1.0,True,point,Wellington Place
investment,360,104,0.514,28,0.567,14,11,0.99,True,area,Yonge-Doris
furniture,322,242,0.514,129,0.578,56,7,0.86,False,area,West Humber-Clairville
roland,7,7,0.511,4,0.571,1,4,1.0,True,area,Wellington Place
gonzalez,7,7,0.51,4,0.571,3,2,0.89,False,point,Humbermede
urbane,5,5,0.51,3,0.6,2,2,1.0,True,point,Yonge-Bay Corridor
coworking,11,11,0.509,7,0.636,3,3,1.0,True,point,Financial District
contemporary,38,37,0.507,21,0.553,14,2,0.94,True,point,Junction Triangle
tong,15,15,0.507,9,0.6,6,2,0.98,True,point,South Riverdale
billy,16,12,0.506,4,0.5,1,4,0.75,False,area,St Lawrence-East Bayfront-The Islands
hazelton,13,9,0.506,3,0.538,1,3,0.98,True,point,Annex
adults,6,6,0.505,3,0.5,2,2,0.98,True,point,Junction Triangle
port,39,30,0.504,12,0.538,8,3,0.55,False,point,West Rouge
knightsbridge,10,9,0.504,5,0.6,1,5,1.0,True,area,Financial District
produce,42,31,0.502,13,0.524,9,3,0.83,False,point,Stonegate-Queensway
beverley,11,10,0.501,5,0.545,1,5,0.97,True,area,Kensington-Chinatown
funds,14,12,0.5,6,0.571,1,6,1.0,True,area,Financial District
recruiters,10,10,0.5,6,0.6,3,4,1.0,True,area,Financial District
middlefield,6,6,0.497,3,0.5,1,3,0.91,True,point,Agincourt North
reve,6,4,0.497,2,0.667,2,1,0.99,True,point,Wellington Place
secord,10,7,0.496,2,0.5,1,2,0.72,False,point,East End-Danforth
ingram,6,5,0.496,3,0.5,1,3,0.89,False,point,Brookhaven-Amesbury
noodle,57,40,0.495,21,0.632,12,3,0.98,True,point,Yonge-Bay Corridor
thornhill,16,12,0.495,5,0.562,4,2,0.86,False,point,Newtonbrook West
sole,15,15,0.495,8,0.533,6,2,0.92,True,point,Little Portugal
aga,6,6,0.495,3,0.5,1,3,0.86,False,point,Banbury-Don Mills
high,218,161,0.494,58,0.486,12,43,0.86,False,area,Parkdale—High Park
casting,27,23,0.494,14,0.63,10,3,0.98,True,point,South Riverdale
amica,8,7,0.494,3,0.5,1,3,0.92,True,point,Bayview Village
bais,6,6,0.494,3,0.5,2,2,0.86,False,point,Englemount-Lawrence
mabelle,8,7,0.493,3,0.5,1,3,0.83,False,point,Etobicoke City Centre
proof,7,6,0.493,3,0.571,2,2,1.0,True,point,Rosedale-Moore Park
iqbal,8,7,0.492,3,0.5,2,2,0.65,False,point,Thorncliffe Park
mennonite,6,4,0.492,2,0.5,1,2,0.88,False,point,Danforth
soup,5,5,0.492,3,0.6,2,2,1.0,True,point,Financial District
corners,6,5,0.491,2,0.5,1,2,0.88,False,point,Malvern East
mccormick,6,5,0.491,2,0.5,1,2,0.81,False,point,Little Portugal
suites,95,72,0.49,39,0.632,14,13,0.98,True,area,Wellington Place
waverley,6,5,0.49,2,0.5,1,2,0.78,False,point,The Beaches
shores,8,8,0.489,4,0.5,2,2,0.96,True,point,East End-Danforth
aids,12,10,0.488,6,0.583,5,2,0.99,True,point,Moss Park
consumers,12,11,0.488,5,0.5,1,5,0.89,False,area,Henry Farm
sina,8,6,0.488,2,0.5,1,2,0.71,False,point,Newtonbrook East
ceo,6,6,0.488,4,0.667,3,2,1.0,True,point,Financial District
furnished,30,26,0.487,15,0.633,6,8,0.99,True,area,Harbourfront-CityPlace
ridley,6,6,0.485,3,0.5,3,1,0.93,True,point,Bedford Park-Nortown
asset,35,24,0.484,9,0.543,2,8,1.0,True,area,Financial District
huron,10,7,0.484,3,0.5,1,3,0.95,True,point,Annex
anonymous,6,6,0.484,3,0.5,1,3,0.99,True,point,Annex
harding,10,10,0.483,5,0.5,3,3,0.57,False,point,Brookhaven-Amesbury
manila,12,10,0.482,4,0.5,2,3,0.93,True,point,Clanton Park
points,18,12,0.481,3,0.5,2,2,0.89,False,point,Etobicoke City Centre
title,5,5,0.481,3,0.6,2,2,1.0,True,point,Financial District
seaton,6,6,0.48,3,0.5,1,3,0.92,True,point,Moss Park
earl,18,15,0.479,6,0.5,4,3,0.71,False,point,Lansing-Westgate
continuing,10,10,0.479,6,0.6,4,2,0.98,True,point,York University Heights
implants,6,6,0.479,3,0.5,1,3,0.99,True,point,Willowdale West
winds,6,5,0.479,2,0.5,2,1,0.83,False,point,York University Heights
indigenous,19,16,0.478,6,0.421,5,2,0.97,True,point,University
scavenger,5,5,0.478,3,0.6,2,2,1.0,True,point,Financial District
college,522,284,0.477,108,0.515,26,49,0.94,True,area,University
mansion,8,7,0.476,3,0.5,1,3,0.98,True,point,North St.James Town
untitled,5,5,0.476,2,0.4,2,1,0.96,True,point,South Riverdale
gundy,5,5,0.475,3,0.6,2,2,1.0,True,point,Financial District
massey,17,13,0.474,9,0.647,4,5,1.0,True,area,Financial District
grout,6,6,0.474,2,0.333,2,1,0.73,False,point,Corso Italia-Davenport
rhema,6,6,0.474,3,0.5,3,1,0.74,False,point,Downsview
millwork,26,26,0.473,13,0.5,8,2,0.91,True,point,Humber Summit
chemical,10,9,0.473,4,0.5,2,2,0.81,False,point,West Humber-Clairville
clutch,7,6,0.473,3,0.429,2,2,0.99,True,point,Moss Park
poly,7,7,0.471,3,0.429,2,2,0.86,False,point,York University Heights
ktv,6,5,0.471,2,0.5,2,1,0.92,True,point,Agincourt South-Malvern West
capital,239,125,0.47,44,0.523,17,12,0.98,True,area,Annex
banking,200,65,0.47,11,0.585,4,5,1.0,True,area,Financial District
stacey,10,10,0.47,6,0.6,3,2,0.99,True,point,South Riverdale
swipe,5,5,0.47,3,0.6,2,2,1.0,True,point,Downtown Yonge East
egg,16,16,0.469,8,0.5,3,5,0.99,True,area,Yonge-Bay Corridor
sum,10,10,0.469,5,0.5,2,3,0.98,True,point,Kensington Market
pickering,7,6,0.469,4,0.571,3,2,0.96,True,point,West Rouge
recruitment,58,41,0.468,17,0.569,6,8,1.0,True,area,Wellington Place
surfaces,6,6,0.468,3,0.5,2,2,0.9,False,point,Briar Hill-Belgravia
ministries,140,122,0.467,59,0.543,35,6,0.85,False,area,York University Heights
ulc,14,14,0.467,8,0.571,5,3,0.95,True,point,Financial District
cardiovascular,6,6,0.467,3,0.5,1,3,0.98,True,point,Yonge-Bay Corridor
elm,20,15,0.466,5,0.5,2,4,0.99,True,area,Yonge-Bay Corridor
managers,8,7,0.466,3,0.5,1,3,1.0,True,point,Financial District
brendan,6,5,0.466,3,0.5,1,3,1.0,True,point,Annex
dim,12,11,0.465,5,0.5,2,3,0.98,True,point,Kensington Market
mediterranean,28,28,0.464,14,0.5,7,3,0.97,True,point,Yonge-Bay Corridor
progress,31,26,0.463,11,0.387,6,3,0.78,False,point,Woburn North
evans,18,16,0.463,8,0.556,5,3,0.83,False,point,Alderwood
convention,25,21,0.461,10,0.56,6,4,0.75,False,area,West Humber-Clairville
centennial,65,53,0.46,26,0.508,10,11,0.57,False,area,Eringate-Centennial-West Deane
cars,109,94,0.459,47,0.55,28,5,0.88,False,area,York University Heights
island,99,85,0.459,29,0.434,9,10,0.56,False,area,St Lawrence-East Bayfront-The Islands
worth,8,8,0.459,4,0.5,2,2,0.98,True,point,Trinity-Bellwoods
aisle,9,8,0.458,4,0.556,4,1,0.94,True,point,St Lawrence-East Bayfront-The Islands
ukrainian,56,40,0.457,22,0.589,13,3,0.87,False,point,Parkdale—High Park
lobby,6,6,0.457,3,0.5,1,3,0.99,True,point,Wellington Place
andrews,13,13,0.455,6,0.462,3,3,0.33,False,point,Bendale-Glen Andrew
katherine,6,6,0.455,3,0.5,2,2,0.97,True,point,Rosedale-Moore Park
exchange,113,80,0.453,33,0.566,12,10,0.98,True,area,Yorkdale-Glen Park
jays,16,12,0.451,4,0.5,1,4,0.99,True,area,Harbourfront-CityPlace
lawyer,120,80,0.449,31,0.55,10,13,0.99,True,area,Yonge-Bay Corridor
showroom,20,18,0.449,8,0.5,5,2,0.95,True,point,Alderwood
circuit,16,15,0.449,6,0.438,6,1,0.83,False,point,Milliken
bodywork,8,8,0.448,4,0.5,2,2,0.99,True,point,University
imprint,6,6,0.448,4,0.667,4,1,0.93,True,point,Hillcrest Village
vein,7,6,0.446,3,0.571,3,1,0.98,True,point,Annex
uncle,23,22,0.444,11,0.522,9,2,0.97,True,point,Yorkdale-Glen Park
brookfield,21,11,0.444,5,0.714,3,3,1.0,True,point,Financial District
eastside,8,8,0.444,4,0.5,3,2,0.88,False,point,South Riverdale
lansing,6,5,0.444,3,0.5,2,2,0.86,False,point,Lansing-Westgate
jtb,5,5,0.444,2,0.4,1,2,0.95,True,point,York University Heights
industries,93,85,0.443,38,0.462,20,5,0.82,False,area,Humber Summit
lp,19,17,0.443,9,0.579,3,7,1.0,True,area,Wellington Place
bullion,12,11,0.442,6,0.5,4,2,0.96,True,point,York University Heights
harrison,25,19,0.441,5,0.4,4,2,0.57,False,point,St.Andrew-Windfields
wei,13,12,0.441,6,0.538,4,2,0.99,True,point,Lansing-Westgate
mcgregor,9,7,0.441,3,0.444,1,3,0.7,False,point,Dorset Park
brickworks,6,5,0.441,2,0.5,2,1,0.78,False,point,Broadview North
comedy,27,24,0.44,11,0.444,6,3,0.98,True,point,Dovercourt Village
tees,6,5,0.44,2,0.5,1,2,1.0,True,point,Wellington Place
muffler,27,25,0.439,12,0.519,8,3,0.9,True,point,Dorset Park
martingrove,9,7,0.439,3,0.444,3,1,0.36,False,point,Eringate-Centennial-West Deane
lower,21,19,0.438,8,0.476,5,3,0.81,False,point,St Lawrence-East Bayfront-The Islands
slate,6,6,0.438,4,0.667,3,2,1.0,True,point,Financial District
southside,10,10,0.437,5,0.5,5,1,0.88,False,point,New Toronto
gay,8,8,0.435,4,0.5,3,2,0.98,True,point,Church-Wellesley
opera,12,12,0.433,8,0.667,6,2,0.98,True,point,South Riverdale
dumplings,10,8,0.433,3,0.5,2,2,0.99,True,point,Kensington-Chinatown
trail,80,74,0.432,35,0.487,24,3,0.54,False,point,Morningside Heights
resources,67,45,0.432,14,0.522,4,10,1.0,True,area,Financial District
nickel,9,8,0.431,5,0.556,2,4,1.0,True,area,Financial District
context,5,5,0.43,2,0.4,1,2,1.0,True,point,Downtown Yonge East
comforcare,6,6,0.429,4,0.667,4,1,0.99,True,point,Yonge-Bay Corridor
iq,24,20,0.428,10,0.583,3,7,1.0,True,area,Wellington Place
critical,8,8,0.425,5,0.625,4,2,1.0,True,point,Wellington Place
forensic,8,8,0.425,3,0.375,2,2,0.89,False,point,Downsview
neptune,7,5,0.425,3,0.429,1,3,0.6,False,point,Englemount-Lawrence
uc,5,5,0.425,2,0.4,1,2,0.96,True,point,University
loft,72,65,0.424,31,0.486,14,8,0.96,True,area,Wellington Place
cemetery,31,27,0.424,11,0.452,7,3,0.72,False,point,Mount Pleasant East
railway,15,14,0.424,7,0.533,2,6,0.99,True,area,Harbourfront-CityPlace
insights,11,11,0.424,5,0.455,2,4,1.0,True,area,Financial District
sing,6,6,0.424,3,0.5,2,2,0.99,True,point,Kensington-Chinatown
mrkt,5,5,0.424,2,0.4,1,2,0.99,True,point,Kensington Market
lawyers,142,92,0.422,35,0.514,9,14,0.99,True,area,Yonge-Bay Corridor
plate,13,12,0.422,5,0.462,4,2,0.76,False,point,West Humber-Clairville
aboriginal,10,9,0.422,4,0.5,3,2,0.99,True,point,Yonge-Bay Corridor
neon,16,16,0.421,8,0.5,6,2,0.97,True,point,Wallace Emerson
tattoo,186,138,0.42,62,0.489,24,9,0.96,True,area,South Riverdale
chelsea,12,10,0.42,4,0.5,2,2,0.99,True,point,Yonge-Bay Corridor
architects,158,119,0.418,49,0.475,18,11,0.95,True,area,Wellington Place
pier,20,14,0.418,7,0.55,5,2,0.96,True,point,Wellington Place
bijou,8,7,0.418,3,0.375,1,3,1.0,True,point,Wellington Place
wells,7,6,0.418,2,0.429,1,2,0.85,False,point,Casa Loma
government,18,17,0.417,7,0.389,4,2,0.96,True,point,Bay-Cloverhill
mayfair,14,13,0.417,5,0.429,2,3,0.87,False,point,South Riverdale
equipment,130,119,0.416,59,0.477,36,4,0.81,False,area,Etobicoke City Centre
bishop,25,20,0.416,6,0.4,2,4,0.81,False,area,St Lawrence-East Bayfront-The Islands
town,128,93,0.414,31,0.422,13,7,0.89,False,area,Bendale-Glen Andrew
ramen,64,51,0.414,23,0.484,7,4,0.99,True,area,Kensington-Chinatown
ravine,35,33,0.414,16,0.457,13,2,0.47,False,point,Rosedale-Moore Park
sts,7,6,0.414,2,0.429,1,2,0.87,False,point,Agincourt South-Malvern West
emotional,5,5,0.414,2,0.4,1,2,0.98,True,point,University
johnston,23,18,0.413,9,0.609,8,2,0.97,True,point,South Eglinton-Davisville
yorkland,7,6,0.412,2,0.429,1,2,0.94,True,point,Henry Farm
indigo,60,51,0.411,24,0.467,9,7,0.98,True,area,Etobicoke City Centre
druxy,20,20,0.411,8,0.4,3,5,0.98,True,area,Yonge-Bay Corridor
recruiting,24,21,0.41,11,0.583,4,3,1.0,True,point,Financial District
amsterdam,7,6,0.41,3,0.429,2,2,0.85,False,point,Thorncliffe Park
kitchens,106,93,0.408,43,0.491,26,3,0.87,False,point,York University Heights
interactive,22,20,0.408,9,0.5,4,3,0.98,True,point,Wellington Place
stevenson,8,7,0.408,3,0.375,2,2,0.78,False,point,Wexford
thistletown,6,5,0.408,2,0.5,2,1,0.76,False,point,Thistletown-Beaumond Heights
stadium,29,28,0.407,11,0.414,8,2,0.62,False,point,York University Heights
brands,19,19,0.407,7,0.368,6,2,0.83,False,point,Humber Bay Shores
cedar,19,19,0.407,8,0.421,5,2,0.57,False,point,Golfdale-Cedarbrae-Woburn
payments,13,11,0.407,5,0.538,2,3,1.0,True,point,Yonge-Bay Corridor
elevator,21,20,0.406,9,0.429,5,2,0.88,False,point,Woburn North
products,197,183,0.405,80,0.452,31,5,0.8,False,area,West Humber-Clairville
dimes,9,9,0.405,4,0.444,3,2,0.97,True,point,York University Heights
manufacturing,73,64,0.404,27,0.452,18,2,0.8,False,point,West Humber-Clairville
main,59,43,0.403,9,0.356,1,9,0.91,True,area,East End-Danforth
crosstown,23,19,0.403,10,0.522,9,2,0.87,False,point,Wallace Emerson
teca,8,8,0.402,4,0.5,1,4,1.0,True,area,Financial District
circles,7,6,0.402,2,0.429,2,1,0.83,False,point,Victoria Village
therapeutics,13,13,0.401,8,0.615,5,3,0.99,True,point,Financial District
policy,9,9,0.401,4,0.444,2,2,0.97,True,point,University
divorce,29,23,0.4,7,0.379,4,4,1.0,True,area,Lansing-Westgate
korean,75,61,0.399,23,0.467,11,4,0.96,True,area,Milliken
healer,24,22,0.399,9,0.458,5,3,0.92,True,point,Thistletown-Beaumond Heights
beavertails,5,5,0.399,2,0.4,2,1,0.36,False,point,St Lawrence-East Bayfront-The Islands
redline,5,4,0.399,2,0.4,1,2,0.67,False,point,West Hill
acres,10,8,0.398,3,0.4,1,3,0.53,False,point,West Humber-Clairville
fest,7,7,0.398,3,0.429,2,2,0.75,False,point,Fort York-Liberty Village
carquest,5,5,0.398,2,0.4,1,2,0.66,False,point,West Humber-Clairville
gan,5,5,0.398,2,0.4,1,2,0.65,False,point,Bathurst Manor
maryjane,5,5,0.398,2,0.4,1,2,0.59,False,point,Willowridge-Martingrove-Richview
pinewood,5,5,0.398,2,0.4,1,2,0.54,False,point,South Riverdale
wellspring,5,5,0.398,2,0.4,1,2,0.71,False,point,Bridle Path-Sunnybrook-York Mills
lake,97,84,0.397,27,0.392,11,6,0.89,False,area,Humber Bay Shores
disposal,35,32,0.397,14,0.429,8,3,0.75,False,point,Humber Summit
surrey,5,5,0.397,2,0.4,1,2,0.6,False,point,Wexford
motor,44,44,0.396,21,0.477,14,2,0.82,False,point,York University Heights
defence,41,32,0.396,13,0.488,5,8,1.0,True,area,Yonge-Bay Corridor
non,16,16,0.396,8,0.5,3,3,0.96,True,point,Moss Park
rugby,5,5,0.396,2,0.4,1,2,0.69,False,point,Greenwood-Coxwell
signet,5,5,0.396,2,0.4,1,2,0.77,False,point,Humber Summit
manor,68,57,0.395,16,0.397,6,7,0.84,False,area,Mount Pleasant East
shaw,22,19,0.395,7,0.409,4,3,0.92,True,point,Junction Area
longo,12,12,0.395,6,0.5,3,3,1.0,True,point,Financial District
dasilva,5,5,0.395,2,0.4,1,2,0.68,False,point,Keelesdale-Eglinton West
gibbs,5,5,0.395,2,0.4,1,2,0.82,False,point,Etobicoke West Mall
rajah,5,5,0.395,2,0.4,1,2,0.71,False,point,Englemount-Lawrence
stewardship,5,5,0.395,2,0.4,1,2,0.81,False,point,Etobicoke West Mall
xtc,5,5,0.395,2,0.4,1,2,0.9,True,point,Long Branch
mill,46,34,0.394,11,0.413,3,5,0.81,False,area,Parkdale—High Park
chau,9,8,0.394,3,0.444,1,3,0.98,True,point,Kensington Market
irene,9,9,0.394,4,0.444,3,2,0.71,False,point,Yonge-St.Clair
resolve,8,8,0.394,4,0.5,2,2,0.97,True,point,Yonge-Bay Corridor
abby,5,5,0.394,2,0.4,1,2,0.86,False,point,Humber Bay Shores
illusions,5,5,0.394,2,0.4,1,2,0.89,False,point,Etobicoke City Centre
prudential,5,5,0.394,2,0.4,1,2,0.66,False,point,Dorset Park
chaat,5,5,0.393,2,0.4,1,2,0.9,False,point,Greenwood-Coxwell
caboto,5,4,0.392,2,0.4,1,2,0.78,False,point,Yorkdale-Glen Park
theresa,5,5,0.392,2,0.4,2,1,0.64,False,point,Cliffcrest
annunciation,5,5,0.391,2,0.4,2,1,0.64,False,point,Fenside-Parkwoods
peloton,5,5,0.391,2,0.4,1,2,0.97,True,point,Etobicoke City Centre
rivers,5,5,0.391,2,0.4,1,2,0.9,False,point,York University Heights
surveying,5,5,0.391,2,0.4,1,2,0.91,True,point,Etobicoke City Centre
taylor,75,68,0.39,27,0.387,12,5,0.96,True,area,O'Connor-Parkview
vaughan,42,33,0.39,13,0.429,5,6,0.84,False,area,York University Heights
lumber,14,14,0.39,6,0.429,4,2,0.72,False,point,Humber Summit
holiness,5,5,0.39,2,0.4,1,2,0.85,False,point,York University Heights
moneygram,5,5,0.39,2,0.4,1,2,0.96,True,point,Briar Hill-Belgravia
film,70,63,0.389,24,0.429,9,8,0.98,True,area,Wellington Place
advisors,59,45,0.389,21,0.559,7,9,1.0,True,area,Wellington Place
champagne,9,8,0.389,2,0.333,1,2,0.92,True,point,York University Heights
bluffer,5,5,0.389,2,0.4,2,1,0.56,False,point,Cliffcrest
val,5,5,0.389,2,0.4,1,2,0.88,False,point,Malvern East
isabella,12,10,0.387,3,0.417,1,3,0.93,True,point,North St.James Town
single,6,6,0.387,3,0.5,1,3,1.0,True,point,Financial District
hussein,5,5,0.387,2,0.4,1,2,0.86,False,point,Bendale-Glen Andrew
vice,5,5,0.387,2,0.4,1,2,0.96,True,point,Dufferin Grove
gardens,157,120,0.386,34,0.42,15,5,0.92,True,area,Etobicoke City Centre
nugget,5,5,0.386,2,0.4,2,1,0.82,False,point,Agincourt South-Malvern West
siva,5,5,0.386,2,0.4,2,1,0.88,False,point,Milliken
bangla,9,7,0.385,2,0.444,2,1,0.97,True,point,East End-Danforth
parcel,7,7,0.385,2,0.286,1,2,0.8,False,point,South Riverdale
ant,5,5,0.385,2,0.4,1,2,0.94,True,point,Yonge-Doris
hilary,5,5,0.385,2,0.4,1,2,0.95,True,point,Moss Park
philippines,5,5,0.385,2,0.4,2,1,0.63,False,point,Rockcliffe-Smythe
azure,6,6,0.384,3,0.5,2,2,0.99,True,point,Wellington Place
king,400,234,0.383,48,0.415,8,39,0.98,True,area,Wellington Place
superstore,14,13,0.383,5,0.429,4,2,0.73,False,point,West Humber-Clairville
astrologer,66,52,0.382,23,0.455,10,4,0.92,True,area,Thistletown-Beaumond Heights
bernadette,5,5,0.382,2,0.4,2,1,0.9,False,point,Oakwood Village
crescent,40,35,0.381,11,0.4,6,4,0.71,False,area,Taylor-Massey
publishers,7,7,0.381,3,0.429,1,3,0.99,True,point,Kensington-Chinatown
murugan,5,5,0.381,2,0.4,2,1,0.85,False,point,Humber Summit
march,13,13,0.38,5,0.385,4,2,0.97,True,point,York University Heights
beta,12,11,0.38,4,0.417,2,2,0.89,False,point,Annex
ce,5,5,0.38,2,0.4,1,2,0.99,True,point,Palmerston-Little Italy
hype,5,5,0.38,2,0.4,2,1,0.84,False,point,South Riverdale
landry,5,5,0.38,2,0.4,2,1,0.86,False,point,Bendale-Glen Andrew
emerald,33,24,0.379,7,0.394,4,3,0.86,False,point,Henry Farm
blood,16,15,0.379,6,0.438,3,2,0.94,True,point,Wallace Emerson
coeur,5,5,0.379,2,0.4,1,2,0.96,True,point,Moss Park
kearns,5,5,0.379,2,0.4,1,2,0.89,False,point,Liberty Village
upholstering,5,5,0.379,2,0.4,2,1,0.84,False,point,Bendale-Glen Andrew
paramount,41,31,0.378,11,0.439,8,4,1.0,True,area,Yonge-Bay Corridor
orchard,17,14,0.378,5,0.412,3,2,0.77,False,point,Bedford Park-Nortown
brasa,6,5,0.378,2,0.333,2,1,1.0,True,point,Wellington Place
sauriol,5,5,0.378,2,0.4,2,1,0.7,False,point,Victoria Village
sales,368,296,0.377,108,0.378,40,10,0.84,False,area,West Humber-Clairville
trucks,17,17,0.377,7,0.412,4,2,0.87,False,point,Etobicoke City Centre
procare,6,5,0.377,2,0.5,2,1,0.88,False,point,Tam O'Shanter-Sullivan
ia,6,6,0.375,3,0.5,2,2,0.99,True,point,Financial District
flare,5,5,0.375,2,0.4,2,1,0.79,False,point,Milliken
nardi,5,5,0.375,2,0.4,2,1,0.89,False,point,Dorset Park
theatre,168,126,0.374,38,0.345,12,7,0.96,True,area,Moss Park
brighton,5,5,0.374,2,0.4,2,1,0.93,True,point,Banbury-Don Mills
daldongnae,5,5,0.374,2,0.4,2,1,0.97,True,point,Newtonbrook West
props,5,5,0.374,2,0.4,2,1,0.91,True,point,Junction Triangle
aaron,23,23,0.373,10,0.435,7,2,0.95,True,point,York University Heights
pay,16,15,0.373,7,0.5,5,2,0.99,True,point,Wellington Place
infrastructure,12,11,0.373,4,0.417,3,2,0.89,False,point,Humber Summit
statue,8,8,0.373,3,0.375,2,2,0.91,True,point,Church-Wellesley
thought,6,6,0.373,2,0.333,1,2,0.98,True,point,Trinity-Bellwoods
par,7,6,0.372,3,0.571,2,2,1.0,True,point,Yonge-Bay Corridor
berkshire,5,5,0.372,2,0.4,2,1,0.92,True,point,Banbury-Don Mills
geox,5,5,0.372,2,0.4,2,1,0.78,False,point,East Willowdale
mundial,5,5,0.372,2,0.4,2,1,0.83,False,point,Keelesdale-Eglinton West
talho,5,5,0.372,2,0.4,2,1,0.83,False,point,Keelesdale-Eglinton West
frances,8,7,0.371,2,0.375,1,2,0.7,False,point,Glenfield-Jane Heights
story,29,29,0.37,12,0.414,6,3,0.99,True,point,North Toronto
minto,22,18,0.37,8,0.409,5,3,0.96,True,point,Bedford Park-Nortown
bottega,5,5,0.37,2,0.4,2,1,0.94,True,point,Yorkdale-Glen Park
gucci,5,5,0.37,2,0.4,2,1,0.94,True,point,Yorkdale-Glen Park
nino,5,5,0.37,2,0.4,2,1,0.91,True,point,Wychwood
million,5,5,0.369,2,0.4,2,1,0.9,True,point,Corso Italia-Davenport
boat,39,35,0.368,12,0.41,7,3,0.91,True,point,South Riverdale
jam,18,15,0.368,7,0.5,3,3,0.98,True,point,Wellington Place
neo,14,11,0.368,4,0.357,4,1,0.95,True,point,Harbourfront-CityPlace
options,12,10,0.368,4,0.5,3,2,0.99,True,point,Annex
dell,8,8,0.368,3,0.375,1,3,0.86,False,point,Englemount-Lawrence
wavelength,5,5,0.368,2,0.4,2,1,0.88,False,point,Little Portugal
highway,13,13,0.367,5,0.385,3,2,0.64,False,point,Wallace Emerson
filters,5,5,0.367,2,0.4,2,1,0.95,True,point,Banbury-Don Mills
parklink,130,118,0.366,47,0.385,24,4,0.85,False,area,Harbourfront-CityPlace
human,46,39,0.366,14,0.413,5,7,0.98,True,area,Yonge-Bay Corridor
cherry,40,37,0.366,11,0.35,5,6,0.6,False,area,South Riverdale
bond,19,16,0.366,5,0.316,2,4,0.89,False,area,Banbury-Don Mills
limitless,10,10,0.366,3,0.3,2,2,0.89,False,point,York University Heights
premiere,6,6,0.366,2,0.333,1,2,0.99,True,point,Bay-Cloverhill
boho,5,5,0.366,2,0.4,1,2,0.99,True,point,Kensington Market
sydney,5,5,0.366,2,0.4,1,2,0.99,True,point,Trinity-Bellwoods
hounds,9,9,0.365,4,0.444,3,2,0.98,True,point,Wellington Place
blake,8,7,0.365,2,0.375,1,2,0.72,False,point,Blake-Jones
nanak,7,7,0.365,3,0.429,2,2,0.96,True,point,West Humber-Clairville
sto,5,5,0.365,2,0.4,2,1,0.91,True,point,Bendale-Glen Andrew
lost,16,16,0.364,7,0.438,4,3,1.0,True,point,Wellington Place
browns,15,15,0.364,6,0.4,4,2,0.9,True,point,Etobicoke City Centre
addictions,5,5,0.364,2,0.4,1,2,0.95,True,point,Cabbagetown-South St.James Town
anger,5,5,0.364,2,0.4,1,2,0.93,True,point,Lansing-Westgate
tortilleria,5,5,0.364,2,0.4,1,2,0.99,True,point,Kensington Market
facials,5,5,0.363,2,0.4,1,2,0.98,True,point,Harbourfront-CityPlace
stan,11,10,0.362,3,0.364,1,3,0.49,False,point,Woodbine-Lumsden
cheap,5,5,0.362,2,0.4,2,1,0.93,True,point,Yorkdale-Glen Park
kmh,5,5,0.362,2,0.4,2,1,0.96,True,point,Bendale-Glen Andrew
truck,161,137,0.361,44,0.36,19,5,0.84,False,area,Etobicoke City Centre
cocktail,23,18,0.361,7,0.522,4,3,0.99,True,point,Wellington Place
restaurante,5,5,0.361,3,0.6,3,1,1.0,True,point,Yonge-Bay Corridor
sikh,5,5,0.361,2,0.4,2,1,0.85,False,point,West Humber-Clairville
windshield,5,5,0.361,2,0.4,2,1,0.9,True,point,Bayview Village
lang,10,10,0.36,4,0.4,3,2,0.9,False,point,Milliken
citadel,9,9,0.36,3,0.333,3,1,0.89,False,point,Wexford
dorset,8,6,0.359,2,0.375,1,2,0.96,True,point,Dorset Park
nook,8,7,0.359,2,0.375,1,2,0.97,True,point,Leaside-Bennington
romana,5,5,0.359,2,0.4,2,1,0.95,True,point,East End-Danforth
dessert,31,29,0.358,10,0.355,6,3,0.91,True,point,Clanton Park
gabriel,16,14,0.358,4,0.375,1,4,0.84,False,area,Bayview Village
conservation,13,12,0.358,4,0.385,3,2,0.69,False,point,York University Heights
mane,8,7,0.358,2,0.375,2,1,0.94,True,point,West Queen West
blyth,6,6,0.358,3,0.5,3,1,1.0,True,point,Annex
doors,170,151,0.357,55,0.388,28,11,0.86,False,area,York University Heights
original,36,34,0.357,15,0.444,12,2,0.98,True,point,Trinity-Bellwoods
finishing,28,24,0.357,9,0.393,5,3,0.81,False,point,Yorkdale-Glen Park
parkview,16,16,0.357,6,0.375,3,2,0.75,False,point,O'Connor-Parkview
looking,5,5,0.357,2,0.4,2,1,0.74,False,point,Taylor-Massey
multiple,5,5,0.357,2,0.4,1,2,1.0,True,point,Lansing-Westgate
banh,27,24,0.356,10,0.444,7,3,0.92,True,point,Junction Area
sir,20,17,0.356,6,0.4,4,2,0.59,False,point,South Parkdale
barre,6,5,0.355,2,0.5,2,1,0.99,True,point,Wellington Place
nuit,5,5,0.355,2,0.4,1,2,0.99,True,point,Church-Wellesley
mfg,28,28,0.354,11,0.393,8,2,0.82,False,point,Humber Summit
galleria,19,14,0.354,3,0.368,1,3,0.87,False,point,Wallace Emerson
centum,15,14,0.354,5,0.4,3,2,0.97,True,point,Henry Farm
gilbert,11,11,0.354,5,0.455,3,2,0.99,True,point,Yonge-Bay Corridor
balfour,5,5,0.354,2,0.4,2,1,0.41,False,point,Rosedale-Moore Park
lettering,5,5,0.354,2,0.4,2,1,0.92,True,point,Woburn North
trailer,12,11,0.353,4,0.417,3,2,0.65,False,point,Etobicoke City Centre
abbott,10,9,0.353,2,0.3,2,1,0.75,False,point,Mount Pleasant East
ella,9,9,0.353,4,0.444,4,1,0.91,True,point,Thorncliffe Park
enrichment,7,7,0.353,3,0.429,3,1,0.68,False,point,Mount Dennis
disney,5,5,0.353,2,0.4,2,1,0.91,True,point,Yorkdale-Glen Park
kerr,5,5,0.353,2,0.4,1,2,0.98,True,point,Downtown Yonge East
kors,5,5,0.353,2,0.4,2,1,0.91,True,point,Yorkdale-Glen Park
lucid,5,4,0.353,2,0.4,2,1,0.91,True,point,Yorkdale-Glen Park
igreja,8,8,0.352,3,0.375,3,1,0.9,False,point,Yorkdale-Glen Park
ipro,8,6,0.352,2,0.375,1,2,0.88,False,point,Playter Estates-Danforth
psychotherapist,18,16,0.351,7,0.444,5,2,0.98,True,point,Annex
kee,7,6,0.351,3,0.429,2,2,0.92,True,point,Milliken
peninsula,7,7,0.351,2,0.286,1,2,1.0,True,point,Wellington Place
enactus,5,5,0.351,2,0.4,1,2,1.0,True,point,Yonge-Bay Corridor
tile,66,62,0.35,20,0.364,10,4,0.82,False,area,Yorkdale-Glen Park
synagogue,11,9,0.35,4,0.364,3,2,0.65,False,point,Bathurst Manor
gould,8,8,0.35,3,0.375,2,2,0.97,True,point,Yonge-St.Clair
name,8,7,0.35,2,0.375,1,2,0.87,False,point,North Riverdale
knife,5,5,0.35,2,0.4,2,1,0.96,True,point,Palmerston-Little Italy
rv,5,5,0.35,2,0.4,2,1,0.95,True,point,Forest Hill North
krown,11,11,0.349,4,0.364,2,2,0.78,False,point,West Humber-Clairville
bankruptcy,13,10,0.348,4,0.308,4,1,0.92,True,point,Financial District
stroke,8,6,0.348,2,0.5,2,1,1.0,True,point,Yonge-Eglinton
mas,7,7,0.348,3,0.429,3,1,0.86,False,point,Dorset Park
endodontic,5,5,0.348,2,0.4,2,1,0.97,True,point,Woburn North
supplies,184,172,0.347,65,0.386,30,6,0.87,False,area,York University Heights
gems,29,21,0.347,6,0.483,3,3,0.99,True,point,Downtown Yonge East
cottage,25,24,0.347,9,0.4,6,2,0.79,False,point,Parkdale—High Park
rehearsal,16,13,0.347,5,0.375,3,2,0.86,False,point,Wallace Emerson
ra,5,5,0.347,2,0.4,2,1,0.58,False,point,Eglinton East
innovation,39,33,0.346,12,0.333,7,4,0.99,True,area,Glenfield-Jane Heights
plastics,28,26,0.346,10,0.393,7,3,0.86,False,point,Morningside Heights
dale,11,11,0.346,4,0.364,3,2,0.74,False,point,Fort York-Liberty Village
mushrooms,5,5,0.346,2,0.4,1,2,0.99,True,point,Kensington-Chinatown
this,17,17,0.345,7,0.412,4,3,0.95,True,point,South Riverdale
conrad,8,8,0.345,3,0.375,2,2,0.36,False,point,Downsview
turtle,5,5,0.345,2,0.4,2,1,0.91,True,point,Trinity-Bellwoods
app,28,24,0.344,9,0.464,3,6,1.0,True,area,Yonge-Bay Corridor
jude,11,11,0.344,4,0.364,2,2,0.81,False,point,Humbermede
oven,16,16,0.343,6,0.375,5,2,0.97,True,point,Parkdale—High Park
environment,13,12,0.343,6,0.462,5,2,0.96,True,point,York University Heights
trails,8,8,0.343,3,0.375,2,2,0.54,False,point,Broadview North
ga,7,6,0.343,2,0.429,2,1,0.87,False,point,Newtonbrook West
ne,7,6,0.343,2,0.429,2,1,0.87,False,point,Newtonbrook West
literary,6,6,0.343,2,0.333,1,2,0.96,True,point,University
metal,127,113,0.342,41,0.386,19,7,0.86,False,area,West Humber-Clairville
baby,58,52,0.342,17,0.397,8,4,0.9,False,area,Parkdale—High Park
marble,54,50,0.342,19,0.389,11,4,0.82,False,area,Humber Summit
underpinning,11,11,0.342,4,0.364,2,2,0.88,False,point,Briar Hill-Belgravia
operations,5,5,0.341,2,0.4,2,1,0.88,False,point,York University Heights
rabba,23,21,0.34,7,0.348,3,5,0.98,True,area,Bay-Cloverhill
aci,7,7,0.34,3,0.429,1,3,1.0,True,point,Wellington Place
logistics,75,70,0.339,25,0.373,15,3,0.79,False,point,West Humber-Clairville
cancer,35,30,0.339,13,0.371,6,5,0.98,True,area,Yonge-Bay Corridor
ethiopian,24,19,0.339,5,0.333,2,4,0.95,True,area,Danforth
liquid,12,11,0.339,4,0.417,2,2,0.99,True,point,Wellington Place
gardner,10,10,0.339,4,0.4,3,2,0.91,True,point,Briar Hill-Belgravia
science,75,63,0.338,18,0.347,5,12,0.97,True,area,University
bathrooms,5,5,0.338,2,0.4,2,1,0.72,False,point,Bedford Park-Nortown
cruise,15,14,0.336,4,0.267,2,2,0.79,False,point,South Riverdale
chemistry,8,7,0.336,2,0.375,1,2,0.95,True,point,University
printers,7,7,0.336,3,0.429,3,1,0.87,False,point,Morningside Heights
sp,38,36,0.335,13,0.342,5,4,0.98,True,area,Church-Wellesley
guild,25,22,0.335,5,0.28,4,2,0.59,False,point,Guildwood
brock,14,14,0.335,5,0.357,3,2,0.86,False,point,Brockton Village
bao,13,13,0.335,6,0.462,4,3,0.99,True,point,Kensington-Chinatown
sabor,9,8,0.335,2,0.333,1,2,0.89,False,point,Humber Summit
dietitians,7,6,0.335,3,0.429,2,2,0.99,True,point,Yonge-Bay Corridor
fashions,57,54,0.334,20,0.386,11,4,0.9,True,area,York University Heights
minutes,5,5,0.334,2,0.4,1,2,0.99,True,point,Annex
stephanie,21,19,0.333,6,0.381,4,3,0.99,True,point,Wellington Place
nightclub,16,12,0.333,4,0.438,2,3,1.0,True,point,Wellington Place
monuments,5,5,0.333,2,0.4,2,1,0.68,False,point,Clairlea-Birchmount
investor,10,7,0.332,2,0.5,1,2,1.0,True,point,Financial District
yachts,6,5,0.332,2,0.333,2,1,0.49,False,point,South Riverdale
fatima,9,9,0.33,3,0.333,1,3,0.81,False,point,Clairlea-Birchmount
epstein,7,7,0.33,3,0.429,3,1,1.0,True,point,Wellington Place
capri,6,6,0.33,2,0.333,1,2,0.69,False,point,Etobicoke West Mall
cliff,6,6,0.33,2,0.333,1,2,0.72,False,point,Birchcliffe-Cliffside
westin,6,5,0.33,2,0.333,1,2,0.75,False,point,West Humber-Clairville
fringe,5,5,0.33,2,0.4,2,1,0.99,True,point,Annex
violence,5,5,0.33,2,0.4,2,1,1.0,True,point,Yonge-Bay Corridor
racing,22,17,0.329,4,0.364,3,2,0.71,False,point,West Humber-Clairville
stable,6,6,0.329,2,0.333,1,2,0.71,False,point,West Humber-Clairville
storefront,6,6,0.329,2,0.333,1,2,0.74,False,point,West Hill
grove,42,36,0.328,14,0.381,9,3,0.82,False,point,Willowridge-Martingrove-Richview
monarch,21,18,0.328,5,0.381,3,2,0.74,False,point,West Queen West
polytechnic,6,6,0.328,2,0.333,1,2,0.64,False,point,New Toronto
taberna,5,5,0.328,2,0.4,2,1,0.97,True,point,Dufferin Grove
chartwell,14,13,0.327,4,0.357,4,1,0.69,False,point,Agincourt North
tell,5,5,0.327,2,0.4,1,2,1.0,True,point,Wellington Place
yorkview,5,3,0.327,2,0.4,2,1,0.56,False,point,Newtonbrook West
esther,10,10,0.326,4,0.4,2,2,0.7,False,point,West Humber-Clairville
precise,138,125,0.325,40,0.304,23,3,0.81,False,point,Harbourfront-CityPlace
eastern,45,43,0.325,17,0.422,10,3,0.91,True,point,West Humber-Clairville
axe,6,6,0.325,2,0.333,1,2,0.86,False,point,Junction Area
libra,6,6,0.325,2,0.333,1,2,0.81,False,point,West Humber-Clairville
couple,5,5,0.325,2,0.4,1,2,1.0,True,point,Annex
enigma,5,4,0.325,2,0.4,1,2,0.99,True,point,Bay-Cloverhill
petra,5,5,0.325,2,0.4,1,2,1.0,True,point,Annex
monitoring,5,5,0.324,2,0.4,2,1,0.78,False,point,West Humber-Clairville
bioped,15,9,0.323,4,0.333,2,2,0.63,False,point,Morningside
pole,12,11,0.323,4,0.417,4,1,0.92,True,point,South Riverdale
bmw,7,7,0.323,3,0.429,3,1,0.67,False,point,South Riverdale
penningtons,6,6,0.323,2,0.333,1,2,0.9,True,point,Etobicoke City Centre
vin,6,6,0.323,2,0.333,1,2,0.9,False,point,Humber Summit
propeller,5,5,0.323,2,0.4,2,1,0.97,True,point,West Queen West
bombay,20,20,0.322,7,0.35,3,3,0.96,True,point,Greenwood-Coxwell
fifth,19,15,0.322,4,0.368,2,2,0.98,True,point,Wellington Place
copper,13,12,0.322,5,0.462,3,3,0.99,True,point,Thorncliffe Park
forno,10,10,0.322,4,0.4,2,3,1.0,True,point,Financial District
tumi,9,8,0.322,4,0.444,3,2,0.95,True,point,Yorkdale-Glen Park
crow,6,6,0.322,2,0.333,1,2,0.96,True,point,Greenwood-Coxwell
ryna,6,6,0.322,2,0.333,2,1,0.75,False,point,Mount Olive-Silverstone-Jamestown
shri,10,9,0.321,4,0.4,3,2,0.9,False,point,West Humber-Clairville
owners,6,6,0.321,2,0.333,1,2,0.99,True,point,Yonge-Bay Corridor
montgomery,14,11,0.32,5,0.429,3,3,0.96,True,point,Parkdale—High Park
airsoft,6,6,0.32,2,0.333,1,2,0.92,True,point,Milliken
sloan,6,6,0.32,2,0.333,1,2,0.85,False,point,York University Heights
feel,5,5,0.32,2,0.4,2,1,0.94,True,point,University
currency,35,28,0.319,8,0.229,5,3,0.98,True,point,Yorkdale-Glen Park
commons,19,15,0.319,4,0.316,2,3,0.81,False,point,Dorset Park
shepherd,18,15,0.319,4,0.389,3,2,0.89,False,point,Moss Park
fishing,14,12,0.319,5,0.357,3,2,0.94,True,point,Agincourt South-Malvern West
georgian,12,11,0.319,4,0.417,3,2,0.97,True,point,York University Heights
groom,9,9,0.319,3,0.333,2,2,0.94,True,point,East Willowdale
yin,7,7,0.319,2,0.286,1,2,0.97,True,point,Milliken
greenwin,11,9,0.318,2,0.364,1,2,0.96,True,point,North St.James Town
rail,10,8,0.318,3,0.3,3,1,0.74,False,point,St Lawrence-East Bayfront-The Islands
pauline,9,8,0.318,2,0.333,2,1,0.72,False,point,Tam O'Shanter-Sullivan
resurrection,6,6,0.318,2,0.333,1,2,0.86,False,point,Etobicoke City Centre
windows,132,112,0.317,35,0.348,19,6,0.89,False,area,York University Heights
renforth,9,5,0.317,2,0.333,2,1,0.78,False,point,Eringate-Centennial-West Deane
braiding,7,7,0.317,2,0.286,1,2,0.96,True,point,Dovercourt Village
clare,6,6,0.317,2,0.333,1,2,0.78,False,point,Corso Italia-Davenport
dentists,6,6,0.317,2,0.333,1,2,0.93,True,point,Taylor-Massey
hermes,5,5,0.317,2,0.4,1,2,1.0,True,point,Rosedale-Moore Park
juniper,5,5,0.317,2,0.4,1,2,1.0,True,point,Rosedale-Moore Park
niagara,56,49,0.316,16,0.357,4,7,0.98,True,area,Wellington Place
samuel,21,19,0.316,5,0.333,3,2,0.56,False,point,New Toronto
stairs,15,14,0.316,5,0.333,3,2,0.56,False,point,Glenfield-Jane Heights
miriam,10,10,0.316,4,0.4,1,4,1.0,True,area,Annex
foremost,6,6,0.316,2,0.333,1,2,0.97,True,point,Yonge-Eglinton
fields,10,10,0.315,4,0.4,3,2,0.87,False,point,Black Creek
slim,7,7,0.315,2,0.286,1,2,0.95,True,point,York University Heights
cart,6,6,0.315,2,0.333,1,2,0.95,True,point,York University Heights
qualicare,6,5,0.315,2,0.333,2,1,0.83,False,point,West Humber-Clairville
silverthorn,6,5,0.315,2,0.333,2,1,0.77,False,point,Keelesdale-Eglinton West
surgery,74,53,0.314,13,0.365,4,9,0.97,True,area,Annex
macdonald,31,28,0.314,8,0.323,3,4,0.98,True,area,Wellington Place
oysters,6,6,0.314,2,0.333,1,2,0.95,True,point,Dufferin Grove
buck,5,5,0.314,2,0.4,2,1,0.85,False,point,Tam O'Shanter-Sullivan
valley,128,114,0.313,40,0.367,31,2,0.58,False,point,Banbury-Don Mills
fairway,6,6,0.313,2,0.333,1,2,0.95,True,point,Moss Park
realstar,6,6,0.313,2,0.333,2,1,0.72,False,point,Westminster-Branson
org,5,5,0.313,2,0.4,1,2,1.0,True,point,Wellington Place
are,12,12,0.312,4,0.333,2,2,0.98,True,point,South Riverdale
zaza,6,6,0.312,2,0.333,1,2,0.99,True,point,Parkdale—High Park
meditation,21,20,0.311,7,0.333,4,2,0.97,True,point,Palmerston-Little Italy
mojo,6,6,0.311,2,0.333,1,2,0.98,True,point,Roncesvalles
sophia,6,6,0.311,2,0.333,1,2,0.87,False,point,North Riverdale
bd,5,5,0.311,2,0.4,2,1,0.83,False,point,Clairlea-Birchmount
death,5,5,0.311,2,0.4,2,1,0.96,True,point,Little Portugal
packaging,71,64,0.31,25,0.366,14,4,0.74,False,area,Dorset Park
scrap,49,47,0.31,18,0.388,13,3,0.81,False,point,Humber Summit
dogs,25,25,0.31,8,0.32,6,2,0.8,False,point,Stonegate-Queensway
export,17,17,0.31,4,0.235,3,2,0.94,True,point,York University Heights
milano,11,10,0.31,3,0.364,1,3,1.0,True,point,Annex
hall,212,159,0.309,31,0.212,14,6,0.84,False,area,University
collaborative,11,11,0.309,3,0.273,2,2,0.89,False,point,Yonge-Bay Corridor
khalid,6,6,0.309,2,0.333,2,1,0.91,True,point,West Humber-Clairville
abode,5,5,0.309,2,0.4,1,2,1.0,True,point,Wellington Place
chinese,181,143,0.308,40,0.359,18,9,0.9,False,area,Milliken
lawn,60,56,0.308,15,0.3,8,5,0.83,False,area,Stonegate-Queensway
six,56,46,0.308,9,0.286,8,2,0.92,True,point,New Toronto
transportation,51,49,0.308,17,0.373,11,3,0.78,False,point,Alderwood
chi,25,25,0.308,11,0.44,7,4,0.96,True,area,South Riverdale
giant,16,16,0.308,6,0.375,5,2,0.84,False,point,Junction Triangle
newcastle,5,5,0.308,2,0.4,2,1,0.82,False,point,Wexford
spencer,16,15,0.307,5,0.312,3,2,1.0,True,point,Wellington Place
rehoboth,7,7,0.307,2,0.286,2,1,0.73,False,point,Upper Beaches
safari,6,6,0.307,2,0.333,1,2,0.93,True,point,Cabbagetown-South St.James Town
appleone,5,5,0.307,2,0.4,2,1,0.92,True,point,Willowdale West
study,37,31,0.306,8,0.27,3,3,0.98,True,point,University
sai,34,32,0.306,9,0.324,3,5,0.88,False,area,Milliken
brewing,31,28,0.306,10,0.355,6,2,0.92,True,point,The Beaches
warren,18,17,0.306,6,0.389,5,2,0.77,False,point,Newtonbrook West
carpets,14,14,0.306,5,0.357,5,1,0.9,False,point,Briar Hill-Belgravia
tammy,12,12,0.306,4,0.333,2,2,0.89,False,point,South Eglinton-Davisville
philosophy,6,6,0.306,2,0.333,1,2,0.88,False,point,Annex
provisions,6,6,0.306,2,0.333,1,2,0.96,True,point,Trinity-Bellwoods
advice,173,29,0.305,6,0.283,4,2,0.99,True,point,Financial District
blessed,15,15,0.305,5,0.333,3,2,0.68,False,point,Lawrence Park North
kaplan,7,7,0.305,3,0.429,2,2,1.0,True,point,Wellington Place
cupcake,6,6,0.305,2,0.333,1,2,0.9,False,point,Mount Pleasant East
al,113,103,0.304,26,0.301,14,5,0.87,False,area,Wexford
autos,17,17,0.304,6,0.353,5,2,0.9,True,point,Dorset Park
adrian,13,13,0.304,4,0.308,4,1,0.81,False,point,Bayview Woods-Steeles
hotpot,9,8,0.304,2,0.222,1,2,0.89,False,point,Hillcrest Village
bindery,6,6,0.304,2,0.333,2,1,0.81,False,point,Dorset Park
long,64,56,0.303,14,0.312,6,8,0.78,False,area,Long Branch
assn,14,14,0.303,5,0.357,2,3,1.0,True,point,Rosedale-Moore Park
part,8,8,0.303,0,0.0,0,0,,False,scattered,
destinations,5,5,0.303,2,0.4,1,2,1.0,True,point,Yonge-Bay Corridor
pulled,5,5,0.303,2,0.4,1,2,1.0,True,point,Yonge-Bay Corridor
sexual,12,12,0.302,4,0.333,1,4,0.97,True,area,University
funky,5,5,0.301,2,0.4,1,2,1.0,True,point,Wellington Place
camp,113,111,0.3,31,0.274,13,10,0.84,False,area,Forest Hill South
shopping,38,33,0.3,9,0.342,7,2,0.95,True,scattered,Yorkdale-Glen Park
crane,16,16,0.3,6,0.375,5,2,0.84,False,scattered,Centennial Scarborough
autobody,14,14,0.3,5,0.357,4,2,0.87,False,point,Clairlea-Birchmount
psych,6,6,0.3,2,0.333,1,2,0.98,True,point,Rosedale-Moore Park
hang,6,6,0.299,2,0.333,2,1,0.8,False,scattered,Oakwood Village
god,87,81,0.298,25,0.333,12,3,0.86,False,scattered,West Humber-Clairville
nordstrom,8,5,0.298,2,0.375,2,1,0.91,True,scattered,Yorkdale-Glen Park
appeal,6,6,0.298,2,0.333,1,2,0.99,True,scattered,Rosedale-Moore Park
coombs,5,5,0.298,2,0.4,2,1,0.97,True,scattered,St Lawrence-East Bayfront-The Islands
tire,194,169,0.297,47,0.294,23,4,0.86,False,scattered,West Humber-Clairville
hazelview,23,19,0.297,6,0.348,5,2,0.68,False,scattered,Forest Hill North
grape,8,7,0.297,2,0.375,2,1,0.97,True,scattered,West Queen West
pilates,94,84,0.296,18,0.213,9,6,0.94,True,scattered,South Riverdale
search,62,52,0.296,8,0.161,5,2,0.99,True,scattered,Yonge-Bay Corridor
cruises,29,27,0.296,9,0.379,5,2,0.95,True,scattered,Bedford Park-Nortown
grocer,10,9,0.296,2,0.3,1,2,0.72,False,scattered,Guildwood
achievers,6,6,0.296,2,0.333,1,2,0.99,True,scattered,Liberty Village
plum,6,6,0.296,2,0.333,1,2,0.99,True,scattered,Liberty Village
daphne,5,4,0.296,1,0.4,1,1,0.98,True,scattered,Downtown Yonge East
roofing,264,233,0.295,59,0.265,35,6,0.71,False,scattered,Etobicoke City Centre
stone,136,125,0.295,43,0.338,16,7,0.81,False,scattered,Glenfield-Jane Heights
vanguard,8,7,0.295,3,0.5,2,2,1.0,True,scattered,Wellington Place
concerts,7,7,0.295,3,0.429,2,2,0.99,True,scattered,University
jai,6,6,0.295,2,0.333,2,1,0.82,False,scattered,Malvern West
mandi,6,6,0.295,2,0.333,2,1,0.95,True,scattered,The Pocket
whisky,6,6,0.295,2,0.333,1,2,0.99,True,scattered,Wellington Place
studios,359,270,0.294,46,0.184,13,12,0.85,False,scattered,South Riverdale
african,71,63,0.294,17,0.31,11,3,0.84,False,scattered,Humber Summit
epiphany,10,9,0.294,2,0.3,1,2,0.55,False,scattered,L'Amoreaux West
instead,9,9,0.294,3,0.333,1,3,0.97,True,scattered,Annex
maxillofacial,7,6,0.294,2,0.286,1,2,0.95,True,scattered,Avondale
tamil,38,34,0.293,11,0.316,7,2,0.84,False,scattered,Morningside Heights
rights,20,18,0.293,4,0.3,2,3,0.99,True,scattered,Yonge-Bay Corridor
housekeeping,9,9,0.293,3,0.333,2,2,0.98,True,scattered,Moss Park
grid,7,7,0.293,2,0.286,1,2,0.77,False,scattered,Bridle Path-Sunnybrook-York Mills
epi,5,5,0.293,2,0.4,2,1,0.71,False,scattered,Humbermede
jeffrey,21,18,0.292,6,0.333,4,2,0.98,True,scattered,York University Heights
counseling,9,8,0.292,2,0.333,1,2,0.94,True,scattered,Henry Farm
river,85,73,0.291,24,0.341,14,4,0.65,False,scattered,Kingsway South
wang,20,19,0.291,5,0.3,3,3,0.95,True,scattered,Henry Farm
riley,7,7,0.291,2,0.286,1,2,0.75,False,scattered,Islington
grande,6,6,0.291,2,0.333,2,1,0.86,False,scattered,Henry Farm
trustees,6,5,0.291,2,0.333,2,1,0.83,False,scattered,Tam O'Shanter-Sullivan
seafood,58,52,0.29,14,0.276,6,6,0.9,True,scattered,Milliken
mathematics,12,12,0.29,4,0.333,3,2,0.94,True,scattered,York University Heights
hogtown,10,10,0.29,4,0.4,3,2,0.98,True,scattered,Harbourfront-CityPlace
hts,5,5,0.29,2,0.4,2,1,0.75,False,scattered,Glenfield-Jane Heights
museum,59,48,0.289,7,0.22,2,6,0.97,True,scattered,University
hunt,20,19,0.289,4,0.2,3,2,0.81,False,scattered,Birchcliffe-Cliffside
finesse,10,9,0.289,2,0.3,1,2,0.85,False,scattered,Brookhaven-Amesbury
cowan,6,6,0.289,2,0.333,2,1,0.86,False,scattered,Parkdale
warehouse,71,69,0.288,21,0.31,12,3,0.84,False,scattered,York University Heights
icon,22,19,0.288,7,0.318,4,3,0.87,False,scattered,York University Heights
trinity,82,60,0.287,16,0.317,6,8,0.96,True,scattered,West Queen West
lord,30,27,0.287,8,0.333,6,2,0.54,False,scattered,Bathurst Manor
infiniti,7,7,0.287,2,0.286,1,2,0.94,True,scattered,Moss Park
bike,58,57,0.286,14,0.259,8,3,0.97,True,scattered,St Lawrence-East Bayfront-The Islands
separation,6,6,0.286,2,0.333,1,2,0.97,True,scattered,Avondale
princess,26,25,0.285,7,0.269,5,2,0.44,False,scattered,Princess-Rosethorn
vehicle,21,21,0.285,7,0.333,5,2,0.87,False,scattered,West Humber-Clairville
chiropractor,20,19,0.285,7,0.4,4,2,0.97,True,scattered,Annex
dynacare,20,19,0.285,5,0.25,3,2,0.82,False,scattered,Yorkdale-Glen Park
chartered,70,54,0.284,12,0.229,6,4,0.95,True,scattered,Henry Farm
profit,12,12,0.284,4,0.333,3,2,0.94,True,scattered,Moss Park
saks,10,6,0.284,3,0.3,1,3,0.94,True,scattered,Etobicoke City Centre
vancouver,5,5,0.284,2,0.4,2,1,0.98,True,scattered,Church-Wellesley
mercer,15,13,0.283,4,0.4,2,2,0.99,True,scattered,Wellington Place
huang,12,11,0.282,4,0.333,3,2,0.97,True,scattered,Agincourt South-Malvern West
burgess,8,8,0.282,2,0.25,1,2,0.85,False,scattered,Broadview North
anu,7,7,0.282,2,0.286,1,2,0.7,False,scattered,Brookhaven-Amesbury
hoa,7,7,0.282,2,0.286,1,2,0.62,False,scattered,Oakdale-Beverley Heights
kool,7,7,0.282,2,0.286,1,2,0.58,False,scattered,Agincourt North
kp,5,5,0.282,2,0.4,2,1,0.63,False,scattered,O'Connor-Parkview
beth,20,18,0.281,5,0.3,3,2,0.66,False,scattered,Clanton Park
armour,17,13,0.281,2,0.294,1,2,0.78,False,scattered,Bedford Park-Nortown
jasmine,9,8,0.281,2,0.333,2,1,0.94,True,scattered,Milliken
writers,9,9,0.281,3,0.333,1,3,1.0,True,scattered,Wellington Place
fornello,6,6,0.281,2,0.333,1,2,0.96,True,scattered,Church-Wellesley
films,53,46,0.28,7,0.17,3,3,0.88,False,scattered,South Riverdale
apostolic,44,43,0.28,15,0.341,8,5,0.8,False,scattered,Glenfield-Jane Heights
waste,25,22,0.28,6,0.28,3,2,0.64,False,scattered,West Humber-Clairville
element,18,18,0.28,6,0.333,5,2,0.8,False,scattered,Mimico-Queensway
importers,7,7,0.28,2,0.286,1,2,0.77,False,scattered,Bendale-Glen Andrew
kara,7,7,0.28,2,0.286,1,2,0.69,False,scattered,West Humber-Clairville
modo,7,7,0.28,2,0.286,1,2,0.97,True,scattered,West Queen West
woodbridge,6,6,0.28,2,0.333,2,1,0.9,True,scattered,Humber Summit
evergreen,23,21,0.279,6,0.348,5,2,0.94,True,scattered,Agincourt South-Malvern West
arthur,22,19,0.279,6,0.364,3,4,0.95,True,scattered,Annex
armenian,17,13,0.279,2,0.235,1,2,0.88,False,scattered,Henry Farm
pines,7,7,0.279,2,0.286,1,2,0.53,False,scattered,West Hill
pacific,37,32,0.278,10,0.27,6,2,0.95,True,scattered,Parkdale—High Park
hills,19,17,0.278,3,0.263,1,3,0.74,False,scattered,Oakdale-Beverley Heights
sylvan,12,12,0.278,4,0.333,4,1,0.62,False,scattered,Lawrence Park South
casimir,7,6,0.278,2,0.286,2,1,0.59,False,scattered,South Parkdale
jdm,6,6,0.278,2,0.333,2,1,0.91,True,scattered,Humber Summit
storage,225,179,0.277,38,0.227,19,4,0.79,False,scattered,West Humber-Clairville
variety,137,115,0.277,28,0.248,15,7,0.82,False,scattered,Roncesvalles
packers,9,8,0.277,2,0.333,2,1,0.76,False,scattered,Junction Area
medix,7,7,0.277,2,0.286,1,2,0.84,False,scattered,Wexford
roasters,30,28,0.276,7,0.233,5,2,0.95,True,scattered,South Riverdale
stewart,22,20,0.276,4,0.227,2,2,0.99,True,scattered,Parkdale—High Park
tam,20,19,0.276,5,0.3,3,3,0.86,False,scattered,Tam O'Shanter-Sullivan
volkswagen,10,9,0.276,3,0.3,3,1,0.8,False,scattered,Victoria Village
hyatt,7,7,0.276,2,0.286,1,2,0.84,False,scattered,Dorset Park
thyme,7,7,0.276,2,0.286,2,1,0.72,False,scattered,Pleasant View
jacobson,5,5,0.276,1,0.2,1,1,0.44,False,scattered,Rosedale-Moore Park
greek,91,82,0.275,19,0.275,13,3,0.87,False,scattered,Broadview North
stand,27,26,0.275,6,0.259,2,4,0.96,True,scattered,University
labour,24,19,0.275,4,0.292,3,2,0.92,True,scattered,Banbury-Don Mills
eglise,10,10,0.275,3,0.3,2,2,0.89,False,scattered,Wexford
toro,9,9,0.275,2,0.222,1,2,0.91,True,scattered,York University Heights
manufacturers,7,7,0.275,2,0.286,1,2,0.99,True,scattered,Bay-Cloverhill
ajax,6,6,0.275,2,0.333,2,1,0.93,True,scattered,Morningside Heights
higgins,6,6,0.275,2,0.333,1,2,0.98,True,scattered,West Queen West
orlando,6,6,0.275,2,0.333,2,1,0.76,False,scattered,Briar Hill-Belgravia
congregation,29,28,0.274,10,0.345,8,2,0.79,False,scattered,Clanton Park
chai,21,20,0.274,4,0.238,2,2,0.91,True,scattered,Thistletown-Beaumond Heights
battery,13,12,0.274,3,0.308,1,3,0.89,False,scattered,Fort York-Liberty Village
baguette,9,9,0.274,3,0.333,1,3,1.0,True,scattered,Lansing-Westgate
unifor,7,7,0.274,2,0.286,1,2,0.85,False,scattered,Bendale-Glen Andrew
psychology,56,50,0.273,14,0.304,7,4,0.97,True,scattered,Willowdale West
grade,7,7,0.273,2,0.286,1,2,0.86,False,scattered,Weston
sabha,7,7,0.273,2,0.286,1,2,0.93,True,scattered,West Humber-Clairville
athens,6,6,0.273,2,0.333,2,1,0.86,False,scattered,North Riverdale
talent,66,49,0.272,7,0.136,3,3,1.0,True,scattered,Lansing-Westgate
superior,55,51,0.272,17,0.327,12,2,0.82,False,scattered,Dorset Park
francais,8,8,0.272,2,0.25,2,1,0.98,True,scattered,St Lawrence-East Bayfront-The Islands
omg,5,5,0.272,1,0.2,1,1,0.72,False,scattered,Trinity-Bellwoods
council,95,75,0.271,12,0.147,7,2,0.87,False,scattered,University
organics,17,16,0.271,4,0.294,3,2,0.88,False,scattered,O'Connor-Parkview
who,9,9,0.271,2,0.222,1,2,0.99,True,scattered,Yonge-Eglinton
ability,7,7,0.271,2,0.286,1,2,0.87,False,scattered,Wallace Emerson
date,7,7,0.271,2,0.286,1,2,0.92,True,scattered,Oakridge
lands,7,7,0.271,2,0.286,2,1,0.41,False,scattered,Rosedale-Moore Park
allan,36,33,0.27,4,0.194,1,4,0.96,True,scattered,Moss Park
quebec,7,7,0.27,2,0.286,2,1,0.74,False,scattered,West Humber-Clairville
vie,25,24,0.269,7,0.32,3,3,0.9,True,scattered,Yorkdale-Glen Park
hebrew,14,14,0.269,4,0.286,2,2,0.84,False,scattered,Englemount-Lawrence
collins,9,9,0.269,4,0.444,1,4,1.0,True,scattered,Financial District
musicians,7,7,0.269,2,0.286,1,2,0.88,False,scattered,Flemingdon Park
surex,7,7,0.269,2,0.286,2,1,0.47,False,scattered,Highland Creek
souza,6,6,0.269,2,0.333,1,2,0.97,True,scattered,Kensington-Chinatown
sprouts,6,6,0.269,2,0.333,2,1,0.97,True,scattered,South Riverdale
electric,196,181,0.268,45,0.255,25,4,0.78,False,scattered,Humber Summit
hard,16,14,0.268,4,0.312,1,4,1.0,True,scattered,Downtown Yonge East
mitchell,16,15,0.268,3,0.188,3,1,0.97,True,scattered,Annex
abercrombie,7,5,0.268,2,0.286,1,2,0.94,True,scattered,Yorkdale-Glen Park
dunn,7,6,0.268,2,0.286,1,2,0.8,False,scattered,Parkdale
ecco,7,7,0.268,2,0.286,1,2,0.94,True,scattered,Yorkdale-Glen Park
gluten,7,7,0.268,2,0.286,1,2,0.88,False,scattered,Wychwood
obedience,6,6,0.268,2,0.333,2,1,0.8,False,scattered,Bendale South
fung,5,5,0.268,2,0.4,2,1,0.99,True,scattered,Kensington-Chinatown
upper,72,67,0.267,19,0.306,10,3,0.86,False,scattered,East End-Danforth
sporting,18,18,0.267,6,0.333,6,1,0.93,True,scattered,Junction Triangle
instant,17,17,0.267,4,0.235,2,2,0.91,True,scattered,Morningside Heights
leash,13,13,0.267,4,0.308,3,2,0.84,False,scattered,Fort York-Liberty Village
ital,7,7,0.267,2,0.286,2,1,0.54,False,scattered,Clairlea-Birchmount
upholstery,58,56,0.266,16,0.293,10,3,0.82,False,scattered,Humber Summit
sign,45,42,0.266,14,0.311,10,2,0.91,True,scattered,York University Heights
hilton,25,19,0.266,5,0.2,2,3,0.87,False,scattered,West Humber-Clairville
shutters,18,17,0.266,5,0.333,4,2,0.91,True,scattered,Glenfield-Jane Heights
reader,19,17,0.265,4,0.263,2,2,0.92,True,scattered,Humber Summit
brite,7,7,0.265,2,0.286,1,2,0.84,False,scattered,Woburn North
gigi,7,7,0.265,2,0.286,1,2,0.91,True,scattered,Palmerston-Little Italy
warehousing,7,7,0.265,2,0.286,2,1,0.55,False,scattered,West Humber-Clairville
pho,100,90,0.264,23,0.24,12,4,0.89,False,scattered,Milliken
old,92,82,0.264,15,0.217,6,5,0.88,False,scattered,Parkdale—High Park
vegetarian,16,14,0.264,5,0.312,4,2,0.9,False,scattered,Milliken
piazza,7,7,0.264,3,0.429,2,2,1.0,True,scattered,Wellington Place
hundred,6,6,0.264,2,0.333,2,1,0.88,False,scattered,Little Portugal
lab,158,135,0.263,22,0.184,12,4,0.92,True,scattered,York University Heights
iglesia,51,47,0.263,13,0.294,9,2,0.85,False,scattered,Glenfield-Jane Heights
noodles,18,16,0.263,6,0.333,3,4,1.0,True,scattered,Bay-Cloverhill
indo,7,7,0.263,2,0.286,1,2,0.97,True,scattered,Danforth
stitches,7,7,0.263,2,0.286,1,2,0.87,False,scattered,Little Portugal
cheesecake,6,6,0.263,2,0.333,2,1,0.91,True,scattered,Yorkdale-Glen Park
paralegal,52,48,0.262,12,0.288,8,3,0.93,True,scattered,York University Heights
avant,7,7,0.262,2,0.286,2,1,0.97,True,scattered,South Eglinton-Davisville
teller,7,7,0.262,2,0.286,1,2,0.96,True,scattered,Brockton Village
distribution,50,49,0.261,12,0.26,8,2,0.81,False,scattered,West Humber-Clairville
chamber,25,20,0.261,3,0.16,2,2,0.99,True,scattered,Financial District
apothecary,16,16,0.261,4,0.25,2,2,0.97,True,scattered,West Queen West
military,11,10,0.261,2,0.273,2,1,0.61,False,scattered,Morningside
dang,7,7,0.261,2,0.286,1,2,0.89,False,scattered,Parkdale
novel,6,6,0.261,2,0.333,2,1,0.77,False,scattered,Edenbridge-Humber Valley
elemental,5,5,0.261,1,0.2,1,1,0.99,True,scattered,St Lawrence-East Bayfront-The Islands
inn,78,69,0.26,17,0.269,7,8,0.91,True,scattered,Moss Park
extensions,23,23,0.26,5,0.217,3,2,0.89,False,scattered,Glenfield-Jane Heights
borough,7,6,0.26,2,0.286,1,2,0.98,True,scattered,Bendale-Glen Andrew
dead,6,6,0.26,2,0.333,1,2,0.99,True,scattered,Church-Wellesley
flash,6,6,0.26,2,0.333,1,2,0.99,True,scattered,Church-Wellesley
lips,6,6,0.26,2,0.333,2,1,0.84,False,scattered,South Riverdale
elgin,5,5,0.26,2,0.4,1,2,1.0,True,scattered,Yonge-Bay Corridor
push,5,5,0.26,2,0.4,1,2,1.0,True,scattered,Yonge-Bay Corridor
rogers,140,115,0.259,15,0.164,5,8,0.86,False,scattered,Keelesdale-Eglinton West
laundry,122,117,0.259,27,0.254,16,2,0.84,False,scattered,Oakdale-Beverley Heights
canvas,15,15,0.259,4,0.267,2,2,0.93,True,scattered,Wallace Emerson
playa,7,7,0.259,2,0.286,1,2,0.91,True,scattered,Casa Loma
remittance,7,7,0.259,2,0.286,1,2,0.96,True,scattered,Little Portugal
filipino,35,31,0.258,9,0.286,4,3,0.92,True,scattered,Cabbagetown-South St.James Town
machines,14,14,0.257,4,0.286,3,2,0.83,False,scattered,O'Connor-Parkview
bo,11,10,0.257,2,0.273,1,2,0.89,False,scattered,Humbermede
fob,10,10,0.257,4,0.4,3,2,0.99,True,scattered,Lansing-Westgate
ah,7,7,0.257,2,0.286,1,2,0.98,True,scattered,Roncesvalles
cosmos,6,6,0.257,2,0.333,1,2,0.99,True,scattered,Kensington-Chinatown
delmanor,6,6,0.257,2,0.333,2,1,0.98,True,scattered,Willowdale West
edible,6,6,0.257,2,0.333,1,2,0.99,True,scattered,Moss Park
izakaya,24,22,0.256,4,0.167,3,2,0.99,True,scattered,Trinity-Bellwoods
lorne,12,10,0.256,3,0.25,2,2,0.93,True,scattered,York University Heights
mansions,7,7,0.256,2,0.286,1,2,0.9,False,scattered,Avondale
timeless,12,11,0.255,4,0.333,2,2,0.97,True,scattered,York University Heights
osteria,11,11,0.255,3,0.273,2,2,0.99,True,scattered,Kensington-Chinatown
shelter,11,11,0.255,2,0.182,1,2,0.5,False,scattered,Thistletown-Beaumond Heights
vocal,11,11,0.255,2,0.182,2,1,0.6,False,scattered,Bayview Village
gears,7,7,0.255,2,0.286,1,2,0.88,False,scattered,Moss Park
moulding,7,7,0.255,2,0.286,2,1,0.72,False,scattered,Wexford
cecilia,6,6,0.255,2,0.333,2,1,0.76,False,scattered,Parkdale—High Park
fletcher,5,5,0.255,2,0.4,1,2,1.0,True,scattered,Yonge-Bay Corridor
george,166,126,0.254,17,0.163,7,8,0.82,False,scattered,University
oracle,10,10,0.254,2,0.2,1,2,0.97,True,scattered,Banbury-Don Mills
jerome,8,7,0.254,2,0.25,1,2,0.7,False,scattered,Mount Pleasant East
fingerprinting,6,6,0.254,2,0.333,1,2,0.99,True,scattered,Yonge-Bay Corridor
brien,5,5,0.254,2,0.4,1,2,1.0,True,scattered,Downtown Yonge East
investigative,5,5,0.254,2,0.4,1,2,1.0,True,scattered,Downtown Yonge East
collective,87,79,0.253,11,0.126,7,4,0.91,True,scattered,Junction Triangle
prince,42,36,0.253,10,0.31,5,2,0.93,True,scattered,Humber Summit
palmer,11,11,0.253,2,0.182,2,1,0.91,True,scattered,South Riverdale
academic,10,9,0.253,3,0.4,2,2,0.99,True,scattered,University
resto,9,9,0.253,2,0.222,1,2,0.98,True,scattered,Willowdale West
silks,7,6,0.253,2,0.286,2,1,0.89,False,scattered,Malvern East
porsche,5,5,0.253,2,0.4,2,1,0.79,False,scattered,St Lawrence-East Bayfront-The Islands
desserts,30,30,0.252,8,0.267,6,2,0.96,True,scattered,Kensington Market
fabrics,20,18,0.252,4,0.2,2,3,0.83,False,scattered,Yorkdale-Glen Park
ak,17,17,0.252,5,0.294,3,2,0.92,True,scattered,Clairlea-Birchmount
productions,187,159,0.251,10,0.059,6,3,0.83,False,scattered,Clairlea-Birchmount
staffing,107,87,0.251,16,0.252,7,4,0.92,True,scattered,Humber Summit
fur,14,13,0.251,2,0.214,1,2,0.9,True,scattered,Brookhaven-Amesbury
yyz,12,12,0.251,4,0.333,3,2,0.93,True,scattered,Wellington Place
redwood,9,9,0.251,2,0.222,2,1,0.73,False,scattered,Greenwood-Coxwell
penguin,22,20,0.25,4,0.182,3,2,0.93,True,scattered,South Riverdale
om,17,17,0.25,5,0.294,3,2,0.92,True,scattered,Milliken
treats,12,12,0.25,4,0.333,3,2,0.97,True,scattered,York University Heights
balmoral,10,7,0.25,2,0.4,2,1,0.87,False,scattered,Rosedale-Moore Park
greenberg,10,10,0.25,2,0.2,1,2,0.69,False,scattered,Palmerston-Little Italy
sixty,7,7,0.25,2,0.286,1,2,0.96,True,scattered,North St.James Town
rocco,5,5,0.25,2,0.4,2,1,0.88,False,scattered,Stonegate-Queensway
tires,67,65,0.249,19,0.313,11,3,0.85,False,scattered,Dorset Park
marine,33,32,0.249,7,0.242,4,2,0.83,False,scattered,Humber Bay Shores
kabab,13,12,0.249,4,0.308,3,2,0.85,False,scattered,Thorncliffe Park
rentals,171,159,0.248,34,0.211,18,4,0.74,False,scattered,South Riverdale
impark,67,65,0.248,6,0.09,2,3,0.98,True,scattered,Yonge-Bay Corridor
flight,43,41,0.248,5,0.116,4,2,0.87,False,scattered,West Humber-Clairville
networks,41,33,0.248,8,0.366,1,8,1.0,True,scattered,Wellington Place
leather,34,34,0.248,8,0.235,7,2,0.82,False,scattered,Yorkdale-Glen Park
paradigm,14,14,0.248,4,0.286,2,2,0.99,True,scattered,Wellington Place
toothworks,8,6,0.248,1,0.125,1,1,1.0,True,scattered,Financial District
tavern,48,45,0.247,7,0.167,4,2,0.98,True,scattered,Trinity-Bellwoods
woodworking,30,27,0.247,9,0.3,8,2,0.85,False,scattered,Humber Summit
cabin,6,6,0.247,2,0.333,2,1,0.97,True,scattered,St Lawrence-East Bayfront-The Islands
bath,85,82,0.246,24,0.282,13,2,0.84,False,scattered,Etobicoke City Centre
label,21,21,0.246,6,0.286,4,3,0.75,False,scattered,Milliken
flex,18,17,0.246,3,0.222,2,2,0.76,False,scattered,Etobicoke City Centre
foreign,17,15,0.246,2,0.235,1,2,1.0,True,scattered,Financial District
arch,15,14,0.246,3,0.267,2,2,0.96,True,scattered,West Queen West
eclipse,11,11,0.246,3,0.273,2,2,0.9,False,scattered,Etobicoke City Centre
louise,8,8,0.246,2,0.25,1,2,0.58,False,scattered,Agincourt North
tc,8,8,0.246,2,0.25,1,2,0.42,False,scattered,Parkwoods-O'Connor Hills
beatrice,6,6,0.246,2,0.333,1,2,0.99,True,scattered,Kensington-Chinatown
condominium,65,61,0.245,15,0.246,7,4,0.9,False,scattered,Flemingdon Park
transfer,39,38,0.245,9,0.231,5,3,0.58,False,scattered,South Riverdale
safe,35,33,0.245,9,0.286,4,3,0.82,False,scattered,Dorset Park
chair,15,15,0.245,4,0.267,3,2,0.89,False,scattered,Yorkdale-Glen Park
columbus,15,13,0.245,2,0.2,1,2,0.85,False,scattered,Yorkdale-Glen Park
pressure,8,8,0.245,2,0.25,1,2,0.71,False,scattered,West Humber-Clairville
nikki,6,5,0.245,2,0.333,1,2,1.0,True,scattered,Wellington Place
aluminum,52,50,0.244,15,0.288,11,2,0.78,False,scattered,West Humber-Clairville
chester,16,12,0.244,3,0.25,2,2,0.98,True,scattered,North Riverdale
manhattan,8,8,0.244,2,0.25,1,2,0.4,False,scattered,Wexford
chapter,22,22,0.243,5,0.227,3,3,0.95,True,scattered,University
salsa,18,16,0.243,2,0.222,1,2,0.99,True,scattered,Annex
approval,13,13,0.243,4,0.308,3,2,0.71,False,scattered,York University Heights
blacksmith,7,6,0.243,2,0.286,1,2,0.96,True,scattered,West Queen West
certification,7,6,0.243,1,0.143,1,1,1.0,True,scattered,Downtown Yonge East
ernie,9,9,0.242,3,0.333,3,1,0.98,True,scattered,Etobicoke City Centre
antiques,33,27,0.241,6,0.212,4,2,0.95,True,scattered,South Riverdale
trans,17,17,0.241,2,0.118,1,2,0.79,False,scattered,Wychwood
petsmart,11,11,0.241,3,0.273,2,2,0.9,True,scattered,Thorncliffe Park
jacqueline,10,10,0.241,4,0.4,4,1,0.92,True,scattered,Parkdale—High Park
cartage,8,8,0.241,2,0.25,1,2,0.7,False,scattered,Etobicoke City Centre
ck,7,7,0.241,2,0.286,2,1,0.83,False,scattered,Milliken
consultancy,49,45,0.24,11,0.265,7,2,0.92,True,scattered,Bendale-Glen Andrew
vietnamese,31,30,0.24,8,0.258,4,2,0.98,True,scattered,Milliken
once,8,8,0.24,2,0.25,1,2,0.84,False,scattered,Agincourt North
upon,8,8,0.24,2,0.25,1,2,0.84,False,scattered,Agincourt North
flamenco,6,5,0.24,2,0.333,1,2,0.99,True,scattered,Annex
nav,6,6,0.24,2,0.333,2,1,0.95,True,scattered,Fort York-Liberty Village
halal,76,67,0.239,18,0.276,7,6,0.88,False,scattered,Wexford
merchant,26,25,0.239,8,0.346,5,2,0.98,True,scattered,Rosedale-Moore Park
galaxy,21,18,0.239,4,0.286,2,2,0.93,True,scattered,Woburn North
machinery,14,14,0.239,4,0.286,3,2,0.9,False,scattered,Glenfield-Jane Heights
winnie,6,6,0.239,2,0.333,2,1,1.0,True,scattered,Bay-Cloverhill
tscc,5,5,0.239,2,0.4,2,1,0.99,True,scattered,Yonge-Bay Corridor
bbq,111,99,0.238,15,0.18,7,4,0.92,True,scattered,Milliken
loans,37,34,0.238,4,0.108,2,2,0.92,True,scattered,York University Heights
carwash,8,8,0.238,2,0.25,1,2,0.77,False,scattered,Agincourt South-Malvern West
fasteners,8,8,0.238,2,0.25,1,2,0.86,False,scattered,Morningside Heights
shiv,8,8,0.238,2,0.25,1,2,0.86,False,scattered,West Humber-Clairville
dinner,6,6,0.238,2,0.333,1,2,0.99,True,scattered,Downtown Yonge East
macaulay,15,14,0.237,5,0.333,5,1,0.61,False,scattered,Keelesdale-Eglinton West
electro,12,12,0.237,3,0.25,3,1,0.69,False,scattered,West Humber-Clairville
chance,8,8,0.237,2,0.25,1,2,0.81,False,scattered,Scarborough Village
recreational,8,8,0.237,2,0.25,2,1,0.44,False,scattered,Edenbridge-Humber Valley
signal,8,7,0.237,1,0.125,1,1,0.99,True,scattered,Downtown Yonge East
dom,7,7,0.237,2,0.286,1,2,0.98,True,scattered,Moss Park
limos,7,7,0.237,2,0.286,1,2,1.0,True,scattered,Financial District
singers,7,7,0.237,2,0.286,1,2,0.98,True,scattered,University
wardrobe,6,6,0.237,2,0.333,2,1,0.87,False,scattered,South Riverdale
colonics,5,5,0.237,2,0.4,2,1,0.97,True,scattered,University
investments,65,51,0.236,6,0.123,1,6,1.0,True,scattered,Wellington Place
vivian,12,12,0.236,4,0.333,2,3,0.98,True,scattered,Annex
tulip,10,10,0.236,3,0.3,3,1,0.96,True,scattered,Oakwood Village
escapes,7,5,0.236,2,0.286,2,1,0.47,False,scattered,Parkdale—High Park
lady,65,58,0.235,13,0.231,7,3,0.75,False,scattered,Clairlea-Birchmount
commerce,42,31,0.235,6,0.357,1,6,1.0,True,scattered,Financial District
victor,24,23,0.235,3,0.125,1,3,0.92,True,scattered,Moss Park
running,21,21,0.235,3,0.143,2,2,0.96,True,scattered,Lawrence Park South
heather,20,20,0.235,4,0.2,3,2,0.58,False,scattered,Playter Estates-Danforth
fuel,14,14,0.235,4,0.286,2,2,0.94,True,scattered,St Lawrence-East Bayfront-The Islands
tesla,11,10,0.235,2,0.182,1,2,0.74,False,scattered,Victoria Village
kabul,8,8,0.235,2,0.25,2,1,0.84,False,scattered,West Hill
spoon,8,8,0.235,2,0.25,1,2,0.87,False,scattered,Agincourt South-Malvern West
franco,10,10,0.234,3,0.3,3,1,0.93,True,scattered,Yorkdale-Glen Park
enercare,8,8,0.234,2,0.25,1,2,0.8,False,scattered,Fort York-Liberty Village
halloween,7,7,0.234,2,0.286,2,1,0.89,False,scattered,Yorkdale-Glen Park
conservancy,6,6,0.234,2,0.333,1,2,1.0,True,scattered,Wellington Place
supermarket,111,100,0.233,20,0.198,12,3,0.81,False,scattered,Golfdale-Cedarbrae-Woburn
winter,14,14,0.233,2,0.143,1,2,0.82,False,scattered,Fort York-Liberty Village
berry,13,13,0.233,2,0.154,2,1,0.55,False,scattered,Stonegate-Queensway
promise,10,10,0.233,3,0.3,2,2,0.95,True,scattered,Little Portugal
canteen,9,9,0.233,2,0.222,2,1,0.99,True,scattered,Wellington Place
read,8,8,0.233,2,0.25,2,1,0.79,False,scattered,North Riverdale
ria,8,8,0.233,2,0.25,1,2,0.92,True,scattered,Clanton Park
flooring,161,146,0.232,26,0.18,12,5,0.84,False,scattered,Dorset Park
ymca,148,117,0.232,28,0.209,17,3,0.64,False,scattered,West Rouge
appliances,65,60,0.232,16,0.277,10,3,0.81,False,scattered,Briar Hill-Belgravia
marina,28,25,0.232,6,0.286,4,2,0.89,False,scattered,Harbourfront-CityPlace
disability,21,21,0.232,2,0.095,1,2,0.91,True,scattered,Downsview
license,8,8,0.232,2,0.25,1,2,0.92,True,scattered,York University Heights
neck,5,5,0.232,1,0.2,1,1,0.98,True,scattered,University
allstate,83,13,0.231,4,0.193,3,2,0.87,False,scattered,Taylor-Massey
ministry,78,71,0.231,13,0.192,5,3,0.84,False,scattered,Humber Summit
jw,7,7,0.231,2,0.286,2,1,0.63,False,scattered,The Pocket
accessibility,6,6,0.231,2,0.333,2,1,0.96,True,scattered,Moss Park
lexus,6,5,0.231,2,0.333,2,1,0.89,False,scattered,South Riverdale
towing,58,53,0.23,12,0.259,8,2,0.86,False,scattered,York University Heights
clear,34,33,0.23,10,0.294,6,2,0.93,True,scattered,Keelesdale-Eglinton West
biryani,33,31,0.23,7,0.242,3,3,0.92,True,scattered,Clairlea-Birchmount
brazilian,33,31,0.23,8,0.273,6,2,0.87,False,scattered,York University Heights
sage,26,20,0.23,6,0.308,4,2,0.96,True,scattered,Trinity-Bellwoods
towers,67,61,0.229,13,0.269,7,2,0.82,False,scattered,Englemount-Lawrence
thompson,41,36,0.229,9,0.22,7,2,0.33,False,scattered,South Riverdale
insight,29,26,0.229,5,0.207,2,3,1.0,True,scattered,Yonge-Bay Corridor
fruz,24,24,0.229,4,0.167,4,1,0.91,True,scattered,York University Heights
yogen,24,24,0.229,4,0.167,4,1,0.91,True,scattered,York University Heights
growth,23,20,0.229,3,0.174,2,2,0.99,True,scattered,St Lawrence-East Bayfront-The Islands
invest,5,5,0.229,1,0.2,1,1,0.97,True,scattered,Harbourfront-CityPlace
supply,214,188,0.228,24,0.117,13,4,0.79,False,scattered,West Humber-Clairville
parkette,140,127,0.228,17,0.129,10,3,0.57,False,scattered,Weston-Pelham Park
ems,14,14,0.228,4,0.286,3,2,0.61,False,scattered,Humber Summit
cole,13,13,0.228,3,0.231,2,2,0.95,True,scattered,Regent Park
norton,12,11,0.228,2,0.25,1,2,0.94,True,scattered,Willowdale West
boba,7,7,0.228,2,0.286,1,2,0.97,True,scattered,Harbourfront-CityPlace
brafasco,7,6,0.228,2,0.286,2,1,0.84,False,scattered,Agincourt South-Malvern West
point,197,176,0.227,28,0.188,15,4,0.59,False,scattered,St Lawrence-East Bayfront-The Islands
pi,27,26,0.227,3,0.148,1,3,0.95,True,scattered,Annex
morgan,19,17,0.227,2,0.105,1,2,0.93,True,scattered,Kingsway South
brass,13,12,0.227,3,0.231,3,1,0.98,True,scattered,York University Heights
thornton,11,10,0.227,3,0.273,3,1,0.92,True,scattered,Wellington Place
lara,8,8,0.227,2,0.25,1,2,0.96,True,scattered,Wychwood
gang,6,6,0.227,2,0.333,2,1,0.98,True,scattered,West Queen West
fraud,5,5,0.227,2,0.4,1,2,1.0,True,scattered,Wellington Place
car,540,392,0.226,37,0.093,15,10,0.84,False,scattered,York University Heights
social,160,126,0.226,6,0.037,3,3,0.76,False,scattered,West Humber-Clairville
harris,22,19,0.226,5,0.227,3,2,0.91,True,scattered,St Lawrence-East Bayfront-The Islands
bounce,20,20,0.226,2,0.1,1,2,0.93,True,scattered,South Riverdale
badminton,19,19,0.226,5,0.263,4,2,0.69,False,scattered,Etobicoke City Centre
pinoy,12,11,0.226,2,0.25,1,2,0.94,True,scattered,Clanton Park
shanghai,10,10,0.226,2,0.2,1,2,0.99,True,scattered,St Lawrence-East Bayfront-The Islands
list,8,8,0.226,2,0.25,2,1,0.96,True,scattered,Mount Pleasant East
tattoos,53,50,0.225,9,0.17,4,4,0.98,True,scattered,Little Portugal
hotels,22,21,0.225,5,0.227,4,2,0.85,False,scattered,West Humber-Clairville
fuels,8,8,0.225,2,0.25,1,2,0.89,False,scattered,York University Heights
reformer,6,6,0.225,2,0.333,1,2,0.99,True,scattered,Wellington Place
our,79,70,0.224,16,0.215,10,3,0.68,False,scattered,Clairlea-Birchmount
timothy,36,32,0.224,4,0.167,2,2,0.92,True,scattered,Bendale-Glen Andrew
concierge,26,22,0.224,5,0.192,4,2,0.98,True,scattered,South Riverdale
liquor,14,14,0.224,4,0.286,2,2,0.96,True,scattered,Little Portugal
alterna,12,10,0.224,3,0.25,2,2,0.88,False,scattered,York University Heights
flats,9,9,0.224,2,0.222,1,2,0.62,False,scattered,Mount Dennis
luck,8,8,0.224,2,0.25,1,2,0.98,True,scattered,Kensington Market
sugaring,7,7,0.224,2,0.286,2,1,0.93,True,scattered,Corso Italia-Davenport
civic,19,18,0.223,4,0.263,2,2,0.87,False,scattered,Etobicoke West Mall
midwives,15,15,0.223,4,0.267,3,2,0.93,True,scattered,Regent Park
himalayan,8,8,0.223,2,0.25,1,2,0.95,True,scattered,Parkdale
samantha,7,7,0.223,2,0.286,2,1,0.82,False,scattered,South Riverdale
vive,6,6,0.223,2,0.333,2,1,0.94,True,scattered,Annex
fashion,191,149,0.222,20,0.141,12,4,0.87,False,scattered,Yorkdale-Glen Park
ink,85,78,0.222,9,0.141,5,2,0.86,False,scattered,West Humber-Clairville
alfa,18,17,0.222,5,0.333,3,3,0.87,False,scattered,Annex
initiative,17,17,0.222,6,0.353,3,2,0.99,True,scattered,St Lawrence-East Bayfront-The Islands
assurance,9,9,0.222,2,0.222,1,2,1.0,True,scattered,Wellington Place
discreet,7,6,0.222,2,0.286,2,1,0.77,False,scattered,Junction Area
chisholm,5,5,0.222,2,0.4,1,2,1.0,True,scattered,Financial District
information,64,56,0.221,9,0.156,6,2,0.94,True,scattered,University
cinema,21,19,0.221,3,0.19,2,2,0.97,True,scattered,University
classical,17,16,0.221,5,0.294,2,3,0.97,True,scattered,Moss Park
natasha,11,11,0.221,3,0.273,2,2,0.95,True,scattered,South Riverdale
coach,69,62,0.22,5,0.072,2,3,0.8,False,scattered,West Humber-Clairville
moore,38,36,0.22,8,0.263,5,2,0.8,False,scattered,Newtonbrook West
atlantic,30,28,0.22,4,0.133,2,2,0.78,False,scattered,Dorset Park
birch,19,19,0.22,4,0.211,2,2,0.72,False,scattered,The Beaches
if,5,5,0.22,2,0.4,1,2,1.0,True,scattered,Financial District
pci,5,4,0.22,2,0.4,1,2,1.0,True,scattered,Financial District
audio,63,60,0.219,15,0.27,7,3,0.87,False,scattered,South Riverdale
meats,41,32,0.219,7,0.195,5,2,0.87,False,scattered,Glenfield-Jane Heights
barristers,34,29,0.219,6,0.265,1,6,1.0,True,scattered,Financial District
bound,8,8,0.219,2,0.25,1,2,0.98,True,scattered,Etobicoke City Centre
tbooth,8,8,0.219,2,0.25,1,2,0.98,True,scattered,Bendale-Glen Andrew
cafeteria,6,6,0.219,2,0.333,1,2,0.99,True,scattered,Yonge-Bay Corridor
colombo,6,6,0.219,2,0.333,2,1,0.69,False,scattered,Clairlea-Birchmount
pooch,6,6,0.219,2,0.333,2,1,0.97,True,scattered,Fort York-Liberty Village
engineering,129,97,0.218,16,0.225,7,4,0.94,True,scattered,Henry Farm
mediation,33,32,0.218,5,0.152,3,2,0.96,True,scattered,Lansing-Westgate
camera,28,28,0.218,5,0.179,4,2,0.77,False,scattered,York University Heights
russell,22,20,0.218,4,0.182,3,2,0.8,False,scattered,Stonegate-Queensway
yang,15,14,0.218,4,0.267,4,1,0.94,True,scattered,Milliken
diesel,8,8,0.218,2,0.25,2,1,0.67,False,scattered,Etobicoke City Centre
metropolitan,61,50,0.217,7,0.262,2,5,0.98,True,scattered,Downtown Yonge East
ash,13,12,0.217,2,0.231,1,2,0.84,False,scattered,Agincourt South-Malvern West
ahmed,11,11,0.217,3,0.273,3,1,0.79,False,scattered,Woburn North
lodge,40,34,0.216,7,0.2,4,2,0.88,False,scattered,Dorset Park
doner,14,13,0.216,4,0.286,3,2,0.88,False,scattered,Downsview
taps,9,9,0.216,2,0.222,2,1,0.87,False,scattered,Yorkdale-Glen Park
sweat,8,8,0.216,2,0.25,1,2,0.99,True,scattered,Parkdale—High Park
tommy,28,26,0.215,4,0.179,3,2,0.33,False,scattered,South Riverdale
extension,15,15,0.215,4,0.267,2,2,0.97,True,scattered,West Queen West
merchants,9,9,0.215,2,0.222,1,2,0.74,False,scattered,Downsview
photography,395,293,0.214,20,0.127,7,5,0.87,False,scattered,South Riverdale
wear,30,30,0.214,8,0.267,4,2,0.91,True,scattered,Black Creek
cameron,22,20,0.214,2,0.091,1,2,0.98,True,scattered,St Lawrence-East Bayfront-The Islands
constructions,13,13,0.214,4,0.308,3,2,0.88,False,scattered,York University Heights
hillside,9,9,0.214,2,0.222,1,2,0.77,False,scattered,Bendale-Glen Andrew
oksana,9,8,0.214,2,0.333,2,1,0.92,True,scattered,Parkdale—High Park
macedonian,8,7,0.214,2,0.25,1,2,0.9,False,scattered,Regent Park
residence,89,83,0.213,13,0.157,8,3,0.84,False,scattered,York University Heights
paws,46,45,0.213,10,0.217,5,2,0.91,True,scattered,Weston-Pelham Park
patel,26,24,0.213,5,0.231,3,2,0.85,False,scattered,West Humber-Clairville
native,17,16,0.213,3,0.235,2,2,0.92,True,scattered,Moss Park
stein,11,11,0.213,3,0.273,3,1,0.97,True,scattered,Annex
flora,8,8,0.213,2,0.25,1,2,0.97,True,scattered,Little Portugal
plato,6,6,0.213,2,0.333,1,2,1.0,True,scattered,Bay-Cloverhill
societe,6,6,0.213,2,0.333,1,2,0.99,True,scattered,Downtown Yonge East
accountants,55,43,0.212,4,0.091,2,2,0.92,True,scattered,St.Andrew-Windfields
artists,38,35,0.212,5,0.132,3,3,0.96,True,scattered,South Riverdale
howard,35,31,0.212,4,0.2,3,2,0.9,True,scattered,Parkdale—High Park
drapery,24,22,0.212,5,0.25,4,2,0.92,True,scattered,Yorkdale-Glen Park
ava,16,14,0.212,2,0.188,1,2,0.93,True,scattered,Avondale
engel,8,8,0.212,2,0.25,1,2,0.97,True,scattered,South Eglinton-Davisville
jvs,7,7,0.212,2,0.286,1,2,0.99,True,scattered,St Lawrence-East Bayfront-The Islands
cocktails,5,4,0.212,2,0.4,1,2,1.0,True,scattered,Financial District
recycling,36,30,0.211,5,0.25,4,2,0.83,False,scattered,Clairlea-Birchmount
parade,12,9,0.211,2,0.25,2,1,0.82,False,scattered,Humber Bay Shores
compliance,10,8,0.211,0,0.0,0,0,,False,scattered,
payment,6,6,0.211,2,0.333,2,1,0.96,True,scattered,Henry Farm
ghost,11,11,0.21,3,0.273,3,1,0.98,True,scattered,West Queen West
cops,8,8,0.21,2,0.25,1,2,0.98,True,scattered,South Riverdale
nurses,8,8,0.21,2,0.25,2,1,0.75,False,scattered,Bedford Park-Nortown
penny,8,8,0.21,2,0.25,1,2,0.98,True,scattered,Trinity-Bellwoods
london,30,26,0.209,2,0.067,2,1,0.99,True,scattered,Rosedale-Moore Park
michaels,16,16,0.209,2,0.125,2,1,0.79,False,scattered,Clanton Park
cristo,13,12,0.209,3,0.308,3,1,0.85,False,scattered,Keelesdale-Eglinton West
ebike,7,7,0.209,2,0.286,1,2,0.99,True,scattered,Kensington Market
gale,5,5,0.209,2,0.4,1,2,1.0,True,scattered,Financial District
storey,5,5,0.209,2,0.4,1,2,1.0,True,scattered,Financial District
magazine,52,49,0.208,6,0.135,3,3,0.95,True,scattered,North St.James Town
spiritual,44,42,0.208,6,0.182,4,3,0.82,False,scattered,Thistletown-Beaumond Heights
hong,39,31,0.208,5,0.205,4,2,0.94,True,scattered,Agincourt South-Malvern West
visual,31,30,0.208,7,0.226,5,2,0.91,True,scattered,West Queen West
andre,17,17,0.208,4,0.235,2,2,0.63,False,scattered,Oakdale-Beverley Heights
essay,5,5,0.208,0,0.0,0,0,,False,scattered,
physicians,5,5,0.208,1,0.2,1,1,0.98,True,scattered,Yonge-Bay Corridor
rehmat,5,5,0.208,1,0.2,1,1,0.7,False,scattered,Dorset Park
acting,18,15,0.207,4,0.278,4,1,0.92,True,scattered,South Riverdale
tinting,18,18,0.207,4,0.222,2,2,0.89,False,scattered,West Humber-Clairville
archives,15,14,0.207,3,0.2,2,2,0.88,False,scattered,York University Heights
foster,13,13,0.207,3,0.231,1,3,0.97,True,scattered,Yonge-St.Clair
holly,10,9,0.207,2,0.3,1,2,0.99,True,scattered,South Eglinton-Davisville
containers,9,9,0.207,2,0.222,2,1,0.55,False,scattered,South Riverdale
opseu,7,6,0.207,1,0.143,1,1,1.0,True,scattered,Yonge-Bay Corridor
expression,5,5,0.207,1,0.2,1,1,0.99,True,scattered,Kensington Market
housing,87,80,0.206,10,0.126,5,3,0.81,False,scattered,South Riverdale
retirement,45,45,0.206,9,0.2,6,2,0.73,False,scattered,High Park North
sterling,39,36,0.206,6,0.231,3,2,0.83,False,scattered,Rockcliffe-Smythe
evangelical,35,35,0.206,6,0.171,4,2,0.82,False,scattered,Casa Loma
sheet,28,28,0.206,8,0.286,5,2,0.85,False,scattered,Dorset Park
textiles,28,25,0.206,5,0.286,2,3,0.99,True,scattered,Corso Italia-Davenport
writing,13,13,0.206,2,0.154,1,2,0.95,True,scattered,Moss Park
rahman,9,9,0.206,2,0.222,1,2,0.86,False,scattered,Woburn North
ceramics,8,8,0.206,2,0.25,2,1,0.82,False,scattered,Greenwood-Coxwell
shree,8,8,0.206,2,0.25,2,1,0.79,False,scattered,Black Creek
sweets,46,41,0.205,9,0.239,5,2,0.94,True,scattered,West Humber-Clairville
charles,59,50,0.204,9,0.271,3,5,0.98,True,scattered,Yorkdale-Glen Park
provence,13,12,0.204,2,0.231,1,2,0.97,True,scattered,Etobicoke City Centre
shades,11,11,0.204,2,0.182,2,1,0.9,False,scattered,Hillcrest Village
travellers,5,5,0.204,1,0.2,1,1,0.99,True,scattered,Kensington Market
golf,109,104,0.203,19,0.202,13,3,0.72,False,scattered,Elms-Old Rexdale
meat,92,86,0.203,16,0.207,9,3,0.89,False,scattered,Milliken
hour,17,17,0.203,3,0.176,2,2,0.94,True,scattered,Wellington Place
freeman,15,14,0.203,2,0.133,1,2,0.84,False,scattered,Milliken
abbey,9,8,0.203,2,0.222,2,1,0.22,False,scattered,West Hill
choi,8,8,0.203,2,0.25,1,2,0.97,True,scattered,West Queen West
playschool,5,5,0.203,1,0.2,1,1,0.96,True,scattered,East End-Danforth
heart,86,77,0.202,14,0.174,5,4,0.91,True,scattered,Cabbagetown-South St.James Town
signs,67,61,0.202,8,0.149,4,3,0.88,False,scattered,Etobicoke City Centre
soccer,51,48,0.202,11,0.235,7,3,0.59,False,scattered,Downsview
table,29,29,0.202,6,0.207,4,2,0.86,False,scattered,York University Heights
sotheby,12,6,0.202,2,0.167,1,2,0.82,False,scattered,Stonegate-Queensway
amore,9,9,0.202,2,0.222,1,2,0.93,True,scattered,Annex
vapor,9,9,0.202,2,0.222,2,1,0.95,True,scattered,Dufferin Grove
rental,218,191,0.201,18,0.11,9,4,0.76,False,scattered,West Humber-Clairville
strategic,37,35,0.201,1,0.027,1,1,0.51,False,scattered,Rosedale-Moore Park
catch,11,11,0.201,2,0.182,1,2,0.6,False,scattered,West Humber-Clairville
creamery,11,11,0.201,4,0.364,2,2,0.99,True,scattered,Yonge-Bay Corridor
bobby,9,9,0.201,2,0.222,1,2,0.94,True,scattered,Bayview Village
taverna,9,9,0.201,2,0.222,1,2,0.98,True,scattered,Danforth
harold,8,8,0.201,2,0.25,2,1,0.87,False,scattered,Beechborough-Greenbrook
clothes,6,6,0.201,2,0.333,1,2,0.99,True,scattered,Yonge-Bay Corridor
archive,5,5,0.201,1,0.2,1,1,0.97,True,scattered,St Lawrence-East Bayfront-The Islands
ai,69,56,0.2,2,0.029,2,1,0.99,True,scattered,Downtown Yonge East
drain,62,60,0.2,10,0.177,5,3,0.71,False,scattered,Stonegate-Queensway
steakhouse,37,31,0.2,0,0.0,0,0,,False,scattered,
kebab,29,27,0.2,2,0.138,1,2,0.88,False,scattered,Wexford
sharma,24,22,0.2,4,0.208,3,2,0.91,True,scattered,West Humber-Clairville
track,22,21,0.2,3,0.182,2,2,0.75,False,scattered,York University Heights
jobs,19,18,0.2,2,0.105,1,2,0.94,True,scattered,South Riverdale
uniforms,15,15,0.2,4,0.267,3,2,0.85,False,scattered,Mimico-Queensway
leblanc,5,5,0.2,1,0.2,1,1,0.77,False,scattered,Bedford Park-Nortown
waterproofing,72,67,0.199,11,0.194,7,3,0.82,False,scattered,Thorncliffe Park
buddhist,31,29,0.199,6,0.226,3,2,0.82,False,scattered,Rockcliffe-Smythe
cybersecurity,6,6,0.199,1,0.167,1,1,0.99,True,scattered,Downtown Yonge East
discovery,21,18,0.198,4,0.238,1,4,0.98,True,scattered,Yonge-Bay Corridor
tiny,15,15,0.198,2,0.133,1,2,0.9,True,scattered,Annex
belly,9,8,0.198,2,0.222,1,2,0.97,True,scattered,Mount Pleasant East
dhillon,9,9,0.198,2,0.222,1,2,0.97,True,scattered,West Humber-Clairville
occitane,9,9,0.198,2,0.222,1,2,0.97,True,scattered,Etobicoke City Centre
portable,9,8,0.198,2,0.222,1,2,0.93,True,scattered,Leaside-Bennington
mj,17,14,0.197,2,0.235,2,1,0.87,False,scattered,Brookhaven-Amesbury
bubbles,8,8,0.197,2,0.25,1,2,0.98,True,scattered,Rosedale-Moore Park
loretto,6,5,0.197,2,0.333,2,1,0.83,False,scattered,Palmerston-Little Italy
media,486,308,0.196,11,0.043,4,7,0.86,False,scattered,Liberty Village
squeezed,10,10,0.196,1,0.1,1,1,0.98,True,scattered,Harbourfront-CityPlace
gold,126,91,0.195,4,0.032,3,2,0.85,False,scattered,Humbermede
faith,60,59,0.195,14,0.25,7,3,0.85,False,scattered,Glenfield-Jane Heights
yu,19,18,0.195,4,0.263,4,1,0.93,True,scattered,Avondale
irrigation,10,10,0.195,2,0.2,1,2,0.48,False,scattered,Mount Olive-Silverstone-Jamestown
sammy,8,8,0.195,2,0.25,2,1,0.68,False,scattered,Humewood-Cedarvale
resident,7,7,0.195,2,0.286,2,1,0.94,True,scattered,North Toronto
data,66,56,0.194,9,0.167,5,3,0.89,False,scattered,York University Heights
andrea,21,20,0.194,3,0.19,2,2,0.99,True,scattered,South Eglinton-Davisville
rim,14,14,0.194,3,0.214,1,3,0.84,False,scattered,Humber Summit
shelley,9,9,0.194,2,0.222,1,2,0.87,False,scattered,Yonge-Eglinton
stitch,9,9,0.194,2,0.222,1,2,0.92,True,scattered,Yorkdale-Glen Park
ambrose,8,6,0.194,2,0.25,2,1,0.33,False,scattered,Clanton Park
fossil,8,8,0.194,2,0.25,2,1,0.94,True,scattered,Yorkdale-Glen Park
hull,7,6,0.194,1,0.143,1,1,1.0,True,scattered,Financial District
sri,34,34,0.193,8,0.235,5,3,0.71,False,scattered,Milliken
workspace,5,5,0.193,0,0.0,0,0,,False,scattered,
peace,44,40,0.192,5,0.159,5,1,0.66,False,scattered,Islington
refinishing,26,26,0.192,4,0.154,3,2,0.79,False,scattered,O'Connor-Parkview
wines,23,23,0.192,6,0.261,4,2,0.82,False,scattered,Trinity-Bellwoods
saigon,22,20,0.192,3,0.136,2,2,0.99,True,scattered,Willowdale West
bb,21,20,0.192,4,0.238,2,2,0.92,True,scattered,West Humber-Clairville
lobster,17,17,0.192,3,0.176,1,3,0.88,False,scattered,Milliken
memory,10,10,0.192,2,0.2,1,2,0.35,False,scattered,Hillcrest Village
fastsigns,8,8,0.192,2,0.25,2,1,0.95,True,scattered,Dorset Park
assist,5,5,0.192,1,0.2,1,1,1.0,True,scattered,Bay-Cloverhill
district,117,100,0.191,8,0.179,3,5,0.88,False,scattered,St Lawrence-East Bayfront-The Islands
pita,60,57,0.191,7,0.117,3,3,0.87,False,scattered,York University Heights
word,32,31,0.191,5,0.188,3,2,0.88,False,scattered,Wexford
zero,24,22,0.191,4,0.167,2,2,0.9,False,scattered,York University Heights
tuck,17,16,0.191,2,0.118,2,1,0.64,False,scattered,Flemingdon Park
hungarian,14,13,0.191,3,0.214,2,2,0.83,False,scattered,Victoria Village
shannon,11,10,0.191,3,0.273,2,2,0.99,True,scattered,Wellington Place
chip,8,8,0.191,2,0.25,1,2,0.95,True,scattered,University
handy,7,7,0.191,2,0.286,2,1,0.84,False,scattered,Henry Farm
mortgages,128,88,0.19,10,0.148,5,3,0.87,False,scattered,Hillcrest Village
stanley,22,21,0.19,3,0.136,1,3,0.56,False,scattered,Glenfield-Jane Heights
her,15,14,0.19,2,0.133,1,2,0.99,True,scattered,Palmerston-Little Italy
hobby,9,9,0.19,2,0.222,1,2,0.93,True,scattered,York University Heights
hanna,8,8,0.19,2,0.25,1,2,0.93,True,scattered,West Queen West
jardin,8,8,0.19,2,0.25,1,2,0.98,True,scattered,Moss Park
mass,8,8,0.19,2,0.25,1,2,0.98,True,scattered,Moss Park
marcel,6,6,0.19,2,0.333,1,2,1.0,True,scattered,Wellington Place
radius,5,5,0.19,0,0.0,0,0,,False,scattered,
lloyd,18,18,0.189,2,0.111,1,2,0.62,False,scattered,Princess-Rosethorn
cadillac,15,15,0.189,2,0.133,1,2,0.85,False,scattered,Banbury-Don Mills
duff,7,7,0.189,1,0.143,1,1,1.0,True,scattered,Wellington Place
transit,34,33,0.188,6,0.176,3,2,0.51,False,scattered,Yorkdale-Glen Park
athletics,24,24,0.188,4,0.167,3,2,0.65,False,scattered,South Riverdale
customs,24,24,0.188,5,0.208,3,2,0.78,False,scattered,West Humber-Clairville
fabrication,22,22,0.188,3,0.136,2,2,0.7,False,scattered,Agincourt South-Malvern West
cognitive,6,6,0.188,2,0.333,2,1,1.0,True,scattered,Yonge-Eglinton
view,59,55,0.187,5,0.119,3,2,0.54,False,scattered,West Humber-Clairville
operators,42,40,0.187,7,0.167,4,2,0.77,False,scattered,Bayview Village
justin,12,12,0.187,2,0.167,1,2,0.98,True,scattered,South Eglinton-Davisville
genie,10,10,0.187,2,0.2,2,1,0.86,False,scattered,Taylor-Massey
appraisals,8,8,0.187,2,0.25,1,2,0.97,True,scattered,Moss Park
tian,7,7,0.187,2,0.286,1,2,0.99,True,scattered,Kensington-Chinatown
glass,177,168,0.186,12,0.068,7,4,0.74,False,scattered,Clairlea-Birchmount
murray,27,25,0.186,2,0.074,1,2,0.75,False,scattered,York University Heights
pars,9,6,0.186,1,0.111,1,1,0.86,False,scattered,Newtonbrook East
bangkok,7,7,0.186,2,0.286,1,2,0.99,True,scattered,Kensington-Chinatown
woods,36,34,0.185,5,0.167,2,3,0.36,False,scattered,Leaside-Bennington
liquidation,30,30,0.185,6,0.2,4,2,0.62,False,scattered,Oakdale-Beverley Heights
select,29,27,0.185,5,0.241,5,1,0.74,False,scattered,Milliken
portuguese,26,22,0.185,4,0.154,3,2,0.87,False,scattered,Little Portugal
fruits,10,10,0.185,2,0.2,1,2,0.79,False,scattered,Stonegate-Queensway
brasil,9,9,0.185,2,0.222,2,1,0.95,True,scattered,Dufferin Grove
seed,9,9,0.185,2,0.222,2,1,0.91,True,scattered,South Riverdale
tourist,9,9,0.185,2,0.222,1,2,0.98,True,scattered,Annex
alma,8,8,0.185,2,0.25,2,1,0.71,False,scattered,East End-Danforth
hobbies,8,8,0.185,2,0.25,2,1,0.96,True,scattered,Woodbine Corridor
svp,7,7,0.185,2,0.286,2,1,0.92,True,scattered,Yorkdale-Glen Park
bazaar,21,21,0.184,4,0.19,2,2,0.87,False,scattered,Thistletown-Beaumond Heights
bin,18,18,0.184,4,0.222,2,2,0.9,True,scattered,New Toronto
pump,17,17,0.184,4,0.235,3,2,0.82,False,scattered,West Humber-Clairville
range,14,14,0.184,2,0.143,1,2,0.73,False,scattered,South Riverdale
shiva,14,13,0.184,2,0.214,1,2,0.9,False,scattered,Morningside Heights
ravi,11,11,0.184,2,0.182,1,2,0.85,False,scattered,Mount Olive-Silverstone-Jamestown
basic,10,10,0.184,2,0.2,1,2,0.82,False,scattered,Victoria Village
nile,10,10,0.184,2,0.2,1,2,0.71,False,scattered,Weston
tarot,9,9,0.184,2,0.222,1,2,0.93,True,scattered,Cabbagetown-South St.James Town
leadership,29,26,0.183,0,0.0,0,0,,False,scattered,
guitar,28,28,0.183,5,0.179,2,3,0.93,True,scattered,Stonegate-Queensway
mabel,7,7,0.183,2,0.286,2,1,0.97,True,scattered,Mount Pleasant East
thanh,7,7,0.183,2,0.286,2,1,0.91,True,scattered,Trinity-Bellwoods
chop,6,6,0.183,2,0.333,2,1,0.98,True,scattered,Kensington Market
labs,84,70,0.182,1,0.012,1,1,0.97,True,scattered,Annex
walmart,47,31,0.182,7,0.213,3,3,0.81,False,scattered,Milliken
laundromat,33,33,0.182,6,0.182,3,3,0.88,False,scattered,Palmerston-Little Italy
angels,24,23,0.182,5,0.25,4,2,0.82,False,scattered,Corso Italia-Davenport
fleet,20,18,0.182,2,0.2,1,2,0.96,True,scattered,Harbourfront-CityPlace
colours,9,9,0.182,2,0.222,2,1,0.96,True,scattered,Trinity-Bellwoods
meet,9,9,0.182,2,0.222,1,2,0.94,True,scattered,Yonge-Doris
janitorial,38,37,0.181,8,0.211,5,2,0.8,False,scattered,Keelesdale-Eglinton West
facility,33,33,0.181,6,0.182,5,2,0.81,False,scattered,West Humber-Clairville
acme,10,10,0.181,2,0.2,1,2,0.93,True,scattered,Kennedy Park
devi,10,10,0.181,2,0.2,1,2,0.93,True,scattered,Kennedy Park
eileen,8,8,0.181,2,0.25,2,1,0.94,True,scattered,Yorkdale-Glen Park
diet,6,6,0.181,1,0.167,1,1,0.97,True,scattered,Annex
hayes,6,6,0.181,2,0.333,2,1,0.95,True,scattered,Regent Park
meineke,5,5,0.181,0,0.0,0,0,,False,scattered,
millennium,10,10,0.18,2,0.2,1,2,0.93,True,scattered,Bendale South
borders,8,8,0.18,1,0.125,1,1,1.0,True,scattered,Wellington Place
hose,5,5,0.18,1,0.2,1,1,0.85,False,scattered,Agincourt South-Malvern West
trattoria,32,26,0.179,4,0.156,1,4,0.98,True,scattered,Trinity-Bellwoods
coalition,18,17,0.179,3,0.167,2,2,0.98,True,scattered,Kensington Market
yard,18,18,0.179,4,0.222,3,2,0.49,False,scattered,Clanton Park
engraving,9,9,0.179,2,0.222,1,2,1.0,True,scattered,Downtown Yonge East
caribbean,105,90,0.178,13,0.133,9,2,0.84,False,scattered,York University Heights
coin,101,98,0.178,13,0.139,7,2,0.84,False,scattered,York University Heights
gas,67,63,0.178,9,0.149,5,2,0.79,False,scattered,West Rouge
orthodox,56,51,0.178,9,0.179,5,3,0.73,False,scattered,Maple Leaf
production,46,46,0.178,6,0.13,4,2,0.83,False,scattered,York University Heights
silk,40,36,0.178,7,0.175,4,2,0.92,True,scattered,Milliken
fisher,17,16,0.178,3,0.176,3,1,0.94,True,scattered,Yorkdale-Glen Park
anh,14,13,0.178,2,0.214,1,2,0.97,True,scattered,Milliken
choir,13,13,0.178,2,0.154,2,1,0.84,False,scattered,Forest Hill North
hip,11,11,0.178,2,0.182,1,2,0.94,True,scattered,South Riverdale
jackman,10,9,0.178,3,0.3,2,2,0.98,True,scattered,University
krishna,10,9,0.178,2,0.2,1,2,0.9,False,scattered,West Humber-Clairville
doubles,9,9,0.178,2,0.222,2,1,0.85,False,scattered,Thistletown-Beaumond Heights
sone,6,6,0.178,1,0.167,1,1,0.77,False,scattered,Tam O'Shanter-Sullivan
kent,14,12,0.177,2,0.143,1,2,0.99,True,scattered,Downtown Yonge East
clay,13,13,0.177,2,0.154,1,2,0.96,True,scattered,Mount Pleasant East
plastic,52,40,0.176,6,0.288,3,3,0.98,True,scattered,Annex
baba,39,38,0.176,5,0.128,2,3,0.79,False,scattered,West Humber-Clairville
courier,32,31,0.176,3,0.125,2,2,0.89,False,scattered,West Humber-Clairville
term,24,24,0.176,4,0.167,3,2,0.69,False,scattered,Glenfield-Jane Heights
newspaper,9,9,0.176,2,0.222,2,1,0.9,False,scattered,Oakwood Village
helix,7,7,0.176,2,0.286,2,1,0.92,True,scattered,York University Heights
facial,43,38,0.175,2,0.07,1,2,0.96,True,scattered,Annex
summit,38,32,0.175,6,0.184,3,2,0.79,False,scattered,Humber Summit
weddings,36,36,0.175,5,0.139,1,5,0.98,True,scattered,Fort York-Liberty Village
decorating,18,18,0.175,4,0.222,3,2,0.78,False,scattered,Weston
evolve,16,15,0.175,2,0.188,1,2,0.91,True,scattered,Briar Hill-Belgravia
viking,10,10,0.175,2,0.2,1,2,0.82,False,scattered,Etobicoke City Centre
christ,125,117,0.174,8,0.064,5,3,0.73,False,scattered,Agincourt South-Malvern West
jesus,69,68,0.174,10,0.145,4,3,0.83,False,scattered,Humewood-Cedarvale
leasing,27,26,0.174,5,0.185,4,2,0.83,False,scattered,Etobicoke City Centre
jim,22,22,0.174,3,0.136,2,2,0.83,False,scattered,Etobicoke City Centre
meeting,11,11,0.174,2,0.182,1,2,0.76,False,scattered,Oakdale-Beverley Heights
hostel,8,8,0.174,2,0.25,2,1,0.85,False,scattered,Annex
queer,7,6,0.174,1,0.143,1,1,0.93,True,scattered,Cabbagetown-South St.James Town
acu,5,5,0.174,0,0.0,0,0,,False,scattered,
off,46,46,0.173,5,0.109,3,2,0.74,False,scattered,East End-Danforth
fantasy,16,14,0.173,3,0.188,2,2,0.9,True,scattered,High Park North
bdo,15,15,0.173,2,0.133,1,2,0.93,True,scattered,Bendale-Glen Andrew
karamar,13,13,0.173,2,0.154,1,2,0.57,False,scattered,Rockcliffe-Smythe
braids,10,10,0.173,2,0.2,1,2,0.95,True,scattered,Weston
dimensions,9,9,0.173,2,0.222,1,2,1.0,True,scattered,Yonge-Eglinton
luma,7,7,0.173,1,0.143,1,1,0.99,True,scattered,Wellington Place
granite,36,34,0.172,7,0.194,3,3,0.9,True,scattered,Humber Summit
hunter,20,19,0.172,4,0.2,2,2,0.89,False,scattered,South Eglinton-Davisville
delsuites,15,14,0.172,2,0.133,1,2,0.89,False,scattered,Avondale
rover,8,8,0.172,2,0.25,2,1,0.85,False,scattered,Fort York-Liberty Village
building,254,199,0.171,7,0.047,3,4,0.75,False,scattered,York University Heights
casa,87,73,0.171,8,0.149,3,4,0.83,False,scattered,Casa Loma
lin,17,17,0.171,4,0.235,3,2,0.94,True,scattered,St.Andrew-Windfields
hearcanada,10,10,0.171,2,0.2,2,1,0.63,False,scattered,West Humber-Clairville
driving,148,134,0.17,14,0.101,8,4,0.79,False,scattered,Golfdale-Cedarbrae-Woburn
program,103,95,0.17,11,0.107,7,3,0.6,False,scattered,Bedford Park-Nortown
psychotherapy,126,101,0.169,3,0.032,2,2,0.95,True,scattered,Parkdale—High Park
mike,58,56,0.169,5,0.086,3,2,0.84,False,scattered,Humber Summit
falls,36,35,0.169,3,0.083,3,1,0.88,False,scattered,West Humber-Clairville
candy,32,31,0.169,4,0.125,2,2,0.94,True,scattered,York University Heights
pottery,26,24,0.169,2,0.154,1,2,0.97,True,scattered,Etobicoke City Centre
inner,25,24,0.169,4,0.16,2,2,0.99,True,scattered,Parkdale—High Park
cambridge,21,20,0.169,0,0.0,0,0,,False,scattered,
auction,19,19,0.169,4,0.211,3,2,0.81,False,scattered,York University Heights
velvet,15,15,0.169,4,0.267,3,2,0.94,True,scattered,Yorkdale-Glen Park
materials,14,12,0.169,1,0.071,1,1,0.99,True,scattered,Yonge-Bay Corridor
cosmo,11,10,0.169,2,0.182,1,2,0.7,False,scattered,Malvern West
renew,11,11,0.169,2,0.182,1,2,0.79,False,scattered,Clairlea-Birchmount
entrance,8,8,0.169,1,0.125,1,1,0.39,False,scattered,Beechborough-Greenbrook
fearless,7,6,0.169,2,0.286,1,2,1.0,True,scattered,Wellington Place
capo,5,5,0.169,0,0.0,0,0,,False,scattered,
dean,22,22,0.168,2,0.091,1,2,0.31,False,scattered,West Rouge
ski,19,18,0.168,3,0.211,3,1,0.7,False,scattered,Lawrence Park South
tap,17,17,0.168,3,0.176,2,2,0.97,True,scattered,New Toronto
sailing,15,15,0.167,3,0.2,1,3,0.94,True,scattered,Harbourfront-CityPlace
skechers,11,11,0.167,2,0.182,1,2,0.82,False,scattered,Elms-Old Rexdale
buddies,9,9,0.167,2,0.222,2,1,0.87,False,scattered,Etobicoke City Centre
cyclery,8,8,0.167,2,0.25,1,2,0.98,True,scattered,Kensington Market
focused,6,6,0.167,1,0.167,1,1,0.98,True,scattered,North Toronto
naturopathic,71,62,0.166,2,0.085,1,2,0.81,False,scattered,Henry Farm
experience,50,48,0.166,7,0.14,3,3,0.94,True,scattered,Yorkdale-Glen Park
fraser,23,22,0.166,4,0.217,2,2,0.98,True,scattered,Roncesvalles
russian,21,20,0.166,4,0.19,3,2,0.84,False,scattered,Newtonbrook West
fm,17,17,0.166,3,0.176,2,2,0.86,False,scattered,South Parkdale
flood,15,15,0.166,2,0.133,1,2,0.8,False,scattered,Pelmo Park-Humberlea
ad,14,14,0.166,2,0.143,1,2,0.86,False,scattered,Wallace Emerson
lu,9,9,0.166,2,0.222,1,2,1.0,True,scattered,Lansing-Westgate
physician,9,9,0.166,1,0.111,1,1,0.81,False,scattered,Markland Wood
curtis,8,8,0.166,2,0.25,2,1,0.92,True,scattered,York University Heights
rank,8,8,0.166,2,0.25,2,1,0.9,False,scattered,Wexford
salim,7,6,0.166,0,0.0,0,0,,False,scattered,
pest,88,86,0.165,11,0.125,8,2,0.69,False,scattered,Mount Olive-Silverstone-Jamestown
afro,14,14,0.165,3,0.214,2,2,0.97,True,scattered,York University Heights
www,10,10,0.165,2,0.2,1,2,0.96,True,scattered,Banbury-Don Mills
fare,6,6,0.165,1,0.167,1,1,0.97,True,scattered,St Lawrence-East Bayfront-The Islands
hashtag,6,6,0.165,1,0.167,1,1,0.97,True,scattered,St Lawrence-East Bayfront-The Islands
wood,101,91,0.164,10,0.109,6,3,0.75,False,scattered,Morningside Heights
books,82,77,0.164,3,0.037,3,1,0.97,True,scattered,Dufferin Grove
operative,62,60,0.164,8,0.129,3,4,0.62,False,scattered,Birchcliffe-Cliffside
face,44,44,0.164,4,0.091,2,3,0.95,True,scattered,Little Portugal
brian,42,39,0.164,3,0.119,3,1,0.6,False,scattered,Pleasant View
barn,38,34,0.164,2,0.105,1,2,0.97,True,scattered,Etobicoke City Centre
common,38,37,0.164,5,0.132,3,2,0.85,False,scattered,Centennial Scarborough
homecare,16,13,0.164,2,0.25,1,2,0.99,True,scattered,North Toronto
vida,13,13,0.164,2,0.154,1,2,0.94,True,scattered,Bayview Village
friend,9,9,0.164,2,0.222,1,2,0.92,True,scattered,Moss Park
justice,39,34,0.163,2,0.051,1,2,0.94,True,scattered,University
freight,30,30,0.163,5,0.167,3,3,0.86,False,scattered,Glenfield-Jane Heights
vista,28,28,0.163,3,0.107,1,3,0.26,False,scattered,Morningside Heights
athlete,25,25,0.163,2,0.08,2,1,0.68,False,scattered,York University Heights
psychological,23,23,0.163,3,0.13,1,3,0.98,True,scattered,Rosedale-Moore Park
reach,20,20,0.163,0,0.0,0,0,,False,scattered,
countertops,17,16,0.163,3,0.176,2,2,0.91,True,scattered,York University Heights
square,171,125,0.162,5,0.029,4,2,0.59,False,scattered,York University Heights
leaf,77,67,0.162,6,0.078,4,2,0.88,False,scattered,Weston
kung,27,25,0.162,4,0.148,2,2,0.95,True,scattered,Kensington-Chinatown
chung,16,14,0.162,2,0.188,1,2,0.92,True,scattered,Steeles
surgical,15,14,0.162,2,0.133,1,2,0.8,False,scattered,Annex
sonic,12,12,0.162,3,0.25,1,3,0.99,True,scattered,Kensington-Chinatown
finest,11,11,0.162,2,0.182,1,2,0.84,False,scattered,Clanton Park
rolls,10,10,0.162,2,0.2,1,2,0.92,True,scattered,South Riverdale
arte,7,7,0.162,2,0.286,1,2,0.99,True,scattered,Annex
right,66,56,0.161,3,0.045,3,1,0.86,False,scattered,Centennial Scarborough
deals,33,33,0.161,5,0.152,4,2,0.67,False,scattered,Oakdale-Beverley Heights
furnishings,17,17,0.161,4,0.235,4,1,0.77,False,scattered,Yorkdale-Glen Park
mindful,16,16,0.161,0,0.0,0,0,,False,scattered,
pierre,14,13,0.161,2,0.143,2,1,1.0,True,scattered,Bay-Cloverhill
thirty,7,7,0.161,2,0.286,1,2,0.99,True,scattered,Downtown Yonge East
hockey,75,57,0.16,7,0.16,2,4,0.89,False,scattered,York University Heights
finance,52,44,0.16,2,0.038,1,2,0.8,False,scattered,Banbury-Don Mills
dore,9,9,0.16,0,0.0,0,0,,False,scattered,
golden,151,137,0.159,9,0.106,3,7,0.89,False,scattered,Clairlea-Birchmount
beam,7,7,0.159,2,0.286,2,1,0.98,True,scattered,Etobicoke City Centre
compensation,5,5,0.159,0,0.0,0,0,,False,scattered,
learn,26,24,0.158,4,0.154,2,2,0.9,True,scattered,York University Heights
stainless,12,12,0.158,2,0.167,1,2,0.92,True,scattered,Agincourt South-Malvern West
richards,9,9,0.158,2,0.222,2,1,0.97,True,scattered,The Beaches
batteries,8,8,0.158,0,0.0,0,0,,False,scattered,
cosmopolitan,8,7,0.158,2,0.25,1,2,0.98,True,scattered,St Lawrence-East Bayfront-The Islands
disco,8,8,0.158,2,0.25,2,1,0.97,True,scattered,Trinity-Bellwoods
space,132,117,0.157,1,0.008,1,1,0.87,False,scattered,Rockcliffe-Smythe
trading,107,100,0.157,7,0.065,4,3,0.86,False,scattered,Milliken
before,47,46,0.157,9,0.191,6,2,0.57,False,scattered,Lansing-Westgate
sugar,46,42,0.157,5,0.13,3,2,0.95,True,scattered,Danforth
terrace,41,38,0.157,4,0.098,3,2,0.68,False,scattered,Forest Hill North
pak,17,17,0.157,4,0.235,4,1,0.73,False,scattered,West Humber-Clairville
arcade,14,13,0.157,0,0.0,0,0,,False,scattered,
bakers,12,12,0.157,2,0.167,2,1,0.86,False,scattered,York University Heights
karahi,11,10,0.157,2,0.182,1,2,0.94,True,scattered,Thorncliffe Park
immigration,474,260,0.156,2,0.004,2,1,0.66,False,scattered,York University Heights
legal,243,158,0.156,2,0.008,1,2,0.95,True,scattered,York University Heights
sound,97,83,0.156,6,0.062,3,3,0.82,False,scattered,South Riverdale
taxi,39,35,0.156,4,0.103,3,2,0.85,False,scattered,Thorncliffe Park
campbell,34,32,0.156,2,0.088,1,2,0.87,False,scattered,Wallace Emerson
help,30,29,0.156,3,0.1,2,2,0.66,False,scattered,Rosedale-Moore Park
carry,20,18,0.156,4,0.2,2,3,0.88,False,scattered,Yorkdale-Glen Park
nathan,14,11,0.156,2,0.143,1,2,0.77,False,scattered,Milliken
churchill,12,11,0.156,2,0.167,1,2,0.28,False,scattered,Golfdale-Cedarbrae-Woburn
delimark,9,9,0.156,2,0.222,2,1,0.94,True,scattered,Banbury-Don Mills
detox,9,9,0.156,1,0.111,1,1,0.97,True,scattered,Annex
keith,6,6,0.156,1,0.167,1,1,0.99,True,scattered,St Lawrence-East Bayfront-The Islands
bistro,114,95,0.155,1,0.009,1,1,0.89,False,scattered,South Riverdale
dragon,45,42,0.155,6,0.133,3,3,0.92,True,scattered,Oakwood Village
hvac,42,41,0.155,5,0.119,3,2,0.78,False,scattered,Glenfield-Jane Heights
lot,41,41,0.155,4,0.098,2,2,0.65,False,scattered,York University Heights
ward,22,21,0.155,4,0.182,2,2,0.73,False,scattered,St Lawrence-East Bayfront-The Islands
capsule,6,6,0.155,1,0.167,1,1,1.0,True,scattered,Wellington Place
trips,6,6,0.155,0,0.0,0,0,,False,scattered,
heating,151,140,0.154,13,0.086,5,4,0.85,False,scattered,West Humber-Clairville
launch,7,7,0.154,2,0.286,1,2,1.0,True,scattered,Wellington Place
metcap,9,9,0.153,2,0.222,2,1,0.69,False,scattered,Henry Farm
moving,224,201,0.152,14,0.076,7,4,0.77,False,scattered,Oakdale-Beverley Heights
banquet,54,50,0.152,8,0.148,3,4,0.72,False,scattered,West Humber-Clairville
ins,42,26,0.152,2,0.048,1,2,0.96,True,scattered,Bedford Park-Nortown
rink,30,29,0.152,4,0.133,4,1,0.52,False,scattered,Parkdale—High Park
relations,25,23,0.152,2,0.08,2,1,0.99,True,scattered,Bay-Cloverhill
clark,23,23,0.152,4,0.174,3,2,0.75,False,scattered,St Lawrence-East Bayfront-The Islands
mb,12,12,0.152,2,0.167,1,2,0.95,True,scattered,Milliken
sonder,7,6,0.152,1,0.143,1,1,0.96,True,scattered,Little Portugal
grip,6,6,0.152,1,0.167,1,1,0.86,False,scattered,Humber Summit
miracle,34,30,0.151,7,0.206,4,3,0.8,False,scattered,Brookhaven-Amesbury
educational,32,31,0.151,2,0.062,1,2,0.89,False,scattered,Morningside Heights
donna,13,13,0.151,2,0.154,1,2,0.98,True,scattered,Annex
dodge,12,11,0.151,2,0.167,1,2,0.76,False,scattered,Eglinton East
herb,12,12,0.151,2,0.167,1,2,0.82,False,scattered,Long Branch
celebrity,11,9,0.151,2,0.182,1,2,0.75,False,scattered,Roncesvalles
shan,9,9,0.151,2,0.222,2,1,0.92,True,scattered,Malvern East
alliance,131,110,0.15,8,0.092,5,2,0.74,False,scattered,Rockcliffe-Smythe
smoke,107,97,0.15,2,0.019,1,2,0.6,False,scattered,Morningside
smith,83,70,0.15,3,0.06,2,2,0.56,False,scattered,New Toronto
injury,76,65,0.15,2,0.026,2,1,0.93,True,scattered,York University Heights
lash,73,69,0.15,2,0.027,1,2,0.74,False,scattered,West Hill
pr,26,25,0.15,0,0.0,0,0,,False,scattered,
fame,15,14,0.15,2,0.133,1,2,0.98,True,scattered,Trinity-Bellwoods
charlie,14,14,0.15,2,0.143,1,2,0.96,True,scattered,Brockton Village
tips,12,12,0.15,2,0.167,1,2,0.98,True,scattered,Danforth
benz,10,9,0.15,2,0.2,2,1,0.65,False,scattered,Etobicoke City Centre
landmark,8,8,0.15,2,0.25,1,2,0.99,True,scattered,Moss Park
lester,8,8,0.15,1,0.125,1,1,0.26,False,scattered,Morningside Heights
strategy,26,25,0.149,0,0.0,0,0,,False,scattered,
oriental,25,23,0.149,4,0.16,2,2,0.93,True,scattered,South Riverdale
chase,12,12,0.149,2,0.167,1,2,0.94,True,scattered,Bendale-Glen Andrew
footcare,12,12,0.149,2,0.167,1,2,0.75,False,scattered,Bridle Path-Sunnybrook-York Mills
tin,11,11,0.149,2,0.182,1,2,0.92,True,scattered,Milliken
toastmasters,26,26,0.148,2,0.077,2,1,0.83,False,scattered,Etobicoke West Mall
logan,13,11,0.148,2,0.154,2,1,0.93,True,scattered,Banbury-Don Mills
aa,12,11,0.148,2,0.167,1,2,0.82,False,scattered,Humber Summit
corporate,91,74,0.147,0,0.0,0,0,,False,scattered,
pizzeria,60,53,0.147,1,0.017,1,1,0.93,True,scattered,Trinity-Bellwoods
ever,18,18,0.147,2,0.111,1,2,0.91,True,scattered,Humber Summit
casino,15,15,0.147,2,0.133,1,2,0.68,False,scattered,West Humber-Clairville
regency,14,14,0.147,3,0.214,2,2,0.94,True,scattered,York University Heights
capreit,12,12,0.147,2,0.167,1,2,0.71,False,scattered,Scarborough Village
partner,9,9,0.147,2,0.222,2,1,0.85,False,scattered,York University Heights
canadians,8,8,0.147,2,0.25,2,1,0.78,False,scattered,Dovercourt Village
gateway,44,39,0.146,4,0.114,2,2,0.85,False,scattered,Glenfield-Jane Heights
bake,25,25,0.146,4,0.16,2,2,0.85,False,scattered,Woodbine-Lumsden
tint,23,22,0.146,4,0.174,1,4,0.87,False,scattered,Dorset Park
here,14,14,0.146,0,0.0,0,0,,False,scattered,
homestay,12,12,0.146,2,0.167,1,2,0.59,False,scattered,Oakwood Village
fika,10,10,0.146,2,0.2,1,2,0.93,True,scattered,St Lawrence-East Bayfront-The Islands
burberry,5,5,0.146,0,0.0,0,0,,False,scattered,
precious,18,17,0.145,2,0.167,1,2,0.7,False,scattered,Wexford
five,54,53,0.144,6,0.111,4,2,0.83,False,scattered,York University Heights
dana,17,17,0.144,2,0.118,1,2,0.95,True,scattered,East Willowdale
greenbelt,17,17,0.144,3,0.176,2,2,0.18,False,scattered,Banbury-Don Mills
basket,15,15,0.144,1,0.067,1,1,0.98,True,scattered,Moss Park
ling,13,13,0.144,2,0.154,1,2,0.99,True,scattered,Willowdale West
toni,7,7,0.144,1,0.143,1,1,1.0,True,scattered,Annex
psychic,106,90,0.143,7,0.104,4,3,0.84,False,scattered,Thistletown-Beaumond Heights
electronics,93,80,0.143,9,0.108,6,4,0.88,False,scattered,Milliken
burrito,74,68,0.143,6,0.081,3,3,0.88,False,scattered,Clairlea-Birchmount
breakfast,67,65,0.143,6,0.09,3,3,0.95,True,scattered,York University Heights
legion,30,28,0.143,3,0.133,1,3,0.7,False,scattered,Centennial Scarborough
regus,29,26,0.143,0,0.0,0,0,,False,scattered,
managed,17,16,0.143,0,0.0,0,0,,False,scattered,
portfolio,17,14,0.143,1,0.059,1,1,0.59,False,scattered,Wychwood
bargain,15,15,0.143,2,0.133,1,2,0.96,True,scattered,East End-Danforth
coatings,13,13,0.143,2,0.154,1,2,0.91,True,scattered,Humber Summit
plants,12,11,0.143,2,0.167,2,1,0.93,True,scattered,Brockton Village
ja,7,7,0.143,0,0.0,0,0,,False,scattered,
jewellery,246,148,0.142,1,0.004,1,1,0.99,True,scattered,Moss Park
campus,87,75,0.142,6,0.092,3,3,0.76,False,scattered,York University Heights
dispensary,43,39,0.142,4,0.116,2,2,0.81,False,scattered,Willowridge-Martingrove-Richview
regal,26,22,0.142,3,0.192,2,2,0.87,False,scattered,Corso Italia-Davenport
finish,15,15,0.142,2,0.133,1,2,0.56,False,scattered,Englemount-Lawrence
doughnuts,12,12,0.142,1,0.083,1,1,0.97,True,scattered,Palmerston-Little Italy
contracting,142,141,0.141,8,0.056,5,2,0.74,False,scattered,Oakdale-Beverley Heights
acupuncture,117,93,0.141,2,0.017,2,1,0.93,True,scattered,Annex
end,70,64,0.141,2,0.029,2,1,0.84,False,scattered,Parkdale—High Park
language,69,55,0.141,0,0.0,0,0,,False,scattered,
lavender,10,10,0.141,2,0.2,1,2,0.89,False,scattered,Avondale
vape,78,74,0.14,6,0.077,3,2,0.8,False,scattered,Long Branch
neil,11,11,0.14,2,0.182,1,2,0.92,True,scattered,Parkdale—High Park
spade,9,8,0.14,2,0.222,2,1,0.94,True,scattered,Yorkdale-Glen Park
latino,8,7,0.14,2,0.25,2,1,0.8,False,scattered,York University Heights
hand,45,42,0.139,2,0.067,1,2,0.9,True,scattered,Thorncliffe Park
fertility,38,29,0.139,2,0.053,1,2,0.94,True,scattered,Forest Hill South
forever,36,36,0.139,5,0.139,4,2,0.77,False,scattered,Brockton Village
terminal,28,26,0.139,3,0.107,2,2,0.83,False,scattered,Stonegate-Queensway
extreme,27,27,0.139,4,0.148,2,3,0.86,False,scattered,New Toronto
crawford,18,18,0.139,3,0.167,1,3,0.78,False,scattered,Trinity-Bellwoods
ming,17,17,0.139,1,0.059,1,1,0.95,True,scattered,Kensington-Chinatown
continental,16,16,0.139,2,0.125,1,2,0.98,True,scattered,Bendale-Glen Andrew
freedman,10,10,0.139,2,0.2,1,2,0.96,True,scattered,Mount Pleasant East
knowledge,18,17,0.138,0,0.0,0,0,,False,scattered,
desi,17,16,0.138,2,0.176,1,2,0.96,True,scattered,Greenwood-Coxwell
buyer,11,10,0.138,2,0.182,2,1,0.87,False,scattered,Englemount-Lawrence
freshly,11,11,0.138,2,0.182,1,2,0.9,True,scattered,Brockton Village
ottawa,6,6,0.138,0,0.0,0,0,,False,scattered,
association,413,281,0.137,2,0.005,2,1,0.68,False,scattered,Old East York
comfort,75,73,0.137,4,0.053,2,2,0.79,False,scattered,Mount Dennis
alternative,55,49,0.137,4,0.091,2,2,0.73,False,scattered,Kennedy Park
independent,47,43,0.137,5,0.128,3,2,0.81,False,scattered,Agincourt South-Malvern West
savings,33,28,0.137,4,0.121,3,2,0.9,True,scattered,York University Heights
salad,13,12,0.137,1,0.077,1,1,0.99,True,scattered,Kensington Market
chemicals,9,9,0.137,2,0.222,2,1,0.87,False,scattered,York University Heights
silver,75,70,0.136,7,0.093,4,2,0.71,False,scattered,Willowridge-Martingrove-Richview
railings,32,30,0.136,5,0.156,2,3,0.87,False,scattered,Humber Summit
spirits,26,26,0.136,3,0.115,2,2,0.84,False,scattered,Mimico-Queensway
intelligence,21,19,0.136,2,0.095,1,2,0.95,True,scattered,St.Andrew-Windfields
gear,16,16,0.136,3,0.188,3,1,0.83,False,scattered,Brookhaven-Amesbury
frontier,13,13,0.136,2,0.154,2,1,0.74,False,scattered,Alderwood
jamaica,12,11,0.136,2,0.167,1,2,0.93,True,scattered,Oakwood Village
impressions,11,11,0.136,2,0.182,2,1,0.8,False,scattered,Agincourt North
pentecostal,45,42,0.135,7,0.178,4,2,0.78,False,scattered,Humber Summit
hallmark,44,21,0.135,3,0.227,1,3,0.96,True,scattered,The Beaches
subs,25,25,0.135,2,0.08,2,1,0.62,False,scattered,West Humber-Clairville
bastard,22,22,0.135,2,0.091,2,1,0.63,False,scattered,West Humber-Clairville
cold,13,13,0.135,2,0.154,2,1,0.7,False,scattered,Alderwood
ryder,11,10,0.135,2,0.182,2,1,0.78,False,scattered,Clairlea-Birchmount
realestate,9,9,0.135,1,0.111,1,1,0.6,False,scattered,Morningside Heights
friendly,27,27,0.134,4,0.148,2,2,0.89,False,scattered,Humewood-Cedarvale
pictures,22,20,0.134,1,0.045,1,1,0.71,False,scattered,Victoria Village
prevention,16,16,0.134,2,0.125,1,2,0.85,False,scattered,Brookhaven-Amesbury
twin,12,12,0.134,2,0.167,1,2,0.92,True,scattered,Oakridge
together,11,11,0.134,2,0.182,2,1,0.66,False,scattered,Forest Hill North
series,9,9,0.134,2,0.222,2,1,0.88,False,scattered,Little Portugal
ada,7,7,0.134,0,0.0,0,0,,False,scattered,
lazy,7,7,0.134,0,0.0,0,0,,False,scattered,
lock,31,30,0.133,4,0.161,1,4,0.93,True,scattered,Forest Hill South
thrift,28,28,0.133,4,0.143,3,2,0.85,False,scattered,York University Heights
import,23,23,0.133,4,0.174,2,2,0.88,False,scattered,Etobicoke City Centre
sunday,16,16,0.133,0,0.0,0,0,,False,scattered,
cigars,10,10,0.133,2,0.2,2,1,0.85,False,scattered,Bedford Park-Nortown
total,69,64,0.132,2,0.029,2,1,0.75,False,scattered,Agincourt South-Malvern West
jewels,27,26,0.132,3,0.111,2,2,0.7,False,scattered,Kingsview Village-The Westway
martha,14,14,0.132,2,0.143,1,2,0.64,False,scattered,Brookhaven-Amesbury
nissan,14,12,0.132,2,0.143,1,2,0.47,False,scattered,West Humber-Clairville
brandon,11,11,0.132,2,0.182,1,2,0.97,True,scattered,Banbury-Don Mills
mci,10,10,0.132,2,0.2,1,2,0.96,True,scattered,Mount Pleasant East
hay,7,7,0.132,1,0.143,1,1,0.99,True,scattered,Moss Park
tutoring,44,41,0.131,2,0.045,2,1,0.89,False,scattered,Yonge-Doris
found,14,14,0.131,2,0.143,1,2,0.97,True,scattered,West Queen West
forwarding,9,8,0.131,2,0.222,2,1,0.89,False,scattered,Humbermede
slice,9,9,0.131,2,0.222,2,1,0.93,True,scattered,Corso Italia-Davenport
firm,125,99,0.13,1,0.008,1,1,0.97,True,scattered,York University Heights
cosmetic,102,84,0.13,1,0.01,1,1,0.89,False,scattered,East Willowdale
zone,77,71,0.13,0,0.0,0,0,,False,scattered,
environmental,61,56,0.13,4,0.082,1,4,0.82,False,scattered,Humber Summit
atlas,46,42,0.13,3,0.087,1,3,0.47,False,scattered,Oakwood Village
duct,33,30,0.13,4,0.182,2,2,0.91,True,scattered,Dorset Park
mother,27,25,0.13,2,0.111,1,2,0.95,True,scattered,Parkdale
create,14,12,0.13,2,0.143,1,2,0.96,True,scattered,Moss Park
medica,9,8,0.13,1,0.111,1,1,0.99,True,scattered,Yonge-Eglinton
nano,6,6,0.13,0,0.0,0,0,,False,scattered,
tender,6,6,0.13,0,0.0,0,0,,False,scattered,
painting,162,154,0.129,6,0.043,4,2,0.53,False,scattered,Glenfield-Jane Heights
crown,84,76,0.129,1,0.012,1,1,0.49,False,scattered,Kingsview Village-The Westway
barbers,29,25,0.129,2,0.069,1,2,0.8,False,scattered,Oakwood Village
distributors,25,24,0.129,3,0.12,2,2,0.51,False,scattered,Humber Summit
moto,19,18,0.129,3,0.158,2,2,0.89,False,scattered,York University Heights
rosen,15,14,0.129,0,0.0,0,0,,False,scattered,
pride,9,9,0.129,1,0.111,1,1,0.99,True,scattered,Church-Wellesley
graffiti,8,8,0.129,0,0.0,0,0,,False,scattered,
landscaping,148,146,0.128,7,0.047,7,1,0.49,False,scattered,Caledonia-Fairbank
employment,140,111,0.128,3,0.021,2,2,0.92,True,scattered,Humbermede
boxing,47,38,0.128,4,0.085,3,2,0.92,True,scattered,Junction Area
skills,26,26,0.128,2,0.077,1,2,0.87,False,scattered,Leaside-Bennington
order,20,20,0.128,0,0.0,0,0,,False,scattered,
penthouse,13,13,0.128,1,0.077,1,1,0.96,True,scattered,Harbourfront-CityPlace
jesse,11,11,0.128,2,0.182,1,2,0.95,True,scattered,Mount Pleasant East
reflections,11,11,0.128,2,0.182,1,2,0.99,True,scattered,Parkdale—High Park
distributing,7,7,0.128,1,0.143,1,1,0.8,False,scattered,Black Creek
child,258,246,0.127,5,0.019,4,2,0.6,False,scattered,Fenside
rose,140,118,0.127,3,0.064,1,3,0.65,False,scattered,Humber Heights-Westmount
wash,125,112,0.127,6,0.064,3,3,0.82,False,scattered,West Humber-Clairville
lucky,54,50,0.127,9,0.167,4,3,0.88,False,scattered,Greenwood-Coxwell
ideal,39,38,0.127,4,0.103,2,2,0.62,False,scattered,East Willowdale
suite,35,32,0.127,2,0.057,1,2,0.89,False,scattered,Etobicoke West Mall
cross,29,27,0.127,3,0.103,2,2,0.93,True,scattered,West Humber-Clairville
breeze,13,13,0.127,2,0.154,1,2,0.88,False,scattered,Humber Bay Shores
sullivan,9,9,0.127,1,0.111,1,1,0.75,False,scattered,York University Heights
interiors,86,83,0.126,2,0.023,1,2,0.93,True,scattered,Yorkdale-Glen Park
axis,15,13,0.126,2,0.133,1,2,0.86,False,scattered,Malvern East
roadside,13,13,0.126,2,0.154,1,2,0.81,False,scattered,Humber Summit
mackenzie,12,12,0.126,2,0.167,1,2,0.84,False,scattered,Playter Estates-Danforth
sovereign,10,8,0.126,2,0.2,2,1,0.71,False,scattered,Wallace Emerson
buds,9,9,0.126,2,0.222,2,1,0.99,True,scattered,Lawrence Park South
welker,7,7,0.126,0,0.0,0,0,,False,scattered,
arrangements,6,6,0.126,0,0.0,0,0,,False,scattered,
sm,6,6,0.126,0,0.0,0,0,,False,scattered,
concrete,62,58,0.125,5,0.129,3,2,0.78,False,scattered,West Humber-Clairville
trustee,26,24,0.125,1,0.038,1,1,0.96,True,scattered,Stonegate-Queensway
ebenezer,8,8,0.125,1,0.125,1,1,0.93,True,scattered,York University Heights
dog,210,189,0.124,2,0.014,1,2,0.35,False,scattered,Parkdale—High Park
power,123,117,0.124,5,0.041,3,2,0.44,False,scattered,Centennial Scarborough
gary,20,20,0.124,4,0.2,2,2,0.97,True,scattered,Corso Italia-Davenport
footwear,17,17,0.124,2,0.118,1,2,0.89,False,scattered,York University Heights
forward,15,15,0.124,2,0.133,1,2,0.87,False,scattered,West Humber-Clairville
planners,15,14,0.124,2,0.133,1,2,0.9,False,scattered,Etobicoke West Mall
carroll,5,5,0.124,0,0.0,0,0,,False,scattered,
community,608,502,0.123,0,0.0,0,0,,False,scattered,
brand,41,36,0.123,3,0.073,1,3,0.98,True,scattered,Liberty Village
farmers,35,35,0.123,4,0.114,2,2,0.75,False,scattered,Danforth East York
bailey,24,24,0.123,4,0.167,2,2,0.91,True,scattered,Bendale-Glen Andrew
mk,15,14,0.123,1,0.067,1,1,1.0,True,scattered,Yonge-Doris
anita,13,13,0.123,2,0.154,1,2,0.99,True,scattered,Willowdale West
lime,11,11,0.123,2,0.182,1,2,0.96,True,scattered,Henry Farm
cocina,7,7,0.123,0,0.0,0,0,,False,scattered,
cory,5,5,0.123,0,0.0,0,0,,False,scattered,
plumbing,234,212,0.122,5,0.021,4,2,0.67,False,scattered,Etobicoke City Centre
door,125,115,0.122,3,0.032,2,2,0.71,False,scattered,Keelesdale-Eglinton West
elementary,49,49,0.122,6,0.122,3,2,0.78,False,scattered,Clanton Park
childcare,40,39,0.122,5,0.125,3,2,0.44,False,scattered,Black Creek
mississauga,33,31,0.122,3,0.091,2,2,0.76,False,scattered,Eringate-Centennial-West Deane
townhomes,16,16,0.122,2,0.125,2,1,0.46,False,scattered,Fenside-Parkwoods
lynn,13,12,0.122,2,0.154,1,2,0.85,False,scattered,Casa Loma
journey,12,12,0.122,1,0.083,1,1,0.99,True,scattered,Church-Wellesley
fencing,11,11,0.122,2,0.182,2,1,0.75,False,scattered,West Humber-Clairville
oh,8,8,0.122,0,0.0,0,0,,False,scattered,
stucco,26,23,0.121,4,0.154,2,2,0.6,False,scattered,Glenfield-Jane Heights
medispa,13,13,0.121,2,0.154,1,2,0.98,True,scattered,Annex
wellbeing,7,7,0.121,0,0.0,0,0,,False,scattered,
decor,101,93,0.12,3,0.03,2,2,0.89,False,scattered,West Humber-Clairville
after,76,74,0.12,6,0.079,4,2,0.58,False,scattered,Islington
ventures,25,21,0.12,0,0.0,0,0,,False,scattered,
haircutters,15,15,0.12,2,0.133,1,2,0.6,False,scattered,West Rouge
rendezvous,13,13,0.12,2,0.154,1,2,0.97,True,scattered,University
little,185,155,0.119,5,0.049,1,5,0.93,True,scattered,Trinity-Bellwoods
jones,111,81,0.119,2,0.018,2,1,0.68,False,scattered,The Pocket
taste,56,53,0.119,1,0.018,1,1,0.8,False,scattered,Scarborough Village
moments,17,17,0.119,2,0.118,1,2,0.96,True,scattered,South Riverdale
pack,14,14,0.119,2,0.143,1,2,0.96,True,scattered,South Riverdale
legends,10,10,0.119,0,0.0,0,0,,False,scattered,
protective,6,6,0.119,0,0.0,0,0,,False,scattered,
grooming,91,86,0.118,4,0.044,3,2,0.73,False,scattered,Corso Italia-Davenport
neighbourhood,76,73,0.118,0,0.0,0,0,,False,scattered,
fat,34,34,0.118,2,0.059,2,1,0.65,False,scattered,West Humber-Clairville
sewing,27,26,0.118,0,0.0,0,0,,False,scattered,
holiday,24,23,0.118,2,0.083,1,2,0.7,False,scattered,West Humber-Clairville
palm,18,16,0.118,2,0.111,1,2,0.96,True,scattered,Brockton Village
ridge,17,17,0.118,2,0.118,1,2,0.33,False,scattered,Golfdale-Cedarbrae-Woburn
again,11,11,0.118,1,0.091,1,1,0.93,True,scattered,Stonegate-Queensway
pumpernickel,8,8,0.118,1,0.125,1,1,0.98,True,scattered,Yonge-Bay Corridor
watch,29,26,0.117,1,0.034,1,1,0.47,False,scattered,Cliffcrest
internet,28,26,0.117,1,0.036,1,1,0.92,True,scattered,Cabbagetown-South St.James Town
mt,25,22,0.117,1,0.04,1,1,0.94,True,scattered,Mount Pleasant East
avis,21,21,0.117,3,0.143,2,2,0.64,False,scattered,West Humber-Clairville
assessment,17,17,0.117,2,0.118,2,1,0.97,True,scattered,Rosedale-Moore Park
hana,9,9,0.117,1,0.111,1,1,0.79,False,scattered,East Willowdale
friends,74,70,0.116,0,0.0,0,0,,False,scattered,
wayne,14,14,0.116,2,0.143,1,2,0.73,False,scattered,Agincourt South-Malvern West
munro,11,11,0.116,2,0.182,2,1,0.93,True,scattered,Annex
institute,376,273,0.115,0,0.0,0,0,,False,scattered,
tennis,85,83,0.115,4,0.059,2,2,0.5,False,scattered,York University Heights
roti,61,59,0.115,4,0.082,2,3,0.86,False,scattered,Thistletown-Beaumond Heights
dollar,55,53,0.115,5,0.109,2,3,0.83,False,scattered,Beechborough-Greenbrook
recreation,49,49,0.115,5,0.102,3,3,0.73,False,scattered,Hillcrest Village
aesthetics,123,108,0.114,0,0.0,0,0,,False,scattered,
spring,60,54,0.114,4,0.067,2,2,0.65,False,scattered,Mount Olive-Silverstone-Jamestown
lincoln,16,14,0.114,2,0.125,1,2,0.47,False,scattered,Etobicoke West Mall
thrifty,14,14,0.114,2,0.143,2,1,0.62,False,scattered,West Humber-Clairville
joel,11,11,0.114,2,0.182,1,2,0.97,True,scattered,Moss Park
honda,20,18,0.113,2,0.15,1,2,0.93,True,scattered,East End-Danforth
bites,14,14,0.113,0,0.0,0,0,,False,scattered,
biscuit,6,6,0.113,0,0.0,0,0,,False,scattered,
mortgage,467,275,0.112,1,0.002,1,1,0.89,False,scattered,Banbury-Don Mills
healthy,56,55,0.112,3,0.054,2,2,0.81,False,scattered,Malvern West
sunrise,48,47,0.112,3,0.083,2,2,0.86,False,scattered,Victoria Village
cell,47,45,0.112,3,0.064,2,2,0.91,True,scattered,Bendale-Glen Andrew
oak,40,35,0.112,2,0.05,2,1,0.81,False,scattered,Cabbagetown-South St.James Town
pine,31,29,0.112,3,0.129,2,2,0.62,False,scattered,Kingsview Village-The Westway
handyman,27,27,0.112,2,0.074,1,2,0.87,False,scattered,Ionview
insolvency,25,22,0.112,0,0.0,0,0,,False,scattered,
outfitters,19,19,0.112,2,0.105,1,2,0.9,True,scattered,Etobicoke City Centre
steps,17,17,0.112,2,0.118,1,2,0.7,False,scattered,Casa Loma
jose,13,13,0.112,2,0.154,1,2,0.87,False,scattered,South Riverdale
blossoms,8,8,0.112,1,0.125,1,1,0.26,False,scattered,Parkdale—High Park
residences,79,70,0.111,0,0.0,0,0,,False,scattered,
sea,32,27,0.111,2,0.125,1,2,0.9,False,scattered,Ionview
pace,28,26,0.111,3,0.107,2,2,0.81,False,scattered,Yorkdale-Glen Park
complex,22,19,0.111,2,0.136,1,2,0.82,False,scattered,Downsview
affairs,18,17,0.111,2,0.111,1,2,0.97,True,scattered,University
infusion,11,11,0.111,0,0.0,0,0,,False,scattered,
pillar,11,10,0.111,2,0.182,1,2,0.9,True,scattered,Mount Pleasant East
credit,155,134,0.11,0,0.0,0,0,,False,scattered,
counselling,134,115,0.11,1,0.007,1,1,0.81,False,scattered,Parkdale—High Park
brokers,96,81,0.11,2,0.021,2,1,0.83,False,scattered,Princess-Rosethorn
phase,16,16,0.11,2,0.125,1,2,0.96,True,scattered,Humber Bay Shores
click,15,13,0.11,2,0.133,1,2,0.89,False,scattered,Dovercourt Village
convenience,260,212,0.109,2,0.008,2,1,0.7,False,scattered,Glenfield-Jane Heights
bridal,55,47,0.109,2,0.036,2,1,0.94,True,scattered,Briar Hill-Belgravia
adventist,44,39,0.109,4,0.114,2,3,0.87,False,scattered,York University Heights
engineers,28,25,0.109,0,0.0,0,0,,False,scattered,
patio,23,21,0.109,3,0.13,1,3,0.93,True,scattered,Yorkdale-Glen Park
ginger,13,13,0.109,1,0.077,1,1,0.98,True,scattered,Yonge-St.Clair
goldstein,11,11,0.109,2,0.182,1,2,0.95,True,scattered,Avondale
plant,33,32,0.108,4,0.121,3,2,0.74,False,scattered,The Beaches
douglas,30,29,0.108,2,0.067,1,2,0.72,False,scattered,Lawrence Park North
everest,27,25,0.108,2,0.074,1,2,0.84,False,scattered,Ionview
emmanuel,19,19,0.108,2,0.105,2,1,0.62,False,scattered,Glenfield-Jane Heights
pandora,18,18,0.108,2,0.111,1,2,0.97,True,scattered,Etobicoke City Centre
cricket,17,17,0.108,2,0.118,1,2,0.51,False,scattered,Bridle Path-Sunnybrook-York Mills
fancy,17,17,0.108,2,0.118,1,2,0.81,False,scattered,Leaside-Bennington
int,14,14,0.108,2,0.143,1,2,0.87,False,scattered,Humber Summit
westminster,12,12,0.108,2,0.167,1,2,0.75,False,scattered,Roncesvalles
ontario,873,531,0.107,2,0.003,1,2,0.54,False,scattered,Morningside
authorized,31,30,0.107,3,0.097,1,3,0.9,True,scattered,West Humber-Clairville
about,29,28,0.107,2,0.069,1,2,0.82,False,scattered,Brookhaven-Amesbury
io,16,15,0.107,1,0.062,1,1,0.81,False,scattered,South Parkdale
she,16,15,0.107,1,0.062,1,1,0.82,False,scattered,Roncesvalles
magical,9,9,0.107,1,0.111,1,1,0.98,True,scattered,Kensington Market
professional,484,294,0.106,0,0.0,0,0,,False,scattered,
communications,243,186,0.106,0,0.0,0,0,,False,scattered,
palace,72,71,0.106,4,0.069,2,2,0.81,False,scattered,Humber Bay Shores
md,66,59,0.106,2,0.03,1,2,0.81,False,scattered,Bendale South
rock,65,59,0.106,0,0.0,0,0,,False,scattered,
en,64,55,0.106,2,0.031,2,1,0.9,False,scattered,Etobicoke City Centre
records,59,55,0.106,2,0.034,1,2,0.81,False,scattered,Wexford
mini,53,49,0.106,3,0.057,2,2,0.69,False,scattered,Alderwood
henry,42,40,0.106,3,0.071,1,3,0.47,False,scattered,Henry Farm
bespoke,31,27,0.106,1,0.032,1,1,0.94,True,scattered,Downsview
insulation,30,30,0.106,4,0.133,2,3,0.79,False,scattered,Islington
alan,29,27,0.106,0,0.0,0,0,,False,scattered,
hindu,24,23,0.106,4,0.167,2,2,0.9,False,scattered,West Humber-Clairville
nicole,20,20,0.106,2,0.1,1,2,0.96,True,scattered,New Toronto
persian,15,14,0.106,2,0.133,1,2,0.85,False,scattered,Stonegate-Queensway
vietnam,13,13,0.106,2,0.154,1,2,0.91,True,scattered,Milliken
junior,182,178,0.105,4,0.022,2,2,0.43,False,scattered,L'Amoreaux West
detailing,139,125,0.105,1,0.007,1,1,0.79,False,scattered,West Humber-Clairville
denture,68,64,0.105,5,0.074,2,3,0.84,False,scattered,Cliffcrest
jewelry,65,55,0.105,0,0.0,0,0,,False,scattered,
fund,40,35,0.105,0,0.0,0,0,,False,scattered,
dermatology,20,20,0.105,2,0.1,1,2,0.91,True,scattered,Banbury-Don Mills
monica,19,19,0.105,2,0.105,1,2,0.83,False,scattered,Dovercourt Village
radiant,12,12,0.105,2,0.167,2,1,0.85,False,scattered,West Hill
renfrew,10,9,0.105,0,0.0,0,0,,False,scattered,
skin,212,162,0.104,1,0.005,1,1,0.88,False,scattered,Etobicoke City Centre
espresso,91,82,0.104,0,0.0,0,0,,False,scattered,
federation,40,39,0.104,2,0.05,1,2,0.65,False,scattered,Victoria Village
conservatory,27,27,0.104,3,0.111,2,2,0.95,True,scattered,Birchcliffe-Cliffside
melissa,15,15,0.104,0,0.0,0,0,,False,scattered,
drink,14,14,0.104,0,0.0,0,0,,False,scattered,
mnp,13,13,0.104,0,0.0,0,0,,False,scattered,
barbara,19,18,0.103,2,0.105,1,2,0.98,True,scattered,Etobicoke City Centre
hannah,11,11,0.103,2,0.182,1,2,0.98,True,scattered,Annex
creatives,8,8,0.103,0,0.0,0,0,,False,scattered,
michael,169,126,0.102,0,0.0,0,0,,False,scattered,
pastry,30,29,0.102,2,0.1,1,2,0.93,True,scattered,New Toronto
victory,30,28,0.102,2,0.067,1,2,0.71,False,scattered,Mount Dennis
cabana,26,24,0.102,1,0.038,1,1,0.62,False,scattered,Wexford
coating,18,18,0.102,2,0.111,1,2,0.62,False,scattered,Malvern West
lead,15,15,0.102,2,0.133,2,1,0.76,False,scattered,Westminster-Branson
navy,14,13,0.102,2,0.143,1,2,0.94,True,scattered,Yorkdale-Glen Park
gun,12,12,0.102,2,0.167,1,2,0.91,True,scattered,Parkdale—High Park
eq,9,9,0.102,0,0.0,0,0,,False,scattered,
sarah,41,37,0.101,2,0.073,1,2,0.97,True,scattered,South Eglinton-Davisville
karaoke,32,25,0.101,2,0.062,1,2,0.88,False,scattered,Agincourt South-Malvern West
hands,30,30,0.101,2,0.067,1,2,0.47,False,scattered,Bayview Woods-Steeles
tan,23,21,0.101,2,0.087,1,2,0.56,False,scattered,Etobicoke West Mall
hsbc,20,19,0.101,0,0.0,0,0,,False,scattered,
carmen,17,17,0.101,2,0.118,1,2,0.74,False,scattered,Downsview
tel,15,15,0.101,2,0.133,1,2,0.93,True,scattered,Kennedy Park
ms,13,13,0.101,2,0.154,2,1,0.81,False,scattered,Mimico-Queensway
hairstylist,12,11,0.101,0,0.0,0,0,,False,scattered,
newcomer,5,5,0.101,0,0.0,0,0,,False,scattered,
removal,120,117,0.1,2,0.017,1,2,0.61,False,scattered,Briar Hill-Belgravia
organic,50,50,0.1,3,0.06,2,2,0.78,False,scattered,Etobicoke City Centre
apex,40,38,0.1,3,0.075,2,2,0.81,False,scattered,Morningside Heights
plan,37,34,0.1,1,0.027,1,1,0.69,False,scattered,York University Heights
patrick,26,24,0.1,0,0.0,0,0,,False,scattered,
peak,17,17,0.1,0,0.0,0,0,,False,scattered,
trend,16,16,0.1,2,0.125,2,1,0.8,False,scattered,West Humber-Clairville
adams,14,13,0.1,2,0.143,1,2,0.94,True,scattered,Woburn North
jeremy,9,9,0.1,0,0.0,0,0,,False,scattered,
effect,7,7,0.1,0,0.0,0,0,,False,scattered,
via,44,40,0.099,2,0.045,1,2,0.26,False,scattered,New Toronto
trillium,37,35,0.099,3,0.108,2,2,0.58,False,scattered,Etobicoke City Centre
deck,27,26,0.099,2,0.074,1,2,0.94,True,scattered,St Lawrence-East Bayfront-The Islands
caffe,24,24,0.099,3,0.125,1,3,0.99,True,scattered,Corso Italia-Davenport
alarm,16,16,0.099,2,0.125,1,2,0.8,False,scattered,West Humber-Clairville
reitmans,14,14,0.099,2,0.143,1,2,0.98,True,scattered,Bendale-Glen Andrew
library,182,145,0.098,2,0.044,1,2,0.95,True,scattered,University
technologies,181,143,0.098,0,0.0,0,0,,False,scattered,
joseph,87,78,0.098,3,0.046,2,2,0.64,False,scattered,Newtonbrook East
universal,66,64,0.098,3,0.045,2,2,0.8,False,scattered,Humber Summit
milk,38,33,0.098,2,0.053,2,1,0.53,False,scattered,Parkdale
telecom,26,23,0.098,3,0.115,1,3,0.89,False,scattered,Steeles
process,25,24,0.098,2,0.08,1,2,0.8,False,scattered,Glenfield-Jane Heights
ron,17,15,0.098,2,0.118,1,2,0.95,True,scattered,East Willowdale
asap,11,10,0.098,1,0.091,1,1,0.89,False,scattered,York University Heights
airlines,10,9,0.098,0,0.0,0,0,,False,scattered,
transmission,32,31,0.097,4,0.125,2,2,0.88,False,scattered,West Humber-Clairville
omni,22,20,0.097,1,0.045,1,1,0.87,False,scattered,Englemount-Lawrence
cinemas,17,15,0.097,1,0.059,1,1,0.96,True,scattered,Yonge-Eglinton
watchers,15,15,0.097,2,0.133,1,2,0.73,False,scattered,Parkdale—High Park
league,49,45,0.096,4,0.082,3,2,0.67,False,scattered,Agincourt South-Malvern West
khan,46,45,0.096,3,0.087,1,3,0.86,False,scattered,Banbury-Don Mills
goose,18,18,0.096,2,0.111,1,2,0.94,True,scattered,Yorkdale-Glen Park
vieira,8,8,0.096,1,0.125,1,1,0.18,False,scattered,Mount Dennis
dance,241,187,0.095,1,0.004,1,1,0.92,True,scattered,Playter Estates-Danforth
appliance,149,145,0.095,4,0.027,3,2,0.54,False,scattered,Morningside
outdoor,64,59,0.095,4,0.078,2,2,0.42,False,scattered,Bedford Park-Nortown
mi,45,39,0.095,1,0.022,1,1,0.83,False,scattered,Glenfield-Jane Heights
allen,40,35,0.095,3,0.075,1,3,0.9,True,scattered,York University Heights
alexandra,27,24,0.095,1,0.037,1,1,0.99,True,scattered,Kensington Market
shah,24,22,0.095,3,0.125,2,2,0.86,False,scattered,Dorset Park
sandy,17,16,0.095,0,0.0,0,0,,False,scattered,
congress,14,13,0.095,0,0.0,0,0,,False,scattered,
construction,481,402,0.094,2,0.004,2,1,0.47,False,scattered,Markland Wood
trade,69,56,0.094,0,0.0,0,0,,False,scattered,
anne,31,30,0.094,0,0.0,0,0,,False,scattered,
johnny,14,14,0.094,2,0.143,1,2,0.97,True,scattered,Dorset Park
maya,12,12,0.094,2,0.167,1,2,0.96,True,scattered,Cabbagetown-South St.James Town
repairs,93,86,0.093,0,0.0,0,0,,False,scattered,
limo,89,78,0.093,1,0.011,1,1,0.64,False,scattered,Humbermede
hardware,74,71,0.093,3,0.041,1,3,0.77,False,scattered,Oakdale-Beverley Heights
brow,34,32,0.093,0,0.0,0,0,,False,scattered,
bathroom,32,31,0.093,1,0.031,1,1,0.3,False,scattered,West Hill
lunch,22,21,0.093,2,0.091,1,2,0.82,False,scattered,Etobicoke City Centre
ted,16,13,0.093,0,0.0,0,0,,False,scattered,
fulton,14,7,0.093,0,0.0,0,0,,False,scattered,
cinnabon,7,7,0.093,0,0.0,0,0,,False,scattered,
line,98,96,0.092,2,0.02,1,2,0.74,False,scattered,Long Branch
muay,33,30,0.092,2,0.061,1,2,0.9,True,scattered,Victoria Village
automation,24,23,0.092,2,0.083,1,2,0.82,False,scattered,Agincourt South-Malvern West
missionary,16,16,0.092,2,0.125,1,2,0.84,False,scattered,Bendale-Glen Andrew
loves,8,8,0.092,0,0.0,0,0,,False,scattered,
oncology,5,5,0.092,0,0.0,0,0,,False,scattered,
joy,39,38,0.091,2,0.051,2,1,0.88,False,scattered,Thistletown-Beaumond Heights
cabinet,35,35,0.091,1,0.029,1,1,0.59,False,scattered,Humber Summit
cohen,29,27,0.091,0,0.0,0,0,,False,scattered,
workers,25,24,0.091,2,0.08,1,2,0.8,False,scattered,West Humber-Clairville
pinnacle,23,19,0.091,1,0.087,1,1,1.0,True,scattered,St Lawrence-East Bayfront-The Islands
reiki,15,15,0.091,0,0.0,0,0,,False,scattered,
steele,11,9,0.091,1,0.091,1,1,0.98,True,scattered,Yonge-St.Clair
haven,52,49,0.09,1,0.019,1,1,0.72,False,scattered,Agincourt South-Malvern West
tai,27,27,0.09,2,0.074,1,2,0.67,False,scattered,Milliken
daniels,25,17,0.09,0,0.0,0,0,,False,scattered,
conference,22,20,0.09,0,0.0,0,0,,False,scattered,
lam,22,22,0.09,2,0.091,1,2,0.92,True,scattered,East L'Amoreaux
drop,17,17,0.09,0,0.0,0,0,,False,scattered,
lululemon,13,13,0.09,0,0.0,0,0,,False,scattered,
super,97,92,0.089,1,0.01,1,1,0.71,False,scattered,Wexford
primerica,73,30,0.089,1,0.014,1,1,0.87,False,scattered,Woburn North
fido,50,47,0.089,4,0.08,2,3,0.82,False,scattered,Black Creek
panda,18,18,0.089,2,0.111,2,1,0.58,False,scattered,Highland Creek
realtors,16,15,0.089,2,0.125,1,2,0.91,True,scattered,Banbury-Don Mills
styles,16,16,0.089,2,0.125,1,2,0.87,False,scattered,Etobicoke City Centre
languages,14,14,0.089,0,0.0,0,0,,False,scattered,
emma,10,9,0.089,0,0.0,0,0,,False,scattered,
greyhound,7,7,0.089,0,0.0,0,0,,False,scattered,
indie,7,7,0.089,0,0.0,0,0,,False,scattered,
micropigmentation,6,6,0.089,0,0.0,0,0,,False,scattered,
ironworks,5,5,0.089,0,0.0,0,0,,False,scattered,
saint,76,72,0.088,2,0.026,1,2,0.43,False,scattered,Downsview
herbs,24,24,0.088,0,0.0,0,0,,False,scattered,
muslim,23,22,0.088,2,0.13,2,1,0.75,False,scattered,Agincourt South-Malvern West
passion,14,14,0.088,1,0.071,1,1,0.81,False,scattered,Parkwoods-O'Connor Hills
pinto,9,9,0.088,0,0.0,0,0,,False,scattered,
build,90,86,0.087,2,0.022,1,2,0.68,False,scattered,Parkdale—High Park
mechanical,86,82,0.087,2,0.023,2,1,0.76,False,scattered,West Humber-Clairville
assembly,65,63,0.087,2,0.031,2,1,0.8,False,scattered,West Humber-Clairville
mattress,59,57,0.087,0,0.0,0,0,,False,scattered,
three,57,53,0.087,0,0.0,0,0,,False,scattered,
concepts,36,36,0.087,1,0.028,1,1,0.86,False,scattered,Etobicoke City Centre
bloom,34,33,0.087,1,0.029,1,1,0.86,False,scattered,Weston-Pelham Park
jitsu,22,20,0.087,0,0.0,0,0,,False,scattered,
jiu,22,20,0.087,0,0.0,0,0,,False,scattered,
mucho,13,13,0.087,0,0.0,0,0,,False,scattered,
phone,50,47,0.086,3,0.06,1,3,0.83,False,scattered,Black Creek
authentic,33,33,0.086,1,0.03,1,1,0.92,True,scattered,Thistletown-Beaumond Heights
abc,26,25,0.086,2,0.077,1,2,0.6,False,scattered,West Humber-Clairville
mtcc,13,11,0.086,1,0.077,1,1,0.95,True,scattered,St Lawrence-East Bayfront-The Islands
pharmacy,530,451,0.085,0,0.0,0,0,,False,scattered,
limited,267,229,0.085,0,0.0,0,0,,False,scattered,
protection,67,61,0.085,0,0.0,0,0,,False,scattered,
industrial,63,61,0.085,0,0.0,0,0,,False,scattered,
resource,53,52,0.085,0,0.0,0,0,,False,scattered,
adult,28,27,0.085,1,0.036,1,1,0.47,False,scattered,Kennedy Park
not,28,28,0.085,2,0.071,1,2,0.9,True,scattered,West Humber-Clairville
astrology,22,20,0.085,2,0.091,1,2,0.87,False,scattered,Wexford
sandwiches,19,19,0.085,2,0.105,1,2,0.98,True,scattered,Trinity-Bellwoods
refugee,13,12,0.085,0,0.0,0,0,,False,scattered,
parker,11,11,0.085,0,0.0,0,0,,False,scattered,
air,174,163,0.084,1,0.006,1,1,0.39,False,scattered,West Humber-Clairville
local,108,101,0.084,1,0.009,1,1,0.54,False,scattered,Oakdale-Beverley Heights
balance,73,69,0.084,0,0.0,0,0,,False,scattered,
movement,57,54,0.084,0,0.0,0,0,,False,scattered,
storagemart,17,17,0.084,2,0.118,2,1,0.52,False,scattered,Beechborough-Greenbrook
vacuum,17,17,0.084,2,0.118,1,2,0.95,True,scattered,Downsview
lights,16,16,0.084,2,0.125,1,2,0.88,False,scattered,Etobicoke City Centre
doggie,12,12,0.084,1,0.083,1,1,0.84,False,scattered,Etobicoke City Centre
frank,60,54,0.083,2,0.033,1,2,0.58,False,scattered,Bedford Park-Nortown
ryan,49,44,0.083,0,0.0,0,0,,False,scattered,
addiction,24,22,0.083,3,0.125,1,3,0.94,True,scattered,The Pocket
mrs,14,14,0.083,2,0.143,1,2,0.87,False,scattered,Little Portugal
dresses,11,11,0.083,1,0.091,1,1,0.86,False,scattered,Humber Summit
no,80,78,0.082,0,0.0,0,0,,False,scattered,
grand,77,70,0.082,3,0.039,1,3,0.82,False,scattered,Mimico-Queensway
apparel,49,46,0.082,2,0.041,1,2,0.95,True,scattered,Briar Hill-Belgravia
van,49,45,0.082,2,0.061,1,2,0.71,False,scattered,Don Valley Village
provincial,44,42,0.082,3,0.091,1,3,0.74,False,scattered,Oakdale-Beverley Heights
lions,27,24,0.082,2,0.074,1,2,0.62,False,scattered,South Riverdale
davis,20,18,0.082,0,0.0,0,0,,False,scattered,
deal,20,19,0.082,2,0.1,1,2,0.75,False,scattered,West Humber-Clairville
scout,12,12,0.082,0,0.0,0,0,,False,scattered,
tools,31,29,0.081,2,0.065,1,2,0.79,False,scattered,West Humber-Clairville
contractor,30,29,0.081,0,0.0,0,0,,False,scattered,
vital,23,21,0.081,0,0.0,0,0,,False,scattered,
permanent,21,21,0.081,2,0.095,1,2,0.74,False,scattered,Westminster-Branson
devon,8,8,0.081,0,0.0,0,0,,False,scattered,
daniel,82,70,0.08,2,0.024,2,1,0.79,False,scattered,South Eglinton-Davisville
promotions,44,44,0.08,2,0.045,1,2,0.67,False,scattered,West Hill
avalon,16,14,0.08,2,0.125,1,2,0.82,False,scattered,The Beaches
fc,15,15,0.08,2,0.133,1,2,0.91,True,scattered,York University Heights
cake,47,46,0.079,2,0.043,1,2,0.49,False,scattered,Newtonbrook East
ristorante,34,30,0.079,0,0.0,0,0,,False,scattered,
antique,19,18,0.079,1,0.053,1,1,0.97,True,scattered,Mount Pleasant East
pawn,12,12,0.079,0,0.0,0,0,,False,scattered,
xavier,8,8,0.079,0,0.0,0,0,,False,scattered,
lana,7,7,0.079,0,0.0,0,0,,False,scattered,
dmd,5,5,0.079,0,0.0,0,0,,False,scattered,
control,114,110,0.078,2,0.018,1,2,0.42,False,scattered,Mount Olive-Silverstone-Jamestown
computer,101,92,0.078,0,0.0,0,0,,False,scattered,
lighting,65,60,0.078,1,0.015,1,1,0.33,False,scattered,Bathurst Manor
platinum,44,41,0.078,1,0.023,1,1,0.92,True,scattered,Milliken
region,29,27,0.078,2,0.069,1,2,0.69,False,scattered,York University Heights
flea,13,12,0.078,0,0.0,0,0,,False,scattered,
hakka,50,48,0.077,3,0.06,1,3,0.88,False,scattered,Fenside-Parkwoods
hasty,44,30,0.077,4,0.091,2,2,0.72,False,scattered,Oakdale-Beverley Heights
tailor,32,30,0.077,2,0.062,1,2,0.63,False,scattered,Rockcliffe-Smythe
spray,29,29,0.077,2,0.069,1,2,0.9,False,scattered,Humber Summit
glam,21,21,0.077,2,0.095,1,2,0.75,False,scattered,Thorncliffe Park
pit,18,17,0.077,2,0.111,1,2,0.87,False,scattered,York University Heights
lakes,16,16,0.077,2,0.125,1,2,0.74,False,scattered,Cabbagetown-South St.James Town
newman,12,12,0.077,0,0.0,0,0,,False,scattered,
behaviour,9,9,0.077,0,0.0,0,0,,False,scattered,
catholic,263,239,0.076,0,0.0,0,0,,False,scattered,
glow,49,49,0.076,2,0.041,1,2,0.67,False,scattered,Parkwoods-O'Connor Hills
registered,40,37,0.076,0,0.0,0,0,,False,scattered,
baseball,27,23,0.076,2,0.074,1,2,0.64,False,scattered,High Park North
success,23,21,0.076,0,0.0,0,0,,False,scattered,
curry,21,20,0.076,0,0.0,0,0,,False,scattered,
prayer,15,15,0.076,0,0.0,0,0,,False,scattered,
around,12,12,0.076,1,0.083,1,1,0.62,False,scattered,Thistletown-Beaumond Heights
swarovski,10,10,0.076,0,0.0,0,0,,False,scattered,
mary,105,96,0.075,0,0.0,0,0,,False,scattered,
seventh,50,46,0.075,1,0.02,1,1,0.86,False,scattered,York University Heights
paradise,47,45,0.075,1,0.021,1,1,0.72,False,scattered,Weston
restore,18,15,0.075,2,0.111,1,2,0.87,False,scattered,Etobicoke City Centre
bio,13,13,0.075,0,0.0,0,0,,False,scattered,
bodega,9,9,0.075,0,0.0,0,0,,False,scattered,
shereen,6,6,0.075,0,0.0,0,0,,False,scattered,
renovations,128,125,0.074,0,0.0,0,0,,False,scattered,
executive,74,64,0.074,0,0.0,0,0,,False,scattered,
mental,41,37,0.074,0,0.0,0,0,,False,scattered,
tiger,39,39,0.074,0,0.0,0,0,,False,scattered,
eyecare,31,31,0.074,0,0.0,0,0,,False,scattered,
ready,25,24,0.074,2,0.08,1,2,0.86,False,scattered,Banbury-Don Mills
diversity,13,13,0.074,0,0.0,0,0,,False,scattered,
diana,12,11,0.074,0,0.0,0,0,,False,scattered,
neighbour,9,9,0.074,0,0.0,0,0,,False,scattered,
baxter,5,5,0.074,0,0.0,0,0,,False,scattered,
colleges,5,5,0.074,0,0.0,0,0,,False,scattered,
islamic,55,50,0.073,1,0.018,1,1,0.64,False,scattered,Malvern West
iron,48,46,0.073,0,0.0,0,0,,False,scattered,
weight,43,43,0.073,0,0.0,0,0,,False,scattered,
nursery,41,40,0.073,2,0.049,2,1,0.63,False,scattered,Thistletown-Beaumond Heights
adventure,27,26,0.073,1,0.037,1,1,0.54,False,scattered,Hillcrest Village
essential,23,23,0.073,1,0.043,1,1,0.81,False,scattered,Caledonia-Fairbank
age,21,21,0.073,1,0.048,1,1,0.94,True,scattered,Newtonbrook East
grey,21,21,0.073,1,0.048,1,1,0.18,False,scattered,Guildwood
dumpling,18,14,0.073,2,0.111,1,2,0.83,False,scattered,Agincourt South-Malvern West
mamma,16,16,0.073,2,0.125,1,2,0.85,False,scattered,Leaside-Bennington
hamilton,12,12,0.073,0,0.0,0,0,,False,scattered,
printing,161,145,0.072,0,0.0,0,0,,False,scattered,
recovery,57,53,0.072,1,0.018,1,1,0.51,False,scattered,Morningside Heights
festival,55,50,0.072,0,0.0,0,0,,False,scattered,
matthew,44,39,0.072,3,0.068,1,3,0.86,False,scattered,Keelesdale-Eglinton West
paving,29,27,0.072,2,0.069,1,2,0.45,False,scattered,West Humber-Clairville
frills,23,22,0.072,2,0.087,1,2,0.87,False,scattered,West Hill
smartphone,6,6,0.072,0,0.0,0,0,,False,scattered,
barnes,5,5,0.072,0,0.0,0,0,,False,scattered,
depot,151,146,0.071,0,0.0,0,0,,False,scattered,
enterprise,91,91,0.071,2,0.022,1,2,0.72,False,scattered,South Riverdale
wholesale,65,60,0.071,0,0.0,0,0,,False,scattered,
barrister,63,48,0.071,0,0.0,0,0,,False,scattered,
cathedral,22,21,0.071,1,0.045,1,1,0.18,False,scattered,Cliffcrest
boom,18,18,0.071,0,0.0,0,0,,False,scattered,
felix,10,10,0.071,0,0.0,0,0,,False,scattered,
mara,8,8,0.071,0,0.0,0,0,,False,scattered,
dry,114,108,0.07,3,0.026,2,2,0.61,False,scattered,Woburn North
weed,29,28,0.07,2,0.069,1,2,0.59,False,scattered,Willowridge-Martingrove-Richview
worship,29,29,0.07,2,0.069,1,2,0.66,False,scattered,Humbermede
gutter,14,13,0.07,1,0.071,1,1,0.69,False,scattered,York University Heights
reign,10,10,0.07,0,0.0,0,0,,False,scattered,
combat,8,8,0.07,0,0.0,0,0,,False,scattered,
fionn,7,7,0.07,0,0.0,0,0,,False,scattered,
outlet,88,78,0.069,0,0.0,0,0,,False,scattered,
graphics,81,77,0.069,0,0.0,0,0,,False,scattered,
bridge,70,66,0.069,2,0.029,1,2,0.25,False,scattered,Morningside Heights
couture,39,36,0.069,1,0.026,1,1,0.36,False,scattered,Humbermede
toys,38,38,0.069,1,0.026,1,1,0.72,False,scattered,Lawrence Park South
snow,36,35,0.069,3,0.083,1,3,0.57,False,scattered,Briar Hill-Belgravia
bravo,18,18,0.069,0,0.0,0,0,,False,scattered,
multimedia,6,6,0.069,0,0.0,0,0,,False,scattered,
key,75,71,0.068,0,0.0,0,0,,False,scattered,
cook,20,20,0.068,2,0.1,1,2,0.76,False,scattered,West Humber-Clairville
smartstyle,18,18,0.068,2,0.111,1,2,0.92,True,scattered,West Hill
ceramic,16,16,0.068,0,0.0,0,0,,False,scattered,
hey,11,11,0.068,0,0.0,0,0,,False,scattered,
millie,8,8,0.068,0,0.0,0,0,,False,scattered,
jiang,6,6,0.068,0,0.0,0,0,,False,scattered,
teavana,6,6,0.068,0,0.0,0,0,,False,scattered,
union,463,364,0.067,3,0.009,2,2,0.49,False,scattered,West Rouge
active,91,84,0.067,0,0.0,0,0,,False,scattered,
press,71,69,0.067,0,0.0,0,0,,False,scattered,
fu,43,38,0.067,0,0.0,0,0,,False,scattered,
horse,27,25,0.067,0,0.0,0,0,,False,scattered,
duke,25,23,0.067,0,0.0,0,0,,False,scattered,
elements,16,15,0.067,0,0.0,0,0,,False,scattered,
hearts,15,15,0.067,1,0.067,1,1,0.47,False,scattered,Westminster-Branson
careers,9,8,0.067,0,0.0,0,0,,False,scattered,
mink,6,6,0.067,0,0.0,0,0,,False,scattered,
stop,107,99,0.066,2,0.019,2,1,0.33,False,scattered,Morningside Heights
rmt,77,69,0.066,0,0.0,0,0,,False,scattered,
famous,54,53,0.066,2,0.037,1,2,0.78,False,scattered,Bridle Path-Sunnybrook-York Mills
shack,22,22,0.066,0,0.0,0,0,,False,scattered,
rooms,13,13,0.066,0,0.0,0,0,,False,scattered,
wire,13,13,0.066,0,0.0,0,0,,False,scattered,
blind,10,9,0.066,0,0.0,0,0,,False,scattered,
keystone,10,10,0.066,0,0.0,0,0,,False,scattered,
chan,46,44,0.065,0,0.0,0,0,,False,scattered,
pasta,40,38,0.065,0,0.0,0,0,,False,scattered,
gelato,35,33,0.065,1,0.029,1,1,0.87,False,scattered,Oakwood Village
branding,28,27,0.065,0,0.0,0,0,,False,scattered,
rocket,22,21,0.065,2,0.091,1,2,0.8,False,scattered,Clanton Park
chen,21,19,0.065,0,0.0,0,0,,False,scattered,
mercedes,14,13,0.065,1,0.071,1,1,0.6,False,scattered,Etobicoke City Centre
farber,11,8,0.065,0,0.0,0,0,,False,scattered,
sierra,8,8,0.065,0,0.0,0,0,,False,scattered,
asian,53,45,0.064,0,0.0,0,0,,False,scattered,
op,36,36,0.064,0,0.0,0,0,,False,scattered,
singh,35,33,0.064,2,0.057,2,1,0.69,False,scattered,West Humber-Clairville
travels,34,34,0.064,0,0.0,0,0,,False,scattered,
purolator,29,29,0.064,2,0.069,1,2,0.75,False,scattered,West Humber-Clairville
mario,24,23,0.064,0,0.0,0,0,,False,scattered,
ferry,8,5,0.064,0,0.0,0,0,,False,scattered,
chloe,7,7,0.064,0,0.0,0,0,,False,scattered,
body,269,226,0.063,0,0.0,0,0,,False,scattered,
condo,109,91,0.063,0,0.0,0,0,,False,scattered,
picture,31,27,0.063,0,0.0,0,0,,False,scattered,
pretty,24,23,0.063,0,0.0,0,0,,False,scattered,
raw,17,17,0.063,0,0.0,0,0,,False,scattered,
firehouse,16,16,0.063,1,0.062,1,1,0.74,False,scattered,Elms-Old Rexdale
hd,15,15,0.063,1,0.067,1,1,0.79,False,scattered,Mimico-Queensway
optometrists,13,13,0.063,0,0.0,0,0,,False,scattered,
accord,9,9,0.063,0,0.0,0,0,,False,scattered,
marino,8,7,0.063,0,0.0,0,0,,False,scattered,
club,733,566,0.062,4,0.007,2,3,0.39,False,scattered,Cliffcrest
restoration,115,106,0.062,0,0.0,0,0,,False,scattered,
mexican,79,69,0.062,1,0.013,1,1,0.61,False,scattered,Humbermede
standard,57,57,0.062,0,0.0,0,0,,False,scattered,
earth,35,35,0.062,0,0.0,0,0,,False,scattered,
wide,26,26,0.062,2,0.077,1,2,0.67,False,scattered,O'Connor-Parkview
terry,23,22,0.062,2,0.087,1,2,0.56,False,scattered,Etobicoke West Mall
drugstore,14,13,0.062,0,0.0,0,0,,False,scattered,
christian,153,144,0.061,0,0.0,0,0,,False,scattered,
luxury,93,85,0.061,0,0.0,0,0,,False,scattered,
architect,81,74,0.061,0,0.0,0,0,,False,scattered,
solution,78,75,0.061,0,0.0,0,0,,False,scattered,
visa,59,54,0.061,0,0.0,0,0,,False,scattered,
nation,34,32,0.061,2,0.059,1,2,0.82,False,scattered,O'Connor-Parkview
mandir,26,26,0.061,2,0.077,1,2,0.86,False,scattered,West Humber-Clairville
strong,21,21,0.061,0,0.0,0,0,,False,scattered,
landing,17,12,0.061,1,0.059,1,1,0.94,True,scattered,Harbourfront-CityPlace
delights,14,14,0.061,0,0.0,0,0,,False,scattered,
champions,7,7,0.061,0,0.0,0,0,,False,scattered,
movers,162,149,0.06,3,0.019,1,3,0.72,False,scattered,Westminster-Branson
cut,42,39,0.06,0,0.0,0,0,,False,scattered,
matters,26,22,0.06,1,0.038,1,1,0.8,False,scattered,Blake-Jones
walker,26,23,0.06,0,0.0,0,0,,False,scattered,
mma,22,22,0.06,0,0.0,0,0,,False,scattered,
guide,18,18,0.06,0,0.0,0,0,,False,scattered,
rent,99,92,0.059,0,0.0,0,0,,False,scattered,
bible,39,37,0.059,1,0.026,1,1,0.78,False,scattered,Glenfield-Jane Heights
sobeys,20,18,0.059,2,0.1,1,2,0.8,False,scattered,Dovercourt Village
boyz,18,17,0.059,0,0.0,0,0,,False,scattered,
des,18,17,0.059,0,0.0,0,0,,False,scattered,
phillips,16,13,0.059,0,0.0,0,0,,False,scattered,
alumni,13,11,0.059,0,0.0,0,0,,False,scattered,
cycles,10,10,0.059,0,0.0,0,0,,False,scattered,
fellowship,60,58,0.058,0,0.0,0,0,,False,scattered,
transport,42,42,0.058,0,0.0,0,0,,False,scattered,
ba,17,17,0.058,1,0.059,1,1,0.58,False,scattered,Willowdale West
integrity,9,9,0.058,0,0.0,0,0,,False,scattered,
pen,8,8,0.058,0,0.0,0,0,,False,scattered,
empire,64,59,0.057,0,0.0,0,0,,False,scattered,
farm,61,59,0.057,3,0.049,1,3,0.47,False,scattered,Henry Farm
traffic,39,35,0.057,2,0.051,1,2,0.8,False,scattered,Pelmo Park-Humberlea
glory,21,21,0.057,0,0.0,0,0,,False,scattered,
shield,18,16,0.057,2,0.111,1,2,0.87,False,scattered,Clairlea-Birchmount
year,12,12,0.057,0,0.0,0,0,,False,scattered,
mpp,6,6,0.057,0,0.0,0,0,,False,scattered,
smile,73,69,0.056,0,0.0,0,0,,False,scattered,
rug,46,44,0.056,0,0.0,0,0,,False,scattered,
organization,44,41,0.056,3,0.068,2,2,0.63,False,scattered,Willowdale West
papa,41,41,0.056,2,0.049,1,2,0.7,False,scattered,Brookhaven-Amesbury
virgin,41,37,0.056,1,0.024,1,1,0.88,False,scattered,Fenside-Parkwoods
buffet,15,15,0.056,0,0.0,0,0,,False,scattered,
ren,15,15,0.056,0,0.0,0,0,,False,scattered,
cupe,12,12,0.056,0,0.0,0,0,,False,scattered,
austin,11,11,0.056,0,0.0,0,0,,False,scattered,
compass,11,11,0.056,0,0.0,0,0,,False,scattered,
all,277,246,0.055,0,0.0,0,0,,False,scattered,
seo,103,84,0.055,0,0.0,0,0,,False,scattered,
swim,62,57,0.055,2,0.032,2,1,0.53,False,scattered,Newtonbrook West
steel,53,51,0.055,0,0.0,0,0,,False,scattered,
oasis,41,39,0.055,0,0.0,0,0,,False,scattered,
xing,10,10,0.055,0,0.0,0,0,,False,scattered,
circus,7,7,0.055,0,0.0,0,0,,False,scattered,
therapy,401,276,0.054,0,0.0,0,0,,False,scattered,
station,374,296,0.054,1,0.003,1,1,0.53,False,scattered,Clanton Park
clinics,64,58,0.054,0,0.0,0,0,,False,scattered,
gospel,60,56,0.054,0,0.0,0,0,,False,scattered,
gate,43,39,0.054,1,0.023,1,1,0.65,False,scattered,Steeles
polish,29,24,0.054,2,0.069,1,2,0.84,False,scattered,Alderwood
multi,24,24,0.054,2,0.083,1,2,0.79,False,scattered,Humbermede
billiards,20,19,0.054,2,0.1,1,2,0.8,False,scattered,Glenfield-Jane Heights
rosa,19,19,0.054,0,0.0,0,0,,False,scattered,
plumbers,17,17,0.054,0,0.0,0,0,,False,scattered,
aqua,16,16,0.054,0,0.0,0,0,,False,scattered,
structural,16,14,0.054,0,0.0,0,0,,False,scattered,
halo,13,13,0.054,0,0.0,0,0,,False,scattered,
mine,9,9,0.054,0,0.0,0,0,,False,scattered,
maureen,6,6,0.054,0,0.0,0,0,,False,scattered,
homes,387,306,0.053,0,0.0,0,0,,False,scattered,
tax,308,253,0.053,1,0.003,1,1,0.18,False,scattered,Princess-Rosethorn
edward,124,92,0.053,0,0.0,0,0,,False,scattered,
games,60,56,0.053,0,0.0,0,0,,False,scattered,
link,46,43,0.053,0,0.0,0,0,,False,scattered,
apple,41,41,0.053,0,0.0,0,0,,False,scattered,
make,34,33,0.053,1,0.029,1,1,0.54,False,scattered,Upper Beaches
eat,33,31,0.053,0,0.0,0,0,,False,scattered,
irish,24,24,0.053,0,0.0,0,0,,False,scattered,
viet,22,22,0.053,2,0.091,1,2,0.85,False,scattered,Glenfield-Jane Heights
factory,129,119,0.052,0,0.0,0,0,,False,scattered,
holy,65,54,0.052,0,0.0,0,0,,False,scattered,
limousine,58,55,0.052,3,0.052,1,3,0.8,False,scattered,West Humber-Clairville
moon,37,34,0.052,0,0.0,0,0,,False,scattered,
margaret,22,20,0.052,1,0.045,1,1,0.26,False,scattered,Bedford Park-Nortown
joyce,14,12,0.052,0,0.0,0,0,,False,scattered,
smartstop,11,11,0.052,0,0.0,0,0,,False,scattered,
flower,115,100,0.051,0,0.0,0,0,,False,scattered,
guardian,70,60,0.051,0,0.0,0,0,,False,scattered,
mega,42,41,0.051,1,0.024,1,1,0.83,False,scattered,Milliken
athletic,33,32,0.051,0,0.0,0,0,,False,scattered,
tool,32,31,0.051,0,0.0,0,0,,False,scattered,
forum,21,20,0.051,0,0.0,0,0,,False,scattered,
manna,11,10,0.051,0,0.0,0,0,,False,scattered,
digital,371,253,0.05,0,0.0,0,0,,False,scattered,
john,238,195,0.05,0,0.0,0,0,,False,scattered,
master,143,134,0.05,0,0.0,0,0,,False,scattered,
fruit,85,77,0.05,0,0.0,0,0,,False,scattered,
pearson,33,31,0.05,1,0.03,1,1,0.87,False,scattered,West Humber-Clairville
snack,18,17,0.05,0,0.0,0,0,,False,scattered,
ww,18,18,0.05,0,0.0,0,0,,False,scattered,
papyrus,7,7,0.05,0,0.0,0,0,,False,scattered,
bradley,6,6,0.05,0,0.0,0,0,,False,scattered,
renovation,127,119,0.049,0,0.0,0,0,,False,scattered,
robert,98,85,0.049,0,0.0,0,0,,False,scattered,
esso,81,57,0.049,0,0.0,0,0,,False,scattered,
domino,60,60,0.049,1,0.017,1,1,0.59,False,scattered,West Hill
bright,52,49,0.049,0,0.0,0,0,,False,scattered,
alexander,49,41,0.049,0,0.0,0,0,,False,scattered,
model,25,25,0.049,0,0.0,0,0,,False,scattered,
price,25,24,0.049,0,0.0,0,0,,False,scattered,
horizon,20,20,0.049,0,0.0,0,0,,False,scattered,
essentials,16,15,0.049,0,0.0,0,0,,False,scattered,
charities,10,10,0.049,0,0.0,0,0,,False,scattered,
renovators,6,6,0.049,0,0.0,0,0,,False,scattered,
education,242,180,0.048,0,0.0,0,0,,False,scattered,
window,117,111,0.048,0,0.0,0,0,,False,scattered,
corner,95,88,0.048,1,0.011,1,1,0.3,False,scattered,Golfdale-Cedarbrae-Woburn
il,19,19,0.048,0,0.0,0,0,,False,scattered,
lifestyles,7,7,0.048,0,0.0,0,0,,False,scattered,
paul,148,131,0.047,0,0.0,0,0,,False,scattered,
perfect,65,61,0.047,0,0.0,0,0,,False,scattered,
booster,58,58,0.047,0,0.0,0,0,,False,scattered,
stephen,50,44,0.047,1,0.02,1,1,0.26,False,scattered,Tam O'Shanter-Sullivan
atelier,42,40,0.047,0,0.0,0,0,,False,scattered,
specialty,42,41,0.047,0,0.0,0,0,,False,scattered,
noble,33,30,0.047,1,0.03,1,1,0.89,False,scattered,Roncesvalles
adventures,29,29,0.047,0,0.0,0,0,,False,scattered,
bliss,28,28,0.047,0,0.0,0,0,,False,scattered,
genesis,26,25,0.047,0,0.0,0,0,,False,scattered,
vacations,22,18,0.047,0,0.0,0,0,,False,scattered,
sitting,12,12,0.047,0,0.0,0,0,,False,scattered,
cash,195,174,0.046,0,0.0,0,0,,False,scattered,
black,173,147,0.046,0,0.0,0,0,,False,scattered,
ardene,23,23,0.046,2,0.087,1,2,0.76,False,scattered,Etobicoke City Centre
butcher,23,22,0.046,0,0.0,0,0,,False,scattered,
arts,350,285,0.045,0,0.0,0,0,,False,scattered,
pioneer,36,31,0.045,0,0.0,0,0,,False,scattered,
drains,24,24,0.045,0,0.0,0,0,,False,scattered,
indian,211,173,0.044,0,0.0,0,0,,False,scattered,
run,39,38,0.044,2,0.051,1,2,0.61,False,scattered,West Rouge
richardson,15,13,0.044,0,0.0,0,0,,False,scattered,
shirt,12,12,0.044,0,0.0,0,0,,False,scattered,
accounting,254,198,0.043,0,0.0,0,0,,False,scattered,
metro,171,148,0.043,0,0.0,0,0,,False,scattered,
motion,55,53,0.043,0,0.0,0,0,,False,scattered,
sunset,28,28,0.043,0,0.0,0,0,,False,scattered,
wright,25,25,0.043,0,0.0,0,0,,False,scattered,
chateau,21,19,0.043,0,0.0,0,0,,False,scattered,
firkin,16,15,0.043,0,0.0,0,0,,False,scattered,
tridel,14,11,0.043,0,0.0,0,0,,False,scattered,
happy,81,79,0.042,0,0.0,0,0,,False,scattered,
more,73,69,0.042,0,0.0,0,0,,False,scattered,
cosmetics,70,54,0.042,0,0.0,0,0,,False,scattered,
news,61,54,0.042,0,0.0,0,0,,False,scattered,
imperial,55,50,0.042,0,0.0,0,0,,False,scattered,
sunny,48,48,0.042,2,0.042,1,2,0.36,False,scattered,Lawrence Park South
used,40,38,0.042,0,0.0,0,0,,False,scattered,
welding,25,24,0.042,1,0.04,1,1,0.92,True,scattered,Morningside Heights
bear,22,22,0.042,0,0.0,0,0,,False,scattered,
orange,22,20,0.042,0,0.0,0,0,,False,scattered,
crew,17,17,0.042,0,0.0,0,0,,False,scattered,
score,8,8,0.042,0,0.0,0,0,,False,scattered,
vantage,6,6,0.042,0,0.0,0,0,,False,scattered,
foods,369,307,0.041,0,0.0,0,0,,False,scattered,
room,169,136,0.041,0,0.0,0,0,,False,scattered,
wireless,97,84,0.041,1,0.01,1,1,0.42,False,scattered,West Humber-Clairville
work,64,61,0.041,0,0.0,0,0,,False,scattered,
laboratories,51,49,0.041,0,0.0,0,0,,False,scattered,
meridian,39,36,0.041,0,0.0,0,0,,False,scattered,
staples,26,17,0.041,0,0.0,0,0,,False,scattered,
vapes,24,24,0.041,0,0.0,0,0,,False,scattered,
zion,24,24,0.041,0,0.0,0,0,,False,scattered,
set,23,23,0.041,0,0.0,0,0,,False,scattered,
hypnosis,20,19,0.041,0,0.0,0,0,,False,scattered,
solicitors,19,19,0.041,0,0.0,0,0,,False,scattered,
rapid,16,16,0.041,0,0.0,0,0,,False,scattered,
qa,7,7,0.041,0,0.0,0,0,,False,scattered,
memorial,69,64,0.04,0,0.0,0,0,,False,scattered,
machine,55,54,0.04,0,0.0,0,0,,False,scattered,
pan,32,27,0.04,2,0.062,1,2,0.68,False,scattered,York University Heights
bruce,24,24,0.04,0,0.0,0,0,,False,scattered,
israel,19,18,0.04,0,0.0,0,0,,False,scattered,
meals,16,16,0.04,0,0.0,0,0,,False,scattered,
spin,12,11,0.04,0,0.0,0,0,,False,scattered,
lina,8,8,0.04,0,0.0,0,0,,False,scattered,
hospital,204,181,0.039,0,0.0,0,0,,False,scattered,
pub,121,110,0.039,0,0.0,0,0,,False,scattered,
locksmith,100,98,0.039,1,0.01,1,1,0.57,False,scattered,Westminster-Branson
discount,72,67,0.039,0,0.0,0,0,,False,scattered,
strategies,24,22,0.039,0,0.0,0,0,,False,scattered,
canine,21,21,0.039,0,0.0,0,0,,False,scattered,
urban,200,177,0.038,0,0.0,0,0,,False,scattered,
martin,60,55,0.038,0,0.0,0,0,,False,scattered,
louis,40,39,0.038,0,0.0,0,0,,False,scattered,
dairy,35,35,0.038,0,0.0,0,0,,False,scattered,
fence,28,28,0.038,0,0.0,0,0,,False,scattered,
bridgehead,18,18,0.038,0,0.0,0,0,,False,scattered,
mutual,18,17,0.038,0,0.0,0,0,,False,scattered,
speakers,8,8,0.038,0,0.0,0,0,,False,scattered,
bagels,6,6,0.038,0,0.0,0,0,,False,scattered,
culture,59,53,0.037,0,0.0,0,0,,False,scattered,
craft,44,42,0.037,0,0.0,0,0,,False,scattered,
concept,30,30,0.037,0,0.0,0,0,,False,scattered,
peoples,22,21,0.037,0,0.0,0,0,,False,scattered,
response,20,18,0.037,0,0.0,0,0,,False,scattered,
larry,14,13,0.037,0,0.0,0,0,,False,scattered,
women,144,131,0.036,0,0.0,0,0,,False,scattered,
payless,40,39,0.036,0,0.0,0,0,,False,scattered,
consumer,35,31,0.036,0,0.0,0,0,,False,scattered,
wise,28,25,0.036,0,0.0,0,0,,False,scattered,
kayak,6,6,0.036,0,0.0,0,0,,False,scattered,
tech,227,195,0.035,0,0.0,0,0,,False,scattered,
kim,83,69,0.035,0,0.0,0,0,,False,scattered,
brows,25,24,0.035,0,0.0,0,0,,False,scattered,
cuts,22,21,0.035,0,0.0,0,0,,False,scattered,
trades,21,20,0.035,0,0.0,0,0,,False,scattered,
progressive,19,18,0.035,0,0.0,0,0,,False,scattered,
showcase,18,18,0.035,0,0.0,0,0,,False,scattered,
crossroads,16,14,0.035,0,0.0,0,0,,False,scattered,
diane,13,13,0.035,0,0.0,0,0,,False,scattered,
smart,122,107,0.034,0,0.0,0,0,,False,scattered,
kings,41,37,0.034,0,0.0,0,0,,False,scattered,
assoc,36,36,0.034,0,0.0,0,0,,False,scattered,
assistance,20,20,0.034,0,0.0,0,0,,False,scattered,
ana,19,19,0.034,0,0.0,0,0,,False,scattered,
boost,14,14,0.034,0,0.0,0,0,,False,scattered,
martins,14,14,0.034,0,0.0,0,0,,False,scattered,
painters,67,66,0.033,0,0.0,0,0,,False,scattered,
police,52,44,0.033,0,0.0,0,0,,False,scattered,
boss,48,43,0.033,0,0.0,0,0,,False,scattered,
baker,42,41,0.033,0,0.0,0,0,,False,scattered,
hq,41,38,0.033,0,0.0,0,0,,False,scattered,
budget,39,37,0.033,0,0.0,0,0,,False,scattered,
laura,30,29,0.033,0,0.0,0,0,,False,scattered,
amanda,19,19,0.033,0,0.0,0,0,,False,scattered,
maternity,13,12,0.033,0,0.0,0,0,,False,scattered,
design,1058,673,0.032,0,0.0,0,0,,False,scattered,
custom,303,265,0.032,0,0.0,0,0,,False,scattered,
performance,138,123,0.032,0,0.0,0,0,,False,scattered,
jewellers,111,78,0.032,0,0.0,0,0,,False,scattered,
developments,86,77,0.032,0,0.0,0,0,,False,scattered,
esthetics,56,50,0.032,0,0.0,0,0,,False,scattered,
walking,50,49,0.032,0,0.0,0,0,,False,scattered,
osteopathy,47,44,0.032,0,0.0,0,0,,False,scattered,
au,17,16,0.032,0,0.0,0,0,,False,scattered,
come,14,14,0.032,0,0.0,0,0,,False,scattered,
erin,12,12,0.032,0,0.0,0,0,,False,scattered,
integration,9,8,0.032,0,0.0,0,0,,False,scattered,
sparks,9,9,0.032,0,0.0,0,0,,False,scattered,
money,158,137,0.031,0,0.0,0,0,,False,scattered,
big,127,118,0.03,0,0.0,0,0,,False,scattered,
hub,117,106,0.03,0,0.0,0,0,,False,scattered,
montessori,116,109,0.03,0,0.0,0,0,,False,scattered,
water,106,101,0.03,0,0.0,0,0,,False,scattered,
cup,96,94,0.03,0,0.0,0,0,,False,scattered,
notary,80,66,0.03,0,0.0,0,0,,False,scattered,
artisan,24,24,0.03,0,0.0,0,0,,False,scattered,
lynch,8,7,0.03,0,0.0,0,0,,False,scattered,
merchandising,6,6,0.03,0,0.0,0,0,,False,scattered,
shawarma,142,132,0.029,0,0.0,0,0,,False,scattered,
photo,109,103,0.029,0,0.0,0,0,,False,scattered,
electrical,85,84,0.029,0,0.0,0,0,,False,scattered,
maintenance,72,71,0.029,0,0.0,0,0,,False,scattered,
shoppe,57,54,0.029,0,0.0,0,0,,False,scattered,
rice,37,31,0.029,0,0.0,0,0,,False,scattered,
legacy,31,31,0.029,0,0.0,0,0,,False,scattered,
mcewan,6,5,0.029,0,0.0,0,0,,False,scattered,
foundation,280,224,0.028,0,0.0,0,0,,False,scattered,
light,71,67,0.028,0,0.0,0,0,,False,scattered,
lux,35,35,0.028,0,0.0,0,0,,False,scattered,
etc,22,22,0.028,0,0.0,0,0,,False,scattered,
kerala,16,15,0.028,0,0.0,0,0,,False,scattered,
remedysrx,12,12,0.028,0,0.0,0,0,,False,scattered,
brown,111,90,0.027,0,0.0,0,0,,False,scattered,
alpha,93,90,0.027,0,0.0,0,0,,False,scattered,
hr,43,37,0.027,0,0.0,0,0,,False,scattered,
cardinal,25,24,0.027,0,0.0,0,0,,False,scattered,
lens,18,18,0.027,0,0.0,0,0,,False,scattered,
lindt,12,12,0.027,0,0.0,0,0,,False,scattered,
autoworks,6,6,0.027,0,0.0,0,0,,False,scattered,
border,6,6,0.027,0,0.0,0,0,,False,scattered,
inspectors,6,5,0.027,0,0.0,0,0,,False,scattered,
mineral,6,6,0.027,0,0.0,0,0,,False,scattered,
agency,313,214,0.026,0,0.0,0,0,,False,scattered,
energy,111,94,0.026,0,0.0,0,0,,False,scattered,
med,80,70,0.026,0,0.0,0,0,,False,scattered,
mac,65,62,0.026,0,0.0,0,0,,False,scattered,
simple,39,37,0.026,0,0.0,0,0,,False,scattered,
eden,31,30,0.026,0,0.0,0,0,,False,scattered,
ocean,20,19,0.026,0,0.0,0,0,,False,scattered,
reid,12,12,0.026,0,0.0,0,0,,False,scattered,
marketing,436,287,0.025,0,0.0,0,0,,False,scattered,
city,404,321,0.025,0,0.0,0,0,,False,scattered,
chef,50,47,0.025,0,0.0,0,0,,False,scattered,
french,41,39,0.025,0,0.0,0,0,,False,scattered,
cargo,33,30,0.025,0,0.0,0,0,,False,scattered,
dds,33,30,0.025,0,0.0,0,0,,False,scattered,
goods,33,33,0.025,0,0.0,0,0,,False,scattered,
euro,29,29,0.025,0,0.0,0,0,,False,scattered,
leo,26,23,0.025,0,0.0,0,0,,False,scattered,
christina,22,21,0.025,0,0.0,0,0,,False,scattered,
lighthouse,21,21,0.025,0,0.0,0,0,,False,scattered,
prints,18,18,0.025,0,0.0,0,0,,False,scattered,
sol,18,18,0.025,0,0.0,0,0,,False,scattered,
appletree,15,14,0.025,0,0.0,0,0,,False,scattered,
beef,11,11,0.025,0,0.0,0,0,,False,scattered,
holland,11,11,0.025,0,0.0,0,0,,False,scattered,
developers,8,7,0.025,0,0.0,0,0,,False,scattered,
optical,215,178,0.024,0,0.0,0,0,,False,scattered,
touch,93,90,0.024,0,0.0,0,0,,False,scattered,
computers,64,57,0.024,0,0.0,0,0,,False,scattered,
loan,36,34,0.024,0,0.0,0,0,,False,scattered,
frame,34,34,0.024,0,0.0,0,0,,False,scattered,
kelly,30,29,0.024,0,0.0,0,0,,False,scattered,
stuff,25,24,0.024,0,0.0,0,0,,False,scattered,
vine,17,16,0.024,0,0.0,0,0,,False,scattered,
carlos,15,13,0.024,0,0.0,0,0,,False,scattered,
gta,326,275,0.023,0,0.0,0,0,,False,scattered,
medicine,168,137,0.023,0,0.0,0,0,,False,scattered,
software,73,62,0.023,0,0.0,0,0,,False,scattered,
am,51,47,0.023,0,0.0,0,0,,False,scattered,
fair,38,36,0.023,0,0.0,0,0,,False,scattered,
paris,28,24,0.023,0,0.0,0,0,,False,scattered,
fades,18,17,0.023,0,0.0,0,0,,False,scattered,
hydro,11,11,0.023,0,0.0,0,0,,False,scattered,
mews,9,9,0.023,0,0.0,0,0,,False,scattered,
entertainment,152,134,0.022,0,0.0,0,0,,False,scattered,
cpa,85,72,0.022,0,0.0,0,0,,False,scattered,
ben,39,38,0.022,0,0.0,0,0,,False,scattered,
alamo,36,36,0.022,0,0.0,0,0,,False,scattered,
holidays,36,35,0.022,0,0.0,0,0,,False,scattered,
daily,34,31,0.022,0,0.0,0,0,,False,scattered,
oliver,20,20,0.022,0,0.0,0,0,,False,scattered,
epoxy,16,15,0.022,0,0.0,0,0,,False,scattered,
spicy,16,16,0.022,0,0.0,0,0,,False,scattered,
chambers,15,14,0.022,0,0.0,0,0,,False,scattered,
testing,14,14,0.022,0,0.0,0,0,,False,scattered,
cleaning,431,352,0.021,0,0.0,0,0,,False,scattered,
garden,231,200,0.021,0,0.0,0,0,,False,scattered,
star,223,205,0.021,0,0.0,0,0,,False,scattered,
head,69,67,0.021,0,0.0,0,0,,False,scattered,
night,53,53,0.021,0,0.0,0,0,,False,scattered,
cabinetry,33,31,0.021,0,0.0,0,0,,False,scattered,
maid,23,22,0.021,0,0.0,0,0,,False,scattered,
scarboro,18,18,0.021,0,0.0,0,0,,False,scattered,
without,11,11,0.021,0,0.0,0,0,,False,scattered,
marks,9,9,0.021,0,0.0,0,0,,False,scattered,
iso,7,7,0.021,0,0.0,0,0,,False,scattered,
shopper,7,7,0.021,0,0.0,0,0,,False,scattered,
branch,269,231,0.02,0,0.0,0,0,,False,scattered,
only,70,62,0.02,0,0.0,0,0,,False,scattered,
optometry,41,40,0.02,0,0.0,0,0,,False,scattered,
momo,37,34,0.02,0,0.0,0,0,,False,scattered,
omega,37,37,0.02,0,0.0,0,0,,False,scattered,
zen,34,34,0.02,0,0.0,0,0,,False,scattered,
hospitality,24,24,0.02,0,0.0,0,0,,False,scattered,
vault,16,15,0.02,0,0.0,0,0,,False,scattered,
repair,468,374,0.019,0,0.0,0,0,,False,scattered,
fine,324,255,0.019,0,0.0,0,0,,False,scattered,
move,38,35,0.019,0,0.0,0,0,,False,scattered,
worldwide,38,34,0.019,0,0.0,0,0,,False,scattered,
eyes,30,30,0.019,0,0.0,0,0,,False,scattered,
delight,25,25,0.019,0,0.0,0,0,,False,scattered,
leading,24,22,0.019,0,0.0,0,0,,False,scattered,
greens,13,13,0.019,0,0.0,0,0,,False,scattered,
mar,12,12,0.019,0,0.0,0,0,,False,scattered,
angelo,11,11,0.019,0,0.0,0,0,,False,scattered,
gamma,9,6,0.019,0,0.0,0,0,,False,scattered,
molson,6,5,0.019,0,0.0,0,0,,False,scattered,
toronto,6628,2022,0.018,0,0.0,0,0,,False,scattered,
tea,188,143,0.018,0,0.0,0,0,,False,scattered,
broker,182,135,0.018,0,0.0,0,0,,False,scattered,
commercial,111,100,0.018,0,0.0,0,0,,False,scattered,
temple,105,96,0.018,0,0.0,0,0,,False,scattered,
sweet,83,81,0.018,0,0.0,0,0,,False,scattered,
nd,72,68,0.018,0,0.0,0,0,,False,scattered,
cultural,45,44,0.018,0,0.0,0,0,,False,scattered,
nest,36,34,0.018,0,0.0,0,0,,False,scattered,
skincare,30,29,0.018,0,0.0,0,0,,False,scattered,
pilot,21,21,0.018,0,0.0,0,0,,False,scattered,
natalie,13,12,0.018,0,0.0,0,0,,False,scattered,
istanbul,12,12,0.018,0,0.0,0,0,,False,scattered,
beck,9,6,0.018,0,0.0,0,0,,False,scattered,
public,537,485,0.017,0,0.0,0,0,,False,scattered,
systems,319,264,0.017,0,0.0,0,0,,False,scattered,
laboratory,90,80,0.017,0,0.0,0,0,,False,scattered,
early,62,61,0.017,0,0.0,0,0,,False,scattered,
thomas,56,51,0.017,0,0.0,0,0,,False,scattered,
guy,40,39,0.017,0,0.0,0,0,,False,scattered,
call,36,35,0.017,0,0.0,0,0,,False,scattered,
framing,30,30,0.017,0,0.0,0,0,,False,scattered,
turkish,25,24,0.017,0,0.0,0,0,,False,scattered,
short,14,12,0.017,0,0.0,0,0,,False,scattered,
jump,13,13,0.017,0,0.0,0,0,,False,scattered,
baking,12,11,0.017,0,0.0,0,0,,False,scattered,
goodman,12,12,0.017,0,0.0,0,0,,False,scattered,
sheila,12,12,0.017,0,0.0,0,0,,False,scattered,
blues,9,9,0.017,0,0.0,0,0,,False,scattered,
tenants,6,6,0.017,0,0.0,0,0,,False,scattered,
against,5,5,0.017,0,0.0,0,0,,False,scattered,
marketer,5,5,0.017,0,0.0,0,0,,False,scattered,
coaching,72,67,0.016,0,0.0,0,0,,False,scattered,
prime,69,65,0.016,0,0.0,0,0,,False,scattered,
italian,49,46,0.016,0,0.0,0,0,,False,scattered,
simon,29,29,0.016,0,0.0,0,0,,False,scattered,
diva,17,17,0.016,0,0.0,0,0,,False,scattered,
bentley,13,13,0.016,0,0.0,0,0,,False,scattered,
it,248,200,0.015,0,0.0,0,0,,False,scattered,
creative,195,175,0.015,0,0.0,0,0,,False,scattered,
blue,168,145,0.015,0,0.0,0,0,,False,scattered,
country,130,117,0.015,0,0.0,0,0,,False,scattered,
ross,62,60,0.015,0,0.0,0,0,,False,scattered,
imports,48,44,0.015,0,0.0,0,0,,False,scattered,
eyewear,25,21,0.015,0,0.0,0,0,,False,scattered,
start,25,24,0.015,0,0.0,0,0,,False,scattered,
shisha,21,21,0.015,0,0.0,0,0,,False,scattered,
morris,17,17,0.015,0,0.0,0,0,,False,scattered,
headshots,15,14,0.015,0,0.0,0,0,,False,scattered,
tibetan,12,10,0.015,0,0.0,0,0,,False,scattered,
integral,8,8,0.015,0,0.0,0,0,,False,scattered,
boutique,330,249,0.014,0,0.0,0,0,,False,scattered,
general,202,167,0.014,0,0.0,0,0,,False,scattered,
burger,188,163,0.014,0,0.0,0,0,,False,scattered,
people,69,58,0.014,0,0.0,0,0,,False,scattered,
jack,66,59,0.014,0,0.0,0,0,,False,scattered,
jennifer,31,31,0.014,0,0.0,0,0,,False,scattered,
leonard,18,18,0.014,0,0.0,0,0,,False,scattered,
feng,11,11,0.014,0,0.0,0,0,,False,scattered,
haywood,5,5,0.014,0,0.0,0,0,,False,scattered,
print,148,135,0.013,0,0.0,0,0,,False,scattered,
youth,115,107,0.013,0,0.0,0,0,,False,scattered,
video,82,79,0.013,0,0.0,0,0,,False,scattered,
safety,72,66,0.013,0,0.0,0,0,,False,scattered,
chris,58,49,0.013,0,0.0,0,0,,False,scattered,
condominiums,54,48,0.013,0,0.0,0,0,,False,scattered,
pain,51,49,0.013,0,0.0,0,0,,False,scattered,
speech,41,39,0.013,0,0.0,0,0,,False,scattered,
eagle,38,37,0.013,0,0.0,0,0,,False,scattered,
equity,28,27,0.013,0,0.0,0,0,,False,scattered,
exclusive,26,25,0.013,0,0.0,0,0,,False,scattered,
gymnastics,21,21,0.013,0,0.0,0,0,,False,scattered,
nexus,21,20,0.013,0,0.0,0,0,,False,scattered,
serenity,13,13,0.013,0,0.0,0,0,,False,scattered,
rama,11,10,0.013,0,0.0,0,0,,False,scattered,
knit,9,9,0.013,0,0.0,0,0,,False,scattered,
green,431,365,0.012,0,0.0,0,0,,False,scattered,
life,406,312,0.012,0,0.0,0,0,,False,scattered,
art,389,309,0.012,0,0.0,0,0,,False,scattered,
lounge,341,259,0.012,0,0.0,0,0,,False,scattered,
sports,311,271,0.012,0,0.0,0,0,,False,scattered,
cuisine,241,215,0.012,0,0.0,0,0,,False,scattered,
rehab,154,138,0.012,0,0.0,0,0,,False,scattered,
delta,51,46,0.012,0,0.0,0,0,,False,scattered,
live,48,46,0.012,0,0.0,0,0,,False,scattered,
rugs,30,30,0.012,0,0.0,0,0,,False,scattered,
unit,25,24,0.012,0,0.0,0,0,,False,scattered,
speed,22,22,0.012,0,0.0,0,0,,False,scattered,
teriyaki,19,19,0.012,0,0.0,0,0,,False,scattered,
yee,11,7,0.012,0,0.0,0,0,,False,scattered,
marvel,9,9,0.012,0,0.0,0,0,,False,scattered,
assets,8,8,0.012,0,0.0,0,0,,False,scattered,
notch,7,7,0.012,0,0.0,0,0,,False,scattered,
lay,6,6,0.012,0,0.0,0,0,,False,scattered,
agent,208,149,0.011,0,0.0,0,0,,False,scattered,
catering,195,169,0.011,0,0.0,0,0,,False,scattered,
daycare,108,104,0.011,0,0.0,0,0,,False,scattered,
delivery,91,86,0.011,0,0.0,0,0,,False,scattered,
gift,84,78,0.011,0,0.0,0,0,,False,scattered,
fix,71,71,0.011,0,0.0,0,0,,False,scattered,
wings,66,59,0.011,0,0.0,0,0,,False,scattered,
jimmy,45,43,0.011,0,0.0,0,0,,False,scattered,
sell,45,42,0.011,0,0.0,0,0,,False,scattered,
consultant,41,37,0.011,0,0.0,0,0,,False,scattered,
spaces,26,26,0.011,0,0.0,0,0,,False,scattered,
jonathan,24,21,0.011,0,0.0,0,0,,False,scattered,
inspection,22,22,0.011,0,0.0,0,0,,False,scattered,
purple,20,19,0.011,0,0.0,0,0,,False,scattered,
momentum,13,12,0.011,0,0.0,0,0,,False,scattered,
holt,12,9,0.011,0,0.0,0,0,,False,scattered,
barry,11,11,0.011,0,0.0,0,0,,False,scattered,
dirty,7,7,0.011,0,0.0,0,0,,False,scattered,
canada,3540,1443,0.01,0,0.0,0,0,,False,scattered,
care,1150,834,0.01,0,0.0,0,0,,False,scattered,
event,138,123,0.01,0,0.0,0,0,,False,scattered,
style,137,126,0.01,0,0.0,0,0,,False,scattered,
clean,134,124,0.01,0,0.0,0,0,,False,scattered,
self,83,72,0.01,0,0.0,0,0,,False,scattered,
paint,67,62,0.01,0,0.0,0,0,,False,scattered,
representative,53,42,0.01,0,0.0,0,0,,False,scattered,
nelson,31,29,0.01,0,0.0,0,0,,False,scattered,
souvlaki,24,24,0.01,0,0.0,0,0,,False,scattered,
terrequity,21,13,0.01,0,0.0,0,0,,False,scattered,
underground,18,18,0.01,0,0.0,0,0,,False,scattered,
ari,14,14,0.01,0,0.0,0,0,,False,scattered,
basements,12,12,0.01,0,0.0,0,0,,False,scattered,
erica,11,11,0.01,0,0.0,0,0,,False,scattered,
fiorio,8,7,0.01,0,0.0,0,0,,False,scattered,
pete,5,5,0.01,0,0.0,0,0,,False,scattered,
svc,377,323,0.009,0,0.0,0,0,,False,scattered,
global,324,239,0.009,0,0.0,0,0,,False,scattered,
nail,213,178,0.009,0,0.0,0,0,,False,scattered,
chiropractic,181,161,0.009,0,0.0,0,0,,False,scattered,
lepage,138,66,0.009,0,0.0,0,0,,False,scattered,
advisor,130,89,0.009,0,0.0,0,0,,False,scattered,
interior,75,71,0.009,0,0.0,0,0,,False,scattered,
physio,75,70,0.009,0,0.0,0,0,,False,scattered,
wing,68,64,0.009,0,0.0,0,0,,False,scattered,
shipping,47,44,0.009,0,0.0,0,0,,False,scattered,
emergency,41,39,0.009,0,0.0,0,0,,False,scattered,
integrative,35,34,0.009,0,0.0,0,0,,False,scattered,
orthotics,32,32,0.009,0,0.0,0,0,,False,scattered,
elegant,31,29,0.009,0,0.0,0,0,,False,scattered,
bookstore,27,27,0.009,0,0.0,0,0,,False,scattered,
baskets,26,23,0.009,0,0.0,0,0,,False,scattered,
piercing,26,24,0.009,0,0.0,0,0,,False,scattered,
champion,16,16,0.009,0,0.0,0,0,,False,scattered,
chad,11,11,0.009,0,0.0,0,0,,False,scattered,
sunglass,9,8,0.009,0,0.0,0,0,,False,scattered,
house,867,573,0.008,0,0.0,0,0,,False,scattered,
music,379,302,0.008,0,0.0,0,0,,False,scattered,
tree,144,135,0.008,0,0.0,0,0,,False,scattered,
contractors,78,72,0.008,0,0.0,0,0,,False,scattered,
sport,76,71,0.008,0,0.0,0,0,,False,scattered,
da,52,51,0.008,0,0.0,0,0,,False,scattered,
salvation,52,46,0.008,0,0.0,0,0,,False,scattered,
wong,42,39,0.008,0,0.0,0,0,,False,scattered,
cycle,41,40,0.008,0,0.0,0,0,,False,scattered,
demolition,24,22,0.008,0,0.0,0,0,,False,scattered,
alley,22,20,0.008,0,0.0,0,0,,False,scattered,
apollo,22,21,0.008,0,0.0,0,0,,False,scattered,
endodontics,13,13,0.008,0,0.0,0,0,,False,scattered,
sketchley,10,10,0.008,0,0.0,0,0,,False,scattered,
financial,992,444,0.007,0,0.0,0,0,,False,scattered,
canadian,948,595,0.007,0,0.0,0,0,,False,scattered,
royal,705,475,0.007,0,0.0,0,0,,False,scattered,
travel,436,287,0.007,0,0.0,0,0,,False,scattered,
world,299,249,0.007,0,0.0,0,0,,False,scattered,
brokerage,207,155,0.007,0,0.0,0,0,,False,scattered,
wine,158,138,0.007,0,0.0,0,0,,False,scattered,
technology,146,124,0.007,0,0.0,0,0,,False,scattered,
love,138,128,0.007,0,0.0,0,0,,False,scattered,
works,114,108,0.007,0,0.0,0,0,,False,scattered,
modern,99,87,0.007,0,0.0,0,0,,False,scattered,
professionals,57,49,0.007,0,0.0,0,0,,False,scattered,
tour,37,34,0.007,0,0.0,0,0,,False,scattered,
viva,29,27,0.007,0,0.0,0,0,,False,scattered,
towns,26,25,0.007,0,0.0,0,0,,False,scattered,
things,24,24,0.007,0,0.0,0,0,,False,scattered,
mia,23,23,0.007,0,0.0,0,0,,False,scattered,
solo,17,15,0.007,0,0.0,0,0,,False,scattered,
marshall,16,16,0.007,0,0.0,0,0,,False,scattered,
sephora,14,14,0.007,0,0.0,0,0,,False,scattered,
origin,12,10,0.007,0,0.0,0,0,,False,scattered,
tee,12,11,0.007,0,0.0,0,0,,False,scattered,
breast,10,9,0.007,0,0.0,0,0,,False,scattered,
spinal,10,10,0.007,0,0.0,0,0,,False,scattered,
ursula,6,5,0.007,0,0.0,0,0,,False,scattered,
training,293,244,0.006,0,0.0,0,0,,False,scattered,
network,170,143,0.006,0,0.0,0,0,,False,scattered,
choice,169,146,0.006,0,0.0,0,0,,False,scattered,
juice,148,132,0.006,0,0.0,0,0,,False,scattered,
eye,132,118,0.006,0,0.0,0,0,,False,scattered,
second,116,109,0.006,0,0.0,0,0,,False,scattered,
source,105,98,0.006,0,0.0,0,0,,False,scattered,
young,83,75,0.006,0,0.0,0,0,,False,scattered,
army,58,52,0.006,0,0.0,0,0,,False,scattered,
advertising,51,46,0.006,0,0.0,0,0,,False,scattered,
hearinglife,32,31,0.006,0,0.0,0,0,,False,scattered,
workshop,32,32,0.006,0,0.0,0,0,,False,scattered,
bulk,31,31,0.006,0,0.0,0,0,,False,scattered,
ground,31,29,0.006,0,0.0,0,0,,False,scattered,
ed,24,23,0.006,0,0.0,0,0,,False,scattered,
midas,21,21,0.006,0,0.0,0,0,,False,scattered,
rebel,18,18,0.006,0,0.0,0,0,,False,scattered,
tina,14,14,0.006,0,0.0,0,0,,False,scattered,
flat,13,13,0.006,0,0.0,0,0,,False,scattered,
breathe,9,9,0.006,0,0.0,0,0,,False,scattered,
pedalheads,8,8,0.006,0,0.0,0,0,,False,scattered,
lao,7,7,0.006,0,0.0,0,0,,False,scattered,
home,940,694,0.005,0,0.0,0,0,,False,scattered,
david,195,156,0.005,0,0.0,0,0,,False,scattered,
dealer,143,140,0.005,0,0.0,0,0,,False,scattered,
south,130,124,0.005,0,0.0,0,0,,False,scattered,
baptist,118,114,0.005,0,0.0,0,0,,False,scattered,
neighborhood,117,116,0.005,0,0.0,0,0,,False,scattered,
japanese,107,98,0.005,0,0.0,0,0,,False,scattered,
fit,86,82,0.005,0,0.0,0,0,,False,scattered,
board,76,67,0.005,0,0.0,0,0,,False,scattered,
jason,54,43,0.005,0,0.0,0,0,,False,scattered,
certified,50,46,0.005,0,0.0,0,0,,False,scattered,
scott,49,43,0.005,0,0.0,0,0,,False,scattered,
play,47,44,0.005,0,0.0,0,0,,False,scattered,
path,39,37,0.005,0,0.0,0,0,,False,scattered,
cabinets,30,30,0.005,0,0.0,0,0,,False,scattered,
connections,26,25,0.005,0,0.0,0,0,,False,scattered,
franklin,21,20,0.005,0,0.0,0,0,,False,scattered,
guest,20,20,0.005,0,0.0,0,0,,False,scattered,
everything,13,13,0.005,0,0.0,0,0,,False,scattered,
gallagher,10,7,0.005,0,0.0,0,0,,False,scattered,
jacob,10,10,0.005,0,0.0,0,0,,False,scattered,
wah,9,8,0.005,0,0.0,0,0,,False,scattered,
rush,8,7,0.005,0,0.0,0,0,,False,scattered,
marcello,5,5,0.005,0,0.0,0,0,,False,scattered,
pro,277,243,0.004,0,0.0,0,0,,False,scattered,
freedom,109,106,0.004,0,0.0,0,0,,False,scattered,
plaza,104,78,0.004,0,0.0,0,0,,False,scattered,
doctor,72,67,0.004,0,0.0,0,0,,False,scattered,
playground,69,66,0.004,0,0.0,0,0,,False,scattered,
ali,61,54,0.004,0,0.0,0,0,,False,scattered,
bed,60,55,0.004,0,0.0,0,0,,False,scattered,
creations,57,54,0.004,0,0.0,0,0,,False,scattered,
english,57,49,0.004,0,0.0,0,0,,False,scattered,
blinds,56,54,0.004,0,0.0,0,0,,False,scattered,
karate,54,54,0.004,0,0.0,0,0,,False,scattered,
lisa,50,49,0.004,0,0.0,0,0,,False,scattered,
conditioning,49,47,0.004,0,0.0,0,0,,False,scattered,
son,45,45,0.004,0,0.0,0,0,,False,scattered,
wax,41,39,0.004,0,0.0,0,0,,False,scattered,
colour,26,25,0.004,0,0.0,0,0,,False,scattered,
improvements,26,26,0.004,0,0.0,0,0,,False,scattered,
pie,24,23,0.004,0,0.0,0,0,,False,scattered,
beautiful,21,20,0.004,0,0.0,0,0,,False,scattered,
tasty,19,18,0.004,0,0.0,0,0,,False,scattered,
bikes,17,17,0.004,0,0.0,0,0,,False,scattered,
built,14,14,0.004,0,0.0,0,0,,False,scattered,
outside,10,9,0.004,0,0.0,0,0,,False,scattered,
feldman,8,8,0.004,0,0.0,0,0,,False,scattered,
kirsh,6,5,0.004,0,0.0,0,0,,False,scattered,
lim,6,6,0.004,0,0.0,0,0,,False,scattered,
health,1074,610,0.003,0,0.0,0,0,,False,scattered,
food,529,409,0.003,0,0.0,0,0,,False,scattered,
new,454,366,0.003,0,0.0,0,0,,False,scattered,
plus,295,251,0.003,0,0.0,0,0,,False,scattered,
massage,290,224,0.003,0,0.0,0,0,,False,scattered,
haul,128,123,0.003,0,0.0,0,0,,False,scattered,
lee,115,103,0.003,0,0.0,0,0,,False,scattered,
rehabilitation,111,100,0.003,0,0.0,0,0,,False,scattered,
elite,109,104,0.003,0,0.0,0,0,,False,scattered,
dominion,81,56,0.003,0,0.0,0,0,,False,scattered,
signature,73,54,0.003,0,0.0,0,0,,False,scattered,
gourmet,63,59,0.003,0,0.0,0,0,,False,scattered,
solicitor,58,47,0.003,0,0.0,0,0,,False,scattered,
hope,57,57,0.003,0,0.0,0,0,,False,scattered,
jay,53,49,0.003,0,0.0,0,0,,False,scattered,
advantage,35,33,0.003,0,0.0,0,0,,False,scattered,
commission,35,33,0.003,0,0.0,0,0,,False,scattered,
pick,32,32,0.003,0,0.0,0,0,,False,scattered,
hudson,29,22,0.003,0,0.0,0,0,,False,scattered,
estates,26,25,0.003,0,0.0,0,0,,False,scattered,
rotisserie,21,21,0.003,0,0.0,0,0,,False,scattered,
greg,18,16,0.003,0,0.0,0,0,,False,scattered,
tutors,18,17,0.003,0,0.0,0,0,,False,scattered,
locksmiths,17,17,0.003,0,0.0,0,0,,False,scattered,
poke,17,16,0.003,0,0.0,0,0,,False,scattered,
salesperson,16,15,0.003,0,0.0,0,0,,False,scattered,
drake,14,10,0.003,0,0.0,0,0,,False,scattered,
jamie,14,14,0.003,0,0.0,0,0,,False,scattered,
method,13,12,0.003,0,0.0,0,0,,False,scattered,
vivid,13,13,0.003,0,0.0,0,0,,False,scattered,
diabetes,12,11,0.003,0,0.0,0,0,,False,scattered,
ama,10,9,0.003,0,0.0,0,0,,False,scattered,
provider,9,9,0.003,0,0.0,0,0,,False,scattered,
oyster,8,8,0.003,0,0.0,0,0,,False,scattered,
speaking,7,7,0.003,0,0.0,0,0,,False,scattered,
dietitian,5,4,0.003,0,0.0,0,0,,False,scattered,
kirby,5,4,0.003,0,0.0,0,0,,False,scattered,
rubin,5,5,0.003,0,0.0,0,0,,False,scattered,
bank,746,411,0.002,0,0.0,0,0,,False,scattered,
mart,453,367,0.002,0,0.0,0,0,,False,scattered,
realtor,304,158,0.002,0,0.0,0,0,,False,scattered,
day,271,250,0.002,0,0.0,0,0,,False,scattered,
society,221,182,0.002,0,0.0,0,0,,False,scattered,
national,198,165,0.002,0,0.0,0,0,,False,scattered,
go,186,161,0.002,0,0.0,0,0,,False,scattered,
tours,162,141,0.002,0,0.0,0,0,,False,scattered,
com,161,137,0.002,0,0.0,0,0,,False,scattered,
web,137,109,0.002,0,0.0,0,0,,False,scattered,
pool,98,95,0.002,0,0.0,0,0,,False,scattered,
andrew,90,75,0.002,0,0.0,0,0,,False,scattered,
american,69,63,0.002,0,0.0,0,0,,False,scattered,
brothers,64,62,0.002,0,0.0,0,0,,False,scattered,
level,58,54,0.002,0,0.0,0,0,,False,scattered,
pure,58,53,0.002,0,0.0,0,0,,False,scattered,
veterinary,56,55,0.002,0,0.0,0,0,,False,scattered,
hardwood,50,49,0.002,0,0.0,0,0,,False,scattered,
america,48,45,0.002,0,0.0,0,0,,False,scattered,
precision,48,47,0.002,0,0.0,0,0,,False,scattered,
tokyo,48,46,0.002,0,0.0,0,0,,False,scattered,
architecture,44,43,0.002,0,0.0,0,0,,False,scattered,
integrated,44,42,0.002,0,0.0,0,0,,False,scattered,
ultrasound,43,41,0.002,0,0.0,0,0,,False,scattered,
telus,41,37,0.002,0,0.0,0,0,,False,scattered,
luxe,39,38,0.002,0,0.0,0,0,,False,scattered,
licensed,38,36,0.002,0,0.0,0,0,,False,scattered,
nick,38,37,0.002,0,0.0,0,0,,False,scattered,
hygiene,37,36,0.002,0,0.0,0,0,,False,scattered,
minute,37,37,0.002,0,0.0,0,0,,False,scattered,
miller,36,33,0.002,0,0.0,0,0,,False,scattered,
castle,35,34,0.002,0,0.0,0,0,,False,scattered,
restaurants,33,32,0.002,0,0.0,0,0,,False,scattered,
li,29,29,0.002,0,0.0,0,0,,False,scattered,
content,28,28,0.002,0,0.0,0,0,,False,scattered,
see,22,22,0.002,0,0.0,0,0,,False,scattered,
robin,19,17,0.002,0,0.0,0,0,,False,scattered,
elevate,18,18,0.002,0,0.0,0,0,,False,scattered,
priest,16,16,0.002,0,0.0,0,0,,False,scattered,
betty,15,15,0.002,0,0.0,0,0,,False,scattered,
ecole,15,15,0.002,0,0.0,0,0,,False,scattered,
sears,13,12,0.002,0,0.0,0,0,,False,scattered,
jain,11,11,0.002,0,0.0,0,0,,False,scattered,
municipal,11,11,0.002,0,0.0,0,0,,False,scattered,
puffs,11,11,0.002,0,0.0,0,0,,False,scattered,
burns,9,8,0.002,0,0.0,0,0,,False,scattered,
howe,9,9,0.002,0,0.0,0,0,,False,scattered,
ireland,9,7,0.002,0,0.0,0,0,,False,scattered,
merit,9,9,0.002,0,0.0,0,0,,False,scattered,
nerd,9,9,0.002,0,0.0,0,0,,False,scattered,
sakura,8,8,0.002,0,0.0,0,0,,False,scattered,
bureau,7,7,0.002,0,0.0,0,0,,False,scattered,
promenade,7,7,0.002,0,0.0,0,0,,False,scattered,
pickleball,6,6,0.002,0,0.0,0,0,,False,scattered,
celeste,5,5,0.002,0,0.0,0,0,,False,scattered,
parlor,5,5,0.002,0,0.0,0,0,,False,scattered,
atm,747,539,0.001,0,0.0,0,0,,False,scattered,
wellness,550,402,0.001,0,0.0,0,0,,False,scattered,
tim,427,422,0.001,0,0.0,0,0,,False,scattered,
mobile,412,293,0.001,0,0.0,0,0,,False,scattered,
hortons,405,404,0.001,0,0.0,0,0,,False,scattered,
express,347,281,0.001,0,0.0,0,0,,False,scattered,
one,322,259,0.001,0,0.0,0,0,,False,scattered,
best,278,237,0.001,0,0.0,0,0,,False,scattered,
western,272,261,0.001,0,0.0,0,0,,False,scattered,
cleaners,254,226,0.001,0,0.0,0,0,,False,scattered,
pet,253,226,0.001,0,0.0,0,0,,False,scattered,
mr,239,219,0.001,0,0.0,0,0,,False,scattered,
thai,233,183,0.001,0,0.0,0,0,,False,scattered,
laser,211,166,0.001,0,0.0,0,0,,False,scattered,
development,198,171,0.001,0,0.0,0,0,,False,scattered,
top,170,155,0.001,0,0.0,0,0,,False,scattered,
good,164,145,0.001,0,0.0,0,0,,False,scattered,
events,163,142,0.001,0,0.0,0,0,,False,scattered,
up,161,144,0.001,0,0.0,0,0,,False,scattered,
fire,157,148,0.001,0,0.0,0,0,,False,scattered,
maple,146,127,0.001,0,0.0,0,0,,False,scattered,
quality,129,118,0.001,0,0.0,0,0,,False,scattered,
healing,115,101,0.001,0,0.0,0,0,,False,scattered,
peter,109,94,0.001,0,0.0,0,0,,False,scattered,
support,107,95,0.001,0,0.0,0,0,,False,scattered,
white,107,97,0.001,0,0.0,0,0,,False,scattered,
grace,104,100,0.001,0,0.0,0,0,,False,scattered,
foot,96,89,0.001,0,0.0,0,0,,False,scattered,
fish,89,83,0.001,0,0.0,0,0,,False,scattered,
shoes,81,72,0.001,0,0.0,0,0,,False,scattered,
buy,74,71,0.001,0,0.0,0,0,,False,scattered,
gifts,73,70,0.001,0,0.0,0,0,,False,scattered,
shoe,71,62,0.001,0,0.0,0,0,,False,scattered,
career,62,53,0.001,0,0.0,0,0,,False,scattered,
next,61,56,0.001,0,0.0,0,0,,False,scattered,
mission,54,53,0.001,0,0.0,0,0,,False,scattered,
specialists,53,48,0.001,0,0.0,0,0,,False,scattered,
now,52,51,0.001,0,0.0,0,0,,False,scattered,
open,51,48,0.001,0,0.0,0,0,,False,scattered,
reno,50,49,0.001,0,0.0,0,0,,False,scattered,
paper,44,43,0.001,0,0.0,0,0,,False,scattered,
shine,44,43,0.001,0,0.0,0,0,,False,scattered,
impact,41,39,0.001,0,0.0,0,0,,False,scattered,
incorporated,41,40,0.001,0,0.0,0,0,,False,scattered,
eleven,37,37,0.001,0,0.0,0,0,,False,scattered,
lift,37,34,0.001,0,0.0,0,0,,False,scattered,
republic,37,34,0.001,0,0.0,0,0,,False,scattered,
remax,34,27,0.001,0,0.0,0,0,,False,scattered,
diner,31,31,0.001,0,0.0,0,0,,False,scattered,
formerly,31,31,0.001,0,0.0,0,0,,False,scattered,
pop,31,28,0.001,0,0.0,0,0,,False,scattered,
resort,31,30,0.001,0,0.0,0,0,,False,scattered,
harvest,30,29,0.001,0,0.0,0,0,,False,scattered,
masjid,30,30,0.001,0,0.0,0,0,,False,scattered,
brewery,29,27,0.001,0,0.0,0,0,,False,scattered,
escape,28,27,0.001,0,0.0,0,0,,False,scattered,
gem,28,22,0.001,0,0.0,0,0,,False,scattered,
girl,28,28,0.001,0,0.0,0,0,,False,scattered,
cooper,27,27,0.001,0,0.0,0,0,,False,scattered,
tabernacle,27,27,0.001,0,0.0,0,0,,False,scattered,
times,27,25,0.001,0,0.0,0,0,,False,scattered,
copy,26,25,0.001,0,0.0,0,0,,False,scattered,
foam,26,26,0.001,0,0.0,0,0,,False,scattered,
made,26,25,0.001,0,0.0,0,0,,False,scattered,
speedy,24,24,0.001,0,0.0,0,0,,False,scattered,
translation,24,23,0.001,0,0.0,0,0,,False,scattered,
clarke,21,20,0.001,0,0.0,0,0,,False,scattered,
television,21,20,0.001,0,0.0,0,0,,False,scattered,
emily,19,19,0.001,0,0.0,0,0,,False,scattered,
destination,18,14,0.001,0,0.0,0,0,,False,scattered,
workplace,17,16,0.001,0,0.0,0,0,,False,scattered,
innovations,16,15,0.001,0,0.0,0,0,,False,scattered,
platform,16,16,0.001,0,0.0,0,0,,False,scattered,
henna,15,13,0.001,0,0.0,0,0,,False,scattered,
roofers,15,15,0.001,0,0.0,0,0,,False,scattered,
channel,14,13,0.001,0,0.0,0,0,,False,scattered,
exotic,14,14,0.001,0,0.0,0,0,,False,scattered,
manchu,14,14,0.001,0,0.0,0,0,,False,scattered,
br,13,12,0.001,0,0.0,0,0,,False,scattered,
clinical,13,13,0.001,0,0.0,0,0,,False,scattered,
jugo,12,12,0.001,0,0.0,0,0,,False,scattered,
newton,12,12,0.001,0,0.0,0,0,,False,scattered,
ring,12,12,0.001,0,0.0,0,0,,False,scattered,
abbas,11,11,0.001,0,0.0,0,0,,False,scattered,
dosa,11,10,0.001,0,0.0,0,0,,False,scattered,
jewel,11,10,0.001,0,0.0,0,0,,False,scattered,
parent,11,11,0.001,0,0.0,0,0,,False,scattered,
aligned,9,9,0.001,0,0.0,0,0,,False,scattered,
always,9,9,0.001,0,0.0,0,0,,False,scattered,
furs,9,9,0.001,0,0.0,0,0,,False,scattered,
joey,9,9,0.001,0,0.0,0,0,,False,scattered,
demetres,8,8,0.001,0,0.0,0,0,,False,scattered,
loving,8,8,0.001,0,0.0,0,0,,False,scattered,
prosper,8,8,0.001,0,0.0,0,0,,False,scattered,
within,8,8,0.001,0,0.0,0,0,,False,scattered,
feed,7,7,0.001,0,0.0,0,0,,False,scattered,
sasha,7,7,0.001,0,0.0,0,0,,False,scattered,
sweetie,7,7,0.001,0,0.0,0,0,,False,scattered,
gross,6,6,0.001,0,0.0,0,0,,False,scattered,
orthopedic,6,6,0.001,0,0.0,0,0,,False,scattered,
third,6,6,0.001,0,0.0,0,0,,False,scattered,
coiffure,5,5,0.001,0,0.0,0,0,,False,scattered,
ob,5,5,0.001,0,0.0,0,0,,False,scattered,
td,966,216,0.0,0,0.0,0,0,,False,scattered,
family,471,369,0.0,0,0.0,0,0,,False,scattered,
business,389,284,0.0,0,0.0,0,0,,False,scattered,
team,389,234,0.0,0,0.0,0,0,,False,scattered,
bitcoin,323,288,0.0,0,0.0,0,0,,False,scattered,
rbc,313,239,0.0,0,0.0,0,0,,False,scattered,
planner,312,119,0.0,0,0.0,0,0,,False,scattered,
subway,302,284,0.0,0,0.0,0,0,,False,scattered,
first,268,229,0.0,0,0.0,0,0,,False,scattered,
dentistry,265,209,0.0,0,0.0,0,0,,False,scattered,
learning,258,231,0.0,0,0.0,0,0,,False,scattered,
your,247,211,0.0,0,0.0,0,0,,False,scattered,
physiotherapy,241,209,0.0,0,0.0,0,0,,False,scattered,
my,232,207,0.0,0,0.0,0,0,,False,scattered,
drug,216,207,0.0,0,0.0,0,0,,False,scattered,
fresh,210,183,0.0,0,0.0,0,0,,False,scattered,
post,208,192,0.0,0,0.0,0,0,,False,scattered,
security,208,166,0.0,0,0.0,0,0,,False,scattered,
living,206,180,0.0,0,0.0,0,0,,False,scattered,
united,205,182,0.0,0,0.0,0,0,,False,scattered,
trust,204,181,0.0,0,0.0,0,0,,False,scattered,
max,202,123,0.0,0,0.0,0,0,,False,scattered,
cannabis,196,169,0.0,0,0.0,0,0,,False,scattered,
starbucks,191,186,0.0,0,0.0,0,0,,False,scattered,
shoppers,184,171,0.0,0,0.0,0,0,,False,scattered,
cibc,183,167,0.0,0,0.0,0,0,,False,scattered,
children,173,160,0.0,0,0.0,0,0,,False,scattered,
access,169,157,0.0,0,0.0,0,0,,False,scattered,
designs,162,147,0.0,0,0.0,0,0,,False,scattered,
chicken,161,132,0.0,0,0.0,0,0,,False,scattered,
kids,161,150,0.0,0,0.0,0,0,,False,scattered,
animal,160,153,0.0,0,0.0,0,0,,False,scattered,
central,159,131,0.0,0,0.0,0,0,,False,scattered,
circle,158,145,0.0,0,0.0,0,0,,False,scattered,
time,156,146,0.0,0,0.0,0,0,,False,scattered,
ups,154,151,0.0,0,0.0,0,0,,False,scattered,
you,154,135,0.0,0,0.0,0,0,,False,scattered,
re,153,80,0.0,0,0.0,0,0,,False,scattered,
vision,151,135,0.0,0,0.0,0,0,,False,scattered,
scotiabank,148,136,0.0,0,0.0,0,0,,False,scattered,
bmo,147,120,0.0,0,0.0,0,0,,False,scattered,
specialist,145,103,0.0,0,0.0,0,0,,False,scattered,
red,138,122,0.0,0,0.0,0,0,,False,scattered,
scotia,137,9,0.0,0,0.0,0,0,,False,scattered,
natural,135,123,0.0,0,0.0,0,0,,False,scattered,
barbershop,133,122,0.0,0,0.0,0,0,,False,scattered,
flowers,133,120,0.0,0,0.0,0,0,,False,scattered,
great,128,115,0.0,0,0.0,0,0,,False,scattered,
healthcare,125,109,0.0,0,0.0,0,0,,False,scattered,
localcoin,124,122,0.0,0,0.0,0,0,,False,scattered,
bell,121,100,0.0,0,0.0,0,0,,False,scattered,
rpo,121,119,0.0,0,0.0,0,0,,False,scattered,
diamond,120,103,0.0,0,0.0,0,0,,False,scattered,
dollarama,120,120,0.0,0,0.0,0,0,,False,scattered,
centres,119,113,0.0,0,0.0,0,0,,False,scattered,
mcdonald,119,117,0.0,0,0.0,0,0,,False,scattered,
montreal,118,116,0.0,0,0.0,0,0,,False,scattered,
lcbo,113,113,0.0,0,0.0,0,0,,False,scattered,
hearing,112,103,0.0,0,0.0,0,0,,False,scattered,
party,111,105,0.0,0,0.0,0,0,,False,scattered,
direct,106,98,0.0,0,0.0,0,0,,False,scattered,
me,106,94,0.0,0,0.0,0,0,,False,scattered,
hot,102,97,0.0,0,0.0,0,0,,False,scattered,
location,100,98,0.0,0,0.0,0,0,,False,scattered,
men,100,95,0.0,0,0.0,0,0,,False,scattered,
martial,99,92,0.0,0,0.0,0,0,,False,scattered,
personal,99,85,0.0,0,0.0,0,0,,False,scattered,
mark,98,93,0.0,0,0.0,0,0,,False,scattered,
spot,98,92,0.0,0,0.0,0,0,,False,scattered,
math,97,95,0.0,0,0.0,0,0,,False,scattered,
nova,96,92,0.0,0,0.0,0,0,,False,scattered,
senior,96,90,0.0,0,0.0,0,0,,False,scattered,
walk,96,89,0.0,0,0.0,0,0,,False,scattered,
ttc,94,86,0.0,0,0.0,0,0,,False,scattered,
full,93,91,0.0,0,0.0,0,0,,False,scattered,
petro,93,91,0.0,0,0.0,0,0,,False,scattered,
sun,93,75,0.0,0,0.0,0,0,,False,scattered,
hut,92,88,0.0,0,0.0,0,0,,False,scattered,
ice,92,83,0.0,0,0.0,0,0,,False,scattered,
online,92,85,0.0,0,0.0,0,0,,False,scattered,
locker,91,86,0.0,0,0.0,0,0,,False,scattered,
scotiamcleod,91,3,0.0,0,0.0,0,0,,False,scattered,
clothing,90,79,0.0,0,0.0,0,0,,False,scattered,
box,89,79,0.0,0,0.0,0,0,,False,scattered,
project,89,83,0.0,0,0.0,0,0,,False,scattered,
hodl,88,86,0.0,0,0.0,0,0,,False,scattered,
carpet,87,83,0.0,0,0.0,0,0,,False,scattered,
true,86,82,0.0,0,0.0,0,0,,False,scattered,
beer,85,82,0.0,0,0.0,0,0,,False,scattered,
bento,85,84,0.0,0,0.0,0,0,,False,scattered,
experts,85,76,0.0,0,0.0,0,0,,False,scattered,
grocery,84,81,0.0,0,0.0,0,0,,False,scattered,
middle,84,84,0.0,0,0.0,0,0,,False,scattered,
small,84,71,0.0,0,0.0,0,0,,False,scattered,
just,83,80,0.0,0,0.0,0,0,,False,scattered,
northern,83,79,0.0,0,0.0,0,0,,False,scattered,
popeyes,83,81,0.0,0,0.0,0,0,,False,scattered,
amazon,82,81,0.0,0,0.0,0,0,,False,scattered,
century,82,57,0.0,0,0.0,0,0,,False,scattered,
imaging,80,75,0.0,0,0.0,0,0,,False,scattered,
presbyterian,80,75,0.0,0,0.0,0,0,,False,scattered,
block,78,75,0.0,0,0.0,0,0,,False,scattered,
pharmasave,78,77,0.0,0,0.0,0,0,,False,scattered,
shell,77,66,0.0,0,0.0,0,0,,False,scattered,
wedding,77,71,0.0,0,0.0,0,0,,False,scattered,
sky,76,70,0.0,0,0.0,0,0,,False,scattered,
free,75,72,0.0,0,0.0,0,0,,False,scattered,
expert,74,73,0.0,0,0.0,0,0,,False,scattered,
dream,73,71,0.0,0,0.0,0,0,,False,scattered,
edge,73,68,0.0,0,0.0,0,0,,False,scattered,
ray,73,72,0.0,0,0.0,0,0,,False,scattered,
fast,72,65,0.0,0,0.0,0,0,,False,scattered,
out,72,71,0.0,0,0.0,0,0,,False,scattered,
aid,71,68,0.0,0,0.0,0,0,,False,scattered,
land,71,66,0.0,0,0.0,0,0,,False,scattered,
magic,71,69,0.0,0,0.0,0,0,,False,scattered,
mccafe,71,71,0.0,0,0.0,0,0,,False,scattered,
valu,71,70,0.0,0,0.0,0,0,,False,scattered,
alex,70,68,0.0,0,0.0,0,0,,False,scattered,
sam,70,68,0.0,0,0.0,0,0,,False,scattered,
sleep,70,69,0.0,0,0.0,0,0,,False,scattered,
can,69,66,0.0,0,0.0,0,0,,False,scattered,
harvey,69,66,0.0,0,0.0,0,0,,False,scattered,
rainbow,69,66,0.0,0,0.0,0,0,,False,scattered,
well,69,50,0.0,0,0.0,0,0,,False,scattered,
ace,68,67,0.0,0,0.0,0,0,,False,scattered,
bubble,68,63,0.0,0,0.0,0,0,,False,scattered,
connect,68,61,0.0,0,0.0,0,0,,False,scattered,
joe,68,65,0.0,0,0.0,0,0,,False,scattered,
collection,67,64,0.0,0,0.0,0,0,,False,scattered,
ix,67,62,0.0,0,0.0,0,0,,False,scattered,
reading,66,65,0.0,0,0.0,0,0,,False,scattered,
richard,66,59,0.0,0,0.0,0,0,,False,scattered,
burgers,65,63,0.0,0,0.0,0,0,,False,scattered,
rexall,65,63,0.0,0,0.0,0,0,,False,scattered,
kumon,64,63,0.0,0,0.0,0,0,,False,scattered,
lifelabs,64,62,0.0,0,0.0,0,0,,False,scattered,
maria,64,63,0.0,0,0.0,0,0,,False,scattered,
piano,64,61,0.0,0,0.0,0,0,,False,scattered,
williams,64,60,0.0,0,0.0,0,0,,False,scattered,
classic,63,63,0.0,0,0.0,0,0,,False,scattered,
eatery,63,60,0.0,0,0.0,0,0,,False,scattered,
freshii,63,63,0.0,0,0.0,0,0,,False,scattered,
future,63,54,0.0,0,0.0,0,0,,False,scattered,
planet,63,62,0.0,0,0.0,0,0,,False,scattered,
rack,63,63,0.0,0,0.0,0,0,,False,scattered,
we,63,55,0.0,0,0.0,0,0,,False,scattered,
anglican,62,56,0.0,0,0.0,0,0,,False,scattered,
collegiate,62,62,0.0,0,0.0,0,0,,False,scattered,
kfc,62,62,0.0,0,0.0,0,0,,False,scattered,
masonry,62,55,0.0,0,0.0,0,0,,False,scattered,
action,61,56,0.0,0,0.0,0,0,,False,scattered,
arena,61,58,0.0,0,0.0,0,0,,False,scattered,
nutrition,61,57,0.0,0,0.0,0,0,,False,scattered,
bus,60,56,0.0,0,0.0,0,0,,False,scattered,
cloud,60,54,0.0,0,0.0,0,0,,False,scattered,
soul,60,58,0.0,0,0.0,0,0,,False,scattered,
ctr,59,59,0.0,0,0.0,0,0,,False,scattered,
florist,59,59,0.0,0,0.0,0,0,,False,scattered,
get,59,53,0.0,0,0.0,0,0,,False,scattered,
landscape,59,58,0.0,0,0.0,0,0,,False,scattered,
quick,59,57,0.0,0,0.0,0,0,,False,scattered,
accessories,58,55,0.0,0,0.0,0,0,,False,scattered,
division,58,48,0.0,0,0.0,0,0,,False,scattered,
advanced,57,55,0.0,0,0.0,0,0,,False,scattered,
cooling,57,56,0.0,0,0.0,0,0,,False,scattered,
desjardins,57,51,0.0,0,0.0,0,0,,False,scattered,
easy,57,56,0.0,0,0.0,0,0,,False,scattered,
greater,57,56,0.0,0,0.0,0,0,,False,scattered,
heritage,57,51,0.0,0,0.0,0,0,,False,scattered,
holistic,57,55,0.0,0,0.0,0,0,,False,scattered,
pc,57,52,0.0,0,0.0,0,0,,False,scattered,
premier,57,53,0.0,0,0.0,0,0,,False,scattered,
do,56,54,0.0,0,0.0,0,0,,False,scattered,
floor,56,55,0.0,0,0.0,0,0,,False,scattered,
premium,56,53,0.0,0,0.0,0,0,,False,scattered,
sub,56,56,0.0,0,0.0,0,0,,False,scattered,
swiss,56,55,0.0,0,0.0,0,0,,False,scattered,
cream,55,52,0.0,0,0.0,0,0,,False,scattered,
two,55,52,0.0,0,0.0,0,0,,False,scattered,
unique,55,53,0.0,0,0.0,0,0,,False,scattered,
back,54,54,0.0,0,0.0,0,0,,False,scattered,
book,54,49,0.0,0,0.0,0,0,,False,scattered,
guys,54,54,0.0,0,0.0,0,0,,False,scattered,
parish,54,52,0.0,0,0.0,0,0,,False,scattered,
adam,53,48,0.0,0,0.0,0,0,,False,scattered,
aroma,53,50,0.0,0,0.0,0,0,,False,scattered,
nations,53,53,0.0,0,0.0,0,0,,False,scattered,
planning,53,51,0.0,0,0.0,0,0,,False,scattered,
residential,53,48,0.0,0,0.0,0,0,,False,scattered,
connection,52,48,0.0,0,0.0,0,0,,False,scattered,
homelife,52,37,0.0,0,0.0,0,0,,False,scattered,
image,52,46,0.0,0,0.0,0,0,,False,scattered,
manager,52,43,0.0,0,0.0,0,0,,False,scattered,
spirit,52,47,0.0,0,0.0,0,0,,False,scattered,
supreme,52,50,0.0,0,0.0,0,0,,False,scattered,
better,51,49,0.0,0,0.0,0,0,,False,scattered,
class,51,51,0.0,0,0.0,0,0,,False,scattered,
crystal,51,51,0.0,0,0.0,0,0,,False,scattered,
four,51,47,0.0,0,0.0,0,0,,False,scattered,
pros,51,47,0.0,0,0.0,0,0,,False,scattered,
area,50,48,0.0,0,0.0,0,0,,False,scattered,
builders,50,48,0.0,0,0.0,0,0,,False,scattered,
mind,50,47,0.0,0,0.0,0,0,,False,scattered,
anthony,49,45,0.0,0,0.0,0,0,,False,scattered,
funeral,49,48,0.0,0,0.0,0,0,,False,scattered,
goodlife,49,48,0.0,0,0.0,0,0,,False,scattered,
wendy,49,48,0.0,0,0.0,0,0,,False,scattered,
jerk,48,45,0.0,0,0.0,0,0,,False,scattered,
kingdom,48,47,0.0,0,0.0,0,0,,False,scattered,
lashes,48,46,0.0,0,0.0,0,0,,False,scattered,
lifestyle,48,48,0.0,0,0.0,0,0,,False,scattered,
nofrills,48,46,0.0,0,0.0,0,0,,False,scattered,
tv,48,46,0.0,0,0.0,0,0,,False,scattered,
unlimited,48,44,0.0,0,0.0,0,0,,False,scattered,
account,47,41,0.0,0,0.0,0,0,,False,scattered,
makeup,47,45,0.0,0,0.0,0,0,,False,scattered,
man,47,46,0.0,0,0.0,0,0,,False,scattered,
sale,47,45,0.0,0,0.0,0,0,,False,scattered,
secondary,47,45,0.0,0,0.0,0,0,,False,scattered,
wild,47,47,0.0,0,0.0,0,0,,False,scattered,
beyond,46,44,0.0,0,0.0,0,0,,False,scattered,
bread,46,42,0.0,0,0.0,0,0,,False,scattered,
focus,46,44,0.0,0,0.0,0,0,,False,scattered,
fusion,46,45,0.0,0,0.0,0,0,,False,scattered,
show,46,40,0.0,0,0.0,0,0,,False,scattered,
take,46,45,0.0,0,0.0,0,0,,False,scattered,
aesthetic,45,40,0.0,0,0.0,0,0,,False,scattered,
bagel,45,40,0.0,0,0.0,0,0,,False,scattered,
bookkeeping,45,43,0.0,0,0.0,0,0,,False,scattered,
chapel,45,44,0.0,0,0.0,0,0,,False,scattered,
donuts,45,42,0.0,0,0.0,0,0,,False,scattered,
fox,45,43,0.0,0,0.0,0,0,,False,scattered,
nature,45,45,0.0,0,0.0,0,0,,False,scattered,
th,45,45,0.0,0,0.0,0,0,,False,scattered,
william,45,44,0.0,0,0.0,0,0,,False,scattered,
du,44,41,0.0,0,0.0,0,0,,False,scattered,
kevin,44,38,0.0,0,0.0,0,0,,False,scattered,
value,44,43,0.0,0,0.0,0,0,,False,scattered,
vip,44,41,0.0,0,0.0,0,0,,False,scattered,
boy,43,41,0.0,0,0.0,0,0,,False,scattered,
brick,43,42,0.0,0,0.0,0,0,,False,scattered,
holdings,43,39,0.0,0,0.0,0,0,,False,scattered,
oil,43,40,0.0,0,0.0,0,0,,False,scattered,
prep,43,39,0.0,0,0.0,0,0,,False,scattered,
radio,43,42,0.0,0,0.0,0,0,,False,scattered,
seasons,43,40,0.0,0,0.0,0,0,,False,scattered,
seniors,43,42,0.0,0,0.0,0,0,,False,scattered,
side,43,43,0.0,0,0.0,0,0,,False,scattered,
smiles,43,42,0.0,0,0.0,0,0,,False,scattered,
system,43,42,0.0,0,0.0,0,0,,False,scattered,
taco,43,41,0.0,0,0.0,0,0,,False,scattered,
chalet,42,42,0.0,0,0.0,0,0,,False,scattered,
change,42,40,0.0,0,0.0,0,0,,False,scattered,
china,42,37,0.0,0,0.0,0,0,,False,scattered,
designer,42,40,0.0,0,0.0,0,0,,False,scattered,
european,42,39,0.0,0,0.0,0,0,,False,scattered,
patisserie,42,41,0.0,0,0.0,0,0,,False,scattered,
pearl,42,37,0.0,0,0.0,0,0,,False,scattered,
recording,42,38,0.0,0,0.0,0,0,,False,scattered,
steve,42,37,0.0,0,0.0,0,0,,False,scattered,
ten,42,40,0.0,0,0.0,0,0,,False,scattered,
tony,42,41,0.0,0,0.0,0,0,,False,scattered,
ultimate,42,37,0.0,0,0.0,0,0,,False,scattered,
wok,42,41,0.0,0,0.0,0,0,,False,scattered,
accountant,41,39,0.0,0,0.0,0,0,,False,scattered,
field,41,40,0.0,0,0.0,0,0,,False,scattered,
floral,41,39,0.0,0,0.0,0,0,,False,scattered,
latin,41,38,0.0,0,0.0,0,0,,False,scattered,
president,41,38,0.0,0,0.0,0,0,,False,scattered,
retail,41,40,0.0,0,0.0,0,0,,False,scattered,
cakes,40,39,0.0,0,0.0,0,0,,False,scattered,
cat,40,38,0.0,0,0.0,0,0,,False,scattered,
di,40,40,0.0,0,0.0,0,0,,False,scattered,
harmony,40,38,0.0,0,0.0,0,0,,False,scattered,
lending,40,35,0.0,0,0.0,0,0,,False,scattered,
orthodontics,40,37,0.0,0,0.0,0,0,,False,scattered,
treatment,40,40,0.0,0,0.0,0,0,,False,scattered,
basement,39,38,0.0,0,0.0,0,0,,False,scattered,
bia,39,38,0.0,0,0.0,0,0,,False,scattered,
chips,39,38,0.0,0,0.0,0,0,,False,scattered,
core,39,38,0.0,0,0.0,0,0,,False,scattered,
is,39,39,0.0,0,0.0,0,0,,False,scattered,
lessons,39,38,0.0,0,0.0,0,0,,False,scattered,
maison,39,36,0.0,0,0.0,0,0,,False,scattered,
simply,39,34,0.0,0,0.0,0,0,,False,scattered,
spice,39,37,0.0,0,0.0,0,0,,False,scattered,
susan,39,36,0.0,0,0.0,0,0,,False,scattered,
chocolate,38,35,0.0,0,0.0,0,0,,False,scattered,
dan,38,38,0.0,0,0.0,0,0,,False,scattered,
fried,38,37,0.0,0,0.0,0,0,,False,scattered,
hero,38,36,0.0,0,0.0,0,0,,False,scattered,
junk,38,37,0.0,0,0.0,0,0,,False,scattered,
pot,38,35,0.0,0,0.0,0,0,,False,scattered,
practice,38,38,0.0,0,0.0,0,0,,False,scattered,
reliable,38,34,0.0,0,0.0,0,0,,False,scattered,
roots,38,36,0.0,0,0.0,0,0,,False,scattered,
chatr,37,37,0.0,0,0.0,0,0,,False,scattered,
divine,37,35,0.0,0,0.0,0,0,,False,scattered,
eco,37,36,0.0,0,0.0,0,0,,False,scattered,
mobility,37,35,0.0,0,0.0,0,0,,False,scattered,
pink,37,37,0.0,0,0.0,0,0,,False,scattered,
villa,37,37,0.0,0,0.0,0,0,,False,scattered,
voice,37,37,0.0,0,0.0,0,0,,False,scattered,
artist,36,35,0.0,0,0.0,0,0,,False,scattered,
coco,36,35,0.0,0,0.0,0,0,,False,scattered,
oxford,36,33,0.0,0,0.0,0,0,,False,scattered,
tacos,36,31,0.0,0,0.0,0,0,,False,scattered,
tanning,36,34,0.0,0,0.0,0,0,,False,scattered,
wheels,36,35,0.0,0,0.0,0,0,,False,scattered,
anna,35,34,0.0,0,0.0,0,0,,False,scattered,
bella,35,34,0.0,0,0.0,0,0,,False,scattered,
cards,35,33,0.0,0,0.0,0,0,,False,scattered,
cornerstone,35,31,0.0,0,0.0,0,0,,False,scattered,
debt,35,29,0.0,0,0.0,0,0,,False,scattered,
hakim,35,35,0.0,0,0.0,0,0,,False,scattered,
hi,35,35,0.0,0,0.0,0,0,,False,scattered,
ii,35,33,0.0,0,0.0,0,0,,False,scattered,
loss,35,34,0.0,0,0.0,0,0,,False,scattered,
pizzaiolo,35,34,0.0,0,0.0,0,0,,False,scattered,
site,35,32,0.0,0,0.0,0,0,,False,scattered,
sunshine,35,30,0.0,0,0.0,0,0,,False,scattered,
be,34,32,0.0,0,0.0,0,0,,False,scattered,
communication,34,33,0.0,0,0.0,0,0,,False,scattered,
diagnostic,34,31,0.0,0,0.0,0,0,,False,scattered,
less,34,34,0.0,0,0.0,0,0,,False,scattered,
michelle,34,33,0.0,0,0.0,0,0,,False,scattered,
mister,34,33,0.0,0,0.0,0,0,,False,scattered,
phoenix,34,32,0.0,0,0.0,0,0,,False,scattered,
postes,34,34,0.0,0,0.0,0,0,,False,scattered,
steven,34,31,0.0,0,0.0,0,0,,False,scattered,
stores,34,34,0.0,0,0.0,0,0,,False,scattered,
tom,34,33,0.0,0,0.0,0,0,,False,scattered,
booth,33,33,0.0,0,0.0,0,0,,False,scattered,
complete,33,32,0.0,0,0.0,0,0,,False,scattered,
dave,33,33,0.0,0,0.0,0,0,,False,scattered,
india,33,29,0.0,0,0.0,0,0,,False,scattered,
infinity,33,30,0.0,0,0.0,0,0,,False,scattered,
japan,33,31,0.0,0,0.0,0,0,,False,scattered,
roof,33,33,0.0,0,0.0,0,0,,False,scattered,
save,33,33,0.0,0,0.0,0,0,,False,scattered,
summer,33,32,0.0,0,0.0,0,0,,False,scattered,
wave,33,31,0.0,0,0.0,0,0,,False,scattered,
bros,32,31,0.0,0,0.0,0,0,,False,scattered,
fries,32,32,0.0,0,0.0,0,0,,False,scattered,
game,32,31,0.0,0,0.0,0,0,,False,scattered,
ian,32,31,0.0,0,0.0,0,0,,False,scattered,
loblaw,32,32,0.0,0,0.0,0,0,,False,scattered,
personnel,32,29,0.0,0,0.0,0,0,,False,scattered,
pharmachoice,32,32,0.0,0,0.0,0,0,,False,scattered,
sciences,32,29,0.0,0,0.0,0,0,,False,scattered,
that,32,31,0.0,0,0.0,0,0,,False,scattered,
winners,32,32,0.0,0,0.0,0,0,,False,scattered,
wow,32,32,0.0,0,0.0,0,0,,False,scattered,
ac,31,31,0.0,0,0.0,0,0,,False,scattered,
dining,31,29,0.0,0,0.0,0,0,,False,scattered,
dj,31,30,0.0,0,0.0,0,0,,False,scattered,
jc,31,29,0.0,0,0.0,0,0,,False,scattered,
johns,31,31,0.0,0,0.0,0,0,,False,scattered,
masters,31,30,0.0,0,0.0,0,0,,False,scattered,
miss,31,29,0.0,0,0.0,0,0,,False,scattered,
projects,31,28,0.0,0,0.0,0,0,,False,scattered,
shred,31,31,0.0,0,0.0,0,0,,False,scattered,
swimming,31,31,0.0,0,0.0,0,0,,False,scattered,
virtual,31,30,0.0,0,0.0,0,0,,False,scattered,
cha,30,25,0.0,0,0.0,0,0,,False,scattered,
compounding,30,30,0.0,0,0.0,0,0,,False,scattered,
dynamic,30,29,0.0,0,0.0,0,0,,False,scattered,
emporium,30,26,0.0,0,0.0,0,0,,False,scattered,
hairstyling,30,30,0.0,0,0.0,0,0,,False,scattered,
haus,30,29,0.0,0,0.0,0,0,,False,scattered,
jenny,30,28,0.0,0,0.0,0,0,,False,scattered,
jr,30,29,0.0,0,0.0,0,0,,False,scattered,
karen,30,29,0.0,0,0.0,0,0,,False,scattered,
linen,30,26,0.0,0,0.0,0,0,,False,scattered,
lotus,30,30,0.0,0,0.0,0,0,,False,scattered,
seven,30,30,0.0,0,0.0,0,0,,False,scattered,
sons,30,30,0.0,0,0.0,0,0,,False,scattered,
state,30,28,0.0,0,0.0,0,0,,False,scattered,
website,30,29,0.0,0,0.0,0,0,,False,scattered,
affordable,29,28,0.0,0,0.0,0,0,,False,scattered,
angel,29,29,0.0,0,0.0,0,0,,False,scattered,
baskin,29,29,0.0,0,0.0,0,0,,False,scattered,
chatime,29,29,0.0,0,0.0,0,0,,False,scattered,
coinflip,29,29,0.0,0,0.0,0,0,,False,scattered,
dc,29,28,0.0,0,0.0,0,0,,False,scattered,
farms,29,27,0.0,0,0.0,0,0,,False,scattered,
guard,29,25,0.0,0,0.0,0,0,,False,scattered,
honey,29,28,0.0,0,0.0,0,0,,False,scattered,
improvement,29,29,0.0,0,0.0,0,0,,False,scattered,
let,29,28,0.0,0,0.0,0,0,,False,scattered,
lion,29,28,0.0,0,0.0,0,0,,False,scattered,
mechanic,29,28,0.0,0,0.0,0,0,,False,scattered,
osmow,29,29,0.0,0,0.0,0,0,,False,scattered,
page,29,27,0.0,0,0.0,0,0,,False,scattered,
pets,29,29,0.0,0,0.0,0,0,,False,scattered,
sandwich,29,28,0.0,0,0.0,0,0,,False,scattered,
secret,29,27,0.0,0,0.0,0,0,,False,scattered,
steak,29,27,0.0,0,0.0,0,0,,False,scattered,
technical,29,29,0.0,0,0.0,0,0,,False,scattered,
anderson,28,28,0.0,0,0.0,0,0,,False,scattered,
ashley,28,27,0.0,0,0.0,0,0,,False,scattered,
cheese,28,27,0.0,0,0.0,0,0,,False,scattered,
eats,28,28,0.0,0,0.0,0,0,,False,scattered,
elizabeth,28,27,0.0,0,0.0,0,0,,False,scattered,
fireworks,28,28,0.0,0,0.0,0,0,,False,scattered,
fred,28,26,0.0,0,0.0,0,0,,False,scattered,
jeff,28,27,0.0,0,0.0,0,0,,False,scattered,
ken,28,25,0.0,0,0.0,0,0,,False,scattered,
mirror,28,27,0.0,0,0.0,0,0,,False,scattered,
mountain,28,26,0.0,0,0.0,0,0,,False,scattered,
nice,28,28,0.0,0,0.0,0,0,,False,scattered,
nursing,28,28,0.0,0,0.0,0,0,,False,scattered,
parlour,28,27,0.0,0,0.0,0,0,,False,scattered,
preschool,28,28,0.0,0,0.0,0,0,,False,scattered,
prestige,28,27,0.0,0,0.0,0,0,,False,scattered,
publishing,28,27,0.0,0,0.0,0,0,,False,scattered,
robbins,28,28,0.0,0,0.0,0,0,,False,scattered,
roman,28,28,0.0,0,0.0,0,0,,False,scattered,
step,28,27,0.0,0,0.0,0,0,,False,scattered,
tph,28,28,0.0,0,0.0,0,0,,False,scattered,
vinyl,28,27,0.0,0,0.0,0,0,,False,scattered,
belle,27,26,0.0,0,0.0,0,0,,False,scattered,
british,27,26,0.0,0,0.0,0,0,,False,scattered,
code,27,26,0.0,0,0.0,0,0,,False,scattered,
companies,27,26,0.0,0,0.0,0,0,,False,scattered,
cpr,27,24,0.0,0,0.0,0,0,,False,scattered,
doctors,27,27,0.0,0,0.0,0,0,,False,scattered,
excellence,27,26,0.0,0,0.0,0,0,,False,scattered,
expedia,27,27,0.0,0,0.0,0,0,,False,scattered,
fun,27,27,0.0,0,0.0,0,0,,False,scattered,
johnson,27,26,0.0,0,0.0,0,0,,False,scattered,
own,27,26,0.0,0,0.0,0,0,,False,scattered,
ram,27,25,0.0,0,0.0,0,0,,False,scattered,
skating,27,25,0.0,0,0.0,0,0,,False,scattered,
solar,27,27,0.0,0,0.0,0,0,,False,scattered,
sutton,27,22,0.0,0,0.0,0,0,,False,scattered,
wall,27,26,0.0,0,0.0,0,0,,False,scattered,
aaa,26,25,0.0,0,0.0,0,0,,False,scattered,
above,26,26,0.0,0,0.0,0,0,,False,scattered,
assured,26,24,0.0,0,0.0,0,0,,False,scattered,
basics,26,25,0.0,0,0.0,0,0,,False,scattered,
carpentry,26,26,0.0,0,0.0,0,0,,False,scattered,
collections,26,26,0.0,0,0.0,0,0,,False,scattered,
cooperative,26,25,0.0,0,0.0,0,0,,False,scattered,
dark,26,24,0.0,0,0.0,0,0,,False,scattered,
den,26,26,0.0,0,0.0,0,0,,False,scattered,
easyfinancial,26,26,0.0,0,0.0,0,0,,False,scattered,
flow,26,25,0.0,0,0.0,0,0,,False,scattered,
fly,26,24,0.0,0,0.0,0,0,,False,scattered,
gibson,26,23,0.0,0,0.0,0,0,,False,scattered,
income,26,26,0.0,0,0.0,0,0,,False,scattered,
kabob,26,26,0.0,0,0.0,0,0,,False,scattered,
kibo,26,24,0.0,0,0.0,0,0,,False,scattered,
loblaws,26,21,0.0,0,0.0,0,0,,False,scattered,
loop,26,22,0.0,0,0.0,0,0,,False,scattered,
louisiana,26,26,0.0,0,0.0,0,0,,False,scattered,
lube,26,26,0.0,0,0.0,0,0,,False,scattered,
mama,26,26,0.0,0,0.0,0,0,,False,scattered,
mandarin,26,25,0.0,0,0.0,0,0,,False,scattered,
performing,26,24,0.0,0,0.0,0,0,,False,scattered,
pharma,26,24,0.0,0,0.0,0,0,,False,scattered,
schools,26,25,0.0,0,0.0,0,0,,False,scattered,
sold,26,23,0.0,0,0.0,0,0,,False,scattered,
stage,26,26,0.0,0,0.0,0,0,,False,scattered,
taekwondo,26,25,0.0,0,0.0,0,0,,False,scattered,
ticket,26,24,0.0,0,0.0,0,0,,False,scattered,
unisex,26,26,0.0,0,0.0,0,0,,False,scattered,
yes,26,25,0.0,0,0.0,0,0,,False,scattered,
absolute,25,25,0.0,0,0.0,0,0,,False,scattered,
asia,25,24,0.0,0,0.0,0,0,,False,scattered,
barburrito,25,24,0.0,0,0.0,0,0,,False,scattered,
basketball,25,25,0.0,0,0.0,0,0,,False,scattered,
boys,25,25,0.0,0,0.0,0,0,,False,scattered,
carter,25,20,0.0,0,0.0,0,0,,False,scattered,
catherine,25,24,0.0,0,0.0,0,0,,False,scattered,
course,25,22,0.0,0,0.0,0,0,,False,scattered,
crafts,25,25,0.0,0,0.0,0,0,,False,scattered,
craig,25,25,0.0,0,0.0,0,0,,False,scattered,
designers,25,22,0.0,0,0.0,0,0,,False,scattered,
dreams,25,24,0.0,0,0.0,0,0,,False,scattered,
embassy,25,25,0.0,0,0.0,0,0,,False,scattered,
epic,25,24,0.0,0,0.0,0,0,,False,scattered,
girls,25,24,0.0,0,0.0,0,0,,False,scattered,
grant,25,23,0.0,0,0.0,0,0,,False,scattered,
graphic,25,25,0.0,0,0.0,0,0,,False,scattered,
installation,25,25,0.0,0,0.0,0,0,,False,scattered,
investigations,25,19,0.0,0,0.0,0,0,,False,scattered,
jean,25,24,0.0,0,0.0,0,0,,False,scattered,
look,25,25,0.0,0,0.0,0,0,,False,scattered,
lutheran,25,24,0.0,0,0.0,0,0,,False,scattered,
madina,25,23,0.0,0,0.0,0,0,,False,scattered,
medi,25,23,0.0,0,0.0,0,0,,False,scattered,
medspa,25,24,0.0,0,0.0,0,0,,False,scattered,
owl,25,22,0.0,0,0.0,0,0,,False,scattered,
paints,25,22,0.0,0,0.0,0,0,,False,scattered,
photographer,25,25,0.0,0,0.0,0,0,,False,scattered,
quantum,25,24,0.0,0,0.0,0,0,,False,scattered,
realtron,25,5,0.0,0,0.0,0,0,,False,scattered,
spark,25,25,0.0,0,0.0,0,0,,False,scattered,
tailors,25,25,0.0,0,0.0,0,0,,False,scattered,
talk,25,25,0.0,0,0.0,0,0,,False,scattered,
wildlife,25,25,0.0,0,0.0,0,0,,False,scattered,
advance,24,22,0.0,0,0.0,0,0,,False,scattered,
ann,24,24,0.0,0,0.0,0,0,,False,scattered,
arc,24,22,0.0,0,0.0,0,0,,False,scattered,
bill,24,23,0.0,0,0.0,0,0,,False,scattered,
bowl,24,23,0.0,0,0.0,0,0,,False,scattered,
chipotle,24,24,0.0,0,0.0,0,0,,False,scattered,
christine,24,24,0.0,0,0.0,0,0,,False,scattered,
christopher,24,22,0.0,0,0.0,0,0,,False,scattered,
classes,24,24,0.0,0,0.0,0,0,,False,scattered,
cookies,24,23,0.0,0,0.0,0,0,,False,scattered,
eva,24,21,0.0,0,0.0,0,0,,False,scattered,
guru,24,23,0.0,0,0.0,0,0,,False,scattered,
helen,24,24,0.0,0,0.0,0,0,,False,scattered,
indoor,24,24,0.0,0,0.0,0,0,,False,scattered,
julie,24,23,0.0,0,0.0,0,0,,False,scattered,
koodo,24,22,0.0,0,0.0,0,0,,False,scattered,
like,24,24,0.0,0,0.0,0,0,,False,scattered,
maids,24,24,0.0,0,0.0,0,0,,False,scattered,
olive,24,24,0.0,0,0.0,0,0,,False,scattered,
pickup,24,21,0.0,0,0.0,0,0,,False,scattered,
relief,24,24,0.0,0,0.0,0,0,,False,scattered,
seal,24,24,0.0,0,0.0,0,0,,False,scattered,
serviceontario,24,23,0.0,0,0.0,0,0,,False,scattered,
shops,24,15,0.0,0,0.0,0,0,,False,scattered,
xpress,24,24,0.0,0,0.0,0,0,,False,scattered,
artistry,23,23,0.0,0,0.0,0,0,,False,scattered,
ballet,23,22,0.0,0,0.0,0,0,,False,scattered,
basil,23,21,0.0,0,0.0,0,0,,False,scattered,
bob,23,21,0.0,0,0.0,0,0,,False,scattered,
communities,23,23,0.0,0,0.0,0,0,,False,scattered,
fortune,23,23,0.0,0,0.0,0,0,,False,scattered,
harry,23,23,0.0,0,0.0,0,0,,False,scattered,
hart,23,16,0.0,0,0.0,0,0,,False,scattered,
innovative,23,21,0.0,0,0.0,0,0,,False,scattered,
inspections,23,23,0.0,0,0.0,0,0,,False,scattered,
ipc,23,20,0.0,0,0.0,0,0,,False,scattered,
karma,23,22,0.0,0,0.0,0,0,,False,scattered,
kay,23,23,0.0,0,0.0,0,0,,False,scattered,
lewis,23,21,0.0,0,0.0,0,0,,False,scattered,
mint,23,19,0.0,0,0.0,0,0,,False,scattered,
nancy,23,21,0.0,0,0.0,0,0,,False,scattered,
nurse,23,21,0.0,0,0.0,0,0,,False,scattered,
outreach,23,21,0.0,0,0.0,0,0,,False,scattered,
sara,23,22,0.0,0,0.0,0,0,,False,scattered,
soft,23,23,0.0,0,0.0,0,0,,False,scattered,
amazing,22,22,0.0,0,0.0,0,0,,False,scattered,
aura,22,20,0.0,0,0.0,0,0,,False,scattered,
authority,22,20,0.0,0,0.0,0,0,,False,scattered,
ballroom,22,19,0.0,0,0.0,0,0,,False,scattered,
bee,22,22,0.0,0,0.0,0,0,,False,scattered,
benefits,22,22,0.0,0,0.0,0,0,,False,scattered,
benjamin,22,22,0.0,0,0.0,0,0,,False,scattered,
butler,22,20,0.0,0,0.0,0,0,,False,scattered,
chang,22,21,0.0,0,0.0,0,0,,False,scattered,
claire,22,22,0.0,0,0.0,0,0,,False,scattered,
cleaner,22,21,0.0,0,0.0,0,0,,False,scattered,
covenant,22,21,0.0,0,0.0,0,0,,False,scattered,
days,22,22,0.0,0,0.0,0,0,,False,scattered,
deluxe,22,22,0.0,0,0.0,0,0,,False,scattered,
dojo,22,22,0.0,0,0.0,0,0,,False,scattered,
excel,22,22,0.0,0,0.0,0,0,,False,scattered,
ford,22,20,0.0,0,0.0,0,0,,False,scattered,
gamestop,22,22,0.0,0,0.0,0,0,,False,scattered,
generation,22,20,0.0,0,0.0,0,0,,False,scattered,
globe,22,21,0.0,0,0.0,0,0,,False,scattered,
gordon,22,20,0.0,0,0.0,0,0,,False,scattered,
heaven,22,22,0.0,0,0.0,0,0,,False,scattered,
immigrant,22,20,0.0,0,0.0,0,0,,False,scattered,
jet,22,22,0.0,0,0.0,0,0,,False,scattered,
jp,22,22,0.0,0,0.0,0,0,,False,scattered,
julia,22,22,0.0,0,0.0,0,0,,False,scattered,
kate,22,21,0.0,0,0.0,0,0,,False,scattered,
luna,22,22,0.0,0,0.0,0,0,,False,scattered,
mc,22,22,0.0,0,0.0,0,0,,False,scattered,
ok,22,22,0.0,0,0.0,0,0,,False,scattered,
pizzaville,22,22,0.0,0,0.0,0,0,,False,scattered,
pre,22,22,0.0,0,0.0,0,0,,False,scattered,
ps,22,22,0.0,0,0.0,0,0,,False,scattered,
quest,22,20,0.0,0,0.0,0,0,,False,scattered,
revival,22,21,0.0,0,0.0,0,0,,False,scattered,
shoesource,22,22,0.0,0,0.0,0,0,,False,scattered,
sisters,22,22,0.0,0,0.0,0,0,,False,scattered,
sr,22,22,0.0,0,0.0,0,0,,False,scattered,
venue,22,22,0.0,0,0.0,0,0,,False,scattered,
vincent,22,21,0.0,0,0.0,0,0,,False,scattered,
watson,22,21,0.0,0,0.0,0,0,,False,scattered,
welcome,22,20,0.0,0,0.0,0,0,,False,scattered,
what,22,21,0.0,0,0.0,0,0,,False,scattered,
wind,22,21,0.0,0,0.0,0,0,,False,scattered,
afghan,21,21,0.0,0,0.0,0,0,,False,scattered,
allied,21,20,0.0,0,0.0,0,0,,False,scattered,
brain,21,21,0.0,0,0.0,0,0,,False,scattered,
canna,21,20,0.0,0,0.0,0,0,,False,scattered,
cfp,21,19,0.0,0,0.0,0,0,,False,scattered,
charlotte,21,19,0.0,0,0.0,0,0,,False,scattered,
coast,21,21,0.0,0,0.0,0,0,,False,scattered,
dhl,21,21,0.0,0,0.0,0,0,,False,scattered,
diagnostics,21,21,0.0,0,0.0,0,0,,False,scattered,
dot,21,20,0.0,0,0.0,0,0,,False,scattered,
gnc,21,21,0.0,0,0.0,0,0,,False,scattered,
gong,21,21,0.0,0,0.0,0,0,,False,scattered,
kaboom,21,21,0.0,0,0.0,0,0,,False,scattered,
linda,21,19,0.0,0,0.0,0,0,,False,scattered,
mad,21,21,0.0,0,0.0,0,0,,False,scattered,
marie,21,21,0.0,0,0.0,0,0,,False,scattered,
may,21,20,0.0,0,0.0,0,0,,False,scattered,
minds,21,21,0.0,0,0.0,0,0,,False,scattered,
passport,21,17,0.0,0,0.0,0,0,,False,scattered,
secrets,21,19,0.0,0,0.0,0,0,,False,scattered,
silva,21,21,0.0,0,0.0,0,0,,False,scattered,
so,21,21,0.0,0,0.0,0,0,,False,scattered,
stars,21,19,0.0,0,0.0,0,0,,False,scattered,
sultan,21,21,0.0,0,0.0,0,0,,False,scattered,
sutherland,21,18,0.0,0,0.0,0,0,,False,scattered,
think,21,21,0.0,0,0.0,0,0,,False,scattered,
traditional,21,19,0.0,0,0.0,0,0,,False,scattered,
vita,21,18,0.0,0,0.0,0,0,,False,scattered,
wheel,21,21,0.0,0,0.0,0,0,,False,scattered,
alterations,20,20,0.0,0,0.0,0,0,,False,scattered,
angela,20,20,0.0,0,0.0,0,0,,False,scattered,
architectural,20,19,0.0,0,0.0,0,0,,False,scattered,
band,20,20,0.0,0,0.0,0,0,,False,scattered,
bon,20,20,0.0,0,0.0,0,0,,False,scattered,
boxes,20,20,0.0,0,0.0,0,0,,False,scattered,
cardiology,20,20,0.0,0,0.0,0,0,,False,scattered,
cineplex,20,19,0.0,0,0.0,0,0,,False,scattered,
closet,20,18,0.0,0,0.0,0,0,,False,scattered,
cml,20,20,0.0,0,0.0,0,0,,False,scattered,
cool,20,20,0.0,0,0.0,0,0,,False,scattered,
crossfit,20,17,0.0,0,0.0,0,0,,False,scattered,
display,20,20,0.0,0,0.0,0,0,,False,scattered,
dna,20,19,0.0,0,0.0,0,0,,False,scattered,
dolce,20,20,0.0,0,0.0,0,0,,False,scattered,
dynasty,20,18,0.0,0,0.0,0,0,,False,scattered,
era,20,20,0.0,0,0.0,0,0,,False,scattered,
force,20,20,0.0,0,0.0,0,0,,False,scattered,
francis,20,19,0.0,0,0.0,0,0,,False,scattered,
gap,20,18,0.0,0,0.0,0,0,,False,scattered,
ivy,20,18,0.0,0,0.0,0,0,,False,scattered,
jackson,20,20,0.0,0,0.0,0,0,,False,scattered,
jordan,20,18,0.0,0,0.0,0,0,,False,scattered,
last,20,20,0.0,0,0.0,0,0,,False,scattered,
ma,20,20,0.0,0,0.0,0,0,,False,scattered,
maker,20,19,0.0,0,0.0,0,0,,False,scattered,
marc,20,19,0.0,0,0.0,0,0,,False,scattered,
menswear,20,17,0.0,0,0.0,0,0,,False,scattered,
moose,20,18,0.0,0,0.0,0,0,,False,scattered,
morrison,20,19,0.0,0,0.0,0,0,,False,scattered,
mosaic,20,20,0.0,0,0.0,0,0,,False,scattered,
net,20,20,0.0,0,0.0,0,0,,False,scattered,
nicholas,20,20,0.0,0,0.0,0,0,,False,scattered,
norman,20,19,0.0,0,0.0,0,0,,False,scattered,
oral,20,18,0.0,0,0.0,0,0,,False,scattered,
philip,20,19,0.0,0,0.0,0,0,,False,scattered,
photos,20,19,0.0,0,0.0,0,0,,False,scattered,
portrait,20,20,0.0,0,0.0,0,0,,False,scattered,
ride,20,20,0.0,0,0.0,0,0,,False,scattered,
roll,20,20,0.0,0,0.0,0,0,,False,scattered,
round,20,20,0.0,0,0.0,0,0,,False,scattered,
songs,20,20,0.0,0,0.0,0,0,,False,scattered,
staging,20,19,0.0,0,0.0,0,0,,False,scattered,
steam,20,20,0.0,0,0.0,0,0,,False,scattered,
synergy,20,19,0.0,0,0.0,0,0,,False,scattered,
tailoring,20,19,0.0,0,0.0,0,0,,False,scattered,
test,20,17,0.0,0,0.0,0,0,,False,scattered,
trainer,20,20,0.0,0,0.0,0,0,,False,scattered,
trim,20,19,0.0,0,0.0,0,0,,False,scattered,
unity,20,20,0.0,0,0.0,0,0,,False,scattered,
working,20,20,0.0,0,0.0,0,0,,False,scattered,
africa,19,19,0.0,0,0.0,0,0,,False,scattered,
analytics,19,16,0.0,0,0.0,0,0,,False,scattered,
autism,19,18,0.0,0,0.0,0,0,,False,scattered,
bakeshop,19,19,0.0,0,0.0,0,0,,False,scattered,
builder,19,18,0.0,0,0.0,0,0,,False,scattered,
butter,19,19,0.0,0,0.0,0,0,,False,scattered,
captain,19,19,0.0,0,0.0,0,0,,False,scattered,
closed,19,17,0.0,0,0.0,0,0,,False,scattered,
electronic,19,19,0.0,0,0.0,0,0,,False,scattered,
engine,19,19,0.0,0,0.0,0,0,,False,scattered,
galleries,19,18,0.0,0,0.0,0,0,,False,scattered,
ideas,19,19,0.0,0,0.0,0,0,,False,scattered,
jessica,19,18,0.0,0,0.0,0,0,,False,scattered,
lily,19,18,0.0,0,0.0,0,0,,False,scattered,
mail,19,18,0.0,0,0.0,0,0,,False,scattered,
mango,19,19,0.0,0,0.0,0,0,,False,scattered,
matrix,19,19,0.0,0,0.0,0,0,,False,scattered,
mold,19,18,0.0,0,0.0,0,0,,False,scattered,
musical,19,19,0.0,0,0.0,0,0,,False,scattered,
nguyen,19,18,0.0,0,0.0,0,0,,False,scattered,
olympic,19,18,0.0,0,0.0,0,0,,False,scattered,
petit,19,18,0.0,0,0.0,0,0,,False,scattered,
physical,19,17,0.0,0,0.0,0,0,,False,scattered,
plumber,19,18,0.0,0,0.0,0,0,,False,scattered,
rona,19,13,0.0,0,0.0,0,0,,False,scattered,
ruby,19,19,0.0,0,0.0,0,0,,False,scattered,
sanctuary,19,18,0.0,0,0.0,0,0,,False,scattered,
sandra,19,19,0.0,0,0.0,0,0,,False,scattered,
scholars,19,18,0.0,0,0.0,0,0,,False,scattered,
snap,19,19,0.0,0,0.0,0,0,,False,scattered,
specsavers,19,18,0.0,0,0.0,0,0,,False,scattered,
spectrum,19,19,0.0,0,0.0,0,0,,False,scattered,
stay,19,19,0.0,0,0.0,0,0,,False,scattered,
takeout,19,18,0.0,0,0.0,0,0,,False,scattered,
tang,19,18,0.0,0,0.0,0,0,,False,scattered,
thrive,19,18,0.0,0,0.0,0,0,,False,scattered,
translations,19,19,0.0,0,0.0,0,0,,False,scattered,
tri,19,19,0.0,0,0.0,0,0,,False,scattered,
triple,19,19,0.0,0,0.0,0,0,,False,scattered,
vacation,19,19,0.0,0,0.0,0,0,,False,scattered,
vegan,19,19,0.0,0,0.0,0,0,,False,scattered,
vitality,19,19,0.0,0,0.0,0,0,,False,scattered,
waxing,19,17,0.0,0,0.0,0,0,,False,scattered,
aj,18,18,0.0,0,0.0,0,0,,False,scattered,
albert,18,18,0.0,0,0.0,0,0,,False,scattered,
appraisal,18,18,0.0,0,0.0,0,0,,False,scattered,
av,18,18,0.0,0,0.0,0,0,,False,scattered,
bite,18,17,0.0,0,0.0,0,0,,False,scattered,
blossom,18,18,0.0,0,0.0,0,0,,False,scattered,
bone,18,18,0.0,0,0.0,0,0,,False,scattered,
brampton,18,17,0.0,0,0.0,0,0,,False,scattered,
caesars,18,18,0.0,0,0.0,0,0,,False,scattered,
crazy,18,17,0.0,0,0.0,0,0,,False,scattered,
daisy,18,17,0.0,0,0.0,0,0,,False,scattered,
davidstea,18,18,0.0,0,0.0,0,0,,False,scattered,
dawn,18,17,0.0,0,0.0,0,0,,False,scattered,
double,18,18,0.0,0,0.0,0,0,,False,scattered,
driver,18,17,0.0,0,0.0,0,0,,False,scattered,
drywall,18,18,0.0,0,0.0,0,0,,False,scattered,
eggsmart,18,18,0.0,0,0.0,0,0,,False,scattered,
essence,18,18,0.0,0,0.0,0,0,,False,scattered,
freshco,18,17,0.0,0,0.0,0,0,,False,scattered,
fx,18,17,0.0,0,0.0,0,0,,False,scattered,
glamour,18,18,0.0,0,0.0,0,0,,False,scattered,
greenhouse,18,18,0.0,0,0.0,0,0,,False,scattered,
herbal,18,18,0.0,0,0.0,0,0,,False,scattered,
implant,18,18,0.0,0,0.0,0,0,,False,scattered,
industry,18,18,0.0,0,0.0,0,0,,False,scattered,
klinik,18,17,0.0,0,0.0,0,0,,False,scattered,
lines,18,18,0.0,0,0.0,0,0,,False,scattered,
lingerie,18,17,0.0,0,0.0,0,0,,False,scattered,
manulife,18,13,0.0,0,0.0,0,0,,False,scattered,
matt,18,17,0.0,0,0.0,0,0,,False,scattered,
nu,18,18,0.0,0,0.0,0,0,,False,scattered,
opticians,18,15,0.0,0,0.0,0,0,,False,scattered,
pantry,18,18,0.0,0,0.0,0,0,,False,scattered,
pastries,18,18,0.0,0,0.0,0,0,,False,scattered,
pat,18,16,0.0,0,0.0,0,0,,False,scattered,
pathways,18,18,0.0,0,0.0,0,0,,False,scattered,
record,18,18,0.0,0,0.0,0,0,,False,scattered,
regional,18,18,0.0,0,0.0,0,0,,False,scattered,
resume,18,18,0.0,0,0.0,0,0,,False,scattered,
robotics,18,17,0.0,0,0.0,0,0,,False,scattered,
ronald,18,18,0.0,0,0.0,0,0,,False,scattered,
sa,18,17,0.0,0,0.0,0,0,,False,scattered,
saints,18,16,0.0,0,0.0,0,0,,False,scattered,
sally,18,18,0.0,0,0.0,0,0,,False,scattered,
share,18,18,0.0,0,0.0,0,0,,False,scattered,
sharon,18,18,0.0,0,0.0,0,0,,False,scattered,
sherwin,18,18,0.0,0,0.0,0,0,,False,scattered,
shift,18,18,0.0,0,0.0,0,0,,False,scattered,
sigma,18,18,0.0,0,0.0,0,0,,False,scattered,
spanish,18,17,0.0,0,0.0,0,0,,False,scattered,
special,18,17,0.0,0,0.0,0,0,,False,scattered,
today,18,18,0.0,0,0.0,0,0,,False,scattered,
trusted,18,18,0.0,0,0.0,0,0,,False,scattered,
ultra,18,18,0.0,0,0.0,0,0,,False,scattered,
umbrella,18,18,0.0,0,0.0,0,0,,False,scattered,
walter,18,18,0.0,0,0.0,0,0,,False,scattered,
yummy,18,18,0.0,0,0.0,0,0,,False,scattered,
andy,17,17,0.0,0,0.0,0,0,,False,scattered,
aria,17,16,0.0,0,0.0,0,0,,False,scattered,
arrow,17,16,0.0,0,0.0,0,0,,False,scattered,
bad,17,15,0.0,0,0.0,0,0,,False,scattered,
balloons,17,17,0.0,0,0.0,0,0,,False,scattered,
banana,17,17,0.0,0,0.0,0,0,,False,scattered,
bean,17,17,0.0,0,0.0,0,0,,False,scattered,
benefit,17,17,0.0,0,0.0,0,0,,False,scattered,
bird,17,16,0.0,0,0.0,0,0,,False,scattered,
bosley,17,9,0.0,0,0.0,0,0,,False,scattered,
boston,17,17,0.0,0,0.0,0,0,,False,scattered,
canoe,17,13,0.0,0,0.0,0,0,,False,scattered,
carstar,17,17,0.0,0,0.0,0,0,,False,scattered,
check,17,17,0.0,0,0.0,0,0,,False,scattered,
clarity,17,14,0.0,0,0.0,0,0,,False,scattered,
clover,17,17,0.0,0,0.0,0,0,,False,scattered,
comics,17,17,0.0,0,0.0,0,0,,False,scattered,
congee,17,17,0.0,0,0.0,0,0,,False,scattered,
contact,17,17,0.0,0,0.0,0,0,,False,scattered,
cozy,17,17,0.0,0,0.0,0,0,,False,scattered,
cp,17,16,0.0,0,0.0,0,0,,False,scattered,
culinary,17,17,0.0,0,0.0,0,0,,False,scattered,
down,17,17,0.0,0,0.0,0,0,,False,scattered,
drivers,17,17,0.0,0,0.0,0,0,,False,scattered,
echo,17,16,0.0,0,0.0,0,0,,False,scattered,
embroidery,17,17,0.0,0,0.0,0,0,,False,scattered,
eric,17,15,0.0,0,0.0,0,0,,False,scattered,
exp,17,4,0.0,0,0.0,0,0,,False,scattered,
expo,17,17,0.0,0,0.0,0,0,,False,scattered,
financing,17,17,0.0,0,0.0,0,0,,False,scattered,
fountain,17,17,0.0,0,0.0,0,0,,False,scattered,
gadgets,17,17,0.0,0,0.0,0,0,,False,scattered,
gino,17,17,0.0,0,0.0,0,0,,False,scattered,
goldberg,17,15,0.0,0,0.0,0,0,,False,scattered,
graham,17,16,0.0,0,0.0,0,0,,False,scattered,
gray,17,17,0.0,0,0.0,0,0,,False,scattered,
grow,17,17,0.0,0,0.0,0,0,,False,scattered,
habitat,17,14,0.0,0,0.0,0,0,,False,scattered,
horizons,17,17,0.0,0,0.0,0,0,,False,scattered,
infinite,17,16,0.0,0,0.0,0,0,,False,scattered,
keller,17,13,0.0,0,0.0,0,0,,False,scattered,
kong,17,14,0.0,0,0.0,0,0,,False,scattered,
lease,17,17,0.0,0,0.0,0,0,,False,scattered,
led,17,17,0.0,0,0.0,0,0,,False,scattered,
low,17,17,0.0,0,0.0,0,0,,False,scattered,
lucy,17,16,0.0,0,0.0,0,0,,False,scattered,
mak,17,15,0.0,0,0.0,0,0,,False,scattered,
mexico,17,17,0.0,0,0.0,0,0,,False,scattered,
mix,17,15,0.0,0,0.0,0,0,,False,scattered,
mobil,17,12,0.0,0,0.0,0,0,,False,scattered,
optometrist,17,16,0.0,0,0.0,0,0,,False,scattered,
oxygen,17,17,0.0,0,0.0,0,0,,False,scattered,
percy,17,9,0.0,0,0.0,0,0,,False,scattered,
po,17,17,0.0,0,0.0,0,0,,False,scattered,
pools,17,17,0.0,0,0.0,0,0,,False,scattered,
promotional,17,17,0.0,0,0.0,0,0,,False,scattered,
proposal,17,16,0.0,0,0.0,0,0,,False,scattered,
puppy,17,17,0.0,0,0.0,0,0,,False,scattered,
raj,17,16,0.0,0,0.0,0,0,,False,scattered,
replacement,17,17,0.0,0,0.0,0,0,,False,scattered,
route,17,17,0.0,0,0.0,0,0,,False,scattered,
sense,17,17,0.0,0,0.0,0,0,,False,scattered,
siding,17,17,0.0,0,0.0,0,0,,False,scattered,
solid,17,15,0.0,0,0.0,0,0,,False,scattered,
sportswear,17,15,0.0,0,0.0,0,0,,False,scattered,
strength,17,17,0.0,0,0.0,0,0,,False,scattered,
tcm,17,15,0.0,0,0.0,0,0,,False,scattered,
texas,17,16,0.0,0,0.0,0,0,,False,scattered,
therapeutic,17,17,0.0,0,0.0,0,0,,False,scattered,
traders,17,17,0.0,0,0.0,0,0,,False,scattered,
train,17,16,0.0,0,0.0,0,0,,False,scattered,
venus,17,17,0.0,0,0.0,0,0,,False,scattered,
whole,17,16,0.0,0,0.0,0,0,,False,scattered,
wolf,17,16,0.0,0,0.0,0,0,,False,scattered,
ab,16,16,0.0,0,0.0,0,0,,False,scattered,
accurate,16,16,0.0,0,0.0,0,0,,False,scattered,
agents,16,16,0.0,0,0.0,0,0,,False,scattered,
altima,16,16,0.0,0,0.0,0,0,,False,scattered,
amir,16,16,0.0,0,0.0,0,0,,False,scattered,
anytime,16,15,0.0,0,0.0,0,0,,False,scattered,
bottle,16,16,0.0,0,0.0,0,0,,False,scattered,
camps,16,16,0.0,0,0.0,0,0,,False,scattered,
cap,16,16,0.0,0,0.0,0,0,,False,scattered,
charity,16,15,0.0,0,0.0,0,0,,False,scattered,
chess,16,15,0.0,0,0.0,0,0,,False,scattered,
collectibles,16,16,0.0,0,0.0,0,0,,False,scattered,
costa,16,16,0.0,0,0.0,0,0,,False,scattered,
cpap,16,15,0.0,0,0.0,0,0,,False,scattered,
davidson,16,16,0.0,0,0.0,0,0,,False,scattered,
detail,16,16,0.0,0,0.0,0,0,,False,scattered,
elle,16,16,0.0,0,0.0,0,0,,False,scattered,
et,16,16,0.0,0,0.0,0,0,,False,scattered,
floors,16,15,0.0,0,0.0,0,0,,False,scattered,
fry,16,16,0.0,0,0.0,0,0,,False,scattered,
gabby,16,15,0.0,0,0.0,0,0,,False,scattered,
gregory,16,14,0.0,0,0.0,0,0,,False,scattered,
hello,16,16,0.0,0,0.0,0,0,,False,scattered,
hollywood,16,16,0.0,0,0.0,0,0,,False,scattered,
homeopathic,16,16,0.0,0,0.0,0,0,,False,scattered,
instacoin,16,16,0.0,0,0.0,0,0,,False,scattered,
investigation,16,15,0.0,0,0.0,0,0,,False,scattered,
isaac,16,16,0.0,0,0.0,0,0,,False,scattered,
jade,16,16,0.0,0,0.0,0,0,,False,scattered,
jazz,16,16,0.0,0,0.0,0,0,,False,scattered,
jj,16,16,0.0,0,0.0,0,0,,False,scattered,
job,16,15,0.0,0,0.0,0,0,,False,scattered,
kickboxing,16,16,0.0,0,0.0,0,0,,False,scattered,
kin,16,16,0.0,0,0.0,0,0,,False,scattered,
legend,16,15,0.0,0,0.0,0,0,,False,scattered,
lemon,16,14,0.0,0,0.0,0,0,,False,scattered,
mgmt,16,16,0.0,0,0.0,0,0,,False,scattered,
mom,16,16,0.0,0,0.0,0,0,,False,scattered,
monaco,16,16,0.0,0,0.0,0,0,,False,scattered,
morning,16,16,0.0,0,0.0,0,0,,False,scattered,
pavilion,16,16,0.0,0,0.0,0,0,,False,scattered,
popular,16,13,0.0,0,0.0,0,0,,False,scattered,
praise,16,16,0.0,0,0.0,0,0,,False,scattered,
product,16,16,0.0,0,0.0,0,0,,False,scattered,
rise,16,16,0.0,0,0.0,0,0,,False,scattered,
risks,16,15,0.0,0,0.0,0,0,,False,scattered,
rob,16,16,0.0,0,0.0,0,0,,False,scattered,
roberts,16,15,0.0,0,0.0,0,0,,False,scattered,
robinson,16,15,0.0,0,0.0,0,0,,False,scattered,
roy,16,15,0.0,0,0.0,0,0,,False,scattered,
shalom,16,15,0.0,0,0.0,0,0,,False,scattered,
shirts,16,15,0.0,0,0.0,0,0,,False,scattered,
skyline,16,15,0.0,0,0.0,0,0,,False,scattered,
stuart,16,15,0.0,0,0.0,0,0,,False,scattered,
supplements,16,15,0.0,0,0.0,0,0,,False,scattered,
teachers,16,16,0.0,0,0.0,0,0,,False,scattered,
therapies,16,16,0.0,0,0.0,0,0,,False,scattered,
tip,16,16,0.0,0,0.0,0,0,,False,scattered,
treasures,16,16,0.0,0,0.0,0,0,,False,scattered,
tropical,16,16,0.0,0,0.0,0,0,,False,scattered,
truth,16,16,0.0,0,0.0,0,0,,False,scattered,
wraps,16,16,0.0,0,0.0,0,0,,False,scattered,
yours,16,15,0.0,0,0.0,0,0,,False,scattered,
zhang,16,14,0.0,0,0.0,0,0,,False,scattered,
addict,15,15,0.0,0,0.0,0,0,,False,scattered,
agencies,15,15,0.0,0,0.0,0,0,,False,scattered,
aldo,15,14,0.0,0,0.0,0,0,,False,scattered,
aquarium,15,14,0.0,0,0.0,0,0,,False,scattered,
armstrong,15,15,0.0,0,0.0,0,0,,False,scattered,
ask,15,15,0.0,0,0.0,0,0,,False,scattered,
beaver,15,15,0.0,0,0.0,0,0,,False,scattered,
bethel,15,14,0.0,0,0.0,0,0,,False,scattered,
bicycle,15,15,0.0,0,0.0,0,0,,False,scattered,
biz,15,14,0.0,0,0.0,0,0,,False,scattered,
blu,15,15,0.0,0,0.0,0,0,,False,scattered,
bluebird,15,15,0.0,0,0.0,0,0,,False,scattered,
bowling,15,15,0.0,0,0.0,0,0,,False,scattered,
brew,15,15,0.0,0,0.0,0,0,,False,scattered,
cadet,15,15,0.0,0,0.0,0,0,,False,scattered,
chin,15,14,0.0,0,0.0,0,0,,False,scattered,
client,15,15,0.0,0,0.0,0,0,,False,scattered,
closets,15,14,0.0,0,0.0,0,0,,False,scattered,
danny,15,14,0.0,0,0.0,0,0,,False,scattered,
delicious,15,15,0.0,0,0.0,0,0,,False,scattered,
disc,15,15,0.0,0,0.0,0,0,,False,scattered,
elaine,15,14,0.0,0,0.0,0,0,,False,scattered,
encore,15,15,0.0,0,0.0,0,0,,False,scattered,
femme,15,15,0.0,0,0.0,0,0,,False,scattered,
frames,15,15,0.0,0,0.0,0,0,,False,scattered,
froyo,15,15,0.0,0,0.0,0,0,,False,scattered,
furnace,15,15,0.0,0,0.0,0,0,,False,scattered,
gates,15,14,0.0,0,0.0,0,0,,False,scattered,
heat,15,15,0.0,0,0.0,0,0,,False,scattered,
hertz,15,14,0.0,0,0.0,0,0,,False,scattered,
ho,15,14,0.0,0,0.0,0,0,,False,scattered,
ic,15,13,0.0,0,0.0,0,0,,False,scattered,
ielts,15,14,0.0,0,0.0,0,0,,False,scattered,
images,15,15,0.0,0,0.0,0,0,,False,scattered,
inspired,15,15,0.0,0,0.0,0,0,,False,scattered,
instruments,15,15,0.0,0,0.0,0,0,,False,scattered,
intl,15,15,0.0,0,0.0,0,0,,False,scattered,
ivan,15,15,0.0,0,0.0,0,0,,False,scattered,
java,15,15,0.0,0,0.0,0,0,,False,scattered,
jen,15,14,0.0,0,0.0,0,0,,False,scattered,
jin,15,14,0.0,0,0.0,0,0,,False,scattered,
kanada,15,15,0.0,0,0.0,0,0,,False,scattered,
les,15,15,0.0,0,0.0,0,0,,False,scattered,
links,15,13,0.0,0,0.0,0,0,,False,scattered,
lush,15,14,0.0,0,0.0,0,0,,False,scattered,
marketplace,15,15,0.0,0,0.0,0,0,,False,scattered,
mathnasium,15,15,0.0,0,0.0,0,0,,False,scattered,
napa,15,14,0.0,0,0.0,0,0,,False,scattered,
near,15,14,0.0,0,0.0,0,0,,False,scattered,
orchestra,15,15,0.0,0,0.0,0,0,,False,scattered,
oscar,15,15,0.0,0,0.0,0,0,,False,scattered,
pharmaprix,15,15,0.0,0,0.0,0,0,,False,scattered,
physiomed,15,14,0.0,0,0.0,0,0,,False,scattered,
quiznos,15,15,0.0,0,0.0,0,0,,False,scattered,
randy,15,14,0.0,0,0.0,0,0,,False,scattered,
rite,15,15,0.0,0,0.0,0,0,,False,scattered,
sculpture,15,15,0.0,0,0.0,0,0,,False,scattered,
sex,15,15,0.0,0,0.0,0,0,,False,scattered,
sheridan,15,9,0.0,0,0.0,0,0,,False,scattered,
sherwood,15,15,0.0,0,0.0,0,0,,False,scattered,
shier,15,15,0.0,0,0.0,0,0,,False,scattered,
soap,15,15,0.0,0,0.0,0,0,,False,scattered,
softron,15,15,0.0,0,0.0,0,0,,False,scattered,
solomon,15,15,0.0,0,0.0,0,0,,False,scattered,
stones,15,15,0.0,0,0.0,0,0,,False,scattered,
stylist,15,14,0.0,0,0.0,0,0,,False,scattered,
suzy,15,15,0.0,0,0.0,0,0,,False,scattered,
tiffany,15,15,0.0,0,0.0,0,0,,False,scattered,
toy,15,15,0.0,0,0.0,0,0,,False,scattered,
triangle,15,15,0.0,0,0.0,0,0,,False,scattered,
turner,15,13,0.0,0,0.0,0,0,,False,scattered,
universe,15,15,0.0,0,0.0,0,0,,False,scattered,
venture,15,13,0.0,0,0.0,0,0,,False,scattered,
vu,15,14,0.0,0,0.0,0,0,,False,scattered,
yellow,15,15,0.0,0,0.0,0,0,,False,scattered,
yogurty,15,15,0.0,0,0.0,0,0,,False,scattered,
abacus,14,14,0.0,0,0.0,0,0,,False,scattered,
agape,14,14,0.0,0,0.0,0,0,,False,scattered,
alpine,14,13,0.0,0,0.0,0,0,,False,scattered,
amin,14,14,0.0,0,0.0,0,0,,False,scattered,
anti,14,14,0.0,0,0.0,0,0,,False,scattered,
ap,14,13,0.0,0,0.0,0,0,,False,scattered,
arms,14,14,0.0,0,0.0,0,0,,False,scattered,
artistic,14,14,0.0,0,0.0,0,0,,False,scattered,
as,14,14,0.0,0,0.0,0,0,,False,scattered,
auctions,14,14,0.0,0,0.0,0,0,,False,scattered,
bag,14,14,0.0,0,0.0,0,0,,False,scattered,
balloon,14,14,0.0,0,0.0,0,0,,False,scattered,
bamboo,14,14,0.0,0,0.0,0,0,,False,scattered,
bang,14,14,0.0,0,0.0,0,0,,False,scattered,
banker,14,11,0.0,0,0.0,0,0,,False,scattered,
bilingual,14,14,0.0,0,0.0,0,0,,False,scattered,
blitz,14,12,0.0,0,0.0,0,0,,False,scattered,
boarding,14,14,0.0,0,0.0,0,0,,False,scattered,
card,14,14,0.0,0,0.0,0,0,,False,scattered,
centers,14,13,0.0,0,0.0,0,0,,False,scattered,
chez,14,14,0.0,0,0.0,0,0,,False,scattered,
chill,14,14,0.0,0,0.0,0,0,,False,scattered,
chronic,14,14,0.0,0,0.0,0,0,,False,scattered,
cigar,14,13,0.0,0,0.0,0,0,,False,scattered,
cim,14,12,0.0,0,0.0,0,0,,False,scattered,
civil,14,14,0.0,0,0.0,0,0,,False,scattered,
clubs,14,14,0.0,0,0.0,0,0,,False,scattered,
committee,14,14,0.0,0,0.0,0,0,,False,scattered,
couples,14,14,0.0,0,0.0,0,0,,False,scattered,
cutting,14,14,0.0,0,0.0,0,0,,False,scattered,
danielle,14,12,0.0,0,0.0,0,0,,False,scattered,
davies,14,13,0.0,0,0.0,0,0,,False,scattered,
demand,14,14,0.0,0,0.0,0,0,,False,scattered,
dent,14,13,0.0,0,0.0,0,0,,False,scattered,
diperie,14,14,0.0,0,0.0,0,0,,False,scattered,
dress,14,14,0.0,0,0.0,0,0,,False,scattered,
drugs,14,14,0.0,0,0.0,0,0,,False,scattered,
durham,14,14,0.0,0,0.0,0,0,,False,scattered,
ev,14,14,0.0,0,0.0,0,0,,False,scattered,
falcon,14,14,0.0,0,0.0,0,0,,False,scattered,
flame,14,13,0.0,0,0.0,0,0,,False,scattered,
form,14,13,0.0,0,0.0,0,0,,False,scattered,
german,14,14,0.0,0,0.0,0,0,,False,scattered,
gill,14,14,0.0,0,0.0,0,0,,False,scattered,
headquarters,14,14,0.0,0,0.0,0,0,,False,scattered,
higher,14,14,0.0,0,0.0,0,0,,False,scattered,
hyundai,14,14,0.0,0,0.0,0,0,,False,scattered,
ida,14,13,0.0,0,0.0,0,0,,False,scattered,
jamaican,14,14,0.0,0,0.0,0,0,,False,scattered,
joshua,14,14,0.0,0,0.0,0,0,,False,scattered,
kinton,14,14,0.0,0,0.0,0,0,,False,scattered,
kumar,14,13,0.0,0,0.0,0,0,,False,scattered,
lite,14,14,0.0,0,0.0,0,0,,False,scattered,
liu,14,13,0.0,0,0.0,0,0,,False,scattered,
migration,14,14,0.0,0,0.0,0,0,,False,scattered,
mode,14,14,0.0,0,0.0,0,0,,False,scattered,
monkey,14,14,0.0,0,0.0,0,0,,False,scattered,
murphy,14,14,0.0,0,0.0,0,0,,False,scattered,
noor,14,12,0.0,0,0.0,0,0,,False,scattered,
onyx,14,14,0.0,0,0.0,0,0,,False,scattered,
province,14,14,0.0,0,0.0,0,0,,False,scattered,
rare,14,12,0.0,0,0.0,0,0,,False,scattered,
reality,14,14,0.0,0,0.0,0,0,,False,scattered,
refrigeration,14,14,0.0,0,0.0,0,0,,False,scattered,
rejuvenation,14,14,0.0,0,0.0,0,0,,False,scattered,
rich,14,14,0.0,0,0.0,0,0,,False,scattered,
rooter,14,13,0.0,0,0.0,0,0,,False,scattered,
roses,14,14,0.0,0,0.0,0,0,,False,scattered,
salt,14,13,0.0,0,0.0,0,0,,False,scattered,
same,14,14,0.0,0,0.0,0,0,,False,scattered,
santos,14,14,0.0,0,0.0,0,0,,False,scattered,
scoop,14,14,0.0,0,0.0,0,0,,False,scattered,
sean,14,13,0.0,0,0.0,0,0,,False,scattered,
season,14,14,0.0,0,0.0,0,0,,False,scattered,
secure,14,13,0.0,0,0.0,0,0,,False,scattered,
springs,14,13,0.0,0,0.0,0,0,,False,scattered,
stella,14,13,0.0,0,0.0,0,0,,False,scattered,
swift,14,14,0.0,0,0.0,0,0,,False,scattered,
tall,14,12,0.0,0,0.0,0,0,,False,scattered,
target,14,13,0.0,0,0.0,0,0,,False,scattered,
therapist,14,14,0.0,0,0.0,0,0,,False,scattered,
tor,14,14,0.0,0,0.0,0,0,,False,scattered,
tracy,14,14,0.0,0,0.0,0,0,,False,scattered,
trees,14,14,0.0,0,0.0,0,0,,False,scattered,
trends,14,14,0.0,0,0.0,0,0,,False,scattered,
tutor,14,13,0.0,0,0.0,0,0,,False,scattered,
urgent,14,14,0.0,0,0.0,0,0,,False,scattered,
westside,14,12,0.0,0,0.0,0,0,,False,scattered,
willow,14,14,0.0,0,0.0,0,0,,False,scattered,
witnesses,14,14,0.0,0,0.0,0,0,,False,scattered,
wrap,14,14,0.0,0,0.0,0,0,,False,scattered,
yan,14,14,0.0,0,0.0,0,0,,False,scattered,
agile,13,13,0.0,0,0.0,0,0,,False,scattered,
aging,13,13,0.0,0,0.0,0,0,,False,scattered,
aka,13,13,0.0,0,0.0,0,0,,False,scattered,
algonquin,13,11,0.0,0,0.0,0,0,,False,scattered,
atlantis,13,13,0.0,0,0.0,0,0,,False,scattered,
autopro,13,12,0.0,0,0.0,0,0,,False,scattered,
available,13,13,0.0,0,0.0,0,0,,False,scattered,
ball,13,12,0.0,0,0.0,0,0,,False,scattered,
barrel,13,11,0.0,0,0.0,0,0,,False,scattered,
base,13,13,0.0,0,0.0,0,0,,False,scattered,
beaute,13,13,0.0,0,0.0,0,0,,False,scattered,
blow,13,13,0.0,0,0.0,0,0,,False,scattered,
bluenotes,13,13,0.0,0,0.0,0,0,,False,scattered,
blush,13,13,0.0,0,0.0,0,0,,False,scattered,
bug,13,13,0.0,0,0.0,0,0,,False,scattered,
bull,13,10,0.0,0,0.0,0,0,,False,scattered,
calvary,13,12,0.0,0,0.0,0,0,,False,scattered,
cantina,13,11,0.0,0,0.0,0,0,,False,scattered,
cbi,13,11,0.0,0,0.0,0,0,,False,scattered,
cheng,13,13,0.0,0,0.0,0,0,,False,scattered,
cho,13,12,0.0,0,0.0,0,0,,False,scattered,
chrysler,13,12,0.0,0,0.0,0,0,,False,scattered,
chu,13,13,0.0,0,0.0,0,0,,False,scattered,
cobs,13,12,0.0,0,0.0,0,0,,False,scattered,
computing,13,13,0.0,0,0.0,0,0,,False,scattered,
concert,13,12,0.0,0,0.0,0,0,,False,scattered,
connected,13,13,0.0,0,0.0,0,0,,False,scattered,
cultures,13,13,0.0,0,0.0,0,0,,False,scattered,
damage,13,13,0.0,0,0.0,0,0,,False,scattered,
dial,13,13,0.0,0,0.0,0,0,,False,scattered,
displays,13,13,0.0,0,0.0,0,0,,False,scattered,
dove,13,13,0.0,0,0.0,0,0,,False,scattered,
dulux,13,12,0.0,0,0.0,0,0,,False,scattered,
eaves,13,13,0.0,0,0.0,0,0,,False,scattered,
everyday,13,13,0.0,0,0.0,0,0,,False,scattered,
exterior,13,13,0.0,0,0.0,0,0,,False,scattered,
fireplace,13,13,0.0,0,0.0,0,0,,False,scattered,
functional,13,13,0.0,0,0.0,0,0,,False,scattered,
fyidoctors,13,12,0.0,0,0.0,0,0,,False,scattered,
gaming,13,13,0.0,0,0.0,0,0,,False,scattered,
gen,13,13,0.0,0,0.0,0,0,,False,scattered,
glo,13,13,0.0,0,0.0,0,0,,False,scattered,
hispana,13,12,0.0,0,0.0,0,0,,False,scattered,
installers,13,13,0.0,0,0.0,0,0,,False,scattered,
jehovah,13,13,0.0,0,0.0,0,0,,False,scattered,
ji,13,13,0.0,0,0.0,0,0,,False,scattered,
jm,13,13,0.0,0,0.0,0,0,,False,scattered,
keg,13,13,0.0,0,0.0,0,0,,False,scattered,
kia,13,12,0.0,0,0.0,0,0,,False,scattered,
kiosk,13,13,0.0,0,0.0,0,0,,False,scattered,
kit,13,13,0.0,0,0.0,0,0,,False,scattered,
leader,13,13,0.0,0,0.0,0,0,,False,scattered,
leung,13,13,0.0,0,0.0,0,0,,False,scattered,
lids,13,13,0.0,0,0.0,0,0,,False,scattered,
mai,13,13,0.0,0,0.0,0,0,,False,scattered,
micro,13,13,0.0,0,0.0,0,0,,False,scattered,
mimi,13,13,0.0,0,0.0,0,0,,False,scattered,
moment,13,12,0.0,0,0.0,0,0,,False,scattered,
motorcycle,13,13,0.0,0,0.0,0,0,,False,scattered,
naan,13,13,0.0,0,0.0,0,0,,False,scattered,
number,13,13,0.0,0,0.0,0,0,,False,scattered,
ont,13,12,0.0,0,0.0,0,0,,False,scattered,
orchid,13,12,0.0,0,0.0,0,0,,False,scattered,
owen,13,12,0.0,0,0.0,0,0,,False,scattered,
pedi,13,13,0.0,0,0.0,0,0,,False,scattered,
penguinpickup,13,12,0.0,0,0.0,0,0,,False,scattered,
players,13,12,0.0,0,0.0,0,0,,False,scattered,
porter,13,10,0.0,0,0.0,0,0,,False,scattered,
pres,13,13,0.0,0,0.0,0,0,,False,scattered,
quinn,13,13,0.0,0,0.0,0,0,,False,scattered,
rescue,13,13,0.0,0,0.0,0,0,,False,scattered,
revolution,13,13,0.0,0,0.0,0,0,,False,scattered,
roma,13,13,0.0,0,0.0,0,0,,False,scattered,
rs,13,13,0.0,0,0.0,0,0,,False,scattered,
ruth,13,13,0.0,0,0.0,0,0,,False,scattered,
screen,13,13,0.0,0,0.0,0,0,,False,scattered,
ship,13,12,0.0,0,0.0,0,0,,False,scattered,
sk,13,13,0.0,0,0.0,0,0,,False,scattered,
smokehouse,13,13,0.0,0,0.0,0,0,,False,scattered,
staff,13,12,0.0,0,0.0,0,0,,False,scattered,
stephenson,13,13,0.0,0,0.0,0,0,,False,scattered,
stock,13,10,0.0,0,0.0,0,0,,False,scattered,
su,13,13,0.0,0,0.0,0,0,,False,scattered,
tango,13,12,0.0,0,0.0,0,0,,False,scattered,
textile,13,13,0.0,0,0.0,0,0,,False,scattered,
theory,13,13,0.0,0,0.0,0,0,,False,scattered,
tickets,13,13,0.0,0,0.0,0,0,,False,scattered,
tirecraft,13,12,0.0,0,0.0,0,0,,False,scattered,
tran,13,13,0.0,0,0.0,0,0,,False,scattered,
uniform,13,13,0.0,0,0.0,0,0,,False,scattered,
vca,13,13,0.0,0,0.0,0,0,,False,scattered,
visions,13,13,0.0,0,0.0,0,0,,False,scattered,
vogue,13,13,0.0,0,0.0,0,0,,False,scattered,
wallpaper,13,12,0.0,0,0.0,0,0,,False,scattered,
zoom,13,13,0.0,0,0.0,0,0,,False,scattered,
accident,12,12,0.0,0,0.0,0,0,,False,scattered,
alchemy,12,12,0.0,0,0.0,0,0,,False,scattered,
allure,12,12,0.0,0,0.0,0,0,,False,scattered,
amber,12,12,0.0,0,0.0,0,0,,False,scattered,
amy,12,12,0.0,0,0.0,0,0,,False,scattered,
another,12,12,0.0,0,0.0,0,0,,False,scattered,
applied,12,11,0.0,0,0.0,0,0,,False,scattered,
approved,12,12,0.0,0,0.0,0,0,,False,scattered,
atria,12,6,0.0,0,0.0,0,0,,False,scattered,
babies,12,12,0.0,0,0.0,0,0,,False,scattered,
bark,12,12,0.0,0,0.0,0,0,,False,scattered,
bayshore,12,12,0.0,0,0.0,0,0,,False,scattered,
becker,12,8,0.0,0,0.0,0,0,,False,scattered,
bins,12,12,0.0,0,0.0,0,0,,False,scattered,
blo,12,11,0.0,0,0.0,0,0,,False,scattered,
brunch,12,11,0.0,0,0.0,0,0,,False,scattered,
bruno,12,10,0.0,0,0.0,0,0,,False,scattered,
buyers,12,12,0.0,0,0.0,0,0,,False,scattered,
cardiac,12,12,0.0,0,0.0,0,0,,False,scattered,
chocolatier,12,11,0.0,0,0.0,0,0,,False,scattered,
christmas,12,12,0.0,0,0.0,0,0,,False,scattered,
cindy,12,12,0.0,0,0.0,0,0,,False,scattered,
citizen,12,12,0.0,0,0.0,0,0,,False,scattered,
citizenship,12,12,0.0,0,0.0,0,0,,False,scattered,
claims,12,12,0.0,0,0.0,0,0,,False,scattered,
clubhouse,12,12,0.0,0,0.0,0,0,,False,scattered,
coverings,12,12,0.0,0,0.0,0,0,,False,scattered,
creation,12,12,0.0,0,0.0,0,0,,False,scattered,
curves,12,12,0.0,0,0.0,0,0,,False,scattered,
cyber,12,12,0.0,0,0.0,0,0,,False,scattered,
degrees,12,12,0.0,0,0.0,0,0,,False,scattered,
delicatessen,12,12,0.0,0,0.0,0,0,,False,scattered,
edwards,12,12,0.0,0,0.0,0,0,,False,scattered,
electrolysis,12,11,0.0,0,0.0,0,0,,False,scattered,
elliott,12,11,0.0,0,0.0,0,0,,False,scattered,
eternal,12,12,0.0,0,0.0,0,0,,False,scattered,
eyelash,12,11,0.0,0,0.0,0,0,,False,scattered,
fade,12,12,0.0,0,0.0,0,0,,False,scattered,
flying,12,12,0.0,0,0.0,0,0,,False,scattered,
forklift,12,12,0.0,0,0.0,0,0,,False,scattered,
gus,12,11,0.0,0,0.0,0,0,,False,scattered,
heal,12,12,0.0,0,0.0,0,0,,False,scattered,
honest,12,11,0.0,0,0.0,0,0,,False,scattered,
hospice,12,12,0.0,0,0.0,0,0,,False,scattered,
hours,12,11,0.0,0,0.0,0,0,,False,scattered,
hoyes,12,11,0.0,0,0.0,0,0,,False,scattered,
ig,12,9,0.0,0,0.0,0,0,,False,scattered,
info,12,12,0.0,0,0.0,0,0,,False,scattered,
inside,12,12,0.0,0,0.0,0,0,,False,scattered,
intelligent,12,12,0.0,0,0.0,0,0,,False,scattered,
islam,12,12,0.0,0,0.0,0,0,,False,scattered,
jd,12,12,0.0,0,0.0,0,0,,False,scattered,
jeep,12,12,0.0,0,0.0,0,0,,False,scattered,
juan,12,11,0.0,0,0.0,0,0,,False,scattered,
kiss,12,12,0.0,0,0.0,0,0,,False,scattered,
krispy,12,11,0.0,0,0.0,0,0,,False,scattered,
ladies,12,11,0.0,0,0.0,0,0,,False,scattered,
lenscrafters,12,12,0.0,0,0.0,0,0,,False,scattered,
lifemark,12,11,0.0,0,0.0,0,0,,False,scattered,
liz,12,12,0.0,0,0.0,0,0,,False,scattered,
maggie,12,11,0.0,0,0.0,0,0,,False,scattered,
majestic,12,11,0.0,0,0.0,0,0,,False,scattered,
marathon,12,12,0.0,0,0.0,0,0,,False,scattered,
marco,12,10,0.0,0,0.0,0,0,,False,scattered,
mars,12,9,0.0,0,0.0,0,0,,False,scattered,
masala,12,12,0.0,0,0.0,0,0,,False,scattered,
maximum,12,12,0.0,0,0.0,0,0,,False,scattered,
methodist,12,12,0.0,0,0.0,0,0,,False,scattered,
michalos,12,11,0.0,0,0.0,0,0,,False,scattered,
michel,12,12,0.0,0,0.0,0,0,,False,scattered,
mon,12,9,0.0,0,0.0,0,0,,False,scattered,
montana,12,12,0.0,0,0.0,0,0,,False,scattered,
nadia,12,11,0.0,0,0.0,0,0,,False,scattered,
naturals,12,12,0.0,0,0.0,0,0,,False,scattered,
nike,12,11,0.0,0,0.0,0,0,,False,scattered,
nine,12,12,0.0,0,0.0,0,0,,False,scattered,
nuclear,12,12,0.0,0,0.0,0,0,,False,scattered,
orthotic,12,12,0.0,0,0.0,0,0,,False,scattered,
overseas,12,12,0.0,0,0.0,0,0,,False,scattered,
pal,12,12,0.0,0,0.0,0,0,,False,scattered,
paragon,12,12,0.0,0,0.0,0,0,,False,scattered,
patricia,12,12,0.0,0,0.0,0,0,,False,scattered,
peruvian,12,10,0.0,0,0.0,0,0,,False,scattered,
peters,12,12,0.0,0,0.0,0,0,,False,scattered,
ph,12,12,0.0,0,0.0,0,0,,False,scattered,
pixel,12,12,0.0,0,0.0,0,0,,False,scattered,
pm,12,12,0.0,0,0.0,0,0,,False,scattered,
polar,12,12,0.0,0,0.0,0,0,,False,scattered,
popcorn,12,12,0.0,0,0.0,0,0,,False,scattered,
posh,12,12,0.0,0,0.0,0,0,,False,scattered,
powder,12,12,0.0,0,0.0,0,0,,False,scattered,
presentation,12,12,0.0,0,0.0,0,0,,False,scattered,
priority,12,12,0.0,0,0.0,0,0,,False,scattered,
programs,12,12,0.0,0,0.0,0,0,,False,scattered,
quartz,12,12,0.0,0,0.0,0,0,,False,scattered,
renaissance,12,11,0.0,0,0.0,0,0,,False,scattered,
rex,12,11,0.0,0,0.0,0,0,,False,scattered,
rita,12,12,0.0,0,0.0,0,0,,False,scattered,
ritz,12,10,0.0,0,0.0,0,0,,False,scattered,
rust,12,12,0.0,0,0.0,0,0,,False,scattered,
sacred,12,12,0.0,0,0.0,0,0,,False,scattered,
selling,12,12,0.0,0,0.0,0,0,,False,scattered,
settlement,12,12,0.0,0,0.0,0,0,,False,scattered,
shark,12,11,0.0,0,0.0,0,0,,False,scattered,
shawn,12,12,0.0,0,0.0,0,0,,False,scattered,
smash,12,12,0.0,0,0.0,0,0,,False,scattered,
snacks,12,12,0.0,0,0.0,0,0,,False,scattered,
specialties,12,12,0.0,0,0.0,0,0,,False,scattered,
spine,12,12,0.0,0,0.0,0,0,,False,scattered,
splash,12,12,0.0,0,0.0,0,0,,False,scattered,
squad,12,12,0.0,0,0.0,0,0,,False,scattered,
styling,12,12,0.0,0,0.0,0,0,,False,scattered,
sure,12,12,0.0,0,0.0,0,0,,False,scattered,
tails,12,12,0.0,0,0.0,0,0,,False,scattered,
tao,12,11,0.0,0,0.0,0,0,,False,scattered,
tapas,12,11,0.0,0,0.0,0,0,,False,scattered,
tara,12,11,0.0,0,0.0,0,0,,False,scattered,
than,12,11,0.0,0,0.0,0,0,,False,scattered,
tooth,12,11,0.0,0,0.0,0,0,,False,scattered,
trauma,12,12,0.0,0,0.0,0,0,,False,scattered,
treasure,12,12,0.0,0,0.0,0,0,,False,scattered,
ultramar,12,11,0.0,0,0.0,0,0,,False,scattered,
vanity,12,12,0.0,0,0.0,0,0,,False,scattered,
waxon,12,12,0.0,0,0.0,0,0,,False,scattered,
wirelesswave,12,12,0.0,0,0.0,0,0,,False,scattered,
wu,12,12,0.0,0,0.0,0,0,,False,scattered,
able,11,11,0.0,0,0.0,0,0,,False,scattered,
actors,11,11,0.0,0,0.0,0,0,,False,scattered,
ahmad,11,11,0.0,0,0.0,0,0,,False,scattered,
aikido,11,11,0.0,0,0.0,0,0,,False,scattered,
aim,11,11,0.0,0,0.0,0,0,,False,scattered,
alive,11,11,0.0,0,0.0,0,0,,False,scattered,
anchor,11,11,0.0,0,0.0,0,0,,False,scattered,
apts,11,11,0.0,0,0.0,0,0,,False,scattered,
aurora,11,10,0.0,0,0.0,0,0,,False,scattered,
away,11,11,0.0,0,0.0,0,0,,False,scattered,
beacon,11,11,0.0,0,0.0,0,0,,False,scattered,
bennett,11,11,0.0,0,0.0,0,0,,False,scattered,
bernard,11,10,0.0,0,0.0,0,0,,False,scattered,
bicycles,11,11,0.0,0,0.0,0,0,,False,scattered,
bones,11,11,0.0,0,0.0,0,0,,False,scattered,
bride,11,9,0.0,0,0.0,0,0,,False,scattered,
butterfly,11,11,0.0,0,0.0,0,0,,False,scattered,
campaign,11,10,0.0,0,0.0,0,0,,False,scattered,
carbon,11,11,0.0,0,0.0,0,0,,False,scattered,
cb,11,11,0.0,0,0.0,0,0,,False,scattered,
charm,11,11,0.0,0,0.0,0,0,,False,scattered,
chick,11,11,0.0,0,0.0,0,0,,False,scattered,
chocolates,11,11,0.0,0,0.0,0,0,,False,scattered,
climate,11,11,0.0,0,0.0,0,0,,False,scattered,
climbing,11,11,0.0,0,0.0,0,0,,False,scattered,
coinamatic,11,11,0.0,0,0.0,0,0,,False,scattered,
colin,11,11,0.0,0,0.0,0,0,,False,scattered,
con,11,11,0.0,0,0.0,0,0,,False,scattered,
container,11,11,0.0,0,0.0,0,0,,False,scattered,
cooking,11,11,0.0,0,0.0,0,0,,False,scattered,
counter,11,11,0.0,0,0.0,0,0,,False,scattered,
courtyard,11,10,0.0,0,0.0,0,0,,False,scattered,
cove,11,10,0.0,0,0.0,0,0,,False,scattered,
crossing,11,7,0.0,0,0.0,0,0,,False,scattered,
cucina,11,11,0.0,0,0.0,0,0,,False,scattered,
deep,11,11,0.0,0,0.0,0,0,,False,scattered,
destiny,11,11,0.0,0,0.0,0,0,,False,scattered,
dine,11,10,0.0,0,0.0,0,0,,False,scattered,
dm,11,11,0.0,0,0.0,0,0,,False,scattered,
donald,11,11,0.0,0,0.0,0,0,,False,scattered,
doula,11,11,0.0,0,0.0,0,0,,False,scattered,
duck,11,11,0.0,0,0.0,0,0,,False,scattered,
elegance,11,11,0.0,0,0.0,0,0,,False,scattered,
elena,11,11,0.0,0,0.0,0,0,,False,scattered,
eli,11,11,0.0,0,0.0,0,0,,False,scattered,
ellis,11,10,0.0,0,0.0,0,0,,False,scattered,
em,11,11,0.0,0,0.0,0,0,,False,scattered,
endoscopy,11,11,0.0,0,0.0,0,0,,False,scattered,
est,11,10,0.0,0,0.0,0,0,,False,scattered,
europe,11,11,0.0,0,0.0,0,0,,False,scattered,
eve,11,11,0.0,0,0.0,0,0,,False,scattered,
ez,11,11,0.0,0,0.0,0,0,,False,scattered,
fab,11,11,0.0,0,0.0,0,0,,False,scattered,
families,11,11,0.0,0,0.0,0,0,,False,scattered,
father,11,11,0.0,0,0.0,0,0,,False,scattered,
fiesta,11,8,0.0,0,0.0,0,0,,False,scattered,
final,11,11,0.0,0,0.0,0,0,,False,scattered,
find,11,11,0.0,0,0.0,0,0,,False,scattered,
flo,11,11,0.0,0,0.0,0,0,,False,scattered,
fluid,11,10,0.0,0,0.0,0,0,,False,scattered,
garcia,11,11,0.0,0,0.0,0,0,,False,scattered,
gardening,11,11,0.0,0,0.0,0,0,,False,scattered,
gb,11,11,0.0,0,0.0,0,0,,False,scattered,
grain,11,11,0.0,0,0.0,0,0,,False,scattered,
ha,11,11,0.0,0,0.0,0,0,,False,scattered,
han,11,10,0.0,0,0.0,0,0,,False,scattered,
hear,11,11,0.0,0,0.0,0,0,,False,scattered,
hidden,11,10,0.0,0,0.0,0,0,,False,scattered,
historical,11,11,0.0,0,0.0,0,0,,False,scattered,
hop,11,11,0.0,0,0.0,0,0,,False,scattered,
husky,11,11,0.0,0,0.0,0,0,,False,scattered,
interlock,11,11,0.0,0,0.0,0,0,,False,scattered,
irina,11,11,0.0,0,0.0,0,0,,False,scattered,
iris,11,10,0.0,0,0.0,0,0,,False,scattered,
juicery,11,11,0.0,0,0.0,0,0,,False,scattered,
kidz,11,11,0.0,0,0.0,0,0,,False,scattered,
knights,11,11,0.0,0,0.0,0,0,,False,scattered,
know,11,11,0.0,0,0.0,0,0,,False,scattered,
kreme,11,10,0.0,0,0.0,0,0,,False,scattered,
lauren,11,11,0.0,0,0.0,0,0,,False,scattered,
lil,11,11,0.0,0,0.0,0,0,,False,scattered,
lo,11,11,0.0,0,0.0,0,0,,False,scattered,
logic,11,10,0.0,0,0.0,0,0,,False,scattered,
lovely,11,10,0.0,0,0.0,0,0,,False,scattered,
mani,11,10,0.0,0,0.0,0,0,,False,scattered,
manufacturer,11,11,0.0,0,0.0,0,0,,False,scattered,
mastermind,11,11,0.0,0,0.0,0,0,,False,scattered,
maxwell,11,10,0.0,0,0.0,0,0,,False,scattered,
mazda,11,10,0.0,0,0.0,0,0,,False,scattered,
mclean,11,11,0.0,0,0.0,0,0,,False,scattered,
melanie,11,11,0.0,0,0.0,0,0,,False,scattered,
milan,11,11,0.0,0,0.0,0,0,,False,scattered,
miles,11,11,0.0,0,0.0,0,0,,False,scattered,
mirage,11,11,0.0,0,0.0,0,0,,False,scattered,
moda,11,11,0.0,0,0.0,0,0,,False,scattered,
monte,11,11,0.0,0,0.0,0,0,,False,scattered,
motorsports,11,11,0.0,0,0.0,0,0,,False,scattered,
muse,11,11,0.0,0,0.0,0,0,,False,scattered,
na,11,11,0.0,0,0.0,0,0,,False,scattered,
ng,11,11,0.0,0,0.0,0,0,,False,scattered,
oaks,11,11,0.0,0,0.0,0,0,,False,scattered,
odyssey,11,11,0.0,0,0.0,0,0,,False,scattered,
official,11,11,0.0,0,0.0,0,0,,False,scattered,
originals,11,11,0.0,0,0.0,0,0,,False,scattered,
oro,11,10,0.0,0,0.0,0,0,,False,scattered,
orthopaedic,11,11,0.0,0,0.0,0,0,,False,scattered,
pathway,11,10,0.0,0,0.0,0,0,,False,scattered,
paula,11,11,0.0,0,0.0,0,0,,False,scattered,
paw,11,11,0.0,0,0.0,0,0,,False,scattered,
payroll,11,11,0.0,0,0.0,0,0,,False,scattered,
pegasus,11,11,0.0,0,0.0,0,0,,False,scattered,
perry,11,11,0.0,0,0.0,0,0,,False,scattered,
petite,11,11,0.0,0,0.0,0,0,,False,scattered,
phones,11,10,0.0,0,0.0,0,0,,False,scattered,
pulse,11,11,0.0,0,0.0,0,0,,False,scattered,
punjabi,11,10,0.0,0,0.0,0,0,,False,scattered,
pyramid,11,10,0.0,0,0.0,0,0,,False,scattered,
radical,11,11,0.0,0,0.0,0,0,,False,scattered,
retreat,11,11,0.0,0,0.0,0,0,,False,scattered,
robertson,11,11,0.0,0,0.0,0,0,,False,scattered,
royale,11,11,0.0,0,0.0,0,0,,False,scattered,
rpm,11,11,0.0,0,0.0,0,0,,False,scattered,
sake,11,10,0.0,0,0.0,0,0,,False,scattered,
segal,11,11,0.0,0,0.0,0,0,,False,scattered,
serve,11,11,0.0,0,0.0,0,0,,False,scattered,
sheldon,11,11,0.0,0,0.0,0,0,,False,scattered,
simplicity,11,11,0.0,0,0.0,0,0,,False,scattered,
sister,11,11,0.0,0,0.0,0,0,,False,scattered,
skylight,11,11,0.0,0,0.0,0,0,,False,scattered,
sofa,11,10,0.0,0,0.0,0,0,,False,scattered,
sos,11,10,0.0,0,0.0,0,0,,False,scattered,
squared,11,11,0.0,0,0.0,0,0,,False,scattered,
stark,11,9,0.0,0,0.0,0,0,,False,scattered,
stretch,11,11,0.0,0,0.0,0,0,,False,scattered,
structube,11,11,0.0,0,0.0,0,0,,False,scattered,
sunflower,11,11,0.0,0,0.0,0,0,,False,scattered,
tahini,11,11,0.0,0,0.0,0,0,,False,scattered,
tilbury,11,11,0.0,0,0.0,0,0,,False,scattered,
titan,11,11,0.0,0,0.0,0,0,,False,scattered,
toyota,11,11,0.0,0,0.0,0,0,,False,scattered,
trendy,11,11,0.0,0,0.0,0,0,,False,scattered,
trevor,11,11,0.0,0,0.0,0,0,,False,scattered,
under,11,11,0.0,0,0.0,0,0,,False,scattered,
vince,11,11,0.0,0,0.0,0,0,,False,scattered,
vinci,11,11,0.0,0,0.0,0,0,,False,scattered,
visage,11,11,0.0,0,0.0,0,0,,False,scattered,
win,11,11,0.0,0,0.0,0,0,,False,scattered,
winston,11,11,0.0,0,0.0,0,0,,False,scattered,
wizard,11,11,0.0,0,0.0,0,0,,False,scattered,
yourself,11,11,0.0,0,0.0,0,0,,False,scattered,
abroad,10,10,0.0,0,0.0,0,0,,False,scattered,
alexis,10,10,0.0,0,0.0,0,0,,False,scattered,
americas,10,9,0.0,0,0.0,0,0,,False,scattered,
annie,10,10,0.0,0,0.0,0,0,,False,scattered,
aquatics,10,10,0.0,0,0.0,0,0,,False,scattered,
ar,10,9,0.0,0,0.0,0,0,,False,scattered,
asphalt,10,10,0.0,0,0.0,0,0,,False,scattered,
axiom,10,9,0.0,0,0.0,0,0,,False,scattered,
baked,10,10,0.0,0,0.0,0,0,,False,scattered,
based,10,10,0.0,0,0.0,0,0,,False,scattered,
bautista,10,10,0.0,0,0.0,0,0,,False,scattered,
bc,10,10,0.0,0,0.0,0,0,,False,scattered,
beat,10,10,0.0,0,0.0,0,0,,False,scattered,
billyard,10,10,0.0,0,0.0,0,0,,False,scattered,
bjj,10,10,0.0,0,0.0,0,0,,False,scattered,
blueprint,10,10,0.0,0,0.0,0,0,,False,scattered,
boil,10,10,0.0,0,0.0,0,0,,False,scattered,
botox,10,9,0.0,0,0.0,0,0,,False,scattered,
bourbon,10,9,0.0,0,0.0,0,0,,False,scattered,
brazil,10,9,0.0,0,0.0,0,0,,False,scattered,
break,10,10,0.0,0,0.0,0,0,,False,scattered,
burritos,10,10,0.0,0,0.0,0,0,,False,scattered,
cactus,10,10,0.0,0,0.0,0,0,,False,scattered,
carolyn,10,10,0.0,0,0.0,0,0,,False,scattered,
cats,10,10,0.0,0,0.0,0,0,,False,scattered,
cc,10,10,0.0,0,0.0,0,0,,False,scattered,
centro,10,9,0.0,0,0.0,0,0,,False,scattered,
challenge,10,9,0.0,0,0.0,0,0,,False,scattered,
charter,10,9,0.0,0,0.0,0,0,,False,scattered,
chek,10,10,0.0,0,0.0,0,0,,False,scattered,
cheung,10,10,0.0,0,0.0,0,0,,False,scattered,
chevrolet,10,8,0.0,0,0.0,0,0,,False,scattered,
chic,10,10,0.0,0,0.0,0,0,,False,scattered,
churches,10,10,0.0,0,0.0,0,0,,False,scattered,
cj,10,10,0.0,0,0.0,0,0,,False,scattered,
coldwell,10,9,0.0,0,0.0,0,0,,False,scattered,
consignment,10,8,0.0,0,0.0,0,0,,False,scattered,
cotton,10,10,0.0,0,0.0,0,0,,False,scattered,
crepe,10,10,0.0,0,0.0,0,0,,False,scattered,
crest,10,10,0.0,0,0.0,0,0,,False,scattered,
csn,10,10,0.0,0,0.0,0,0,,False,scattered,
cube,10,10,0.0,0,0.0,0,0,,False,scattered,
cure,10,9,0.0,0,0.0,0,0,,False,scattered,
curling,10,8,0.0,0,0.0,0,0,,False,scattered,
daddy,10,10,0.0,0,0.0,0,0,,False,scattered,
dancing,10,10,0.0,0,0.0,0,0,,False,scattered,
danish,10,10,0.0,0,0.0,0,0,,False,scattered,
daughter,10,10,0.0,0,0.0,0,0,,False,scattered,
decks,10,10,0.0,0,0.0,0,0,,False,scattered,
dock,10,10,0.0,0,0.0,0,0,,False,scattered,
dong,10,10,0.0,0,0.0,0,0,,False,scattered,
drum,10,10,0.0,0,0.0,0,0,,False,scattered,
dui,10,8,0.0,0,0.0,0,0,,False,scattered,
eb,10,10,0.0,0,0.0,0,0,,False,scattered,
ec,10,10,0.0,0,0.0,0,0,,False,scattered,
eddie,10,9,0.0,0,0.0,0,0,,False,scattered,
eight,10,10,0.0,0,0.0,0,0,,False,scattered,
ellen,10,9,0.0,0,0.0,0,0,,False,scattered,
engagement,10,7,0.0,0,0.0,0,0,,False,scattered,
evolution,10,10,0.0,0,0.0,0,0,,False,scattered,
excavating,10,10,0.0,0,0.0,0,0,,False,scattered,
fabric,10,9,0.0,0,0.0,0,0,,False,scattered,
facilities,10,10,0.0,0,0.0,0,0,,False,scattered,
fan,10,9,0.0,0,0.0,0,0,,False,scattered,
fay,10,10,0.0,0,0.0,0,0,,False,scattered,
federal,10,10,0.0,0,0.0,0,0,,False,scattered,
feet,10,10,0.0,0,0.0,0,0,,False,scattered,
fight,10,9,0.0,0,0.0,0,0,,False,scattered,
freshslice,10,10,0.0,0,0.0,0,0,,False,scattered,
frozen,10,10,0.0,0,0.0,0,0,,False,scattered,
fulfillment,10,9,0.0,0,0.0,0,0,,False,scattered,
funding,10,10,0.0,0,0.0,0,0,,False,scattered,
gemini,10,9,0.0,0,0.0,0,0,,False,scattered,
got,10,10,0.0,0,0.0,0,0,,False,scattered,
groceries,10,10,0.0,0,0.0,0,0,,False,scattered,
grounds,10,10,0.0,0,0.0,0,0,,False,scattered,
growing,10,9,0.0,0,0.0,0,0,,False,scattered,
hairstylists,10,9,0.0,0,0.0,0,0,,False,scattered,
half,10,10,0.0,0,0.0,0,0,,False,scattered,
hat,10,10,0.0,0,0.0,0,0,,False,scattered,
henderson,10,9,0.0,0,0.0,0,0,,False,scattered,
hire,10,10,0.0,0,0.0,0,0,,False,scattered,
host,10,10,0.0,0,0.0,0,0,,False,scattered,
hue,10,10,0.0,0,0.0,0,0,,False,scattered,
huong,10,9,0.0,0,0.0,0,0,,False,scattered,
ichiban,10,9,0.0,0,0.0,0,0,,False,scattered,
importing,10,10,0.0,0,0.0,0,0,,False,scattered,
inclusive,10,10,0.0,0,0.0,0,0,,False,scattered,
installations,10,10,0.0,0,0.0,0,0,,False,scattered,
inviva,10,10,0.0,0,0.0,0,0,,False,scattered,
ip,10,10,0.0,0,0.0,0,0,,False,scattered,
irving,10,10,0.0,0,0.0,0,0,,False,scattered,
irwin,10,8,0.0,0,0.0,0,0,,False,scattered,
italia,10,7,0.0,0,0.0,0,0,,False,scattered,
jb,10,10,0.0,0,0.0,0,0,,False,scattered,
joanna,10,10,0.0,0,0.0,0,0,,False,scattered,
joint,10,10,0.0,0,0.0,0,0,,False,scattered,
julian,10,10,0.0,0,0.0,0,0,,False,scattered,
jungle,10,10,0.0,0,0.0,0,0,,False,scattered,
kai,10,9,0.0,0,0.0,0,0,,False,scattered,
kal,10,10,0.0,0,0.0,0,0,,False,scattered,
kenneth,10,10,0.0,0,0.0,0,0,,False,scattered,
keys,10,10,0.0,0,0.0,0,0,,False,scattered,
kid,10,10,0.0,0,0.0,0,0,,False,scattered,
kind,10,10,0.0,0,0.0,0,0,,False,scattered,
kleen,10,10,0.0,0,0.0,0,0,,False,scattered,
kwik,10,10,0.0,0,0.0,0,0,,False,scattered,
lamb,10,8,0.0,0,0.0,0,0,,False,scattered,
landlord,10,8,0.0,0,0.0,0,0,,False,scattered,
latter,10,9,0.0,0,0.0,0,0,,False,scattered,
lavish,10,9,0.0,0,0.0,0,0,,False,scattered,
leaders,10,9,0.0,0,0.0,0,0,,False,scattered,
leads,10,10,0.0,0,0.0,0,0,,False,scattered,
legendary,10,10,0.0,0,0.0,0,0,,False,scattered,
leon,10,10,0.0,0,0.0,0,0,,False,scattered,
liquidators,10,10,0.0,0,0.0,0,0,,False,scattered,
literacy,10,10,0.0,0,0.0,0,0,,False,scattered,
ll,10,10,0.0,0,0.0,0,0,,False,scattered,
lola,10,10,0.0,0,0.0,0,0,,False,scattered,
lori,10,10,0.0,0,0.0,0,0,,False,scattered,
luke,10,10,0.0,0,0.0,0,0,,False,scattered,
makers,10,9,0.0,0,0.0,0,0,,False,scattered,
manual,10,10,0.0,0,0.0,0,0,,False,scattered,
mason,10,10,0.0,0,0.0,0,0,,False,scattered,
match,10,10,0.0,0,0.0,0,0,,False,scattered,
mattamy,10,10,0.0,0,0.0,0,0,,False,scattered,
mckenzie,10,10,0.0,0,0.0,0,0,,False,scattered,
mel,10,10,0.0,0,0.0,0,0,,False,scattered,
melody,10,10,0.0,0,0.0,0,0,,False,scattered,
milestone,10,10,0.0,0,0.0,0,0,,False,scattered,
milestones,10,10,0.0,0,0.0,0,0,,False,scattered,
minor,10,9,0.0,0,0.0,0,0,,False,scattered,
mira,10,10,0.0,0,0.0,0,0,,False,scattered,
mo,10,10,0.0,0,0.0,0,0,,False,scattered,
moe,10,9,0.0,0,0.0,0,0,,False,scattered,
mosque,10,10,0.0,0,0.0,0,0,,False,scattered,
mp,10,10,0.0,0,0.0,0,0,,False,scattered,
mystic,10,9,0.0,0,0.0,0,0,,False,scattered,
nam,10,10,0.0,0,0.0,0,0,,False,scattered,
nana,10,10,0.0,0,0.0,0,0,,False,scattered,
nando,10,10,0.0,0,0.0,0,0,,False,scattered,
nights,10,10,0.0,0,0.0,0,0,,False,scattered,
nina,10,10,0.0,0,0.0,0,0,,False,scattered,
nite,10,10,0.0,0,0.0,0,0,,False,scattered,
noel,10,10,0.0,0,0.0,0,0,,False,scattered,
northstar,10,10,0.0,0,0.0,0,0,,False,scattered,
olivia,10,10,0.0,0,0.0,0,0,,False,scattered,
operation,10,10,0.0,0,0.0,0,0,,False,scattered,
optimum,10,10,0.0,0,0.0,0,0,,False,scattered,
orion,10,10,0.0,0,0.0,0,0,,False,scattered,
oshkosh,10,10,0.0,0,0.0,0,0,,False,scattered,
osteopathic,10,10,0.0,0,0.0,0,0,,False,scattered,
panel,10,10,0.0,0,0.0,0,0,,False,scattered,
perfection,10,10,0.0,0,0.0,0,0,,False,scattered,
phil,10,10,0.0,0,0.0,0,0,,False,scattered,
photobooth,10,10,0.0,0,0.0,0,0,,False,scattered,
pivot,10,10,0.0,0,0.0,0,0,,False,scattered,
pizzaforno,10,10,0.0,0,0.0,0,0,,False,scattered,
portraits,10,10,0.0,0,0.0,0,0,,False,scattered,
poultry,10,10,0.0,0,0.0,0,0,,False,scattered,
rc,10,10,0.0,0,0.0,0,0,,False,scattered,
rccg,10,10,0.0,0,0.0,0,0,,False,scattered,
reflexology,10,10,0.0,0,0.0,0,0,,False,scattered,
reformed,10,10,0.0,0,0.0,0,0,,False,scattered,
reporting,10,8,0.0,0,0.0,0,0,,False,scattered,
reserve,10,10,0.0,0,0.0,0,0,,False,scattered,
resorts,10,10,0.0,0,0.0,0,0,,False,scattered,
rest,10,10,0.0,0,0.0,0,0,,False,scattered,
rhythm,10,10,0.0,0,0.0,0,0,,False,scattered,
rising,10,10,0.0,0,0.0,0,0,,False,scattered,
rocky,10,10,0.0,0,0.0,0,0,,False,scattered,
roger,10,9,0.0,0,0.0,0,0,,False,scattered,
rudy,10,10,0.0,0,0.0,0,0,,False,scattered,
sal,10,10,0.0,0,0.0,0,0,,False,scattered,
santa,10,10,0.0,0,0.0,0,0,,False,scattered,
saturday,10,10,0.0,0,0.0,0,0,,False,scattered,
savers,10,10,0.0,0,0.0,0,0,,False,scattered,
saving,10,10,0.0,0,0.0,0,0,,False,scattered,
scouts,10,10,0.0,0,0.0,0,0,,False,scattered,
shelby,10,9,0.0,0,0.0,0,0,,False,scattered,
sim,10,10,0.0,0,0.0,0,0,,False,scattered,
skate,10,10,0.0,0,0.0,0,0,,False,scattered,
soma,10,10,0.0,0,0.0,0,0,,False,scattered,
sonia,10,9,0.0,0,0.0,0,0,,False,scattered,
sophie,10,10,0.0,0,0.0,0,0,,False,scattered,
southern,10,10,0.0,0,0.0,0,0,,False,scattered,
spartan,10,10,0.0,0,0.0,0,0,,False,scattered,
spaw,10,10,0.0,0,0.0,0,0,,False,scattered,
springboard,10,10,0.0,0,0.0,0,0,,False,scattered,
stack,10,10,0.0,0,0.0,0,0,,False,scattered,
starlight,10,9,0.0,0,0.0,0,0,,False,scattered,
stem,10,9,0.0,0,0.0,0,0,,False,scattered,
stern,10,9,0.0,0,0.0,0,0,,False,scattered,
sung,10,9,0.0,0,0.0,0,0,,False,scattered,
supplier,10,10,0.0,0,0.0,0,0,,False,scattered,
syed,10,10,0.0,0,0.0,0,0,,False,scattered,
tent,10,10,0.0,0,0.0,0,0,,False,scattered,
thinking,10,9,0.0,0,0.0,0,0,,False,scattered,
threading,10,10,0.0,0,0.0,0,0,,False,scattered,
through,10,10,0.0,0,0.0,0,0,,False,scattered,
tk,10,10,0.0,0,0.0,0,0,,False,scattered,
tlc,10,10,0.0,0,0.0,0,0,,False,scattered,
tonic,10,10,0.0,0,0.0,0,0,,False,scattered,
too,10,9,0.0,0,0.0,0,0,,False,scattered,
transformation,10,10,0.0,0,0.0,0,0,,False,scattered,
tribe,10,10,0.0,0,0.0,0,0,,False,scattered,
trip,10,10,0.0,0,0.0,0,0,,False,scattered,
vending,10,10,0.0,0,0.0,0,0,,False,scattered,
ville,10,9,0.0,0,0.0,0,0,,False,scattered,
vr,10,10,0.0,0,0.0,0,0,,False,scattered,
watches,10,9,0.0,0,0.0,0,0,,False,scattered,
waves,10,10,0.0,0,0.0,0,0,,False,scattered,
wholesalers,10,9,0.0,0,0.0,0,0,,False,scattered,
will,10,10,0.0,0,0.0,0,0,,False,scattered,
winery,10,10,0.0,0,0.0,0,0,,False,scattered,
xtreme,10,10,0.0,0,0.0,0,0,,False,scattered,
abm,9,8,0.0,0,0.0,0,0,,False,scattered,
abs,9,7,0.0,0,0.0,0,0,,False,scattered,
accent,9,9,0.0,0,0.0,0,0,,False,scattered,
accl,9,4,0.0,0,0.0,0,0,,False,scattered,
act,9,9,0.0,0,0.0,0,0,,False,scattered,
adele,9,9,0.0,0,0.0,0,0,,False,scattered,
ag,9,8,0.0,0,0.0,0,0,,False,scattered,
amaya,9,9,0.0,0,0.0,0,0,,False,scattered,
amplifon,9,6,0.0,0,0.0,0,0,,False,scattered,
apps,9,9,0.0,0,0.0,0,0,,False,scattered,
arctic,9,9,0.0,0,0.0,0,0,,False,scattered,
arora,9,9,0.0,0,0.0,0,0,,False,scattered,
astra,9,9,0.0,0,0.0,0,0,,False,scattered,
astro,9,9,0.0,0,0.0,0,0,,False,scattered,
audi,9,6,0.0,0,0.0,0,0,,False,scattered,
automobile,9,9,0.0,0,0.0,0,0,,False,scattered,
avon,9,9,0.0,0,0.0,0,0,,False,scattered,
award,9,9,0.0,0,0.0,0,0,,False,scattered,
awards,9,8,0.0,0,0.0,0,0,,False,scattered,
awesome,9,9,0.0,0,0.0,0,0,,False,scattered,
bachata,9,9,0.0,0,0.0,0,0,,False,scattered,
balanced,9,8,0.0,0,0.0,0,0,,False,scattered,
balzac,9,7,0.0,0,0.0,0,0,,False,scattered,
bdc,9,9,0.0,0,0.0,0,0,,False,scattered,
beverage,9,9,0.0,0,0.0,0,0,,False,scattered,
birds,9,9,0.0,0,0.0,0,0,,False,scattered,
brenda,9,9,0.0,0,0.0,0,0,,False,scattered,
broadcast,9,9,0.0,0,0.0,0,0,,False,scattered,
brooklyn,9,9,0.0,0,0.0,0,0,,False,scattered,
brother,9,9,0.0,0,0.0,0,0,,False,scattered,
bugs,9,8,0.0,0,0.0,0,0,,False,scattered,
buick,9,7,0.0,0,0.0,0,0,,False,scattered,
buildings,9,9,0.0,0,0.0,0,0,,False,scattered,
busters,9,9,0.0,0,0.0,0,0,,False,scattered,
caa,9,9,0.0,0,0.0,0,0,,False,scattered,
calm,9,9,0.0,0,0.0,0,0,,False,scattered,
cam,9,9,0.0,0,0.0,0,0,,False,scattered,
carmel,9,9,0.0,0,0.0,0,0,,False,scattered,
carol,9,9,0.0,0,0.0,0,0,,False,scattered,
caroline,9,9,0.0,0,0.0,0,0,,False,scattered,
carpark,9,9,0.0,0,0.0,0,0,,False,scattered,
caulking,9,9,0.0,0,0.0,0,0,,False,scattered,
celestial,9,9,0.0,0,0.0,0,0,,False,scattered,
cellular,9,9,0.0,0,0.0,0,0,,False,scattered,
cf,9,5,0.0,0,0.0,0,0,,False,scattered,
ch,9,8,0.0,0,0.0,0,0,,False,scattered,
champs,9,9,0.0,0,0.0,0,0,,False,scattered,
changes,9,9,0.0,0,0.0,0,0,,False,scattered,
childhood,9,9,0.0,0,0.0,0,0,,False,scattered,
chimney,9,9,0.0,0,0.0,0,0,,False,scattered,
chuck,9,9,0.0,0,0.0,0,0,,False,scattered,
clinique,9,9,0.0,0,0.0,0,0,,False,scattered,
coding,9,9,0.0,0,0.0,0,0,,False,scattered,
cola,9,8,0.0,0,0.0,0,0,,False,scattered,
colibri,9,9,0.0,0,0.0,0,0,,False,scattered,
comission,9,9,0.0,0,0.0,0,0,,False,scattered,
components,9,9,0.0,0,0.0,0,0,,False,scattered,
cover,9,9,0.0,0,0.0,0,0,,False,scattered,
cremation,9,9,0.0,0,0.0,0,0,,False,scattered,
cristiana,9,9,0.0,0,0.0,0,0,,False,scattered,
cruiseshipcenters,9,9,0.0,0,0.0,0,0,,False,scattered,
cruz,9,9,0.0,0,0.0,0,0,,False,scattered,
dancewear,9,9,0.0,0,0.0,0,0,,False,scattered,
das,9,9,0.0,0,0.0,0,0,,False,scattered,
dee,9,9,0.0,0,0.0,0,0,,False,scattered,
demo,9,9,0.0,0,0.0,0,0,,False,scattered,
dentures,9,9,0.0,0,0.0,0,0,,False,scattered,
derek,9,9,0.0,0,0.0,0,0,,False,scattered,
details,9,9,0.0,0,0.0,0,0,,False,scattered,
dina,9,9,0.0,0,0.0,0,0,,False,scattered,
dive,9,9,0.0,0,0.0,0,0,,False,scattered,
dk,9,9,0.0,0,0.0,0,0,,False,scattered,
dpm,9,9,0.0,0,0.0,0,0,,False,scattered,
ds,9,9,0.0,0,0.0,0,0,,False,scattered,
dylan,9,9,0.0,0,0.0,0,0,,False,scattered,
dynamics,9,9,0.0,0,0.0,0,0,,False,scattered,
eclectic,9,9,0.0,0,0.0,0,0,,False,scattered,
edo,9,8,0.0,0,0.0,0,0,,False,scattered,
ensemble,9,9,0.0,0,0.0,0,0,,False,scattered,
eritrean,9,7,0.0,0,0.0,0,0,,False,scattered,
exam,9,9,0.0,0,0.0,0,0,,False,scattered,
feast,9,9,0.0,0,0.0,0,0,,False,scattered,
fig,9,9,0.0,0,0.0,0,0,,False,scattered,
finishes,9,9,0.0,0,0.0,0,0,,False,scattered,
football,9,9,0.0,0,0.0,0,0,,False,scattered,
formula,9,8,0.0,0,0.0,0,0,,False,scattered,
francophone,9,9,0.0,0,0.0,0,0,,False,scattered,
gentle,9,9,0.0,0,0.0,0,0,,False,scattered,
genuine,9,9,0.0,0,0.0,0,0,,False,scattered,
giovanni,9,8,0.0,0,0.0,0,0,,False,scattered,
gloria,9,9,0.0,0,0.0,0,0,,False,scattered,
gorilla,9,9,0.0,0,0.0,0,0,,False,scattered,
greenfield,9,8,0.0,0,0.0,0,0,,False,scattered,
gs,9,9,0.0,0,0.0,0,0,,False,scattered,
guess,9,9,0.0,0,0.0,0,0,,False,scattered,
hampton,9,8,0.0,0,0.0,0,0,,False,scattered,
hazel,9,9,0.0,0,0.0,0,0,,False,scattered,
heads,9,8,0.0,0,0.0,0,0,,False,scattered,
heavy,9,9,0.0,0,0.0,0,0,,False,scattered,
helping,9,9,0.0,0,0.0,0,0,,False,scattered,
hercules,9,9,0.0,0,0.0,0,0,,False,scattered,
hing,9,9,0.0,0,0.0,0,0,,False,scattered,
historic,9,8,0.0,0,0.0,0,0,,False,scattered,
homeopathy,9,9,0.0,0,0.0,0,0,,False,scattered,
homestead,9,9,0.0,0,0.0,0,0,,False,scattered,
hood,9,9,0.0,0,0.0,0,0,,False,scattered,
hotdog,9,8,0.0,0,0.0,0,0,,False,scattered,
hu,9,8,0.0,0,0.0,0,0,,False,scattered,
ikea,9,9,0.0,0,0.0,0,0,,False,scattered,
imagine,9,9,0.0,0,0.0,0,0,,False,scattered,
inspire,9,9,0.0,0,0.0,0,0,,False,scattered,
interlocking,9,9,0.0,0,0.0,0,0,,False,scattered,
jan,9,8,0.0,0,0.0,0,0,,False,scattered,
jerry,9,9,0.0,0,0.0,0,0,,False,scattered,
joanne,9,9,0.0,0,0.0,0,0,,False,scattered,
jon,9,9,0.0,0,0.0,0,0,,False,scattered,
journeys,9,9,0.0,0,0.0,0,0,,False,scattered,
ka,9,9,0.0,0,0.0,0,0,,False,scattered,
kat,9,8,0.0,0,0.0,0,0,,False,scattered,
keep,9,8,0.0,0,0.0,0,0,,False,scattered,
kernels,9,9,0.0,0,0.0,0,0,,False,scattered,
knight,9,9,0.0,0,0.0,0,0,,False,scattered,
ko,9,8,0.0,0,0.0,0,0,,False,scattered,
krav,9,8,0.0,0,0.0,0,0,,False,scattered,
ks,9,9,0.0,0,0.0,0,0,,False,scattered,
lamp,9,8,0.0,0,0.0,0,0,,False,scattered,
laptop,9,9,0.0,0,0.0,0,0,,False,scattered,
leonardo,9,9,0.0,0,0.0,0,0,,False,scattered,
lit,9,9,0.0,0,0.0,0,0,,False,scattered,
logos,9,9,0.0,0,0.0,0,0,,False,scattered,
lopez,9,9,0.0,0,0.0,0,0,,False,scattered,
lovers,9,9,0.0,0,0.0,0,0,,False,scattered,
maga,9,8,0.0,0,0.0,0,0,,False,scattered,
mahal,9,8,0.0,0,0.0,0,0,,False,scattered,
malik,9,9,0.0,0,0.0,0,0,,False,scattered,
mandy,9,9,0.0,0,0.0,0,0,,False,scattered,
marshalls,9,9,0.0,0,0.0,0,0,,False,scattered,
maryam,9,9,0.0,0,0.0,0,0,,False,scattered,
meal,9,9,0.0,0,0.0,0,0,,False,scattered,
megacity,9,9,0.0,0,0.0,0,0,,False,scattered,
mens,9,9,0.0,0,0.0,0,0,,False,scattered,
mercantile,9,9,0.0,0,0.0,0,0,,False,scattered,
meta,9,9,0.0,0,0.0,0,0,,False,scattered,
mexicana,9,9,0.0,0,0.0,0,0,,False,scattered,
mindfulness,9,8,0.0,0,0.0,0,0,,False,scattered,
monument,9,9,0.0,0,0.0,0,0,,False,scattered,
niche,9,9,0.0,0,0.0,0,0,,False,scattered,
noi,9,9,0.0,0,0.0,0,0,,False,scattered,
nora,9,9,0.0,0,0.0,0,0,,False,scattered,
northwest,9,8,0.0,0,0.0,0,0,,False,scattered,
northwood,9,8,0.0,0,0.0,0,0,,False,scattered,
note,9,9,0.0,0,0.0,0,0,,False,scattered,
nyx,9,9,0.0,0,0.0,0,0,,False,scattered,
optimal,9,9,0.0,0,0.0,0,0,,False,scattered,
osler,9,8,0.0,0,0.0,0,0,,False,scattered,
palma,9,9,0.0,0,0.0,0,0,,False,scattered,
parc,9,9,0.0,0,0.0,0,0,,False,scattered,
pardon,9,8,0.0,0,0.0,0,0,,False,scattered,
parents,9,9,0.0,0,0.0,0,0,,False,scattered,
parsons,9,8,0.0,0,0.0,0,0,,False,scattered,
patient,9,9,0.0,0,0.0,0,0,,False,scattered,
pediatric,9,8,0.0,0,0.0,0,0,,False,scattered,
pepper,9,9,0.0,0,0.0,0,0,,False,scattered,
pham,9,9,0.0,0,0.0,0,0,,False,scattered,
phd,9,9,0.0,0,0.0,0,0,,False,scattered,
philippine,9,9,0.0,0,0.0,0,0,,False,scattered,
pigeon,9,9,0.0,0,0.0,0,0,,False,scattered,
pluto,9,8,0.0,0,0.0,0,0,,False,scattered,
poker,9,8,0.0,0,0.0,0,0,,False,scattered,
positive,9,8,0.0,0,0.0,0,0,,False,scattered,
poutinerie,9,9,0.0,0,0.0,0,0,,False,scattered,
powell,9,9,0.0,0,0.0,0,0,,False,scattered,
preferred,9,9,0.0,0,0.0,0,0,,False,scattered,
preparatory,9,9,0.0,0,0.0,0,0,,False,scattered,
primary,9,9,0.0,0,0.0,0,0,,False,scattered,
psychologist,9,9,0.0,0,0.0,0,0,,False,scattered,
publications,9,9,0.0,0,0.0,0,0,,False,scattered,
pur,9,9,0.0,0,0.0,0,0,,False,scattered,
que,9,9,0.0,0,0.0,0,0,,False,scattered,
quesada,9,9,0.0,0,0.0,0,0,,False,scattered,
rain,9,9,0.0,0,0.0,0,0,,False,scattered,
rec,9,9,0.0,0,0.0,0,0,,False,scattered,
relocation,9,9,0.0,0,0.0,0,0,,False,scattered,
review,9,9,0.0,0,0.0,0,0,,False,scattered,
reza,9,9,0.0,0,0.0,0,0,,False,scattered,
rick,9,9,0.0,0,0.0,0,0,,False,scattered,
rio,9,9,0.0,0,0.0,0,0,,False,scattered,
riviera,9,9,0.0,0,0.0,0,0,,False,scattered,
rosenberg,9,9,0.0,0,0.0,0,0,,False,scattered,
rotary,9,9,0.0,0,0.0,0,0,,False,scattered,
rowe,9,9,0.0,0,0.0,0,0,,False,scattered,
sansotei,9,9,0.0,0,0.0,0,0,,False,scattered,
saviour,9,9,0.0,0,0.0,0,0,,False,scattered,
seating,9,9,0.0,0,0.0,0,0,,False,scattered,
sew,9,9,0.0,0,0.0,0,0,,False,scattered,
sher,9,9,0.0,0,0.0,0,0,,False,scattered,
shirley,9,8,0.0,0,0.0,0,0,,False,scattered,
shutter,9,9,0.0,0,0.0,0,0,,False,scattered,
sid,9,9,0.0,0,0.0,0,0,,False,scattered,
simpson,9,7,0.0,0,0.0,0,0,,False,scattered,
squadron,9,9,0.0,0,0.0,0,0,,False,scattered,
stag,9,9,0.0,0,0.0,0,0,,False,scattered,
stair,9,8,0.0,0,0.0,0,0,,False,scattered,
startup,9,8,0.0,0,0.0,0,0,,False,scattered,
stereo,9,9,0.0,0,0.0,0,0,,False,scattered,
stevens,9,9,0.0,0,0.0,0,0,,False,scattered,
straight,9,9,0.0,0,0.0,0,0,,False,scattered,
sue,9,9,0.0,0,0.0,0,0,,False,scattered,
supermarkets,9,9,0.0,0,0.0,0,0,,False,scattered,
swan,9,7,0.0,0,0.0,0,0,,False,scattered,
swing,9,9,0.0,0,0.0,0,0,,False,scattered,
tae,9,9,0.0,0,0.0,0,0,,False,scattered,
taxes,9,9,0.0,0,0.0,0,0,,False,scattered,
teaching,9,9,0.0,0,0.0,0,0,,False,scattered,
teeth,9,9,0.0,0,0.0,0,0,,False,scattered,
thunder,9,8,0.0,0,0.0,0,0,,False,scattered,
tiffin,9,8,0.0,0,0.0,0,0,,False,scattered,
tm,9,9,0.0,0,0.0,0,0,,False,scattered,
treadstone,9,9,0.0,0,0.0,0,0,,False,scattered,
trilogy,9,9,0.0,0,0.0,0,0,,False,scattered,
tuina,9,9,0.0,0,0.0,0,0,,False,scattered,
tyler,9,9,0.0,0,0.0,0,0,,False,scattered,
uni,9,9,0.0,0,0.0,0,0,,False,scattered,
verde,9,9,0.0,0,0.0,0,0,,False,scattered,
vfx,9,7,0.0,0,0.0,0,0,,False,scattered,
vibe,9,9,0.0,0,0.0,0,0,,False,scattered,
vicky,9,9,0.0,0,0.0,0,0,,False,scattered,
von,9,8,0.0,0,0.0,0,0,,False,scattered,
walden,9,9,0.0,0,0.0,0,0,,False,scattered,
waxbar,9,9,0.0,0,0.0,0,0,,False,scattered,
wet,9,9,0.0,0,0.0,0,0,,False,scattered,
windsor,9,9,0.0,0,0.0,0,0,,False,scattered,
wisdom,9,8,0.0,0,0.0,0,0,,False,scattered,
xyz,9,9,0.0,0,0.0,0,0,,False,scattered,
ya,9,9,0.0,0,0.0,0,0,,False,scattered,
zebra,9,9,0.0,0,0.0,0,0,,False,scattered,
zumba,9,8,0.0,0,0.0,0,0,,False,scattered,
aba,8,8,0.0,0,0.0,0,0,,False,scattered,
adi,8,7,0.0,0,0.0,0,0,,False,scattered,
adler,8,8,0.0,0,0.0,0,0,,False,scattered,
administrative,8,8,0.0,0,0.0,0,0,,False,scattered,
adriana,8,8,0.0,0,0.0,0,0,,False,scattered,
ads,8,8,0.0,0,0.0,0,0,,False,scattered,
ahead,8,8,0.0,0,0.0,0,0,,False,scattered,
alice,8,8,0.0,0,0.0,0,0,,False,scattered,
align,8,8,0.0,0,0.0,0,0,,False,scattered,
allegro,8,8,0.0,0,0.0,0,0,,False,scattered,
amigos,8,8,0.0,0,0.0,0,0,,False,scattered,
amor,8,8,0.0,0,0.0,0,0,,False,scattered,
angus,8,7,0.0,0,0.0,0,0,,False,scattered,
any,8,8,0.0,0,0.0,0,0,,False,scattered,
apostle,8,8,0.0,0,0.0,0,0,,False,scattered,
aquatic,8,8,0.0,0,0.0,0,0,,False,scattered,
arcadia,8,8,0.0,0,0.0,0,0,,False,scattered,
archdiocese,8,6,0.0,0,0.0,0,0,,False,scattered,
archer,8,8,0.0,0,0.0,0,0,,False,scattered,
archery,8,8,0.0,0,0.0,0,0,,False,scattered,
aritzia,8,8,0.0,0,0.0,0,0,,False,scattered,
arya,8,7,0.0,0,0.0,0,0,,False,scattered,
asm,8,6,0.0,0,0.0,0,0,,False,scattered,
associate,8,6,0.0,0,0.0,0,0,,False,scattered,
augustine,8,6,0.0,0,0.0,0,0,,False,scattered,
aveda,8,7,0.0,0,0.0,0,0,,False,scattered,
aviva,8,8,0.0,0,0.0,0,0,,False,scattered,
az,8,8,0.0,0,0.0,0,0,,False,scattered,
azam,8,8,0.0,0,0.0,0,0,,False,scattered,
barker,8,7,0.0,0,0.0,0,0,,False,scattered,
barrett,8,8,0.0,0,0.0,0,0,,False,scattered,
bauer,8,7,0.0,0,0.0,0,0,,False,scattered,
beads,8,7,0.0,0,0.0,0,0,,False,scattered,
beech,8,6,0.0,0,0.0,0,0,,False,scattered,
bellair,8,4,0.0,0,0.0,0,0,,False,scattered,
belmont,8,7,0.0,0,0.0,0,0,,False,scattered,
belt,8,8,0.0,0,0.0,0,0,,False,scattered,
benson,8,7,0.0,0,0.0,0,0,,False,scattered,
bernstein,8,8,0.0,0,0.0,0,0,,False,scattered,
billiard,8,8,0.0,0,0.0,0,0,,False,scattered,
bingo,8,7,0.0,0,0.0,0,0,,False,scattered,
bitstop,8,8,0.0,0,0.0,0,0,,False,scattered,
blast,8,8,0.0,0,0.0,0,0,,False,scattered,
blooms,8,8,0.0,0,0.0,0,0,,False,scattered,
boot,8,8,0.0,0,0.0,0,0,,False,scattered,
boots,8,7,0.0,0,0.0,0,0,,False,scattered,
born,8,8,0.0,0,0.0,0,0,,False,scattered,
brad,8,8,0.0,0,0.0,0,0,,False,scattered,
brains,8,8,0.0,0,0.0,0,0,,False,scattered,
breakthrough,8,8,0.0,0,0.0,0,0,,False,scattered,
brightpath,8,8,0.0,0,0.0,0,0,,False,scattered,
broadcasting,8,8,0.0,0,0.0,0,0,,False,scattered,
bryan,8,8,0.0,0,0.0,0,0,,False,scattered,
buddha,8,8,0.0,0,0.0,0,0,,False,scattered,
burgundy,8,8,0.0,0,0.0,0,0,,False,scattered,
burke,8,8,0.0,0,0.0,0,0,,False,scattered,
buster,8,7,0.0,0,0.0,0,0,,False,scattered,
buzz,8,8,0.0,0,0.0,0,0,,False,scattered,
cabling,8,8,0.0,0,0.0,0,0,,False,scattered,
calvin,8,8,0.0,0,0.0,0,0,,False,scattered,
capoeira,8,8,0.0,0,0.0,0,0,,False,scattered,
carnival,8,8,0.0,0,0.0,0,0,,False,scattered,
case,8,8,0.0,0,0.0,0,0,,False,scattered,
casey,8,8,0.0,0,0.0,0,0,,False,scattered,
ceiling,8,8,0.0,0,0.0,0,0,,False,scattered,
cellar,8,8,0.0,0,0.0,0,0,,False,scattered,
cellphone,8,8,0.0,0,0.0,0,0,,False,scattered,
chefs,8,8,0.0,0,0.0,0,0,,False,scattered,
chiro,8,8,0.0,0,0.0,0,0,,False,scattered,
chong,8,8,0.0,0,0.0,0,0,,False,scattered,
chopra,8,8,0.0,0,0.0,0,0,,False,scattered,
chow,8,8,0.0,0,0.0,0,0,,False,scattered,
cibo,8,8,0.0,0,0.0,0,0,,False,scattered,
clearance,8,8,0.0,0,0.0,0,0,,False,scattered,
clock,8,8,0.0,0,0.0,0,0,,False,scattered,
clothiers,8,8,0.0,0,0.0,0,0,,False,scattered,
coca,8,7,0.0,0,0.0,0,0,,False,scattered,
coffees,8,8,0.0,0,0.0,0,0,,False,scattered,
coles,8,8,0.0,0,0.0,0,0,,False,scattered,
color,8,8,0.0,0,0.0,0,0,,False,scattered,
consolidated,8,8,0.0,0,0.0,0,0,,False,scattered,
consultation,8,8,0.0,0,0.0,0,0,,False,scattered,
cora,8,8,0.0,0,0.0,0,0,,False,scattered,
coral,8,8,0.0,0,0.0,0,0,,False,scattered,
cosmic,8,8,0.0,0,0.0,0,0,,False,scattered,
costco,8,6,0.0,0,0.0,0,0,,False,scattered,
cox,8,8,0.0,0,0.0,0,0,,False,scattered,
creme,8,8,0.0,0,0.0,0,0,,False,scattered,
cs,8,8,0.0,0,0.0,0,0,,False,scattered,
curly,8,8,0.0,0,0.0,0,0,,False,scattered,
currie,8,7,0.0,0,0.0,0,0,,False,scattered,
dash,8,8,0.0,0,0.0,0,0,,False,scattered,
deaf,8,7,0.0,0,0.0,0,0,,False,scattered,
dear,8,8,0.0,0,0.0,0,0,,False,scattered,
desk,8,8,0.0,0,0.0,0,0,,False,scattered,
dev,8,8,0.0,0,0.0,0,0,,False,scattered,
doc,8,8,0.0,0,0.0,0,0,,False,scattered,
doll,8,8,0.0,0,0.0,0,0,,False,scattered,
dominican,8,8,0.0,0,0.0,0,0,,False,scattered,
done,8,8,0.0,0,0.0,0,0,,False,scattered,
dryer,8,8,0.0,0,0.0,0,0,,False,scattered,
dt,8,8,0.0,0,0.0,0,0,,False,scattered,
dutch,8,8,0.0,0,0.0,0,0,,False,scattered,
dynamite,8,8,0.0,0,0.0,0,0,,False,scattered,
eavestrough,8,8,0.0,0,0.0,0,0,,False,scattered,
edu,8,8,0.0,0,0.0,0,0,,False,scattered,
educators,8,8,0.0,0,0.0,0,0,,False,scattered,
elder,8,8,0.0,0,0.0,0,0,,False,scattered,
elementaire,8,8,0.0,0,0.0,0,0,,False,scattered,
elephant,8,8,0.0,0,0.0,0,0,,False,scattered,
enjoy,8,8,0.0,0,0.0,0,0,,False,scattered,
envoy,8,8,0.0,0,0.0,0,0,,False,scattered,
envy,8,8,0.0,0,0.0,0,0,,False,scattered,
equinox,8,7,0.0,0,0.0,0,0,,False,scattered,
es,8,7,0.0,0,0.0,0,0,,False,scattered,
esl,8,8,0.0,0,0.0,0,0,,False,scattered,
esthetic,8,7,0.0,0,0.0,0,0,,False,scattered,
estonian,8,3,0.0,0,0.0,0,0,,False,scattered,
evelyn,8,8,0.0,0,0.0,0,0,,False,scattered,
exposure,8,8,0.0,0,0.0,0,0,,False,scattered,
exquisite,8,7,0.0,0,0.0,0,0,,False,scattered,
exteriors,8,8,0.0,0,0.0,0,0,,False,scattered,
fabricland,8,8,0.0,0,0.0,0,0,,False,scattered,
fairstone,8,8,0.0,0,0.0,0,0,,False,scattered,
falafel,8,8,0.0,0,0.0,0,0,,False,scattered,
fedex,8,8,0.0,0,0.0,0,0,,False,scattered,
fil,8,8,0.0,0,0.0,0,0,,False,scattered,
fiona,8,8,0.0,0,0.0,0,0,,False,scattered,
fixtures,8,7,0.0,0,0.0,0,0,,False,scattered,
fresco,8,8,0.0,0,0.0,0,0,,False,scattered,
fuzz,8,8,0.0,0,0.0,0,0,,False,scattered,
gala,8,8,0.0,0,0.0,0,0,,False,scattered,
gc,8,8,0.0,0,0.0,0,0,,False,scattered,
gerald,8,8,0.0,0,0.0,0,0,,False,scattered,
germain,8,8,0.0,0,0.0,0,0,,False,scattered,
gerry,8,8,0.0,0,0.0,0,0,,False,scattered,
gm,8,8,0.0,0,0.0,0,0,,False,scattered,
gmc,8,6,0.0,0,0.0,0,0,,False,scattered,
gone,8,8,0.0,0,0.0,0,0,,False,scattered,
gravity,8,8,0.0,0,0.0,0,0,,False,scattered,
grocers,8,8,0.0,0,0.0,0,0,,False,scattered,
groove,8,8,0.0,0,0.0,0,0,,False,scattered,
gupta,8,8,0.0,0,0.0,0,0,,False,scattered,
gutters,8,8,0.0,0,0.0,0,0,,False,scattered,
hale,8,8,0.0,0,0.0,0,0,,False,scattered,
halibut,8,8,0.0,0,0.0,0,0,,False,scattered,
hammer,8,8,0.0,0,0.0,0,0,,False,scattered,
hawk,8,8,0.0,0,0.0,0,0,,False,scattered,
heroes,8,6,0.0,0,0.0,0,0,,False,scattered,
hicks,8,8,0.0,0,0.0,0,0,,False,scattered,
history,8,8,0.0,0,0.0,0,0,,False,scattered,
hive,8,8,0.0,0,0.0,0,0,,False,scattered,
hole,8,8,0.0,0,0.0,0,0,,False,scattered,
homesense,8,8,0.0,0,0.0,0,0,,False,scattered,
hospitals,8,8,0.0,0,0.0,0,0,,False,scattered,
hughes,8,8,0.0,0,0.0,0,0,,False,scattered,
hugo,8,8,0.0,0,0.0,0,0,,False,scattered,
initiatives,8,8,0.0,0,0.0,0,0,,False,scattered,
inspiration,8,8,0.0,0,0.0,0,0,,False,scattered,
investors,8,8,0.0,0,0.0,0,0,,False,scattered,
iranian,8,7,0.0,0,0.0,0,0,,False,scattered,
jh,8,6,0.0,0,0.0,0,0,,False,scattered,
jk,8,8,0.0,0,0.0,0,0,,False,scattered,
jl,8,8,0.0,0,0.0,0,0,,False,scattered,
jo,8,8,0.0,0,0.0,0,0,,False,scattered,
jollibee,8,8,0.0,0,0.0,0,0,,False,scattered,
jolly,8,8,0.0,0,0.0,0,0,,False,scattered,
journal,8,8,0.0,0,0.0,0,0,,False,scattered,
judo,8,8,0.0,0,0.0,0,0,,False,scattered,
june,8,8,0.0,0,0.0,0,0,,False,scattered,
kathy,8,8,0.0,0,0.0,0,0,,False,scattered,
kg,8,7,0.0,0,0.0,0,0,,False,scattered,
klein,8,8,0.0,0,0.0,0,0,,False,scattered,
kwon,8,8,0.0,0,0.0,0,0,,False,scattered,
latinos,8,8,0.0,0,0.0,0,0,,False,scattered,
lawson,8,8,0.0,0,0.0,0,0,,False,scattered,
left,8,8,0.0,0,0.0,0,0,,False,scattered,
levitt,8,8,0.0,0,0.0,0,0,,False,scattered,
liang,8,8,0.0,0,0.0,0,0,,False,scattered,
lifeline,8,6,0.0,0,0.0,0,0,,False,scattered,
lindsay,8,8,0.0,0,0.0,0,0,,False,scattered,
litho,8,6,0.0,0,0.0,0,0,,False,scattered,
lucas,8,8,0.0,0,0.0,0,0,,False,scattered,
lung,8,7,0.0,0,0.0,0,0,,False,scattered,
luv,8,8,0.0,0,0.0,0,0,,False,scattered,
mann,8,8,0.0,0,0.0,0,0,,False,scattered,
map,8,7,0.0,0,0.0,0,0,,False,scattered,
marilyn,8,7,0.0,0,0.0,0,0,,False,scattered,
marriott,8,7,0.0,0,0.0,0,0,,False,scattered,
martinez,8,8,0.0,0,0.0,0,0,,False,scattered,
mate,8,8,0.0,0,0.0,0,0,,False,scattered,
mattresses,8,8,0.0,0,0.0,0,0,,False,scattered,
maxx,8,8,0.0,0,0.0,0,0,,False,scattered,
medallion,8,8,0.0,0,0.0,0,0,,False,scattered,
mello,8,8,0.0,0,0.0,0,0,,False,scattered,
merry,8,8,0.0,0,0.0,0,0,,False,scattered,
metropolis,8,8,0.0,0,0.0,0,0,,False,scattered,
mina,8,7,0.0,0,0.0,0,0,,False,scattered,
miranda,8,8,0.0,0,0.0,0,0,,False,scattered,
mirvish,8,4,0.0,0,0.0,0,0,,False,scattered,
moksha,8,8,0.0,0,0.0,0,0,,False,scattered,
moms,8,8,0.0,0,0.0,0,0,,False,scattered,
msw,8,8,0.0,0,0.0,0,0,,False,scattered,
muhammad,8,7,0.0,0,0.0,0,0,,False,scattered,
nava,8,6,0.0,0,0.0,0,0,,False,scattered,
ninja,8,8,0.0,0,0.0,0,0,,False,scattered,
novelty,8,7,0.0,0,0.0,0,0,,False,scattered,
occupational,8,8,0.0,0,0.0,0,0,,False,scattered,
olympia,8,8,0.0,0,0.0,0,0,,False,scattered,
orangetheory,8,8,0.0,0,0.0,0,0,,False,scattered,
ott,8,6,0.0,0,0.0,0,0,,False,scattered,
pad,8,8,0.0,0,0.0,0,0,,False,scattered,
pam,8,8,0.0,0,0.0,0,0,,False,scattered,
pamela,8,8,0.0,0,0.0,0,0,,False,scattered,
parkland,8,8,0.0,0,0.0,0,0,,False,scattered,
parties,8,8,0.0,0,0.0,0,0,,False,scattered,
patty,8,8,0.0,0,0.0,0,0,,False,scattered,
pension,8,8,0.0,0,0.0,0,0,,False,scattered,
pharmaceutical,8,8,0.0,0,0.0,0,0,,False,scattered,
pharmaceuticals,8,8,0.0,0,0.0,0,0,,False,scattered,
phat,8,8,0.0,0,0.0,0,0,,False,scattered,
pineapple,8,7,0.0,0,0.0,0,0,,False,scattered,
pipe,8,8,0.0,0,0.0,0,0,,False,scattered,
plating,8,8,0.0,0,0.0,0,0,,False,scattered,
platis,8,8,0.0,0,0.0,0,0,,False,scattered,
playhouse,8,8,0.0,0,0.0,0,0,,False,scattered,
plug,8,8,0.0,0,0.0,0,0,,False,scattered,
pollock,8,7,0.0,0,0.0,0,0,,False,scattered,
pos,8,8,0.0,0,0.0,0,0,,False,scattered,
powered,8,6,0.0,0,0.0,0,0,,False,scattered,
practitioner,8,8,0.0,0,0.0,0,0,,False,scattered,
primal,8,7,0.0,0,0.0,0,0,,False,scattered,
priya,8,8,0.0,0,0.0,0,0,,False,scattered,
processing,8,8,0.0,0,0.0,0,0,,False,scattered,
proper,8,8,0.0,0,0.0,0,0,,False,scattered,
proresp,8,6,0.0,0,0.0,0,0,,False,scattered,
pt,8,8,0.0,0,0.0,0,0,,False,scattered,
pumping,8,8,0.0,0,0.0,0,0,,False,scattered,
purpose,8,8,0.0,0,0.0,0,0,,False,scattered,
pusateri,8,7,0.0,0,0.0,0,0,,False,scattered,
race,8,8,0.0,0,0.0,0,0,,False,scattered,
rachel,8,8,0.0,0,0.0,0,0,,False,scattered,
rad,8,8,0.0,0,0.0,0,0,,False,scattered,
radiology,8,8,0.0,0,0.0,0,0,,False,scattered,
ralph,8,8,0.0,0,0.0,0,0,,False,scattered,
rebecca,8,8,0.0,0,0.0,0,0,,False,scattered,
redeemer,8,8,0.0,0,0.0,0,0,,False,scattered,
redemption,8,8,0.0,0,0.0,0,0,,False,scattered,
reed,8,8,0.0,0,0.0,0,0,,False,scattered,
referral,8,8,0.0,0,0.0,0,0,,False,scattered,
reilly,8,8,0.0,0,0.0,0,0,,False,scattered,
reit,8,8,0.0,0,0.0,0,0,,False,scattered,
relax,8,7,0.0,0,0.0,0,0,,False,scattered,
religious,8,8,0.0,0,0.0,0,0,,False,scattered,
rev,8,8,0.0,0,0.0,0,0,,False,scattered,
revenue,8,5,0.0,0,0.0,0,0,,False,scattered,
revive,8,8,0.0,0,0.0,0,0,,False,scattered,
rm,8,8,0.0,0,0.0,0,0,,False,scattered,
rod,8,8,0.0,0,0.0,0,0,,False,scattered,
rolling,8,8,0.0,0,0.0,0,0,,False,scattered,
romeo,8,7,0.0,0,0.0,0,0,,False,scattered,
rooster,8,8,0.0,0,0.0,0,0,,False,scattered,
saeed,8,7,0.0,0,0.0,0,0,,False,scattered,
salons,8,7,0.0,0,0.0,0,0,,False,scattered,
saloon,8,8,0.0,0,0.0,0,0,,False,scattered,
samosa,8,8,0.0,0,0.0,0,0,,False,scattered,
sante,8,7,0.0,0,0.0,0,0,,False,scattered,
sauce,8,8,0.0,0,0.0,0,0,,False,scattered,
sauna,8,8,0.0,0,0.0,0,0,,False,scattered,
scaffold,8,7,0.0,0,0.0,0,0,,False,scattered,
scale,8,8,0.0,0,0.0,0,0,,False,scattered,
scalp,8,8,0.0,0,0.0,0,0,,False,scattered,
scarlet,8,7,0.0,0,0.0,0,0,,False,scattered,
scene,8,8,0.0,0,0.0,0,0,,False,scattered,
sebastian,8,8,0.0,0,0.0,0,0,,False,scattered,
sells,8,8,0.0,0,0.0,0,0,,False,scattered,
seminary,8,8,0.0,0,0.0,0,0,,False,scattered,
shane,8,8,0.0,0,0.0,0,0,,False,scattered,
sheep,8,8,0.0,0,0.0,0,0,,False,scattered,
sheraton,8,8,0.0,0,0.0,0,0,,False,scattered,
signarama,8,7,0.0,0,0.0,0,0,,False,scattered,
simone,8,8,0.0,0,0.0,0,0,,False,scattered,
sj,8,8,0.0,0,0.0,0,0,,False,scattered,
softmoc,8,7,0.0,0,0.0,0,0,,False,scattered,
soleil,8,7,0.0,0,0.0,0,0,,False,scattered,
solis,8,8,0.0,0,0.0,0,0,,False,scattered,
song,8,8,0.0,0,0.0,0,0,,False,scattered,
spices,8,8,0.0,0,0.0,0,0,,False,scattered,
starr,8,8,0.0,0,0.0,0,0,,False,scattered,
stellar,8,7,0.0,0,0.0,0,0,,False,scattered,
stress,8,8,0.0,0,0.0,0,0,,False,scattered,
suits,8,8,0.0,0,0.0,0,0,,False,scattered,
sv,8,8,0.0,0,0.0,0,0,,False,scattered,
swaminarayan,8,8,0.0,0,0.0,0,0,,False,scattered,
swimwear,8,8,0.0,0,0.0,0,0,,False,scattered,
szechuan,8,8,0.0,0,0.0,0,0,,False,scattered,
tanya,8,8,0.0,0,0.0,0,0,,False,scattered,
tdot,8,8,0.0,0,0.0,0,0,,False,scattered,
tdsb,8,6,0.0,0,0.0,0,0,,False,scattered,
teddy,8,8,0.0,0,0.0,0,0,,False,scattered,
telephone,8,8,0.0,0,0.0,0,0,,False,scattered,
teresa,8,8,0.0,0,0.0,0,0,,False,scattered,
terra,8,8,0.0,0,0.0,0,0,,False,scattered,
theater,8,8,0.0,0,0.0,0,0,,False,scattered,
therapists,8,8,0.0,0,0.0,0,0,,False,scattered,
tnt,8,8,0.0,0,0.0,0,0,,False,scattered,
transitions,8,8,0.0,0,0.0,0,0,,False,scattered,
treat,8,8,0.0,0,0.0,0,0,,False,scattered,
treatments,8,7,0.0,0,0.0,0,0,,False,scattered,
treehouse,8,8,0.0,0,0.0,0,0,,False,scattered,
tru,8,8,0.0,0,0.0,0,0,,False,scattered,
trucking,8,8,0.0,0,0.0,0,0,,False,scattered,
tsang,8,7,0.0,0,0.0,0,0,,False,scattered,
tuning,8,8,0.0,0,0.0,0,0,,False,scattered,
turn,8,8,0.0,0,0.0,0,0,,False,scattered,
twilight,8,8,0.0,0,0.0,0,0,,False,scattered,
unicash,8,8,0.0,0,0.0,0,0,,False,scattered,
unison,8,8,0.0,0,0.0,0,0,,False,scattered,
ur,8,8,0.0,0,0.0,0,0,,False,scattered,
vanessa,8,8,0.0,0,0.0,0,0,,False,scattered,
vans,8,8,0.0,0,0.0,0,0,,False,scattered,
veg,8,8,0.0,0,0.0,0,0,,False,scattered,
velocity,8,7,0.0,0,0.0,0,0,,False,scattered,
very,8,8,0.0,0,0.0,0,0,,False,scattered,
vito,8,8,0.0,0,0.0,0,0,,False,scattered,
volleyball,8,7,0.0,0,0.0,0,0,,False,scattered,
vortex,8,8,0.0,0,0.0,0,0,,False,scattered,
vs,8,8,0.0,0,0.0,0,0,,False,scattered,
war,8,8,0.0,0,0.0,0,0,,False,scattered,
warner,8,8,0.0,0,0.0,0,0,,False,scattered,
wolseley,8,8,0.0,0,0.0,0,0,,False,scattered,
womens,8,8,0.0,0,0.0,0,0,,False,scattered,
wonderland,8,8,0.0,0,0.0,0,0,,False,scattered,
wyndham,8,8,0.0,0,0.0,0,0,,False,scattered,
years,8,8,0.0,0,0.0,0,0,,False,scattered,
yi,8,8,0.0,0,0.0,0,0,,False,scattered,
ywca,8,6,0.0,0,0.0,0,0,,False,scattered,
zara,8,8,0.0,0,0.0,0,0,,False,scattered,
abraham,7,7,0.0,0,0.0,0,0,,False,scattered,
abrams,7,7,0.0,0,0.0,0,0,,False,scattered,
adnan,7,6,0.0,0,0.0,0,0,,False,scattered,
adonis,7,7,0.0,0,0.0,0,0,,False,scattered,
adr,7,7,0.0,0,0.0,0,0,,False,scattered,
advancement,7,7,0.0,0,0.0,0,0,,False,scattered,
aged,7,7,0.0,0,0.0,0,0,,False,scattered,
agnes,7,7,0.0,0,0.0,0,0,,False,scattered,
alair,7,7,0.0,0,0.0,0,0,,False,scattered,
alam,7,7,0.0,0,0.0,0,0,,False,scattered,
album,7,6,0.0,0,0.0,0,0,,False,scattered,
alignment,7,7,0.0,0,0.0,0,0,,False,scattered,
alteration,7,7,0.0,0,0.0,0,0,,False,scattered,
amc,7,7,0.0,0,0.0,0,0,,False,scattered,
amour,7,7,0.0,0,0.0,0,0,,False,scattered,
anime,7,7,0.0,0,0.0,0,0,,False,scattered,
appraisers,7,7,0.0,0,0.0,0,0,,False,scattered,
arabic,7,7,0.0,0,0.0,0,0,,False,scattered,
ark,7,7,0.0,0,0.0,0,0,,False,scattered,
arnold,7,7,0.0,0,0.0,0,0,,False,scattered,
arz,7,7,0.0,0,0.0,0,0,,False,scattered,
aspen,7,7,0.0,0,0.0,0,0,,False,scattered,
aspire,7,7,0.0,0,0.0,0,0,,False,scattered,
asr,7,7,0.0,0,0.0,0,0,,False,scattered,
associated,7,7,0.0,0,0.0,0,0,,False,scattered,
associations,7,7,0.0,0,0.0,0,0,,False,scattered,
athletes,7,7,0.0,0,0.0,0,0,,False,scattered,
atomic,7,7,0.0,0,0.0,0,0,,False,scattered,
audiology,7,7,0.0,0,0.0,0,0,,False,scattered,
august,7,7,0.0,0,0.0,0,0,,False,scattered,
automobiles,7,7,0.0,0,0.0,0,0,,False,scattered,
avanti,7,7,0.0,0,0.0,0,0,,False,scattered,
aviation,7,7,0.0,0,0.0,0,0,,False,scattered,
ayurveda,7,7,0.0,0,0.0,0,0,,False,scattered,
bags,7,7,0.0,0,0.0,0,0,,False,scattered,
barbecue,7,7,0.0,0,0.0,0,0,,False,scattered,
barista,7,6,0.0,0,0.0,0,0,,False,scattered,
bazar,7,7,0.0,0,0.0,0,0,,False,scattered,
beans,7,7,0.0,0,0.0,0,0,,False,scattered,
beast,7,7,0.0,0,0.0,0,0,,False,scattered,
bedding,7,6,0.0,0,0.0,0,0,,False,scattered,
beds,7,7,0.0,0,0.0,0,0,,False,scattered,
berger,7,6,0.0,0,0.0,0,0,,False,scattered,
bestway,7,7,0.0,0,0.0,0,0,,False,scattered,
binz,7,7,0.0,0,0.0,0,0,,False,scattered,
birth,7,7,0.0,0,0.0,0,0,,False,scattered,
bit,7,7,0.0,0,0.0,0,0,,False,scattered,
blooming,7,7,0.0,0,0.0,0,0,,False,scattered,
bodies,7,7,0.0,0,0.0,0,0,,False,scattered,
bonnie,7,7,0.0,0,0.0,0,0,,False,scattered,
brett,7,7,0.0,0,0.0,0,0,,False,scattered,
bristol,7,7,0.0,0,0.0,0,0,,False,scattered,
brook,7,7,0.0,0,0.0,0,0,,False,scattered,
bun,7,6,0.0,0,0.0,0,0,,False,scattered,
cad,7,7,0.0,0,0.0,0,0,,False,scattered,
caldense,7,7,0.0,0,0.0,0,0,,False,scattered,
canterbury,7,7,0.0,0,0.0,0,0,,False,scattered,
capitol,7,5,0.0,0,0.0,0,0,,False,scattered,
caryl,7,7,0.0,0,0.0,0,0,,False,scattered,
caterers,7,7,0.0,0,0.0,0,0,,False,scattered,
catholique,7,5,0.0,0,0.0,0,0,,False,scattered,
cd,7,7,0.0,0,0.0,0,0,,False,scattered,
chabad,7,7,0.0,0,0.0,0,0,,False,scattered,
chain,7,7,0.0,0,0.0,0,0,,False,scattered,
chaplaincy,7,7,0.0,0,0.0,0,0,,False,scattered,
chapman,7,7,0.0,0,0.0,0,0,,False,scattered,
chapters,7,7,0.0,0,0.0,0,0,,False,scattered,
chat,7,7,0.0,0,0.0,0,0,,False,scattered,
childrens,7,7,0.0,0,0.0,0,0,,False,scattered,
chowdhury,7,7,0.0,0,0.0,0,0,,False,scattered,
cintas,7,4,0.0,0,0.0,0,0,,False,scattered,
citi,7,7,0.0,0,0.0,0,0,,False,scattered,
citrus,7,6,0.0,0,0.0,0,0,,False,scattered,
classics,7,6,0.0,0,0.0,0,0,,False,scattered,
claudia,7,7,0.0,0,0.0,0,0,,False,scattered,
cnc,7,7,0.0,0,0.0,0,0,,False,scattered,
coal,7,7,0.0,0,0.0,0,0,,False,scattered,
comic,7,7,0.0,0,0.0,0,0,,False,scattered,
comm,7,7,0.0,0,0.0,0,0,,False,scattered,
controls,7,7,0.0,0,0.0,0,0,,False,scattered,
corina,7,7,0.0,0,0.0,0,0,,False,scattered,
courts,7,7,0.0,0,0.0,0,0,,False,scattered,
crimson,7,7,0.0,0,0.0,0,0,,False,scattered,
crm,7,7,0.0,0,0.0,0,0,,False,scattered,
cultura,7,7,0.0,0,0.0,0,0,,False,scattered,
cycling,7,7,0.0,0,0.0,0,0,,False,scattered,
davina,7,7,0.0,0,0.0,0,0,,False,scattered,
deliverance,7,7,0.0,0,0.0,0,0,,False,scattered,
detailers,7,7,0.0,0,0.0,0,0,,False,scattered,
digi,7,7,0.0,0,0.0,0,0,,False,scattered,
dino,7,7,0.0,0,0.0,0,0,,False,scattered,
div,7,7,0.0,0,0.0,0,0,,False,scattered,
doris,7,7,0.0,0,0.0,0,0,,False,scattered,
drip,7,7,0.0,0,0.0,0,0,,False,scattered,
duca,7,7,0.0,0,0.0,0,0,,False,scattered,
dunlop,7,5,0.0,0,0.0,0,0,,False,scattered,
duo,7,7,0.0,0,0.0,0,0,,False,scattered,
durga,7,7,0.0,0,0.0,0,0,,False,scattered,
duty,7,7,0.0,0,0.0,0,0,,False,scattered,
easyhome,7,7,0.0,0,0.0,0,0,,False,scattered,
ecommerce,7,7,0.0,0,0.0,0,0,,False,scattered,
economics,7,6,0.0,0,0.0,0,0,,False,scattered,
eddy,7,7,0.0,0,0.0,0,0,,False,scattered,
edit,7,7,0.0,0,0.0,0,0,,False,scattered,
edition,7,7,0.0,0,0.0,0,0,,False,scattered,
egyptian,7,7,0.0,0,0.0,0,0,,False,scattered,
eh,7,6,0.0,0,0.0,0,0,,False,scattered,
employees,7,7,0.0,0,0.0,0,0,,False,scattered,
empower,7,7,0.0,0,0.0,0,0,,False,scattered,
empowerment,7,7,0.0,0,0.0,0,0,,False,scattered,
engage,7,6,0.0,0,0.0,0,0,,False,scattered,
ent,7,6,0.0,0,0.0,0,0,,False,scattered,
europa,7,7,0.0,0,0.0,0,0,,False,scattered,
evan,7,7,0.0,0,0.0,0,0,,False,scattered,
ex,7,7,0.0,0,0.0,0,0,,False,scattered,
exercise,7,7,0.0,0,0.0,0,0,,False,scattered,
extra,7,7,0.0,0,0.0,0,0,,False,scattered,
fabricating,7,7,0.0,0,0.0,0,0,,False,scattered,
fabricators,7,7,0.0,0,0.0,0,0,,False,scattered,
factor,7,7,0.0,0,0.0,0,0,,False,scattered,
fairweather,7,6,0.0,0,0.0,0,0,,False,scattered,
fernando,7,7,0.0,0,0.0,0,0,,False,scattered,
fiddle,7,7,0.0,0,0.0,0,0,,False,scattered,
finds,7,7,0.0,0,0.0,0,0,,False,scattered,
fixt,7,7,0.0,0,0.0,0,0,,False,scattered,
fleming,7,6,0.0,0,0.0,0,0,,False,scattered,
fleur,7,7,0.0,0,0.0,0,0,,False,scattered,
flip,7,7,0.0,0,0.0,0,0,,False,scattered,
flor,7,7,0.0,0,0.0,0,0,,False,scattered,
forbes,7,7,0.0,0,0.0,0,0,,False,scattered,
fork,7,7,0.0,0,0.0,0,0,,False,scattered,
france,7,7,0.0,0,0.0,0,0,,False,scattered,
frost,7,7,0.0,0,0.0,0,0,,False,scattered,
function,7,7,0.0,0,0.0,0,0,,False,scattered,
geo,7,7,0.0,0,0.0,0,0,,False,scattered,
gil,7,7,0.0,0,0.0,0,0,,False,scattered,
gillian,7,7,0.0,0,0.0,0,0,,False,scattered,
grad,7,7,0.0,0,0.0,0,0,,False,scattered,
greco,7,7,0.0,0,0.0,0,0,,False,scattered,
greystone,7,5,0.0,0,0.0,0,0,,False,scattered,
grossman,7,7,0.0,0,0.0,0,0,,False,scattered,
habibi,7,7,0.0,0,0.0,0,0,,False,scattered,
haircut,7,7,0.0,0,0.0,0,0,,False,scattered,
handmade,7,7,0.0,0,0.0,0,0,,False,scattered,
hawthorne,7,6,0.0,0,0.0,0,0,,False,scattered,
heavenly,7,7,0.0,0,0.0,0,0,,False,scattered,
homeland,7,7,0.0,0,0.0,0,0,,False,scattered,
hon,7,7,0.0,0,0.0,0,0,,False,scattered,
hosting,7,7,0.0,0,0.0,0,0,,False,scattered,
houses,7,7,0.0,0,0.0,0,0,,False,scattered,
humanity,7,7,0.0,0,0.0,0,0,,False,scattered,
hung,7,7,0.0,0,0.0,0,0,,False,scattered,
hush,7,7,0.0,0,0.0,0,0,,False,scattered,
hybrid,7,7,0.0,0,0.0,0,0,,False,scattered,
hydraulics,7,7,0.0,0,0.0,0,0,,False,scattered,
id,7,7,0.0,0,0.0,0,0,,False,scattered,
ignite,7,4,0.0,0,0.0,0,0,,False,scattered,
im,7,7,0.0,0,0.0,0,0,,False,scattered,
imran,7,7,0.0,0,0.0,0,0,,False,scattered,
innovate,7,7,0.0,0,0.0,0,0,,False,scattered,
integra,7,7,0.0,0,0.0,0,0,,False,scattered,
inter,7,7,0.0,0,0.0,0,0,,False,scattered,
investigators,7,7,0.0,0,0.0,0,0,,False,scattered,
iv,7,7,0.0,0,0.0,0,0,,False,scattered,
ivey,7,4,0.0,0,0.0,0,0,,False,scattered,
jacks,7,7,0.0,0,0.0,0,0,,False,scattered,
janet,7,7,0.0,0,0.0,0,0,,False,scattered,
janice,7,6,0.0,0,0.0,0,0,,False,scattered,
jersey,7,7,0.0,0,0.0,0,0,,False,scattered,
jerusalem,7,7,0.0,0,0.0,0,0,,False,scattered,
joan,7,7,0.0,0,0.0,0,0,,False,scattered,
josie,7,7,0.0,0,0.0,0,0,,False,scattered,
jt,7,7,0.0,0,0.0,0,0,,False,scattered,
ju,7,7,0.0,0,0.0,0,0,,False,scattered,
jubilee,7,7,0.0,0,0.0,0,0,,False,scattered,
judith,7,7,0.0,0,0.0,0,0,,False,scattered,
judy,7,7,0.0,0,0.0,0,0,,False,scattered,
jug,7,6,0.0,0,0.0,0,0,,False,scattered,
jules,7,7,0.0,0,0.0,0,0,,False,scattered,
kaizen,7,7,0.0,0,0.0,0,0,,False,scattered,
kali,7,7,0.0,0,0.0,0,0,,False,scattered,
kang,7,7,0.0,0,0.0,0,0,,False,scattered,
kb,7,7,0.0,0,0.0,0,0,,False,scattered,
kennel,7,7,0.0,0,0.0,0,0,,False,scattered,
kerry,7,7,0.0,0,0.0,0,0,,False,scattered,
kick,7,7,0.0,0,0.0,0,0,,False,scattered,
kindergarten,7,7,0.0,0,0.0,0,0,,False,scattered,
kinetic,7,7,0.0,0,0.0,0,0,,False,scattered,
kiran,7,7,0.0,0,0.0,0,0,,False,scattered,
kiwanis,7,7,0.0,0,0.0,0,0,,False,scattered,
kodak,7,7,0.0,0,0.0,0,0,,False,scattered,
kyle,7,5,0.0,0,0.0,0,0,,False,scattered,
labels,7,7,0.0,0,0.0,0,0,,False,scattered,
lai,7,7,0.0,0,0.0,0,0,,False,scattered,
landscapes,7,7,0.0,0,0.0,0,0,,False,scattered,
landwer,7,7,0.0,0,0.0,0,0,,False,scattered,
laurent,7,7,0.0,0,0.0,0,0,,False,scattered,
laurie,7,7,0.0,0,0.0,0,0,,False,scattered,
lb,7,7,0.0,0,0.0,0,0,,False,scattered,
learners,7,7,0.0,0,0.0,0,0,,False,scattered,
len,7,7,0.0,0,0.0,0,0,,False,scattered,
lev,7,6,0.0,0,0.0,0,0,,False,scattered,
levy,7,7,0.0,0,0.0,0,0,,False,scattered,
liberal,7,6,0.0,0,0.0,0,0,,False,scattered,
licensing,7,7,0.0,0,0.0,0,0,,False,scattered,
lotto,7,6,0.0,0,0.0,0,0,,False,scattered,
lowe,7,7,0.0,0,0.0,0,0,,False,scattered,
luis,7,7,0.0,0,0.0,0,0,,False,scattered,
lydia,7,7,0.0,0,0.0,0,0,,False,scattered,
lynx,7,7,0.0,0,0.0,0,0,,False,scattered,
machining,7,7,0.0,0,0.0,0,0,,False,scattered,
mack,7,7,0.0,0,0.0,0,0,,False,scattered,
marques,7,6,0.0,0,0.0,0,0,,False,scattered,
martini,7,7,0.0,0,0.0,0,0,,False,scattered,
masonic,7,5,0.0,0,0.0,0,0,,False,scattered,
mathew,7,7,0.0,0,0.0,0,0,,False,scattered,
mcquade,7,6,0.0,0,0.0,0,0,,False,scattered,
memories,7,7,0.0,0,0.0,0,0,,False,scattered,
mendoza,7,7,0.0,0,0.0,0,0,,False,scattered,
mercury,7,7,0.0,0,0.0,0,0,,False,scattered,
mh,7,7,0.0,0,0.0,0,0,,False,scattered,
microblading,7,7,0.0,0,0.0,0,0,,False,scattered,
miguel,7,7,0.0,0,0.0,0,0,,False,scattered,
minerva,7,7,0.0,0,0.0,0,0,,False,scattered,
mohammed,7,6,0.0,0,0.0,0,0,,False,scattered,
mover,7,7,0.0,0,0.0,0,0,,False,scattered,
mrbeast,7,7,0.0,0,0.0,0,0,,False,scattered,
muir,7,5,0.0,0,0.0,0,0,,False,scattered,
multicultural,7,7,0.0,0,0.0,0,0,,False,scattered,
mystery,7,7,0.0,0,0.0,0,0,,False,scattered,
nash,7,7,0.0,0,0.0,0,0,,False,scattered,
nationwide,7,7,0.0,0,0.0,0,0,,False,scattered,
naturopath,7,7,0.0,0,0.0,0,0,,False,scattered,
nord,7,7,0.0,0,0.0,0,0,,False,scattered,
novo,7,7,0.0,0,0.0,0,0,,False,scattered,
nurseries,7,7,0.0,0,0.0,0,0,,False,scattered,
nutritionist,7,7,0.0,0,0.0,0,0,,False,scattered,
nuvo,7,6,0.0,0,0.0,0,0,,False,scattered,
odd,7,7,0.0,0,0.0,0,0,,False,scattered,
ofc,7,7,0.0,0,0.0,0,0,,False,scattered,
omar,7,7,0.0,0,0.0,0,0,,False,scattered,
onsite,7,7,0.0,0,0.0,0,0,,False,scattered,
orient,7,7,0.0,0,0.0,0,0,,False,scattered,
orthodontic,7,7,0.0,0,0.0,0,0,,False,scattered,
osteo,7,6,0.0,0,0.0,0,0,,False,scattered,
otto,7,7,0.0,0,0.0,0,0,,False,scattered,
overhead,7,7,0.0,0,0.0,0,0,,False,scattered,
pablo,7,7,0.0,0,0.0,0,0,,False,scattered,
pages,7,6,0.0,0,0.0,0,0,,False,scattered,
panago,7,7,0.0,0,0.0,0,0,,False,scattered,
parkers,7,7,0.0,0,0.0,0,0,,False,scattered,
payday,7,7,0.0,0,0.0,0,0,,False,scattered,
peach,7,6,0.0,0,0.0,0,0,,False,scattered,
pediatrics,7,7,0.0,0,0.0,0,0,,False,scattered,
perfume,7,7,0.0,0,0.0,0,0,,False,scattered,
personalized,7,7,0.0,0,0.0,0,0,,False,scattered,
pianos,7,7,0.0,0,0.0,0,0,,False,scattered,
pickle,7,7,0.0,0,0.0,0,0,,False,scattered,
picnic,7,7,0.0,0,0.0,0,0,,False,scattered,
placement,7,6,0.0,0,0.0,0,0,,False,scattered,
pmu,7,6,0.0,0,0.0,0,0,,False,scattered,
podiatry,7,6,0.0,0,0.0,0,0,,False,scattered,
polaris,7,7,0.0,0,0.0,0,0,,False,scattered,
polishing,7,7,0.0,0,0.0,0,0,,False,scattered,
polo,7,7,0.0,0,0.0,0,0,,False,scattered,
pooja,7,7,0.0,0,0.0,0,0,,False,scattered,
popeye,7,7,0.0,0,0.0,0,0,,False,scattered,
postal,7,7,0.0,0,0.0,0,0,,False,scattered,
potato,7,7,0.0,0,0.0,0,0,,False,scattered,
poulet,7,7,0.0,0,0.0,0,0,,False,scattered,
pour,7,7,0.0,0,0.0,0,0,,False,scattered,
ppc,7,7,0.0,0,0.0,0,0,,False,scattered,
pristine,7,7,0.0,0,0.0,0,0,,False,scattered,
providence,7,6,0.0,0,0.0,0,0,,False,scattered,
puff,7,7,0.0,0,0.0,0,0,,False,scattered,
pup,7,7,0.0,0,0.0,0,0,,False,scattered,
qi,7,7,0.0,0,0.0,0,0,,False,scattered,
quarter,7,7,0.0,0,0.0,0,0,,False,scattered,
rana,7,7,0.0,0,0.0,0,0,,False,scattered,
randstad,7,6,0.0,0,0.0,0,0,,False,scattered,
rcc,7,6,0.0,0,0.0,0,0,,False,scattered,
regina,7,7,0.0,0,0.0,0,0,,False,scattered,
religion,7,7,0.0,0,0.0,0,0,,False,scattered,
remediation,7,7,0.0,0,0.0,0,0,,False,scattered,
remedy,7,7,0.0,0,0.0,0,0,,False,scattered,
renewal,7,7,0.0,0,0.0,0,0,,False,scattered,
results,7,7,0.0,0,0.0,0,0,,False,scattered,
retailer,7,6,0.0,0,0.0,0,0,,False,scattered,
rg,7,7,0.0,0,0.0,0,0,,False,scattered,
rico,7,6,0.0,0,0.0,0,0,,False,scattered,
rings,7,4,0.0,0,0.0,0,0,,False,scattered,
rj,7,7,0.0,0,0.0,0,0,,False,scattered,
rk,7,7,0.0,0,0.0,0,0,,False,scattered,
roast,7,7,0.0,0,0.0,0,0,,False,scattered,
rodriguez,7,7,0.0,0,0.0,0,0,,False,scattered,
romanian,7,7,0.0,0,0.0,0,0,,False,scattered,
rosewood,7,7,0.0,0,0.0,0,0,,False,scattered,
rsw,7,7,0.0,0,0.0,0,0,,False,scattered,
runner,7,7,0.0,0,0.0,0,0,,False,scattered,
rx,7,6,0.0,0,0.0,0,0,,False,scattered,
salesforce,7,7,0.0,0,0.0,0,0,,False,scattered,
sand,7,6,0.0,0,0.0,0,0,,False,scattered,
sandbox,7,7,0.0,0,0.0,0,0,,False,scattered,
santo,7,7,0.0,0,0.0,0,0,,False,scattered,
say,7,7,0.0,0,0.0,0,0,,False,scattered,
sb,7,7,0.0,0,0.0,0,0,,False,scattered,
sc,7,7,0.0,0,0.0,0,0,,False,scattered,
scaddabush,7,7,0.0,0,0.0,0,0,,False,scattered,
scientific,7,6,0.0,0,0.0,0,0,,False,scattered,
scissors,7,7,0.0,0,0.0,0,0,,False,scattered,
scratch,7,7,0.0,0,0.0,0,0,,False,scattered,
seoul,7,7,0.0,0,0.0,0,0,,False,scattered,
serge,7,7,0.0,0,0.0,0,0,,False,scattered,
sexy,7,7,0.0,0,0.0,0,0,,False,scattered,
shape,7,7,0.0,0,0.0,0,0,,False,scattered,
sharp,7,7,0.0,0,0.0,0,0,,False,scattered,
shiny,7,7,0.0,0,0.0,0,0,,False,scattered,
shoeless,7,7,0.0,0,0.0,0,0,,False,scattered,
si,7,7,0.0,0,0.0,0,0,,False,scattered,
sight,7,6,0.0,0,0.0,0,0,,False,scattered,
sip,7,7,0.0,0,0.0,0,0,,False,scattered,
skatepark,7,7,0.0,0,0.0,0,0,,False,scattered,
skilled,7,7,0.0,0,0.0,0,0,,False,scattered,
sklar,7,7,0.0,0,0.0,0,0,,False,scattered,
skyview,7,6,0.0,0,0.0,0,0,,False,scattered,
skyway,7,7,0.0,0,0.0,0,0,,False,scattered,
slab,7,7,0.0,0,0.0,0,0,,False,scattered,
smooth,7,7,0.0,0,0.0,0,0,,False,scattered,
socks,7,7,0.0,0,0.0,0,0,,False,scattered,
spec,7,7,0.0,0,0.0,0,0,,False,scattered,
spence,7,7,0.0,0,0.0,0,0,,False,scattered,
sprint,7,7,0.0,0,0.0,0,0,,False,scattered,
ss,7,7,0.0,0,0.0,0,0,,False,scattered,
stacked,7,7,0.0,0,0.0,0,0,,False,scattered,
stamp,7,7,0.0,0,0.0,0,0,,False,scattered,
stanford,7,7,0.0,0,0.0,0,0,,False,scattered,
stationery,7,7,0.0,0,0.0,0,0,,False,scattered,
still,7,7,0.0,0,0.0,0,0,,False,scattered,
stor,7,7,0.0,0,0.0,0,0,,False,scattered,
stream,7,7,0.0,0,0.0,0,0,,False,scattered,
string,7,6,0.0,0,0.0,0,0,,False,scattered,
structures,7,7,0.0,0,0.0,0,0,,False,scattered,
stylists,7,7,0.0,0,0.0,0,0,,False,scattered,
sud,7,7,0.0,0,0.0,0,0,,False,scattered,
sunbelt,7,7,0.0,0,0.0,0,0,,False,scattered,
surplus,7,7,0.0,0,0.0,0,0,,False,scattered,
sustainability,7,7,0.0,0,0.0,0,0,,False,scattered,
sustainable,7,7,0.0,0,0.0,0,0,,False,scattered,
symphony,7,6,0.0,0,0.0,0,0,,False,scattered,
tac,7,6,0.0,0,0.0,0,0,,False,scattered,
tandoori,7,7,0.0,0,0.0,0,0,,False,scattered,
tatiana,7,7,0.0,0,0.0,0,0,,False,scattered,
temporary,7,7,0.0,0,0.0,0,0,,False,scattered,
theodore,7,7,0.0,0,0.0,0,0,,False,scattered,
there,7,7,0.0,0,0.0,0,0,,False,scattered,
tikka,7,7,0.0,0,0.0,0,0,,False,scattered,
tiles,7,7,0.0,0,0.0,0,0,,False,scattered,
tj,7,7,0.0,0,0.0,0,0,,False,scattered,
todd,7,7,0.0,0,0.0,0,0,,False,scattered,
tomorrow,7,7,0.0,0,0.0,0,0,,False,scattered,
topcuts,7,7,0.0,0,0.0,0,0,,False,scattered,
topnotch,7,5,0.0,0,0.0,0,0,,False,scattered,
torah,7,6,0.0,0,0.0,0,0,,False,scattered,
tots,7,7,0.0,0,0.0,0,0,,False,scattered,
totum,7,7,0.0,0,0.0,0,0,,False,scattered,
transcription,7,7,0.0,0,0.0,0,0,,False,scattered,
transition,7,7,0.0,0,0.0,0,0,,False,scattered,
trap,7,7,0.0,0,0.0,0,0,,False,scattered,
trident,7,7,0.0,0,0.0,0,0,,False,scattered,
trio,7,7,0.0,0,0.0,0,0,,False,scattered,
triumph,7,7,0.0,0,0.0,0,0,,False,scattered,
tubs,7,7,0.0,0,0.0,0,0,,False,scattered,
tucker,7,4,0.0,0,0.0,0,0,,False,scattered,
tung,7,7,0.0,0,0.0,0,0,,False,scattered,
uber,7,7,0.0,0,0.0,0,0,,False,scattered,
uk,7,6,0.0,0,0.0,0,0,,False,scattered,
unified,7,7,0.0,0,0.0,0,0,,False,scattered,
uno,7,7,0.0,0,0.0,0,0,,False,scattered,
utopia,7,7,0.0,0,0.0,0,0,,False,scattered,
va,7,7,0.0,0,0.0,0,0,,False,scattered,
valerie,7,7,0.0,0,0.0,0,0,,False,scattered,
valet,7,7,0.0,0,0.0,0,0,,False,scattered,
vascular,7,7,0.0,0,0.0,0,0,,False,scattered,
vector,7,7,0.0,0,0.0,0,0,,False,scattered,
vedic,7,7,0.0,0,0.0,0,0,,False,scattered,
veritas,7,7,0.0,0,0.0,0,0,,False,scattered,
vibes,7,7,0.0,0,0.0,0,0,,False,scattered,
vishnu,7,7,0.0,0,0.0,0,0,,False,scattered,
visit,7,7,0.0,0,0.0,0,0,,False,scattered,
visuals,7,7,0.0,0,0.0,0,0,,False,scattered,
vivah,7,7,0.0,0,0.0,0,0,,False,scattered,
vo,7,7,0.0,0,0.0,0,0,,False,scattered,
warranty,7,7,0.0,0,0.0,0,0,,False,scattered,
warrior,7,7,0.0,0,0.0,0,0,,False,scattered,
weber,7,7,0.0,0,0.0,0,0,,False,scattered,
websites,7,7,0.0,0,0.0,0,0,,False,scattered,
wee,7,7,0.0,0,0.0,0,0,,False,scattered,
weisberg,7,7,0.0,0,0.0,0,0,,False,scattered,
whitening,7,7,0.0,0,0.0,0,0,,False,scattered,
wholesaler,7,7,0.0,0,0.0,0,0,,False,scattered,
wilcox,7,7,0.0,0,0.0,0,0,,False,scattered,
wish,7,7,0.0,0,0.0,0,0,,False,scattered,
wizards,7,7,0.0,0,0.0,0,0,,False,scattered,
woman,7,7,0.0,0,0.0,0,0,,False,scattered,
wonder,7,6,0.0,0,0.0,0,0,,False,scattered,
wonton,7,7,0.0,0,0.0,0,0,,False,scattered,
woof,7,7,0.0,0,0.0,0,0,,False,scattered,
yards,7,6,0.0,0,0.0,0,0,,False,scattered,
yen,7,7,0.0,0,0.0,0,0,,False,scattered,
yip,7,7,0.0,0,0.0,0,0,,False,scattered,
yogurt,7,7,0.0,0,0.0,0,0,,False,scattered,
yuan,7,7,0.0,0,0.0,0,0,,False,scattered,
yvonne,7,7,0.0,0,0.0,0,0,,False,scattered,
zahra,7,7,0.0,0,0.0,0,0,,False,scattered,
zenith,7,7,0.0,0,0.0,0,0,,False,scattered,
zoe,7,7,0.0,0,0.0,0,0,,False,scattered,
abnormal,6,6,0.0,0,0.0,0,0,,False,scattered,
acacia,6,6,0.0,0,0.0,0,0,,False,scattered,
accents,6,6,0.0,0,0.0,0,0,,False,scattered,
accessible,6,6,0.0,0,0.0,0,0,,False,scattered,
accu,6,6,0.0,0,0.0,0,0,,False,scattered,
aces,6,4,0.0,0,0.0,0,0,,False,scattered,
acorn,6,6,0.0,0,0.0,0,0,,False,scattered,
acs,6,6,0.0,0,0.0,0,0,,False,scattered,
acura,6,6,0.0,0,0.0,0,0,,False,scattered,
adoption,6,6,0.0,0,0.0,0,0,,False,scattered,
aegis,6,6,0.0,0,0.0,0,0,,False,scattered,
aerial,6,6,0.0,0,0.0,0,0,,False,scattered,
aerospace,6,6,0.0,0,0.0,0,0,,False,scattered,
aesop,6,6,0.0,0,0.0,0,0,,False,scattered,
affinity,6,6,0.0,0,0.0,0,0,,False,scattered,
aji,6,6,0.0,0,0.0,0,0,,False,scattered,
alba,6,6,0.0,0,0.0,0,0,,False,scattered,
alicia,6,6,0.0,0,0.0,0,0,,False,scattered,
alison,6,6,0.0,0,0.0,0,0,,False,scattered,
allergy,6,6,0.0,0,0.0,0,0,,False,scattered,
amar,6,6,0.0,0,0.0,0,0,,False,scattered,
ambassador,6,6,0.0,0,0.0,0,0,,False,scattered,
amusement,6,6,0.0,0,0.0,0,0,,False,scattered,
andres,6,6,0.0,0,0.0,0,0,,False,scattered,
aphrodite,6,6,0.0,0,0.0,0,0,,False,scattered,
application,6,6,0.0,0,0.0,0,0,,False,scattered,
apt,6,6,0.0,0,0.0,0,0,,False,scattered,
ara,6,6,0.0,0,0.0,0,0,,False,scattered,
aren,6,6,0.0,0,0.0,0,0,,False,scattered,
armoury,6,6,0.0,0,0.0,0,0,,False,scattered,
ars,6,4,0.0,0,0.0,0,0,,False,scattered,
arsenal,6,6,0.0,0,0.0,0,0,,False,scattered,
assignment,6,6,0.0,0,0.0,0,0,,False,scattered,
aston,6,6,0.0,0,0.0,0,0,,False,scattered,
athena,6,6,0.0,0,0.0,0,0,,False,scattered,
atin,6,6,0.0,0,0.0,0,0,,False,scattered,
automated,6,6,0.0,0,0.0,0,0,,False,scattered,
automatic,6,6,0.0,0,0.0,0,0,,False,scattered,
aware,6,5,0.0,0,0.0,0,0,,False,scattered,
axess,6,5,0.0,0,0.0,0,0,,False,scattered,
axon,6,6,0.0,0,0.0,0,0,,False,scattered,
backyard,6,5,0.0,0,0.0,0,0,,False,scattered,
bait,6,6,0.0,0,0.0,0,0,,False,scattered,
banks,6,5,0.0,0,0.0,0,0,,False,scattered,
barbering,6,6,0.0,0,0.0,0,0,,False,scattered,
bare,6,6,0.0,0,0.0,0,0,,False,scattered,
baron,6,6,0.0,0,0.0,0,0,,False,scattered,
bartending,6,5,0.0,0,0.0,0,0,,False,scattered,
bash,6,6,0.0,0,0.0,0,0,,False,scattered,
beau,6,5,0.0,0,0.0,0,0,,False,scattered,
beginnings,6,6,0.0,0,0.0,0,0,,False,scattered,
beijing,6,6,0.0,0,0.0,0,0,,False,scattered,
being,6,6,0.0,0,0.0,0,0,,False,scattered,
between,6,6,0.0,0,0.0,0,0,,False,scattered,
bgc,6,6,0.0,0,0.0,0,0,,False,scattered,
birks,6,6,0.0,0,0.0,0,0,,False,scattered,
bk,6,6,0.0,0,0.0,0,0,,False,scattered,
boards,6,6,0.0,0,0.0,0,0,,False,scattered,
bona,6,5,0.0,0,0.0,0,0,,False,scattered,
boxcar,6,6,0.0,0,0.0,0,0,,False,scattered,
bradshaw,6,6,0.0,0,0.0,0,0,,False,scattered,
broken,6,6,0.0,0,0.0,0,0,,False,scattered,
brotherhood,6,6,0.0,0,0.0,0,0,,False,scattered,
bts,6,6,0.0,0,0.0,0,0,,False,scattered,
bu,6,6,0.0,0,0.0,0,0,,False,scattered,
buchanan,6,6,0.0,0,0.0,0,0,,False,scattered,
buckingham,6,5,0.0,0,0.0,0,0,,False,scattered,
buddy,6,6,0.0,0,0.0,0,0,,False,scattered,
builds,6,6,0.0,0,0.0,0,0,,False,scattered,
bunny,6,6,0.0,0,0.0,0,0,,False,scattered,
bush,6,6,0.0,0,0.0,0,0,,False,scattered,
cadence,6,6,0.0,0,0.0,0,0,,False,scattered,
camden,6,5,0.0,0,0.0,0,0,,False,scattered,
camping,6,6,0.0,0,0.0,0,0,,False,scattered,
canadiana,6,6,0.0,0,0.0,0,0,,False,scattered,
candle,6,6,0.0,0,0.0,0,0,,False,scattered,
canopy,6,6,0.0,0,0.0,0,0,,False,scattered,
canyon,6,5,0.0,0,0.0,0,0,,False,scattered,
caprice,6,6,0.0,0,0.0,0,0,,False,scattered,
carib,6,6,0.0,0,0.0,0,0,,False,scattered,
caring,6,6,0.0,0,0.0,0,0,,False,scattered,
carolina,6,6,0.0,0,0.0,0,0,,False,scattered,
carr,6,6,0.0,0,0.0,0,0,,False,scattered,
carson,6,4,0.0,0,0.0,0,0,,False,scattered,
cathy,6,6,0.0,0,0.0,0,0,,False,scattered,
ceylon,6,6,0.0,0,0.0,0,0,,False,scattered,
cga,6,6,0.0,0,0.0,0,0,,False,scattered,
chandler,6,5,0.0,0,0.0,0,0,,False,scattered,
chanel,6,6,0.0,0,0.0,0,0,,False,scattered,
chaos,6,5,0.0,0,0.0,0,0,,False,scattered,
chaplin,6,5,0.0,0,0.0,0,0,,False,scattered,
charcoal,6,6,0.0,0,0.0,0,0,,False,scattered,
chem,6,6,0.0,0,0.0,0,0,,False,scattered,
chiang,6,6,0.0,0,0.0,0,0,,False,scattered,
ching,6,6,0.0,0,0.0,0,0,,False,scattered,
chocolat,6,5,0.0,0,0.0,0,0,,False,scattered,
choices,6,6,0.0,0,0.0,0,0,,False,scattered,
chorus,6,5,0.0,0,0.0,0,0,,False,scattered,
chosen,6,6,0.0,0,0.0,0,0,,False,scattered,
chun,6,6,0.0,0,0.0,0,0,,False,scattered,
chungchun,6,6,0.0,0,0.0,0,0,,False,scattered,
citizens,6,6,0.0,0,0.0,0,0,,False,scattered,
cladding,6,6,0.0,0,0.0,0,0,,False,scattered,
clara,6,6,0.0,0,0.0,0,0,,False,scattered,
clips,6,6,0.0,0,0.0,0,0,,False,scattered,
cloth,6,6,0.0,0,0.0,0,0,,False,scattered,
coats,6,6,0.0,0,0.0,0,0,,False,scattered,
concussion,6,6,0.0,0,0.0,0,0,,False,scattered,
cone,6,6,0.0,0,0.0,0,0,,False,scattered,
conseil,6,6,0.0,0,0.0,0,0,,False,scattered,
cooks,6,6,0.0,0,0.0,0,0,,False,scattered,
coronation,6,6,0.0,0,0.0,0,0,,False,scattered,
county,6,6,0.0,0,0.0,0,0,,False,scattered,
cowboy,6,6,0.0,0,0.0,0,0,,False,scattered,
cr,6,6,0.0,0,0.0,0,0,,False,scattered,
cruising,6,6,0.0,0,0.0,0,0,,False,scattered,
cst,6,4,0.0,0,0.0,0,0,,False,scattered,
cupid,6,6,0.0,0,0.0,0,0,,False,scattered,
current,6,6,0.0,0,0.0,0,0,,False,scattered,
customer,6,6,0.0,0,0.0,0,0,,False,scattered,
dalton,6,5,0.0,0,0.0,0,0,,False,scattered,
dante,6,6,0.0,0,0.0,0,0,,False,scattered,
darling,6,5,0.0,0,0.0,0,0,,False,scattered,
dawson,6,6,0.0,0,0.0,0,0,,False,scattered,
debbie,6,6,0.0,0,0.0,0,0,,False,scattered,
deborah,6,6,0.0,0,0.0,0,0,,False,scattered,
deciem,6,6,0.0,0,0.0,0,0,,False,scattered,
deco,6,6,0.0,0,0.0,0,0,,False,scattered,
denise,6,6,0.0,0,0.0,0,0,,False,scattered,
denison,6,6,0.0,0,0.0,0,0,,False,scattered,
deserres,6,6,0.0,0,0.0,0,0,,False,scattered,
device,6,6,0.0,0,0.0,0,0,,False,scattered,
dhaba,6,6,0.0,0,0.0,0,0,,False,scattered,
dia,6,6,0.0,0,0.0,0,0,,False,scattered,
dickson,6,5,0.0,0,0.0,0,0,,False,scattered,
director,6,6,0.0,0,0.0,0,0,,False,scattered,
directory,6,6,0.0,0,0.0,0,0,,False,scattered,
dish,6,6,0.0,0,0.0,0,0,,False,scattered,
distinct,6,6,0.0,0,0.0,0,0,,False,scattered,
diy,6,6,0.0,0,0.0,0,0,,False,scattered,
dlc,6,6,0.0,0,0.0,0,0,,False,scattered,
dolly,6,6,0.0,0,0.0,0,0,,False,scattered,
domain,6,6,0.0,0,0.0,0,0,,False,scattered,
dome,6,6,0.0,0,0.0,0,0,,False,scattered,
donut,6,6,0.0,0,0.0,0,0,,False,scattered,
doodle,6,6,0.0,0,0.0,0,0,,False,scattered,
doug,6,6,0.0,0,0.0,0,0,,False,scattered,
downsizing,6,6,0.0,0,0.0,0,0,,False,scattered,
dubai,6,5,0.0,0,0.0,0,0,,False,scattered,
dublin,6,5,0.0,0,0.0,0,0,,False,scattered,
ear,6,6,0.0,0,0.0,0,0,,False,scattered,
earls,6,6,0.0,0,0.0,0,0,,False,scattered,
edith,6,5,0.0,0,0.0,0,0,,False,scattered,
edkent,6,6,0.0,0,0.0,0,0,,False,scattered,
educare,6,6,0.0,0,0.0,0,0,,False,scattered,
effects,6,6,0.0,0,0.0,0,0,,False,scattered,
electrolux,6,5,0.0,0,0.0,0,0,,False,scattered,
elias,6,6,0.0,0,0.0,0,0,,False,scattered,
engineered,6,6,0.0,0,0.0,0,0,,False,scattered,
estee,6,6,0.0,0,0.0,0,0,,False,scattered,
euclid,6,6,0.0,0,0.0,0,0,,False,scattered,
even,6,5,0.0,0,0.0,0,0,,False,scattered,
evoke,6,5,0.0,0,0.0,0,0,,False,scattered,
excalibur,6,5,0.0,0,0.0,0,0,,False,scattered,
excavation,6,6,0.0,0,0.0,0,0,,False,scattered,
exhibit,6,6,0.0,0,0.0,0,0,,False,scattered,
expressions,6,6,0.0,0,0.0,0,0,,False,scattered,
fabulous,6,6,0.0,0,0.0,0,0,,False,scattered,
fairy,6,6,0.0,0,0.0,0,0,,False,scattered,
faizal,6,6,0.0,0,0.0,0,0,,False,scattered,
farmer,6,6,0.0,0,0.0,0,0,,False,scattered,
favourite,6,6,0.0,0,0.0,0,0,,False,scattered,
fcsi,6,6,0.0,0,0.0,0,0,,False,scattered,
feather,6,6,0.0,0,0.0,0,0,,False,scattered,
fern,6,4,0.0,0,0.0,0,0,,False,scattered,
ferreira,6,6,0.0,0,0.0,0,0,,False,scattered,
fighters,6,5,0.0,0,0.0,0,0,,False,scattered,
filip,6,6,0.0,0,0.0,0,0,,False,scattered,
filter,6,6,0.0,0,0.0,0,0,,False,scattered,
fitch,6,6,0.0,0,0.0,0,0,,False,scattered,
float,6,6,0.0,0,0.0,0,0,,False,scattered,
florists,6,6,0.0,0,0.0,0,0,,False,scattered,
flourish,6,6,0.0,0,0.0,0,0,,False,scattered,
flynn,6,6,0.0,0,0.0,0,0,,False,scattered,
fong,6,5,0.0,0,0.0,0,0,,False,scattered,
foodland,6,6,0.0,0,0.0,0,0,,False,scattered,
forte,6,6,0.0,0,0.0,0,0,,False,scattered,
foundations,6,6,0.0,0,0.0,0,0,,False,scattered,
franks,6,6,0.0,0,0.0,0,0,,False,scattered,
frederick,6,6,0.0,0,0.0,0,0,,False,scattered,
freelance,6,6,0.0,0,0.0,0,0,,False,scattered,
frontline,6,6,0.0,0,0.0,0,0,,False,scattered,
fundraising,6,6,0.0,0,0.0,0,0,,False,scattered,
furtado,6,6,0.0,0,0.0,0,0,,False,scattered,
fuwa,6,5,0.0,0,0.0,0,0,,False,scattered,
gain,6,6,0.0,0,0.0,0,0,,False,scattered,
garderie,6,6,0.0,0,0.0,0,0,,False,scattered,
gastro,6,6,0.0,0,0.0,0,0,,False,scattered,
gazebo,6,6,0.0,0,0.0,0,0,,False,scattered,
gelateria,6,6,0.0,0,0.0,0,0,,False,scattered,
ghanaian,6,5,0.0,0,0.0,0,0,,False,scattered,
giftafeeling,6,6,0.0,0,0.0,0,0,,False,scattered,
glenn,6,6,0.0,0,0.0,0,0,,False,scattered,
goat,6,6,0.0,0,0.0,0,0,,False,scattered,
goodwill,6,6,0.0,0,0.0,0,0,,False,scattered,
gp,6,6,0.0,0,0.0,0,0,,False,scattered,
grille,6,6,0.0,0,0.0,0,0,,False,scattered,
grind,6,6,0.0,0,0.0,0,0,,False,scattered,
gt,6,6,0.0,0,0.0,0,0,,False,scattered,
guaranteed,6,6,0.0,0,0.0,0,0,,False,scattered,
gv,6,6,0.0,0,0.0,0,0,,False,scattered,
gymboree,6,6,0.0,0,0.0,0,0,,False,scattered,
halls,6,6,0.0,0,0.0,0,0,,False,scattered,
haute,6,6,0.0,0,0.0,0,0,,False,scattered,
have,6,6,0.0,0,0.0,0,0,,False,scattered,
he,6,6,0.0,0,0.0,0,0,,False,scattered,
herman,6,6,0.0,0,0.0,0,0,,False,scattered,
hispanic,6,6,0.0,0,0.0,0,0,,False,scattered,
hk,6,5,0.0,0,0.0,0,0,,False,scattered,
hmv,6,6,0.0,0,0.0,0,0,,False,scattered,
hone,6,6,0.0,0,0.0,0,0,,False,scattered,
hua,6,6,0.0,0,0.0,0,0,,False,scattered,
hussain,6,6,0.0,0,0.0,0,0,,False,scattered,
hwy,6,5,0.0,0,0.0,0,0,,False,scattered,
ics,6,6,0.0,0,0.0,0,0,,False,scattered,
installs,6,6,0.0,0,0.0,0,0,,False,scattered,
intercambio,6,5,0.0,0,0.0,0,0,,False,scattered,
investigator,6,6,0.0,0,0.0,0,0,,False,scattered,
invisalign,6,6,0.0,0,0.0,0,0,,False,scattered,
isle,6,6,0.0,0,0.0,0,0,,False,scattered,
jackie,6,6,0.0,0,0.0,0,0,,False,scattered,
jacobs,6,6,0.0,0,0.0,0,0,,False,scattered,
jess,6,6,0.0,0,0.0,0,0,,False,scattered,
jill,6,6,0.0,0,0.0,0,0,,False,scattered,
jorge,6,6,0.0,0,0.0,0,0,,False,scattered,
josh,6,6,0.0,0,0.0,0,0,,False,scattered,
js,6,6,0.0,0,0.0,0,0,,False,scattered,
juicy,6,6,0.0,0,0.0,0,0,,False,scattered,
juno,6,6,0.0,0,0.0,0,0,,False,scattered,
kafe,6,6,0.0,0,0.0,0,0,,False,scattered,
kare,6,6,0.0,0,0.0,0,0,,False,scattered,
karim,6,6,0.0,0,0.0,0,0,,False,scattered,
kc,6,6,0.0,0,0.0,0,0,,False,scattered,
keratin,6,6,0.0,0,0.0,0,0,,False,scattered,
khaled,6,6,0.0,0,0.0,0,0,,False,scattered,
khazana,6,6,0.0,0,0.0,0,0,,False,scattered,
kj,6,6,0.0,0,0.0,0,0,,False,scattered,
kn,6,6,0.0,0,0.0,0,0,,False,scattered,
knitting,6,6,0.0,0,0.0,0,0,,False,scattered,
knot,6,6,0.0,0,0.0,0,0,,False,scattered,
kopy,6,6,0.0,0,0.0,0,0,,False,scattered,
kt,6,6,0.0,0,0.0,0,0,,False,scattered,
kwan,6,6,0.0,0,0.0,0,0,,False,scattered,
kwok,6,6,0.0,0,0.0,0,0,,False,scattered,
ladybug,6,6,0.0,0,0.0,0,0,,False,scattered,
laminate,6,6,0.0,0,0.0,0,0,,False,scattered,
lantern,6,6,0.0,0,0.0,0,0,,False,scattered,
laptops,6,6,0.0,0,0.0,0,0,,False,scattered,
latina,6,5,0.0,0,0.0,0,0,,False,scattered,
laya,6,6,0.0,0,0.0,0,0,,False,scattered,
lc,6,6,0.0,0,0.0,0,0,,False,scattered,
lechon,6,6,0.0,0,0.0,0,0,,False,scattered,
lerner,6,6,0.0,0,0.0,0,0,,False,scattered,
libretto,6,6,0.0,0,0.0,0,0,,False,scattered,
linh,6,6,0.0,0,0.0,0,0,,False,scattered,
locks,6,5,0.0,0,0.0,0,0,,False,scattered,
lok,6,6,0.0,0,0.0,0,0,,False,scattered,
looks,6,6,0.0,0,0.0,0,0,,False,scattered,
louie,6,6,0.0,0,0.0,0,0,,False,scattered,
lt,6,6,0.0,0,0.0,0,0,,False,scattered,
lucia,6,6,0.0,0,0.0,0,0,,False,scattered,
luminous,6,6,0.0,0,0.0,0,0,,False,scattered,
maccool,6,6,0.0,0,0.0,0,0,,False,scattered,
macro,6,6,0.0,0,0.0,0,0,,False,scattered,
madame,6,6,0.0,0,0.0,0,0,,False,scattered,
magenta,6,6,0.0,0,0.0,0,0,,False,scattered,
magicuts,6,6,0.0,0,0.0,0,0,,False,scattered,
making,6,6,0.0,0,0.0,0,0,,False,scattered,
manicure,6,5,0.0,0,0.0,0,0,,False,scattered,
marche,6,6,0.0,0,0.0,0,0,,False,scattered,
marian,6,6,0.0,0,0.0,0,0,,False,scattered,
marketers,6,4,0.0,0,0.0,0,0,,False,scattered,
marta,6,6,0.0,0,0.0,0,0,,False,scattered,
maxim,6,6,0.0,0,0.0,0,0,,False,scattered,
mba,6,6,0.0,0,0.0,0,0,,False,scattered,
mca,6,6,0.0,0,0.0,0,0,,False,scattered,
mccarthy,6,6,0.0,0,0.0,0,0,,False,scattered,
mcintyre,6,6,0.0,0,0.0,0,0,,False,scattered,
mclaughlin,6,6,0.0,0,0.0,0,0,,False,scattered,
mechanics,6,6,0.0,0,0.0,0,0,,False,scattered,
medic,6,6,0.0,0,0.0,0,0,,False,scattered,
melrose,6,4,0.0,0,0.0,0,0,,False,scattered,
members,6,6,0.0,0,0.0,0,0,,False,scattered,
mentor,6,6,0.0,0,0.0,0,0,,False,scattered,
meraki,6,6,0.0,0,0.0,0,0,,False,scattered,
mess,6,6,0.0,0,0.0,0,0,,False,scattered,
miami,6,6,0.0,0,0.0,0,0,,False,scattered,
mic,6,6,0.0,0,0.0,0,0,,False,scattered,
midnight,6,6,0.0,0,0.0,0,0,,False,scattered,
mika,6,6,0.0,0,0.0,0,0,,False,scattered,
miner,6,6,0.0,0,0.0,0,0,,False,scattered,
minuteman,6,6,0.0,0,0.0,0,0,,False,scattered,
missionaries,6,6,0.0,0,0.0,0,0,,False,scattered,
missions,6,6,0.0,0,0.0,0,0,,False,scattered,
mochi,6,6,0.0,0,0.0,0,0,,False,scattered,
mohammad,6,6,0.0,0,0.0,0,0,,False,scattered,
mona,6,6,0.0,0,0.0,0,0,,False,scattered,
monster,6,5,0.0,0,0.0,0,0,,False,scattered,
moores,6,6,0.0,0,0.0,0,0,,False,scattered,
moretti,6,5,0.0,0,0.0,0,0,,False,scattered,
morningstar,6,6,0.0,0,0.0,0,0,,False,scattered,
motorcars,6,6,0.0,0,0.0,0,0,,False,scattered,
mouth,6,6,0.0,0,0.0,0,0,,False,scattered,
movie,6,6,0.0,0,0.0,0,0,,False,scattered,
movies,6,6,0.0,0,0.0,0,0,,False,scattered,
moxies,6,6,0.0,0,0.0,0,0,,False,scattered,
muddy,6,6,0.0,0,0.0,0,0,,False,scattered,
muscle,6,6,0.0,0,0.0,0,0,,False,scattered,
muskoka,6,6,0.0,0,0.0,0,0,,False,scattered,
myers,6,6,0.0,0,0.0,0,0,,False,scattered,
nadine,6,6,0.0,0,0.0,0,0,,False,scattered,
nak,6,5,0.0,0,0.0,0,0,,False,scattered,
naomi,6,6,0.0,0,0.0,0,0,,False,scattered,
napoli,6,6,0.0,0,0.0,0,0,,False,scattered,
naughty,6,6,0.0,0,0.0,0,0,,False,scattered,
nazarene,6,6,0.0,0,0.0,0,0,,False,scattered,
need,6,6,0.0,0,0.0,0,0,,False,scattered,
networking,6,6,0.0,0,0.0,0,0,,False,scattered,
nextgen,6,6,0.0,0,0.0,0,0,,False,scattered,
ngo,6,6,0.0,0,0.0,0,0,,False,scattered,
ni,6,6,0.0,0,0.0,0,0,,False,scattered,
nia,6,6,0.0,0,0.0,0,0,,False,scattered,
nicholson,6,6,0.0,0,0.0,0,0,,False,scattered,
nigerian,6,6,0.0,0,0.0,0,0,,False,scattered,
nk,6,5,0.0,0,0.0,0,0,,False,scattered,
nomad,6,6,0.0,0,0.0,0,0,,False,scattered,
nouveau,6,6,0.0,0,0.0,0,0,,False,scattered,
novus,6,6,0.0,0,0.0,0,0,,False,scattered,
nur,6,6,0.0,0,0.0,0,0,,False,scattered,
oceans,6,6,0.0,0,0.0,0,0,,False,scattered,
od,6,6,0.0,0,0.0,0,0,,False,scattered,
olsen,6,6,0.0,0,0.0,0,0,,False,scattered,
ones,6,6,0.0,0,0.0,0,0,,False,scattered,
ortho,6,6,0.0,0,0.0,0,0,,False,scattered,
osborne,6,5,0.0,0,0.0,0,0,,False,scattered,
otis,6,6,0.0,0,0.0,0,0,,False,scattered,
outpost,6,6,0.0,0,0.0,0,0,,False,scattered,
oz,6,5,0.0,0,0.0,0,0,,False,scattered,
padgett,6,6,0.0,0,0.0,0,0,,False,scattered,
painted,6,4,0.0,0,0.0,0,0,,False,scattered,
painter,6,6,0.0,0,0.0,0,0,,False,scattered,
pakistani,6,6,0.0,0,0.0,0,0,,False,scattered,
palette,6,6,0.0,0,0.0,0,0,,False,scattered,
pallets,6,6,0.0,0,0.0,0,0,,False,scattered,
pals,6,6,0.0,0,0.0,0,0,,False,scattered,
pancake,6,6,0.0,0,0.0,0,0,,False,scattered,
panels,6,6,0.0,0,0.0,0,0,,False,scattered,
panini,6,6,0.0,0,0.0,0,0,,False,scattered,
parallel,6,6,0.0,0,0.0,0,0,,False,scattered,
paramedic,6,5,0.0,0,0.0,0,0,,False,scattered,
pardons,6,6,0.0,0,0.0,0,0,,False,scattered,
parklands,6,6,0.0,0,0.0,0,0,,False,scattered,
parks,6,6,0.0,0,0.0,0,0,,False,scattered,
partsource,6,6,0.0,0,0.0,0,0,,False,scattered,
pasha,6,6,0.0,0,0.0,0,0,,False,scattered,
past,6,6,0.0,0,0.0,0,0,,False,scattered,
pastor,6,6,0.0,0,0.0,0,0,,False,scattered,
patterson,6,6,0.0,0,0.0,0,0,,False,scattered,
peacock,6,6,0.0,0,0.0,0,0,,False,scattered,
pearce,6,6,0.0,0,0.0,0,0,,False,scattered,
pearle,6,6,0.0,0,0.0,0,0,,False,scattered,
pearls,6,6,0.0,0,0.0,0,0,,False,scattered,
pedicure,6,5,0.0,0,0.0,0,0,,False,scattered,
peel,6,6,0.0,0,0.0,0,0,,False,scattered,
penske,6,6,0.0,0,0.0,0,0,,False,scattered,
persaud,6,6,0.0,0,0.0,0,0,,False,scattered,
petals,6,6,0.0,0,0.0,0,0,,False,scattered,
pharmabest,6,5,0.0,0,0.0,0,0,,False,scattered,
phillip,6,6,0.0,0,0.0,0,0,,False,scattered,
pin,6,6,0.0,0,0.0,0,0,,False,scattered,
pirates,6,6,0.0,0,0.0,0,0,,False,scattered,
pix,6,6,0.0,0,0.0,0,0,,False,scattered,
pleasure,6,6,0.0,0,0.0,0,0,,False,scattered,
pocket,6,5,0.0,0,0.0,0,0,,False,scattered,
preparation,6,6,0.0,0,0.0,0,0,,False,scattered,
present,6,6,0.0,0,0.0,0,0,,False,scattered,
presse,6,6,0.0,0,0.0,0,0,,False,scattered,
prima,6,6,0.0,0,0.0,0,0,,False,scattered,
probe,6,6,0.0,0,0.0,0,0,,False,scattered,
procolor,6,6,0.0,0,0.0,0,0,,False,scattered,
prop,6,6,0.0,0,0.0,0,0,,False,scattered,
prospect,6,6,0.0,0,0.0,0,0,,False,scattered,
pumps,6,6,0.0,0,0.0,0,0,,False,scattered,
purdys,6,6,0.0,0,0.0,0,0,,False,scattered,
quad,6,5,0.0,0,0.0,0,0,,False,scattered,
railing,6,6,0.0,0,0.0,0,0,,False,scattered,
rang,6,6,0.0,0,0.0,0,0,,False,scattered,
raphael,6,6,0.0,0,0.0,0,0,,False,scattered,
rate,6,6,0.0,0,0.0,0,0,,False,scattered,
raza,6,6,0.0,0,0.0,0,0,,False,scattered,
rebuilders,6,6,0.0,0,0.0,0,0,,False,scattered,
reduction,6,6,0.0,0,0.0,0,0,,False,scattered,
reel,6,6,0.0,0,0.0,0,0,,False,scattered,
reform,6,6,0.0,0,0.0,0,0,,False,scattered,
refresh,6,6,0.0,0,0.0,0,0,,False,scattered,
reliance,6,5,0.0,0,0.0,0,0,,False,scattered,
remix,6,6,0.0,0,0.0,0,0,,False,scattered,
respiratory,6,6,0.0,0,0.0,0,0,,False,scattered,
restorations,6,6,0.0,0,0.0,0,0,,False,scattered,
rethink,6,6,0.0,0,0.0,0,0,,False,scattered,
roastery,6,6,0.0,0,0.0,0,0,,False,scattered,
robyn,6,6,0.0,0,0.0,0,0,,False,scattered,
rockwell,6,6,0.0,0,0.0,0,0,,False,scattered,
rosy,6,5,0.0,0,0.0,0,0,,False,scattered,
royalty,6,6,0.0,0,0.0,0,0,,False,scattered,
rsm,6,5,0.0,0,0.0,0,0,,False,scattered,
rustic,6,5,0.0,0,0.0,0,0,,False,scattered,
saab,6,6,0.0,0,0.0,0,0,,False,scattered,
sabrina,6,6,0.0,0,0.0,0,0,,False,scattered,
sahar,6,6,0.0,0,0.0,0,0,,False,scattered,
said,6,5,0.0,0,0.0,0,0,,False,scattered,
saje,6,6,0.0,0,0.0,0,0,,False,scattered,
salvador,6,6,0.0,0,0.0,0,0,,False,scattered,
sana,6,6,0.0,0,0.0,0,0,,False,scattered,
sathya,6,6,0.0,0,0.0,0,0,,False,scattered,
saturn,6,6,0.0,0,0.0,0,0,,False,scattered,
scan,6,6,0.0,0,0.0,0,0,,False,scattered,
scooter,6,6,0.0,0,0.0,0,0,,False,scattered,
screening,6,6,0.0,0,0.0,0,0,,False,scattered,
sda,6,6,0.0,0,0.0,0,0,,False,scattered,
sealing,6,6,0.0,0,0.0,0,0,,False,scattered,
seen,6,5,0.0,0,0.0,0,0,,False,scattered,
selection,6,5,0.0,0,0.0,0,0,,False,scattered,
sellers,6,6,0.0,0,0.0,0,0,,False,scattered,
serra,6,5,0.0,0,0.0,0,0,,False,scattered,
serving,6,6,0.0,0,0.0,0,0,,False,scattered,
shahi,6,6,0.0,0,0.0,0,0,,False,scattered,
shankar,6,6,0.0,0,0.0,0,0,,False,scattered,
shen,6,6,0.0,0,0.0,0,0,,False,scattered,
shi,6,6,0.0,0,0.0,0,0,,False,scattered,
shields,6,6,0.0,0,0.0,0,0,,False,scattered,
shiner,6,6,0.0,0,0.0,0,0,,False,scattered,
shot,6,6,0.0,0,0.0,0,0,,False,scattered,
shuttle,6,5,0.0,0,0.0,0,0,,False,scattered,
signatures,6,6,0.0,0,0.0,0,0,,False,scattered,
sinclair,6,6,0.0,0,0.0,0,0,,False,scattered,
skylights,6,6,0.0,0,0.0,0,0,,False,scattered,
smartcentres,6,6,0.0,0,0.0,0,0,,False,scattered,
smiling,6,6,0.0,0,0.0,0,0,,False,scattered,
smp,6,6,0.0,0,0.0,0,0,,False,scattered,
soda,6,6,0.0,0,0.0,0,0,,False,scattered,
sofia,6,6,0.0,0,0.0,0,0,,False,scattered,
soil,6,6,0.0,0,0.0,0,0,,False,scattered,
sony,6,5,0.0,0,0.0,0,0,,False,scattered,
soon,6,6,0.0,0,0.0,0,0,,False,scattered,
sparkle,6,6,0.0,0,0.0,0,0,,False,scattered,
speak,6,6,0.0,0,0.0,0,0,,False,scattered,
spergel,6,6,0.0,0,0.0,0,0,,False,scattered,
spiritleaf,6,6,0.0,0,0.0,0,0,,False,scattered,
spiritualist,6,6,0.0,0,0.0,0,0,,False,scattered,
standards,6,6,0.0,0,0.0,0,0,,False,scattered,
starving,6,6,0.0,0,0.0,0,0,,False,scattered,
states,6,5,0.0,0,0.0,0,0,,False,scattered,
steer,6,6,0.0,0,0.0,0,0,,False,scattered,
stefano,6,6,0.0,0,0.0,0,0,,False,scattered,
sticky,6,6,0.0,0,0.0,0,0,,False,scattered,
stn,6,6,0.0,0,0.0,0,0,,False,scattered,
storm,6,6,0.0,0,0.0,0,0,,False,scattered,
streetcar,6,5,0.0,0,0.0,0,0,,False,scattered,
strictly,6,6,0.0,0,0.0,0,0,,False,scattered,
stride,6,6,0.0,0,0.0,0,0,,False,scattered,
strings,6,6,0.0,0,0.0,0,0,,False,scattered,
stylish,6,6,0.0,0,0.0,0,0,,False,scattered,
suds,6,6,0.0,0,0.0,0,0,,False,scattered,
sunoco,6,6,0.0,0,0.0,0,0,,False,scattered,
sup,6,6,0.0,0,0.0,0,0,,False,scattered,
supporters,6,6,0.0,0,0.0,0,0,,False,scattered,
sur,6,6,0.0,0,0.0,0,0,,False,scattered,
susie,6,6,0.0,0,0.0,0,0,,False,scattered,
suzanne,6,6,0.0,0,0.0,0,0,,False,scattered,
suzuki,6,6,0.0,0,0.0,0,0,,False,scattered,
sw,6,6,0.0,0,0.0,0,0,,False,scattered,
swap,6,6,0.0,0,0.0,0,0,,False,scattered,
sword,6,6,0.0,0,0.0,0,0,,False,scattered,
ta,6,6,0.0,0,0.0,0,0,,False,scattered,
tag,6,6,0.0,0,0.0,0,0,,False,scattered,
taiwan,6,5,0.0,0,0.0,0,0,,False,scattered,
tal,6,5,0.0,0,0.0,0,0,,False,scattered,
tania,6,6,0.0,0,0.0,0,0,,False,scattered,
teacher,6,6,0.0,0,0.0,0,0,,False,scattered,
teams,6,6,0.0,0,0.0,0,0,,False,scattered,
tec,6,6,0.0,0,0.0,0,0,,False,scattered,
tenant,6,6,0.0,0,0.0,0,0,,False,scattered,
tequila,6,6,0.0,0,0.0,0,0,,False,scattered,
thoroughbred,6,4,0.0,0,0.0,0,0,,False,scattered,
thread,6,6,0.0,0,0.0,0,0,,False,scattered,
tia,6,6,0.0,0,0.0,0,0,,False,scattered,
tita,6,5,0.0,0,0.0,0,0,,False,scattered,
tmg,6,6,0.0,0,0.0,0,0,,False,scattered,
todays,6,6,0.0,0,0.0,0,0,,False,scattered,
tofu,6,5,0.0,0,0.0,0,0,,False,scattered,
topline,6,6,0.0,0,0.0,0,0,,False,scattered,
torres,6,6,0.0,0,0.0,0,0,,False,scattered,
tot,6,6,0.0,0,0.0,0,0,,False,scattered,
townhouses,6,6,0.0,0,0.0,0,0,,False,scattered,
trader,6,5,0.0,0,0.0,0,0,,False,scattered,
truly,6,6,0.0,0,0.0,0,0,,False,scattered,
tu,6,6,0.0,0,0.0,0,0,,False,scattered,
tundra,6,5,0.0,0,0.0,0,0,,False,scattered,
tune,6,5,0.0,0,0.0,0,0,,False,scattered,
turk,6,6,0.0,0,0.0,0,0,,False,scattered,
twenty,6,6,0.0,0,0.0,0,0,,False,scattered,
twins,6,6,0.0,0,0.0,0,0,,False,scattered,
ucmas,6,6,0.0,0,0.0,0,0,,False,scattered,
ukraine,6,6,0.0,0,0.0,0,0,,False,scattered,
um,6,5,0.0,0,0.0,0,0,,False,scattered,
undergraduate,6,6,0.0,0,0.0,0,0,,False,scattered,
uniglobe,6,6,0.0,0,0.0,0,0,,False,scattered,
unitarian,6,6,0.0,0,0.0,0,0,,False,scattered,
vale,6,5,0.0,0,0.0,0,0,,False,scattered,
vehicles,6,6,0.0,0,0.0,0,0,,False,scattered,
venvi,6,5,0.0,0,0.0,0,0,,False,scattered,
vera,6,6,0.0,0,0.0,0,0,,False,scattered,
veronica,6,6,0.0,0,0.0,0,0,,False,scattered,
vertex,6,6,0.0,0,0.0,0,0,,False,scattered,
vibrant,6,6,0.0,0,0.0,0,0,,False,scattered,
videos,6,6,0.0,0,0.0,0,0,,False,scattered,
vien,6,5,0.0,0,0.0,0,0,,False,scattered,
vijay,6,5,0.0,0,0.0,0,0,,False,scattered,
vitamins,6,6,0.0,0,0.0,0,0,,False,scattered,
vivo,6,6,0.0,0,0.0,0,0,,False,scattered,
volunteer,6,6,0.0,0,0.0,0,0,,False,scattered,
wan,6,6,0.0,0,0.0,0,0,,False,scattered,
want,6,6,0.0,0,0.0,0,0,,False,scattered,
waypoint,6,6,0.0,0,0.0,0,0,,False,scattered,
weather,6,6,0.0,0,0.0,0,0,,False,scattered,
week,6,6,0.0,0,0.0,0,0,,False,scattered,
weiss,6,6,0.0,0,0.0,0,0,,False,scattered,
wellwise,6,6,0.0,0,0.0,0,0,,False,scattered,
welsh,6,6,0.0,0,0.0,0,0,,False,scattered,
westlake,6,4,0.0,0,0.0,0,0,,False,scattered,
when,6,6,0.0,0,0.0,0,0,,False,scattered,
wholesome,6,6,0.0,0,0.0,0,0,,False,scattered,
wholistic,6,6,0.0,0,0.0,0,0,,False,scattered,
wig,6,6,0.0,0,0.0,0,0,,False,scattered,
wilkins,6,6,0.0,0,0.0,0,0,,False,scattered,
wingstop,6,6,0.0,0,0.0,0,0,,False,scattered,
winters,6,5,0.0,0,0.0,0,0,,False,scattered,
wonders,6,6,0.0,0,0.0,0,0,,False,scattered,
wool,6,6,0.0,0,0.0,0,0,,False,scattered,
wrestling,6,6,0.0,0,0.0,0,0,,False,scattered,
xray,6,6,0.0,0,0.0,0,0,,False,scattered,
xs,6,5,0.0,0,0.0,0,0,,False,scattered,
yarn,6,6,0.0,0,0.0,0,0,,False,scattered,
yogi,6,6,0.0,0,0.0,0,0,,False,scattered,
yong,6,6,0.0,0,0.0,0,0,,False,scattered,
yorktown,6,6,0.0,0,0.0,0,0,,False,scattered,
yuri,6,6,0.0,0,0.0,0,0,,False,scattered,
zee,6,6,0.0,0,0.0,0,0,,False,scattered,
abu,5,5,0.0,0,0.0,0,0,,False,scattered,
acai,5,5,0.0,0,0.0,0,0,,False,scattered,
accountax,5,5,0.0,0,0.0,0,0,,False,scattered,
across,5,5,0.0,0,0.0,0,0,,False,scattered,
addison,5,5,0.0,0,0.0,0,0,,False,scattered,
addition,5,5,0.0,0,0.0,0,0,,False,scattered,
adm,5,5,0.0,0,0.0,0,0,,False,scattered,
administration,5,5,0.0,0,0.0,0,0,,False,scattered,
advent,5,3,0.0,0,0.0,0,0,,False,scattered,
advocate,5,5,0.0,0,0.0,0,0,,False,scattered,
aerus,5,4,0.0,0,0.0,0,0,,False,scattered,
ago,5,2,0.0,0,0.0,0,0,,False,scattered,
aide,5,5,0.0,0,0.0,0,0,,False,scattered,
ajisen,5,5,0.0,0,0.0,0,0,,False,scattered,
alcohol,5,5,0.0,0,0.0,0,0,,False,scattered,
alexandria,5,5,0.0,0,0.0,0,0,,False,scattered,
alfonso,5,5,0.0,0,0.0,0,0,,False,scattered,
allison,5,5,0.0,0,0.0,0,0,,False,scattered,
alloys,5,4,0.0,0,0.0,0,0,,False,scattered,
allwyn,5,5,0.0,0,0.0,0,0,,False,scattered,
ally,5,5,0.0,0,0.0,0,0,,False,scattered,
alphashine,5,5,0.0,0,0.0,0,0,,False,scattered,
altered,5,5,0.0,0,0.0,0,0,,False,scattered,
alto,5,5,0.0,0,0.0,0,0,,False,scattered,
alyssa,5,5,0.0,0,0.0,0,0,,False,scattered,
aman,5,5,0.0,0,0.0,0,0,,False,scattered,
ambika,5,5,0.0,0,0.0,0,0,,False,scattered,
ambulance,5,5,0.0,0,0.0,0,0,,False,scattered,
ame,5,5,0.0,0,0.0,0,0,,False,scattered,
amos,5,4,0.0,0,0.0,0,0,,False,scattered,
ancient,5,5,0.0,0,0.0,0,0,,False,scattered,
angelina,5,5,0.0,0,0.0,0,0,,False,scattered,
ani,5,5,0.0,0,0.0,0,0,,False,scattered,
anil,5,5,0.0,0,0.0,0,0,,False,scattered,
ankle,5,5,0.0,0,0.0,0,0,,False,scattered,
anson,5,5,0.0,0,0.0,0,0,,False,scattered,
anwar,5,5,0.0,0,0.0,0,0,,False,scattered,
appointment,5,5,0.0,0,0.0,0,0,,False,scattered,
aquatech,5,5,0.0,0,0.0,0,0,,False,scattered,
aram,5,4,0.0,0,0.0,0,0,,False,scattered,
aries,5,5,0.0,0,0.0,0,0,,False,scattered,
arlene,5,5,0.0,0,0.0,0,0,,False,scattered,
armani,5,4,0.0,0,0.0,0,0,,False,scattered,
armin,5,5,0.0,0,0.0,0,0,,False,scattered,
arun,5,5,0.0,0,0.0,0,0,,False,scattered,
asbestos,5,5,0.0,0,0.0,0,0,,False,scattered,
atkins,5,5,0.0,0,0.0,0,0,,False,scattered,
atmosphere,5,5,0.0,0,0.0,0,0,,False,scattered,
attitude,5,5,0.0,0,0.0,0,0,,False,scattered,
australian,5,5,0.0,0,0.0,0,0,,False,scattered,
aziz,5,5,0.0,0,0.0,0,0,,False,scattered,
azores,5,5,0.0,0,0.0,0,0,,False,scattered,
babe,5,5,0.0,0,0.0,0,0,,False,scattered,
babylon,5,5,0.0,0,0.0,0,0,,False,scattered,
baird,5,5,0.0,0,0.0,0,0,,False,scattered,
bakehouse,5,5,0.0,0,0.0,0,0,,False,scattered,
bakes,5,5,0.0,0,0.0,0,0,,False,scattered,
bala,5,5,0.0,0,0.0,0,0,,False,scattered,
balcony,5,5,0.0,0,0.0,0,0,,False,scattered,
ban,5,5,0.0,0,0.0,0,0,,False,scattered,
banyan,5,5,0.0,0,0.0,0,0,,False,scattered,
bari,5,5,0.0,0,0.0,0,0,,False,scattered,
basin,5,5,0.0,0,0.0,0,0,,False,scattered,
bassett,5,5,0.0,0,0.0,0,0,,False,scattered,
bathtub,5,5,0.0,0,0.0,0,0,,False,scattered,
beard,5,5,0.0,0,0.0,0,0,,False,scattered,
beats,5,5,0.0,0,0.0,0,0,,False,scattered,
beautique,5,5,0.0,0,0.0,0,0,,False,scattered,
behavior,5,5,0.0,0,0.0,0,0,,False,scattered,
bel,5,5,0.0,0,0.0,0,0,,False,scattered,
belgian,5,4,0.0,0,0.0,0,0,,False,scattered,
bellissimo,5,5,0.0,0,0.0,0,0,,False,scattered,
benchmark,5,5,0.0,0,0.0,0,0,,False,scattered,
bengali,5,5,0.0,0,0.0,0,0,,False,scattered,
benny,5,5,0.0,0,0.0,0,0,,False,scattered,
berman,5,5,0.0,0,0.0,0,0,,False,scattered,
bikini,5,5,0.0,0,0.0,0,0,,False,scattered,
bits,5,5,0.0,0,0.0,0,0,,False,scattered,
blackstar,5,5,0.0,0,0.0,0,0,,False,scattered,
blade,5,5,0.0,0,0.0,0,0,,False,scattered,
blanc,5,5,0.0,0,0.0,0,0,,False,scattered,
blanche,5,5,0.0,0,0.0,0,0,,False,scattered,
blanco,5,5,0.0,0,0.0,0,0,,False,scattered,
blend,5,5,0.0,0,0.0,0,0,,False,scattered,
blonde,5,5,0.0,0,0.0,0,0,,False,scattered,
bni,5,5,0.0,0,0.0,0,0,,False,scattered,
boats,5,5,0.0,0,0.0,0,0,,False,scattered,
bollywood,5,5,0.0,0,0.0,0,0,,False,scattered,
bonny,5,4,0.0,0,0.0,0,0,,False,scattered,
bookshop,5,5,0.0,0,0.0,0,0,,False,scattered,
botanical,5,4,0.0,0,0.0,0,0,,False,scattered,
botanicals,5,5,0.0,0,0.0,0,0,,False,scattered,
boulangerie,5,5,0.0,0,0.0,0,0,,False,scattered,
bow,5,5,0.0,0,0.0,0,0,,False,scattered,
boyd,5,5,0.0,0,0.0,0,0,,False,scattered,
brace,5,5,0.0,0,0.0,0,0,,False,scattered,
brant,5,3,0.0,0,0.0,0,0,,False,scattered,
brent,5,5,0.0,0,0.0,0,0,,False,scattered,
brentwood,5,3,0.0,0,0.0,0,0,,False,scattered,
briar,5,4,0.0,0,0.0,0,0,,False,scattered,
bridals,5,5,0.0,0,0.0,0,0,,False,scattered,
brides,5,5,0.0,0,0.0,0,0,,False,scattered,
bridges,5,5,0.0,0,0.0,0,0,,False,scattered,
bridging,5,5,0.0,0,0.0,0,0,,False,scattered,
brilliant,5,5,0.0,0,0.0,0,0,,False,scattered,
bud,5,5,0.0,0,0.0,0,0,,False,scattered,
budweiser,5,5,0.0,0,0.0,0,0,,False,scattered,
businesses,5,5,0.0,0,0.0,0,0,,False,scattered,
busy,5,5,0.0,0,0.0,0,0,,False,scattered,
buying,5,5,0.0,0,0.0,0,0,,False,scattered,
cable,5,5,0.0,0,0.0,0,0,,False,scattered,
cadets,5,5,0.0,0,0.0,0,0,,False,scattered,
cakery,5,5,0.0,0,0.0,0,0,,False,scattered,
camille,5,5,0.0,0,0.0,0,0,,False,scattered,
cana,5,5,0.0,0,0.0,0,0,,False,scattered,
canadiens,5,5,0.0,0,0.0,0,0,,False,scattered,
canes,5,5,0.0,0,0.0,0,0,,False,scattered,
capture,5,5,0.0,0,0.0,0,0,,False,scattered,
careful,5,5,0.0,0,0.0,0,0,,False,scattered,
caregivers,5,5,0.0,0,0.0,0,0,,False,scattered,
carey,5,5,0.0,0,0.0,0,0,,False,scattered,
carla,5,5,0.0,0,0.0,0,0,,False,scattered,
carlo,5,5,0.0,0,0.0,0,0,,False,scattered,
carousel,5,5,0.0,0,0.0,0,0,,False,scattered,
carpenter,5,5,0.0,0,0.0,0,0,,False,scattered,
carriers,5,5,0.0,0,0.0,0,0,,False,scattered,
carrot,5,2,0.0,0,0.0,0,0,,False,scattered,
cascades,5,4,0.0,0,0.0,0,0,,False,scattered,
caviar,5,5,0.0,0,0.0,0,0,,False,scattered,
cbc,5,5,0.0,0,0.0,0,0,,False,scattered,
celebrations,5,5,0.0,0,0.0,0,0,,False,scattered,
cellars,5,5,0.0,0,0.0,0,0,,False,scattered,
chaap,5,5,0.0,0,0.0,0,0,,False,scattered,
chandelier,5,5,0.0,0,0.0,0,0,,False,scattered,
charger,5,5,0.0,0,0.0,0,0,,False,scattered,
charitable,5,5,0.0,0,0.0,0,0,,False,scattered,
charming,5,5,0.0,0,0.0,0,0,,False,scattered,
chennai,5,5,0.0,0,0.0,0,0,,False,scattered,
chilli,5,5,0.0,0,0.0,0,0,,False,scattered,
chiropody,5,5,0.0,0,0.0,0,0,,False,scattered,
chocolato,5,5,0.0,0,0.0,0,0,,False,scattered,
chopper,5,5,0.0,0,0.0,0,0,,False,scattered,
chopsticks,5,5,0.0,0,0.0,0,0,,False,scattered,
chua,5,5,0.0,0,0.0,0,0,,False,scattered,
clearview,5,5,0.0,0,0.0,0,0,,False,scattered,
close,5,5,0.0,0,0.0,0,0,,False,scattered,
cms,5,4,0.0,0,0.0,0,0,,False,scattered,
coat,5,5,0.0,0,0.0,0,0,,False,scattered,
coffeehouse,5,5,0.0,0,0.0,0,0,,False,scattered,
colborne,5,4,0.0,0,0.0,0,0,,False,scattered,
colette,5,5,0.0,0,0.0,0,0,,False,scattered,
colleen,5,5,0.0,0,0.0,0,0,,False,scattered,
colombia,5,5,0.0,0,0.0,0,0,,False,scattered,
columbia,5,5,0.0,0,0.0,0,0,,False,scattered,
commissioner,5,5,0.0,0,0.0,0,0,,False,scattered,
como,5,5,0.0,0,0.0,0,0,,False,scattered,
compassion,5,5,0.0,0,0.0,0,0,,False,scattered,
comtech,5,5,0.0,0,0.0,0,0,,False,scattered,
conditioner,5,5,0.0,0,0.0,0,0,,False,scattered,
confident,5,5,0.0,0,0.0,0,0,,False,scattered,
connaught,5,4,0.0,0,0.0,0,0,,False,scattered,
constrn,5,5,0.0,0,0.0,0,0,,False,scattered,
consulado,5,5,0.0,0,0.0,0,0,,False,scattered,
consult,5,5,0.0,0,0.0,0,0,,False,scattered,
contract,5,5,0.0,0,0.0,0,0,,False,scattered,
cookie,5,5,0.0,0,0.0,0,0,,False,scattered,
coop,5,5,0.0,0,0.0,0,0,,False,scattered,
correctional,5,5,0.0,0,0.0,0,0,,False,scattered,
corso,5,2,0.0,0,0.0,0,0,,False,scattered,
cos,5,5,0.0,0,0.0,0,0,,False,scattered,
costi,5,5,0.0,0,0.0,0,0,,False,scattered,
countertop,5,5,0.0,0,0.0,0,0,,False,scattered,
courage,5,5,0.0,0,0.0,0,0,,False,scattered,
covers,5,5,0.0,0,0.0,0,0,,False,scattered,
cpas,5,5,0.0,0,0.0,0,0,,False,scattered,
crave,5,5,0.0,0,0.0,0,0,,False,scattered,
crepes,5,5,0.0,0,0.0,0,0,,False,scattered,
cres,5,5,0.0,0,0.0,0,0,,False,scattered,
cups,5,5,0.0,0,0.0,0,0,,False,scattered,
cutlery,5,5,0.0,0,0.0,0,0,,False,scattered,
cyrus,5,5,0.0,0,0.0,0,0,,False,scattered,
dakota,5,5,0.0,0,0.0,0,0,,False,scattered,
daniela,5,5,0.0,0,0.0,0,0,,False,scattered,
dao,5,5,0.0,0,0.0,0,0,,False,scattered,
darren,5,5,0.0,0,0.0,0,0,,False,scattered,
dart,5,5,0.0,0,0.0,0,0,,False,scattered,
defense,5,5,0.0,0,0.0,0,0,,False,scattered,
degree,5,5,0.0,0,0.0,0,0,,False,scattered,
dempster,5,4,0.0,0,0.0,0,0,,False,scattered,
derma,5,5,0.0,0,0.0,0,0,,False,scattered,
designz,5,5,0.0,0,0.0,0,0,,False,scattered,
detroit,5,5,0.0,0,0.0,0,0,,False,scattered,
developer,5,5,0.0,0,0.0,0,0,,False,scattered,
dexter,5,4,0.0,0,0.0,0,0,,False,scattered,
dharma,5,5,0.0,0,0.0,0,0,,False,scattered,
dias,5,5,0.0,0,0.0,0,0,,False,scattered,
die,5,5,0.0,0,0.0,0,0,,False,scattered,
dimension,5,5,0.0,0,0.0,0,0,,False,scattered,
diocese,5,5,0.0,0,0.0,0,0,,False,scattered,
dionne,5,5,0.0,0,0.0,0,0,,False,scattered,
dirt,5,5,0.0,0,0.0,0,0,,False,scattered,
disabilities,5,5,0.0,0,0.0,0,0,,False,scattered,
dixie,5,5,0.0,0,0.0,0,0,,False,scattered,
dms,5,5,0.0,0,0.0,0,0,,False,scattered,
dollhouse,5,5,0.0,0,0.0,0,0,,False,scattered,
dolphin,5,5,0.0,0,0.0,0,0,,False,scattered,
donair,5,5,0.0,0,0.0,0,0,,False,scattered,
dora,5,5,0.0,0,0.0,0,0,,False,scattered,
dough,5,5,0.0,0,0.0,0,0,,False,scattered,
downs,5,5,0.0,0,0.0,0,0,,False,scattered,
drama,5,5,0.0,0,0.0,0,0,,False,scattered,
drew,5,5,0.0,0,0.0,0,0,,False,scattered,
driven,5,5,0.0,0,0.0,0,0,,False,scattered,
drs,5,5,0.0,0,0.0,0,0,,False,scattered,
drummond,5,5,0.0,0,0.0,0,0,,False,scattered,
drums,5,5,0.0,0,0.0,0,0,,False,scattered,
dsw,5,5,0.0,0,0.0,0,0,,False,scattered,
dual,5,5,0.0,0,0.0,0,0,,False,scattered,
duffy,5,5,0.0,0,0.0,0,0,,False,scattered,
dunamis,5,5,0.0,0,0.0,0,0,,False,scattered,
duong,5,5,0.0,0,0.0,0,0,,False,scattered,
dust,5,5,0.0,0,0.0,0,0,,False,scattered,
dv,5,5,0.0,0,0.0,0,0,,False,scattered,
earlyon,5,5,0.0,0,0.0,0,0,,False,scattered,
eastown,5,2,0.0,0,0.0,0,0,,False,scattered,
eating,5,5,0.0,0,0.0,0,0,,False,scattered,
eazy,5,5,0.0,0,0.0,0,0,,False,scattered,
edmund,5,5,0.0,0,0.0,0,0,,False,scattered,
edwin,5,5,0.0,0,0.0,0,0,,False,scattered,
electoral,5,5,0.0,0,0.0,0,0,,False,scattered,
electrician,5,5,0.0,0,0.0,0,0,,False,scattered,
elevated,5,5,0.0,0,0.0,0,0,,False,scattered,
eliza,5,5,0.0,0,0.0,0,0,,False,scattered,
ellie,5,5,0.0,0,0.0,0,0,,False,scattered,
elliot,5,4,0.0,0,0.0,0,0,,False,scattered,
embrace,5,5,0.0,0,0.0,0,0,,False,scattered,
empireone,5,4,0.0,0,0.0,0,0,,False,scattered,
encounter,5,5,0.0,0,0.0,0,0,,False,scattered,
engines,5,5,0.0,0,0.0,0,0,,False,scattered,
enoteca,5,5,0.0,0,0.0,0,0,,False,scattered,
entry,5,5,0.0,0,0.0,0,0,,False,scattered,
equip,5,5,0.0,0,0.0,0,0,,False,scattered,
ernest,5,5,0.0,0,0.0,0,0,,False,scattered,
ess,5,5,0.0,0,0.0,0,0,,False,scattered,
essex,5,2,0.0,0,0.0,0,0,,False,scattered,
ethan,5,5,0.0,0,0.0,0,0,,False,scattered,
ethnic,5,5,0.0,0,0.0,0,0,,False,scattered,
etienne,5,5,0.0,0,0.0,0,0,,False,scattered,
evangeline,5,5,0.0,0,0.0,0,0,,False,scattered,
excellent,5,5,0.0,0,0.0,0,0,,False,scattered,
excelsior,5,5,0.0,0,0.0,0,0,,False,scattered,
executives,5,5,0.0,0,0.0,0,0,,False,scattered,
exotics,5,5,0.0,0,0.0,0,0,,False,scattered,
ey,5,5,0.0,0,0.0,0,0,,False,scattered,
fantastic,5,5,0.0,0,0.0,0,0,,False,scattered,
far,5,5,0.0,0,0.0,0,0,,False,scattered,
farah,5,5,0.0,0,0.0,0,0,,False,scattered,
faria,5,5,0.0,0,0.0,0,0,,False,scattered,
farwell,5,2,0.0,0,0.0,0,0,,False,scattered,
faster,5,5,0.0,0,0.0,0,0,,False,scattered,
fastway,5,5,0.0,0,0.0,0,0,,False,scattered,
fathers,5,5,0.0,0,0.0,0,0,,False,scattered,
fcp,5,2,0.0,0,0.0,0,0,,False,scattered,
ferguson,5,5,0.0,0,0.0,0,0,,False,scattered,
ferro,5,5,0.0,0,0.0,0,0,,False,scattered,
fiber,5,5,0.0,0,0.0,0,0,,False,scattered,
fidelity,5,5,0.0,0,0.0,0,0,,False,scattered,
fifteen,5,5,0.0,0,0.0,0,0,,False,scattered,
fifty,5,5,0.0,0,0.0,0,0,,False,scattered,
figure,5,5,0.0,0,0.0,0,0,,False,scattered,
finder,5,5,0.0,0,0.0,0,0,,False,scattered,
finn,5,5,0.0,0,0.0,0,0,,False,scattered,
fired,5,5,0.0,0,0.0,0,0,,False,scattered,
flag,5,5,0.0,0,0.0,0,0,,False,scattered,
flair,5,5,0.0,0,0.0,0,0,,False,scattered,
flamingo,5,5,0.0,0,0.0,0,0,,False,scattered,
flatiron,5,3,0.0,0,0.0,0,0,,False,scattered,
flexible,5,5,0.0,0,0.0,0,0,,False,scattered,
flock,5,5,0.0,0,0.0,0,0,,False,scattered,
focal,5,5,0.0,0,0.0,0,0,,False,scattered,
folk,5,5,0.0,0,0.0,0,0,,False,scattered,
forestry,5,5,0.0,0,0.0,0,0,,False,scattered,
forget,5,5,0.0,0,0.0,0,0,,False,scattered,
forma,5,4,0.0,0,0.0,0,0,,False,scattered,
fortress,5,4,0.0,0,0.0,0,0,,False,scattered,
fr,5,5,0.0,0,0.0,0,0,,False,scattered,
fragrance,5,5,0.0,0,0.0,0,0,,False,scattered,
francesco,5,5,0.0,0,0.0,0,0,,False,scattered,
fuji,5,5,0.0,0,0.0,0,0,,False,scattered,
fuse,5,5,0.0,0,0.0,0,0,,False,scattered,
galati,5,5,0.0,0,0.0,0,0,,False,scattered,
garasia,5,5,0.0,0,0.0,0,0,,False,scattered,
gee,5,5,0.0,0,0.0,0,0,,False,scattered,
geeks,5,5,0.0,0,0.0,0,0,,False,scattered,
gel,5,5,0.0,0,0.0,0,0,,False,scattered,
georgia,5,5,0.0,0,0.0,0,0,,False,scattered,
geraldine,5,5,0.0,0,0.0,0,0,,False,scattered,
gg,5,5,0.0,0,0.0,0,0,,False,scattered,
ghana,5,5,0.0,0,0.0,0,0,,False,scattered,
gi,5,5,0.0,0,0.0,0,0,,False,scattered,
gia,5,5,0.0,0,0.0,0,0,,False,scattered,
gifted,5,5,0.0,0,0.0,0,0,,False,scattered,
giles,5,5,0.0,0,0.0,0,0,,False,scattered,
gina,5,5,0.0,0,0.0,0,0,,False,scattered,
ginkgo,5,5,0.0,0,0.0,0,0,,False,scattered,
giorgio,5,5,0.0,0,0.0,0,0,,False,scattered,
glassbox,5,5,0.0,0,0.0,0,0,,False,scattered,
glasses,5,5,0.0,0,0.0,0,0,,False,scattered,
glorious,5,5,0.0,0,0.0,0,0,,False,scattered,
goddess,5,5,0.0,0,0.0,0,0,,False,scattered,
gomez,5,5,0.0,0,0.0,0,0,,False,scattered,
governor,5,5,0.0,0,0.0,0,0,,False,scattered,
gps,5,5,0.0,0,0.0,0,0,,False,scattered,
grassroots,5,5,0.0,0,0.0,0,0,,False,scattered,
grease,5,5,0.0,0,0.0,0,0,,False,scattered,
greece,5,5,0.0,0,0.0,0,0,,False,scattered,
greene,5,5,0.0,0,0.0,0,0,,False,scattered,
greenlife,5,4,0.0,0,0.0,0,0,,False,scattered,
greenway,5,5,0.0,0,0.0,0,0,,False,scattered,
grenada,5,5,0.0,0,0.0,0,0,,False,scattered,
grief,5,5,0.0,0,0.0,0,0,,False,scattered,
griffin,5,5,0.0,0,0.0,0,0,,False,scattered,
grinding,5,5,0.0,0,0.0,0,0,,False,scattered,
groupe,5,5,0.0,0,0.0,0,0,,False,scattered,
gulf,5,4,0.0,0,0.0,0,0,,False,scattered,
hacienda,5,5,0.0,0,0.0,0,0,,False,scattered,
hai,5,5,0.0,0,0.0,0,0,,False,scattered,
hairdresser,5,5,0.0,0,0.0,0,0,,False,scattered,
hajj,5,5,0.0,0,0.0,0,0,,False,scattered,
handbags,5,5,0.0,0,0.0,0,0,,False,scattered,
hanson,5,4,0.0,0,0.0,0,0,,False,scattered,
hassan,5,5,0.0,0,0.0,0,0,,False,scattered,
hastings,5,4,0.0,0,0.0,0,0,,False,scattered,
hats,5,5,0.0,0,0.0,0,0,,False,scattered,
havana,5,5,0.0,0,0.0,0,0,,False,scattered,
healthmax,5,5,0.0,0,0.0,0,0,,False,scattered,
helpers,5,5,0.0,0,0.0,0,0,,False,scattered,
herc,5,5,0.0,0,0.0,0,0,,False,scattered,
hernandez,5,5,0.0,0,0.0,0,0,,False,scattered,
hideaway,5,5,0.0,0,0.0,0,0,,False,scattered,
highview,5,4,0.0,0,0.0,0,0,,False,scattered,
hilfiger,5,5,0.0,0,0.0,0,0,,False,scattered,
hillel,5,4,0.0,0,0.0,0,0,,False,scattered,
hit,5,5,0.0,0,0.0,0,0,,False,scattered,
hito,5,4,0.0,0,0.0,0,0,,False,scattered,
hoffman,5,5,0.0,0,0.0,0,0,,False,scattered,
holmes,5,5,0.0,0,0.0,0,0,,False,scattered,
homemade,5,5,0.0,0,0.0,0,0,,False,scattered,
homeward,5,2,0.0,0,0.0,0,0,,False,scattered,
hookah,5,4,0.0,0,0.0,0,0,,False,scattered,
hp,5,5,0.0,0,0.0,0,0,,False,scattered,
htl,5,4,0.0,0,0.0,0,0,,False,scattered,
hugh,5,5,0.0,0,0.0,0,0,,False,scattered,
hui,5,5,0.0,0,0.0,0,0,,False,scattered,
humane,5,5,0.0,0,0.0,0,0,,False,scattered,
hunny,5,5,0.0,0,0.0,0,0,,False,scattered,
hwang,5,5,0.0,0,0.0,0,0,,False,scattered,
hyderabad,5,5,0.0,0,0.0,0,0,,False,scattered,
hydronics,5,5,0.0,0,0.0,0,0,,False,scattered,
hydroponics,5,5,0.0,0,0.0,0,0,,False,scattered,
ibi,5,5,0.0,0,0.0,0,0,,False,scattered,
iceberg,5,5,0.0,0,0.0,0,0,,False,scattered,
ici,5,5,0.0,0,0.0,0,0,,False,scattered,
illustration,5,5,0.0,0,0.0,0,0,,False,scattered,
immanuel,5,5,0.0,0,0.0,0,0,,False,scattered,
imperfect,5,5,0.0,0,0.0,0,0,,False,scattered,
impex,5,5,0.0,0,0.0,0,0,,False,scattered,
infant,5,5,0.0,0,0.0,0,0,,False,scattered,
ingrid,5,5,0.0,0,0.0,0,0,,False,scattered,
insider,5,5,0.0,0,0.0,0,0,,False,scattered,
instructor,5,5,0.0,0,0.0,0,0,,False,scattered,
islands,5,5,0.0,0,0.0,0,0,,False,scattered,
italiano,5,5,0.0,0,0.0,0,0,,False,scattered,
ito,5,5,0.0,0,0.0,0,0,,False,scattered,
its,5,5,0.0,0,0.0,0,0,,False,scattered,
jackpot,5,5,0.0,0,0.0,0,0,,False,scattered,
jacques,5,5,0.0,0,0.0,0,0,,False,scattered,
jag,5,5,0.0,0,0.0,0,0,,False,scattered,
jaguar,5,5,0.0,0,0.0,0,0,,False,scattered,
jared,5,5,0.0,0,0.0,0,0,,False,scattered,
jasmin,5,5,0.0,0,0.0,0,0,,False,scattered,
jessie,5,5,0.0,0,0.0,0,0,,False,scattered,
jeunesse,5,5,0.0,0,0.0,0,0,,False,scattered,
jiffy,5,5,0.0,0,0.0,0,0,,False,scattered,
jindal,5,5,0.0,0,0.0,0,0,,False,scattered,
joes,5,5,0.0,0,0.0,0,0,,False,scattered,
jolie,5,5,0.0,0,0.0,0,0,,False,scattered,
joshi,5,5,0.0,0,0.0,0,0,,False,scattered,
kalles,5,2,0.0,0,0.0,0,0,,False,scattered,
kam,5,5,0.0,0,0.0,0,0,,False,scattered,
karina,5,5,0.0,0,0.0,0,0,,False,scattered,
karl,5,5,0.0,0,0.0,0,0,,False,scattered,
karla,5,5,0.0,0,0.0,0,0,,False,scattered,
katsuya,5,5,0.0,0,0.0,0,0,,False,scattered,
katz,5,4,0.0,0,0.0,0,0,,False,scattered,
kebob,5,5,0.0,0,0.0,0,0,,False,scattered,
khalil,5,5,0.0,0,0.0,0,0,,False,scattered,
ki,5,4,0.0,0,0.0,0,0,,False,scattered,
kiddie,5,5,0.0,0,0.0,0,0,,False,scattered,
kinka,5,5,0.0,0,0.0,0,0,,False,scattered,
kitty,5,5,0.0,0,0.0,0,0,,False,scattered,
kiwi,5,5,0.0,0,0.0,0,0,,False,scattered,
kkp,5,5,0.0,0,0.0,0,0,,False,scattered,
km,5,5,0.0,0,0.0,0,0,,False,scattered,
koh,5,5,0.0,0,0.0,0,0,,False,scattered,
koko,5,5,0.0,0,0.0,0,0,,False,scattered,
korner,5,5,0.0,0,0.0,0,0,,False,scattered,
kristin,5,5,0.0,0,0.0,0,0,,False,scattered,
ky,5,5,0.0,0,0.0,0,0,,False,scattered,
labyrinth,5,5,0.0,0,0.0,0,0,,False,scattered,
laderach,5,5,0.0,0,0.0,0,0,,False,scattered,
lambert,5,5,0.0,0,0.0,0,0,,False,scattered,
lan,5,5,0.0,0,0.0,0,0,,False,scattered,
langer,5,4,0.0,0,0.0,0,0,,False,scattered,
lapsley,5,1,0.0,0,0.0,0,0,,False,scattered,
larissa,5,5,0.0,0,0.0,0,0,,False,scattered,
lau,5,5,0.0,0,0.0,0,0,,False,scattered,
laurier,5,4,0.0,0,0.0,0,0,,False,scattered,
lea,5,5,0.0,0,0.0,0,0,,False,scattered,
leafs,5,5,0.0,0,0.0,0,0,,False,scattered,
leap,5,5,0.0,0,0.0,0,0,,False,scattered,
lebanon,5,5,0.0,0,0.0,0,0,,False,scattered,
leisure,5,5,0.0,0,0.0,0,0,,False,scattered,
leisureworld,5,5,0.0,0,0.0,0,0,,False,scattered,
lets,5,5,0.0,0,0.0,0,0,,False,scattered,
lg,5,5,0.0,0,0.0,0,0,,False,scattered,
lifecare,5,5,0.0,0,0.0,0,0,,False,scattered,
lifetime,5,5,0.0,0,0.0,0,0,,False,scattered,
lightning,5,5,0.0,0,0.0,0,0,,False,scattered,
lillian,5,4,0.0,0,0.0,0,0,,False,scattered,
lima,5,4,0.0,0,0.0,0,0,,False,scattered,
linc,5,5,0.0,0,0.0,0,0,,False,scattered,
linens,5,5,0.0,0,0.0,0,0,,False,scattered,
liquidations,5,5,0.0,0,0.0,0,0,,False,scattered,
listing,5,5,0.0,0,0.0,0,0,,False,scattered,
listings,5,5,0.0,0,0.0,0,0,,False,scattered,
livery,5,5,0.0,0,0.0,0,0,,False,scattered,
livingstone,5,5,0.0,0,0.0,0,0,,False,scattered,
lk,5,5,0.0,0,0.0,0,0,,False,scattered,
llb,5,5,0.0,0,0.0,0,0,,False,scattered,
longevity,5,5,0.0,0,0.0,0,0,,False,scattered,
lorraine,5,5,0.0,0,0.0,0,0,,False,scattered,
lou,5,5,0.0,0,0.0,0,0,,False,scattered,
lsat,5,5,0.0,0,0.0,0,0,,False,scattered,
lua,5,5,0.0,0,0.0,0,0,,False,scattered,
luce,5,5,0.0,0,0.0,0,0,,False,scattered,
lumiere,5,5,0.0,0,0.0,0,0,,False,scattered,
luxor,5,4,0.0,0,0.0,0,0,,False,scattered,
luz,5,5,0.0,0,0.0,0,0,,False,scattered,
lynne,5,5,0.0,0,0.0,0,0,,False,scattered,
macleod,5,5,0.0,0,0.0,0,0,,False,scattered,
macmillan,5,5,0.0,0,0.0,0,0,,False,scattered,
macpherson,5,5,0.0,0,0.0,0,0,,False,scattered,
macs,5,5,0.0,0,0.0,0,0,,False,scattered,
madden,5,5,0.0,0,0.0,0,0,,False,scattered,
mado,5,5,0.0,0,0.0,0,0,,False,scattered,
maha,5,5,0.0,0,0.0,0,0,,False,scattered,
major,5,5,0.0,0,0.0,0,0,,False,scattered,
male,5,5,0.0,0,0.0,0,0,,False,scattered,
malone,5,5,0.0,0,0.0,0,0,,False,scattered,
mania,5,5,0.0,0,0.0,0,0,,False,scattered,
mapo,5,4,0.0,0,0.0,0,0,,False,scattered,
marciano,5,4,0.0,0,0.0,0,0,,False,scattered,
marijuana,5,5,0.0,0,0.0,0,0,,False,scattered,
maritime,5,5,0.0,0,0.0,0,0,,False,scattered,
marlin,5,5,0.0,0,0.0,0,0,,False,scattered,
marquis,5,5,0.0,0,0.0,0,0,,False,scattered,
martino,5,4,0.0,0,0.0,0,0,,False,scattered,
marty,5,5,0.0,0,0.0,0,0,,False,scattered,
marvin,5,5,0.0,0,0.0,0,0,,False,scattered,
mascot,5,5,0.0,0,0.0,0,0,,False,scattered,
matter,5,5,0.0,0,0.0,0,0,,False,scattered,
maurice,5,5,0.0,0,0.0,0,0,,False,scattered,
mauro,5,5,0.0,0,0.0,0,0,,False,scattered,
mcbride,5,5,0.0,0,0.0,0,0,,False,scattered,
mccann,5,4,0.0,0,0.0,0,0,,False,scattered,
mcgee,5,5,0.0,0,0.0,0,0,,False,scattered,
medicare,5,5,0.0,0,0.0,0,0,,False,scattered,
medieval,5,5,0.0,0,0.0,0,0,,False,scattered,
medium,5,5,0.0,0,0.0,0,0,,False,scattered,
megan,5,5,0.0,0,0.0,0,0,,False,scattered,
meighen,5,2,0.0,0,0.0,0,0,,False,scattered,
memo,5,5,0.0,0,0.0,0,0,,False,scattered,
meow,5,5,0.0,0,0.0,0,0,,False,scattered,
mercanti,5,4,0.0,0,0.0,0,0,,False,scattered,
merchandise,5,4,0.0,0,0.0,0,0,,False,scattered,
mercy,5,5,0.0,0,0.0,0,0,,False,scattered,
metabolic,5,5,0.0,0,0.0,0,0,,False,scattered,
microsoft,5,5,0.0,0,0.0,0,0,,False,scattered,
mid,5,5,0.0,0,0.0,0,0,,False,scattered,
mila,5,5,0.0,0,0.0,0,0,,False,scattered,
milne,5,5,0.0,0,0.0,0,0,,False,scattered,
min,5,5,0.0,0,0.0,0,0,,False,scattered,
miniso,5,5,0.0,0,0.0,0,0,,False,scattered,
minutekey,5,5,0.0,0,0.0,0,0,,False,scattered,
mitsubishi,5,4,0.0,0,0.0,0,0,,False,scattered,
modest,5,5,0.0,0,0.0,0,0,,False,scattered,
modular,5,5,0.0,0,0.0,0,0,,False,scattered,
mohan,5,5,0.0,0,0.0,0,0,,False,scattered,
moi,5,5,0.0,0,0.0,0,0,,False,scattered,
monde,5,4,0.0,0,0.0,0,0,,False,scattered,
monk,5,5,0.0,0,0.0,0,0,,False,scattered,
monkeys,5,5,0.0,0,0.0,0,0,,False,scattered,
montage,5,4,0.0,0,0.0,0,0,,False,scattered,
morley,5,5,0.0,0,0.0,0,0,,False,scattered,
most,5,5,0.0,0,0.0,0,0,,False,scattered,
mouldings,5,5,0.0,0,0.0,0,0,,False,scattered,
mounting,5,5,0.0,0,0.0,0,0,,False,scattered,
moves,5,5,0.0,0,0.0,0,0,,False,scattered,
moxie,5,5,0.0,0,0.0,0,0,,False,scattered,
mud,5,5,0.0,0,0.0,0,0,,False,scattered,
mumtaz,5,4,0.0,0,0.0,0,0,,False,scattered,
must,5,5,0.0,0,0.0,0,0,,False,scattered,
mustard,5,5,0.0,0,0.0,0,0,,False,scattered,
myanmar,5,5,0.0,0,0.0,0,0,,False,scattered,
myodetox,5,5,0.0,0,0.0,0,0,,False,scattered,
naked,5,5,0.0,0,0.0,0,0,,False,scattered,
namaste,5,5,0.0,0,0.0,0,0,,False,scattered,
nc,5,5,0.0,0,0.0,0,0,,False,scattered,
neat,5,5,0.0,0,0.0,0,0,,False,scattered,
nedco,5,5,0.0,0,0.0,0,0,,False,scattered,
nero,5,5,0.0,0,0.0,0,0,,False,scattered,
nesbitt,5,5,0.0,0,0.0,0,0,,False,scattered,
nespresso,5,5,0.0,0,0.0,0,0,,False,scattered,
neuro,5,5,0.0,0,0.0,0,0,,False,scattered,
newstand,5,5,0.0,0,0.0,0,0,,False,scattered,
nirvana,5,5,0.0,0,0.0,0,0,,False,scattered,
noah,5,5,0.0,0,0.0,0,0,,False,scattered,
nobu,5,2,0.0,0,0.0,0,0,,False,scattered,
nordic,5,5,0.0,0,0.0,0,0,,False,scattered,
norma,5,5,0.0,0,0.0,0,0,,False,scattered,
northland,5,5,0.0,0,0.0,0,0,,False,scattered,
nortown,5,4,0.0,0,0.0,0,0,,False,scattered,
nour,5,5,0.0,0,0.0,0,0,,False,scattered,
nous,5,5,0.0,0,0.0,0,0,,False,scattered,
nouvelle,5,5,0.0,0,0.0,0,0,,False,scattered,
nuts,5,5,0.0,0,0.0,0,0,,False,scattered,
occasions,5,5,0.0,0,0.0,0,0,,False,scattered,
odeon,5,5,0.0,0,0.0,0,0,,False,scattered,
olg,5,4,0.0,0,0.0,0,0,,False,scattered,
olga,5,5,0.0,0,0.0,0,0,,False,scattered,
olympian,5,5,0.0,0,0.0,0,0,,False,scattered,
onion,5,5,0.0,0,0.0,0,0,,False,scattered,
opal,5,5,0.0,0,0.0,0,0,,False,scattered,
opportunities,5,5,0.0,0,0.0,0,0,,False,scattered,
opportunity,5,5,0.0,0,0.0,0,0,,False,scattered,
opulence,5,5,0.0,0,0.0,0,0,,False,scattered,
opus,5,5,0.0,0,0.0,0,0,,False,scattered,
organized,5,5,0.0,0,0.0,0,0,,False,scattered,
oshawa,5,5,0.0,0,0.0,0,0,,False,scattered,
other,5,5,0.0,0,0.0,0,0,,False,scattered,
outsourcing,5,5,0.0,0,0.0,0,0,,False,scattered,
paintball,5,5,0.0,0,0.0,0,0,,False,scattered,
palais,5,5,0.0,0,0.0,0,0,,False,scattered,
paloma,5,5,0.0,0,0.0,0,0,,False,scattered,
pampered,5,5,0.0,0,0.0,0,0,,False,scattered,
pandit,5,5,0.0,0,0.0,0,0,,False,scattered,
pandith,5,5,0.0,0,0.0,0,0,,False,scattered,
paolo,5,5,0.0,0,0.0,0,0,,False,scattered,
para,5,5,0.0,0,0.0,0,0,,False,scattered,
paramed,5,3,0.0,0,0.0,0,0,,False,scattered,
pari,5,5,0.0,0,0.0,0,0,,False,scattered,
paterson,5,5,0.0,0,0.0,0,0,,False,scattered,
patrol,5,5,0.0,0,0.0,0,0,,False,scattered,
peregrine,5,5,0.0,0,0.0,0,0,,False,scattered,
performers,5,5,0.0,0,0.0,0,0,,False,scattered,
permit,5,5,0.0,0,0.0,0,0,,False,scattered,
perri,5,5,0.0,0,0.0,0,0,,False,scattered,
perspective,5,5,0.0,0,0.0,0,0,,False,scattered,
peterson,5,5,0.0,0,0.0,0,0,,False,scattered,
petroleum,5,5,0.0,0,0.0,0,0,,False,scattered,
pharmacists,5,5,0.0,0,0.0,0,0,,False,scattered,
phys,5,5,0.0,0,0.0,0,0,,False,scattered,
physique,5,5,0.0,0,0.0,0,0,,False,scattered,
pies,5,5,0.0,0,0.0,0,0,,False,scattered,
pinpoint,5,5,0.0,0,0.0,0,0,,False,scattered,
pitch,5,5,0.0,0,0.0,0,0,,False,scattered,
pj,5,5,0.0,0,0.0,0,0,,False,scattered,
podcast,5,5,0.0,0,0.0,0,0,,False,scattered,
poor,5,5,0.0,0,0.0,0,0,,False,scattered,
porch,5,4,0.0,0,0.0,0,0,,False,scattered,
possibilities,5,4,0.0,0,0.0,0,0,,False,scattered,
posture,5,5,0.0,0,0.0,0,0,,False,scattered,
potter,5,5,0.0,0,0.0,0,0,,False,scattered,
poutine,5,5,0.0,0,0.0,0,0,,False,scattered,
powerhouse,5,5,0.0,0,0.0,0,0,,False,scattered,
practitioners,5,5,0.0,0,0.0,0,0,,False,scattered,
prayosha,5,5,0.0,0,0.0,0,0,,False,scattered,
pressed,5,5,0.0,0,0.0,0,0,,False,scattered,
pressing,5,5,0.0,0,0.0,0,0,,False,scattered,
preston,5,5,0.0,0,0.0,0,0,,False,scattered,
primrose,5,4,0.0,0,0.0,0,0,,False,scattered,
pringle,5,5,0.0,0,0.0,0,0,,False,scattered,
prisma,5,5,0.0,0,0.0,0,0,,False,scattered,
proactive,5,5,0.0,0,0.0,0,0,,False,scattered,
programme,5,5,0.0,0,0.0,0,0,,False,scattered,
promo,5,5,0.0,0,0.0,0,0,,False,scattered,
promotion,5,5,0.0,0,0.0,0,0,,False,scattered,
prompt,5,5,0.0,0,0.0,0,0,,False,scattered,
pronto,5,5,0.0,0,0.0,0,0,,False,scattered,
propel,5,5,0.0,0,0.0,0,0,,False,scattered,
prophecy,5,5,0.0,0,0.0,0,0,,False,scattered,
protect,5,5,0.0,0,0.0,0,0,,False,scattered,
pueblo,5,5,0.0,0,0.0,0,0,,False,scattered,
pvt,5,5,0.0,0,0.0,0,0,,False,scattered,
quan,5,5,0.0,0,0.0,0,0,,False,scattered,
quiet,5,5,0.0,0,0.0,0,0,,False,scattered,
quik,5,5,0.0,0,0.0,0,0,,False,scattered,
racquet,5,5,0.0,0,0.0,0,0,,False,scattered,
raja,5,5,0.0,0,0.0,0,0,,False,scattered,
rambo,5,4,0.0,0,0.0,0,0,,False,scattered,
rangers,5,5,0.0,0,0.0,0,0,,False,scattered,
rani,5,5,0.0,0,0.0,0,0,,False,scattered,
rates,5,5,0.0,0,0.0,0,0,,False,scattered,
rdh,5,5,0.0,0,0.0,0,0,,False,scattered,
reaction,5,5,0.0,0,0.0,0,0,,False,scattered,
referred,5,4,0.0,0,0.0,0,0,,False,scattered,
refined,5,5,0.0,0,0.0,0,0,,False,scattered,
regan,5,5,0.0,0,0.0,0,0,,False,scattered,
remo,5,5,0.0,0,0.0,0,0,,False,scattered,
remodeling,5,5,0.0,0,0.0,0,0,,False,scattered,
remote,5,5,0.0,0,0.0,0,0,,False,scattered,
rene,5,4,0.0,0,0.0,0,0,,False,scattered,
report,5,5,0.0,0,0.0,0,0,,False,scattered,
reproductive,5,5,0.0,0,0.0,0,0,,False,scattered,
reputation,5,5,0.0,0,0.0,0,0,,False,scattered,
resolution,5,5,0.0,0,0.0,0,0,,False,scattered,
resturant,5,5,0.0,0,0.0,0,0,,False,scattered,
retire,5,5,0.0,0,0.0,0,0,,False,scattered,
retro,5,5,0.0,0,0.0,0,0,,False,scattered,
revera,5,5,0.0,0,0.0,0,0,,False,scattered,
rhythmic,5,5,0.0,0,0.0,0,0,,False,scattered,
ricky,5,5,0.0,0,0.0,0,0,,False,scattered,
rn,5,5,0.0,0,0.0,0,0,,False,scattered,
roberto,5,5,0.0,0,0.0,0,0,,False,scattered,
roche,5,5,0.0,0,0.0,0,0,,False,scattered,
rodney,5,4,0.0,0,0.0,0,0,,False,scattered,
romano,5,4,0.0,0,0.0,0,0,,False,scattered,
roofer,5,5,0.0,0,0.0,0,0,,False,scattered,
root,5,5,0.0,0,0.0,0,0,,False,scattered,
roth,5,5,0.0,0,0.0,0,0,,False,scattered,
rp,5,5,0.0,0,0.0,0,0,,False,scattered,
rubber,5,5,0.0,0,0.0,0,0,,False,scattered,
rubinoff,5,5,0.0,0,0.0,0,0,,False,scattered,
rumi,5,5,0.0,0,0.0,0,0,,False,scattered,
rutherford,5,5,0.0,0,0.0,0,0,,False,scattered,
rw,5,5,0.0,0,0.0,0,0,,False,scattered,
ry,5,5,0.0,0,0.0,0,0,,False,scattered,
saba,5,5,0.0,0,0.0,0,0,,False,scattered,
sac,5,5,0.0,0,0.0,0,0,,False,scattered,
saini,5,5,0.0,0,0.0,0,0,,False,scattered,
salam,5,4,0.0,0,0.0,0,0,,False,scattered,
salem,5,5,0.0,0,0.0,0,0,,False,scattered,
salvage,5,4,0.0,0,0.0,0,0,,False,scattered,
samara,5,5,0.0,0,0.0,0,0,,False,scattered,
sandler,5,5,0.0,0,0.0,0,0,,False,scattered,
sanfrancesco,5,5,0.0,0,0.0,0,0,,False,scattered,
sang,5,5,0.0,0,0.0,0,0,,False,scattered,
sanitation,5,5,0.0,0,0.0,0,0,,False,scattered,
sapphire,5,5,0.0,0,0.0,0,0,,False,scattered,
satellite,5,5,0.0,0,0.0,0,0,,False,scattered,
sava,5,4,0.0,0,0.0,0,0,,False,scattered,
scaffolding,5,5,0.0,0,0.0,0,0,,False,scattered,
scholar,5,5,0.0,0,0.0,0,0,,False,scattered,
scoops,5,5,0.0,0,0.0,0,0,,False,scattered,
scrub,5,5,0.0,0,0.0,0,0,,False,scattered,
sds,5,5,0.0,0,0.0,0,0,,False,scattered,
section,5,5,0.0,0,0.0,0,0,,False,scattered,
seduction,5,5,0.0,0,0.0,0,0,,False,scattered,
selections,5,5,0.0,0,0.0,0,0,,False,scattered,
selective,5,5,0.0,0,0.0,0,0,,False,scattered,
sen,5,5,0.0,0,0.0,0,0,,False,scattered,
senator,5,5,0.0,0,0.0,0,0,,False,scattered,
serene,5,5,0.0,0,0.0,0,0,,False,scattered,
server,5,4,0.0,0,0.0,0,0,,False,scattered,
servers,5,5,0.0,0,0.0,0,0,,False,scattered,
sevan,5,5,0.0,0,0.0,0,0,,False,scattered,
sh,5,5,0.0,0,0.0,0,0,,False,scattered,
shade,5,5,0.0,0,0.0,0,0,,False,scattered,
shaikh,5,5,0.0,0,0.0,0,0,,False,scattered,
shams,5,5,0.0,0,0.0,0,0,,False,scattered,
shared,5,5,0.0,0,0.0,0,0,,False,scattered,
shaun,5,5,0.0,0,0.0,0,0,,False,scattered,
shear,5,5,0.0,0,0.0,0,0,,False,scattered,
sheong,5,2,0.0,0,0.0,0,0,,False,scattered,
sherry,5,5,0.0,0,0.0,0,0,,False,scattered,
shiloh,5,5,0.0,0,0.0,0,0,,False,scattered,
shing,5,5,0.0,0,0.0,0,0,,False,scattered,
shrine,5,5,0.0,0,0.0,0,0,,False,scattered,
since,5,5,0.0,0,0.0,0,0,,False,scattered,
singing,5,5,0.0,0,0.0,0,0,,False,scattered,
skateboard,5,5,0.0,0,0.0,0,0,,False,scattered,
skill,5,5,0.0,0,0.0,0,0,,False,scattered,
skye,5,5,0.0,0,0.0,0,0,,False,scattered,
slovenian,5,3,0.0,0,0.0,0,0,,False,scattered,
smiley,5,5,0.0,0,0.0,0,0,,False,scattered,
something,5,5,0.0,0,0.0,0,0,,False,scattered,
sommer,5,4,0.0,0,0.0,0,0,,False,scattered,
sona,5,5,0.0,0,0.0,0,0,,False,scattered,
sourdough,5,5,0.0,0,0.0,0,0,,False,scattered,
southwest,5,5,0.0,0,0.0,0,0,,False,scattered,
souvenirs,5,5,0.0,0,0.0,0,0,,False,scattered,
sox,5,5,0.0,0,0.0,0,0,,False,scattered,
spain,5,5,0.0,0,0.0,0,0,,False,scattered,
sparkling,5,5,0.0,0,0.0,0,0,,False,scattered,
sparrow,5,5,0.0,0,0.0,0,0,,False,scattered,
specialized,5,5,0.0,0,0.0,0,0,,False,scattered,
specs,5,5,0.0,0,0.0,0,0,,False,scattered,
spell,5,5,0.0,0,0.0,0,0,,False,scattered,
sprott,5,4,0.0,0,0.0,0,0,,False,scattered,
stables,5,5,0.0,0,0.0,0,0,,False,scattered,
stafford,5,5,0.0,0,0.0,0,0,,False,scattered,
stain,5,5,0.0,0,0.0,0,0,,False,scattered,
stanislaus,5,4,0.0,0,0.0,0,0,,False,scattered,
stirling,5,5,0.0,0,0.0,0,0,,False,scattered,
strada,5,5,0.0,0,0.0,0,0,,False,scattered,
stranger,5,5,0.0,0,0.0,0,0,,False,scattered,
strike,5,5,0.0,0,0.0,0,0,,False,scattered,
subaru,5,5,0.0,0,0.0,0,0,,False,scattered,
sundays,5,5,0.0,0,0.0,0,0,,False,scattered,
supernova,5,5,0.0,0,0.0,0,0,,False,scattered,
surf,5,4,0.0,0,0.0,0,0,,False,scattered,
surgeon,5,5,0.0,0,0.0,0,0,,False,scattered,
surprise,5,5,0.0,0,0.0,0,0,,False,scattered,
swamy,5,5,0.0,0,0.0,0,0,,False,scattered,
swatch,5,5,0.0,0,0.0,0,0,,False,scattered,
sylvia,5,5,0.0,0,0.0,0,0,,False,scattered,
symmetry,5,5,0.0,0,0.0,0,0,,False,scattered,
sync,5,5,0.0,0,0.0,0,0,,False,scattered,
tables,5,5,0.0,0,0.0,0,0,,False,scattered,
tales,5,5,0.0,0,0.0,0,0,,False,scattered,
tank,5,5,0.0,0,0.0,0,0,,False,scattered,
tans,5,5,0.0,0,0.0,0,0,,False,scattered,
taro,5,5,0.0,0,0.0,0,0,,False,scattered,
tay,5,5,0.0,0,0.0,0,0,,False,scattered,
tek,5,5,0.0,0,0.0,0,0,,False,scattered,
terroni,5,4,0.0,0,0.0,0,0,,False,scattered,
teryx,5,5,0.0,0,0.0,0,0,,False,scattered,
thermal,5,5,0.0,0,0.0,0,0,,False,scattered,
thing,5,5,0.0,0,0.0,0,0,,False,scattered,
ti,5,5,0.0,0,0.0,0,0,,False,scattered,
tierra,5,5,0.0,0,0.0,0,0,,False,scattered,
tilt,5,5,0.0,0,0.0,0,0,,False,scattered,
timbercreek,5,5,0.0,0,0.0,0,0,,False,scattered,
titanium,5,5,0.0,0,0.0,0,0,,False,scattered,
tn,5,4,0.0,0,0.0,0,0,,False,scattered,
toe,5,5,0.0,0,0.0,0,0,,False,scattered,
tops,5,5,0.0,0,0.0,0,0,,False,scattered,
torch,5,5,0.0,0,0.0,0,0,,False,scattered,
totally,5,5,0.0,0,0.0,0,0,,False,scattered,
tow,5,5,0.0,0,0.0,0,0,,False,scattered,
tpl,5,5,0.0,0,0.0,0,0,,False,scattered,
tracer,5,5,0.0,0,0.0,0,0,,False,scattered,
tracker,5,5,0.0,0,0.0,0,0,,False,scattered,
tradition,5,5,0.0,0,0.0,0,0,,False,scattered,
transfers,5,5,0.0,0,0.0,0,0,,False,scattered,
transmissions,5,5,0.0,0,0.0,0,0,,False,scattered,
trendz,5,5,0.0,0,0.0,0,0,,False,scattered,
trish,5,5,0.0,0,0.0,0,0,,False,scattered,
trouble,5,5,0.0,0,0.0,0,0,,False,scattered,
turning,5,5,0.0,0,0.0,0,0,,False,scattered,
tutto,5,5,0.0,0,0.0,0,0,,False,scattered,
twisted,5,5,0.0,0,0.0,0,0,,False,scattered,
type,5,5,0.0,0,0.0,0,0,,False,scattered,
ubreakifix,5,5,0.0,0,0.0,0,0,,False,scattered,
underwriting,5,5,0.0,0,0.0,0,0,,False,scattered,
unify,5,5,0.0,0,0.0,0,0,,False,scattered,
uniglassplus,5,5,0.0,0,0.0,0,0,,False,scattered,
unite,5,5,0.0,0,0.0,0,0,,False,scattered,
usolve,5,5,0.0,0,0.0,0,0,,False,scattered,
vac,5,4,0.0,0,0.0,0,0,,False,scattered,
verity,5,5,0.0,0,0.0,0,0,,False,scattered,
versatile,5,4,0.0,0,0.0,0,0,,False,scattered,
veterans,5,5,0.0,0,0.0,0,0,,False,scattered,
vi,5,5,0.0,0,0.0,0,0,,False,scattered,
vic,5,5,0.0,0,0.0,0,0,,False,scattered,
victorian,5,5,0.0,0,0.0,0,0,,False,scattered,
vikram,5,5,0.0,0,0.0,0,0,,False,scattered,
villas,5,5,0.0,0,0.0,0,0,,False,scattered,
violet,5,5,0.0,0,0.0,0,0,,False,scattered,
visionary,5,5,0.0,0,0.0,0,0,,False,scattered,
visitor,5,5,0.0,0,0.0,0,0,,False,scattered,
vladimir,5,4,0.0,0,0.0,0,0,,False,scattered,
vodka,5,5,0.0,0,0.0,0,0,,False,scattered,
voyage,5,5,0.0,0,0.0,0,0,,False,scattered,
vp,5,5,0.0,0,0.0,0,0,,False,scattered,
vue,5,5,0.0,0,0.0,0,0,,False,scattered,
waffles,5,5,0.0,0,0.0,0,0,,False,scattered,
wai,5,4,0.0,0,0.0,0,0,,False,scattered,
walkers,5,5,0.0,0,0.0,0,0,,False,scattered,
waters,5,5,0.0,0,0.0,0,0,,False,scattered,
ways,5,5,0.0,0,0.0,0,0,,False,scattered,
weitzman,5,5,0.0,0,0.0,0,0,,False,scattered,
westbury,5,5,0.0,0,0.0,0,0,,False,scattered,
westend,5,5,0.0,0,0.0,0,0,,False,scattered,
wicked,5,5,0.0,0,0.0,0,0,,False,scattered,
wilderness,5,5,0.0,0,0.0,0,0,,False,scattered,
wilkinson,5,5,0.0,0,0.0,0,0,,False,scattered,
willson,5,2,0.0,0,0.0,0,0,,False,scattered,
wimpy,5,5,0.0,0,0.0,0,0,,False,scattered,
wm,5,5,0.0,0,0.0,0,0,,False,scattered,
wooden,5,5,0.0,0,0.0,0,0,,False,scattered,
woodwork,5,5,0.0,0,0.0,0,0,,False,scattered,
woori,5,2,0.0,0,0.0,0,0,,False,scattered,
words,5,5,0.0,0,0.0,0,0,,False,scattered,
wsi,5,5,0.0,0,0.0,0,0,,False,scattered,
wycliffe,5,4,0.0,0,0.0,0,0,,False,scattered,
wynn,5,5,0.0,0,0.0,0,0,,False,scattered,
xe,5,5,0.0,0,0.0,0,0,,False,scattered,
xperts,5,5,0.0,0,0.0,0,0,,False,scattered,
xtra,5,5,0.0,0,0.0,0,0,,False,scattered,
xu,5,5,0.0,0,0.0,0,0,,False,scattered,
ym,5,5,0.0,0,0.0,0,0,,False,scattered,
yolanda,5,5,0.0,0,0.0,0,0,,False,scattered,
ysm,5,3,0.0,0,0.0,0,0,,False,scattered,
yummi,5,5,0.0,0,0.0,0,0,,False,scattered,
zafar,5,5,0.0,0,0.0,0,0,,False,scattered,
zellers,5,5,0.0,0,0.0,0,0,,False,scattered,
zhao,5,5,0.0,0,0.0,0,0,,False,scattered,
zhou,5,5,0.0,0,0.0,0,0,,False,scattered,
zhu,5,5,0.0,0,0.0,0,0,,False,scattered,
zia,5,5,0.0,0,0.0,0,0,,False,scattered,
zolo,5,4,0.0,0,0.0,0,0,,False,scattered,
