word,support,cells,pi,core_cells,core_share,core_components,core_largest,core_density_pct,hotspot,label,core_area
potrero,56,24,1.0,24,1.0,4,20,0.78,False,area,Potrero Hill
nob,47,18,1.0,18,1.0,2,14,0.97,True,area,Nob Hill
wharf,47,14,1.0,14,1.0,6,8,0.87,False,area,North Beach
chinatown,43,13,1.0,13,1.0,3,10,0.95,True,area,Chinatown
polk,39,10,1.0,10,1.0,2,9,0.95,True,area,Russian Hill
folsom,34,19,1.0,19,1.0,4,13,0.92,True,area,South of Market
dogpatch,28,10,1.0,10,1.0,1,10,0.82,False,area,Potrero Hill
taraval,27,11,1.0,11,1.0,1,11,0.7,False,area,Sunset/Parkside
merced,21,16,1.0,16,1.0,9,7,0.33,False,area,Lakeshore
missionary,21,19,1.0,19,1.0,15,2,0.76,False,point,Bayview Hunters Point
portola,21,12,1.0,12,1.0,6,4,0.56,False,area,Portola
brannan,20,8,1.0,8,1.0,2,6,0.89,False,area,Financial District/South Beach
ubs,17,3,1.0,3,1.0,1,3,1.0,True,point,Financial District/South Beach
ellis,16,11,1.0,11,1.0,4,5,0.99,True,area,Financial District/South Beach
cca,13,3,1.0,3,1.0,1,3,0.89,False,point,Mission Bay
chestnut,13,9,1.0,9,1.0,4,3,0.71,False,point,Marina
fidi,12,8,1.0,8,1.0,2,7,0.99,True,area,Financial District/South Beach
fremont,12,5,1.0,5,1.0,2,4,0.94,True,area,Financial District/South Beach
sansome,12,5,1.0,5,1.0,1,5,0.99,True,area,Financial District/South Beach
gough,11,6,1.0,6,1.0,2,4,0.87,False,area,Hayes Valley
salesforce,11,5,1.0,5,1.0,1,5,0.99,True,area,Financial District/South Beach
lakeshore,10,4,1.0,4,1.0,1,4,0.64,False,area,Sunset/Parkside
leavenworth,10,6,1.0,6,1.0,2,4,0.67,False,area,Russian Hill
panhandle,10,5,1.0,5,1.0,1,5,0.81,False,area,Haight Ashbury
westfield,10,4,1.0,4,1.0,2,3,0.99,True,point,Tenderloin
counsel,9,8,1.0,8,1.0,3,6,0.99,True,area,Financial District/South Beach
kezar,9,4,1.0,4,1.0,1,4,0.82,False,area,Haight Ashbury
precita,9,4,1.0,4,1.0,2,3,0.75,False,point,Mission
woman,9,9,1.0,9,1.0,6,2,0.89,False,point,Mission
vallejo,8,6,1.0,6,1.0,4,3,0.93,True,point,Russian Hill
visas,8,7,1.0,7,1.0,3,5,0.99,True,area,Financial District/South Beach
application,7,4,1.0,4,1.0,1,4,1.0,True,area,Financial District/South Beach
counter,7,6,1.0,6,1.0,4,3,0.99,True,point,Financial District/South Beach
crunch,7,7,1.0,7,1.0,6,2,0.95,True,point,Financial District/South Beach
fan,6,6,1.0,6,1.0,3,4,0.99,True,area,Tenderloin
fell,6,4,1.0,4,1.0,3,2,0.91,True,point,Hayes Valley
goldsworthy,6,4,1.0,4,1.0,3,2,0.52,False,point,Presidio
recruitment,6,5,1.0,5,1.0,2,4,1.0,True,area,Financial District/South Beach
shotwell,6,6,1.0,6,1.0,2,5,0.88,False,area,Mission
spear,6,3,1.0,3,1.0,1,3,0.98,True,point,Financial District/South Beach
sunnyside,6,5,1.0,5,1.0,4,2,0.72,False,point,West of Twin Peaks
un,6,4,1.0,4,1.0,2,3,0.95,True,point,Tenderloin
beale,5,3,1.0,3,1.0,1,3,0.95,True,point,Financial District/South Beach
corbett,5,5,1.0,5,1.0,1,5,0.48,False,area,Castro/Upper Market
duggan,5,4,1.0,4,1.0,4,1,0.98,True,point,Mission
glide,5,5,1.0,5,1.0,3,3,0.98,True,point,Tenderloin
jv,5,5,1.0,5,1.0,4,2,0.95,True,point,Pacific Heights
minnesota,5,3,1.0,3,1.0,1,3,0.85,False,point,Potrero Hill
mobil,5,4,1.0,4,1.0,4,1,0.59,False,point,Sunset/Parkside
nanny,5,5,1.0,5,1.0,4,2,0.99,True,point,Financial District/South Beach
northpoint,5,3,1.0,3,1.0,2,2,0.8,False,point,North Beach
palou,5,3,1.0,3,1.0,1,3,0.76,False,point,Bayview Hunters Point
pnc,5,4,1.0,4,1.0,1,4,0.98,True,area,Financial District/South Beach
process,5,4,1.0,4,1.0,4,1,0.99,True,point,Financial District/South Beach
steuart,5,2,1.0,2,1.0,1,2,0.98,True,point,Financial District/South Beach
szeto,5,4,1.0,4,1.0,2,2,0.99,True,point,Financial District/South Beach
rooftop,9,9,0.999,9,1.0,8,2,0.95,True,point,Financial District/South Beach
noise,6,5,0.999,5,1.0,5,1,0.75,False,point,Outer Richmond
mosser,5,3,0.999,3,1.0,3,1,0.98,True,point,Tenderloin
pharmaceuticals,5,4,0.999,4,1.0,3,2,0.92,True,point,Financial District/South Beach
dvm,5,4,0.997,4,1.0,3,2,0.9,True,point,Mission
within,8,7,0.996,7,1.0,6,2,0.96,True,point,Financial District/South Beach
jobs,6,6,0.996,6,1.0,4,2,0.95,True,point,Tenderloin
working,10,8,0.995,8,1.0,3,6,0.99,True,area,Financial District/South Beach
fillmore,53,15,0.994,15,1.0,5,10,0.94,True,area,Marina
worldwide,16,14,0.984,14,1.0,9,3,0.95,True,point,Financial District/South Beach
rbc,8,2,0.983,2,1.0,1,2,1.0,True,point,Financial District/South Beach
bayview,53,26,0.98,25,0.981,3,15,0.65,False,area,Bayview Hunters Point
noe,71,25,0.969,23,0.972,4,15,0.74,False,area,Noe Valley
balboa,36,19,0.968,18,0.972,9,6,0.58,False,area,Outer Richmond
plan,9,8,0.968,8,1.0,5,3,0.98,True,point,Financial District/South Beach
triton,5,3,0.968,3,1.0,2,2,0.99,True,point,Financial District/South Beach
soma,99,42,0.967,40,0.98,2,38,0.93,True,area,South of Market
ness,36,17,0.966,16,0.972,2,13,0.94,True,area,Tenderloin
tenderloin,33,14,0.963,13,0.97,2,12,0.94,True,area,Tenderloin
haight,69,15,0.961,13,0.971,5,6,0.79,False,area,Haight Ashbury
parnassus,28,6,0.961,5,0.964,3,3,0.96,True,point,Inner Sunset
sfsu,26,8,0.961,7,0.962,1,7,0.71,False,area,Lakeshore
cpmc,45,19,0.951,18,0.978,9,5,0.97,True,area,Pacific Heights
llp,167,40,0.95,35,0.97,7,25,0.98,True,area,Financial District/South Beach
stockton,29,12,0.948,11,0.966,2,10,0.99,True,area,North Beach
duboce,20,8,0.947,7,0.95,2,6,0.89,False,area,Castro/Upper Market
th,197,137,0.946,136,0.995,28,66,0.82,False,area,Mission
stonestown,37,7,0.945,5,0.946,2,4,0.85,False,area,Lakeshore
condominiums,6,6,0.945,6,1.0,4,2,0.88,False,point,Mission
judah,19,13,0.944,12,0.947,2,9,0.62,False,area,Sunset/Parkside
castro,90,27,0.942,21,0.933,1,21,0.79,False,area,Castro/Upper Market
geneva,17,9,0.94,8,0.941,5,3,0.61,False,point,Outer Mission
microsoft,8,7,0.94,7,1.0,4,4,0.94,True,area,South of Market
farrell,23,12,0.939,11,0.957,4,7,0.95,True,area,Tenderloin
richmond,40,23,0.938,20,0.925,4,9,0.75,False,area,Outer Richmond
divisadero,24,12,0.936,11,0.958,4,8,0.81,False,area,Japantown
ameriprise,21,7,0.934,6,0.952,1,6,1.0,True,area,Financial District/South Beach
valencia,57,19,0.933,16,0.947,3,13,0.91,True,area,Mission
visitacion,15,8,0.933,7,0.933,1,7,0.35,False,area,Visitacion Valley
hayes,60,23,0.932,20,0.95,3,15,0.89,False,area,Hayes Valley
hyde,34,17,0.929,15,0.941,2,14,0.88,False,area,Nob Hill
columbus,16,7,0.928,6,0.938,1,6,0.92,True,area,North Beach
geary,57,27,0.924,25,0.965,5,13,0.88,False,area,Outer Richmond
usf,41,7,0.924,5,0.927,2,4,0.84,False,area,Lone Mountain/USF
bayshore,14,11,0.924,10,0.929,7,3,0.71,False,point,Bayview Hunters Point
montgomery,40,14,0.921,12,0.95,2,11,0.99,True,area,Financial District/South Beach
excelsior,28,13,0.921,11,0.929,2,10,0.71,False,area,Excelsior
fishermans,13,6,0.92,5,0.923,2,4,0.85,False,area,North Beach
studies,30,16,0.918,15,0.967,8,4,0.71,False,area,Lone Mountain/USF
kearny,18,8,0.918,7,0.944,2,6,0.99,True,area,Financial District/South Beach
ingleside,13,9,0.916,8,0.923,4,5,0.69,False,area,West of Twin Peaks
lakeside,12,4,0.915,3,0.917,1,3,0.85,False,point,West of Twin Peaks
ashbury,26,10,0.914,8,0.923,4,4,0.81,False,area,Haight Ashbury
lombard,24,14,0.914,12,0.917,6,4,0.8,False,area,Marina
sightseeing,12,7,0.912,6,0.917,3,4,0.83,False,area,North Beach
civic,47,17,0.911,14,0.936,2,12,0.94,True,area,Tenderloin
fisherman,29,11,0.91,8,0.897,3,6,0.85,False,area,North Beach
candlestick,13,12,0.91,11,0.923,6,3,0.2,False,point,Bayview Hunters Point
embarcadero,54,20,0.909,16,0.926,3,7,0.89,False,area,Financial District/South Beach
mission,391,114,0.908,96,0.951,14,59,0.85,False,area,Mission
galleria,27,10,0.906,9,0.963,5,3,0.92,True,point,Financial District/South Beach
marina,92,33,0.905,28,0.946,8,17,0.87,False,area,Marina
nopa,11,7,0.905,6,0.909,2,4,0.78,False,area,Lone Mountain/USF
mclaren,14,12,0.9,11,0.929,7,3,0.34,False,point,McLaren Park
bernal,42,19,0.899,15,0.905,3,13,0.71,False,area,Bernal Heights
irving,31,13,0.898,10,0.903,2,9,0.81,False,area,Inner Sunset
noriega,20,10,0.895,8,0.9,3,5,0.7,False,area,Sunset/Parkside
japantown,10,4,0.895,3,0.9,1,3,0.91,True,point,Japantown
cigars,5,3,0.894,3,1.0,2,2,0.99,True,point,Chinatown
sunset,120,65,0.891,55,0.908,6,42,0.62,False,area,Sunset/Parkside
cow,20,11,0.891,9,0.9,3,7,0.75,False,area,Marina
portal,28,8,0.889,5,0.893,3,3,0.82,False,point,West of Twin Peaks
shipyard,9,7,0.887,6,0.889,2,4,0.36,False,area,Bayview Hunters Point
dolores,41,23,0.884,19,0.902,3,15,0.8,False,area,Mission
ccsf,27,11,0.884,8,0.889,3,5,0.74,False,area,West of Twin Peaks
diamonds,13,8,0.883,7,0.923,2,5,0.99,True,area,Financial District/South Beach
hostel,15,11,0.88,10,0.933,5,4,0.96,True,area,Tenderloin
miraloma,8,6,0.874,5,0.875,3,2,0.67,False,point,West of Twin Peaks
broadway,29,13,0.87,11,0.897,2,9,0.91,True,area,Financial District/South Beach
benevolent,18,6,0.869,4,0.889,1,4,0.99,True,area,Chinatown
presidio,145,72,0.865,55,0.855,8,34,0.57,False,area,Presidio
beach,165,85,0.864,66,0.885,19,16,0.62,False,area,Sunset/Parkside
advertising,18,14,0.86,13,0.944,4,10,0.99,True,area,Financial District/South Beach
conservatory,17,14,0.858,13,0.941,8,3,0.96,True,point,South of Market
downtown,48,33,0.857,31,0.958,9,23,0.97,True,area,Financial District/South Beach
showroom,26,13,0.856,11,0.923,5,4,0.95,True,area,Financial District/South Beach
harding,7,6,0.856,5,0.857,2,4,0.4,False,area,Lakeshore
mutual,9,7,0.854,6,0.889,1,6,1.0,True,area,Financial District/South Beach
ciis,11,3,0.852,3,1.0,3,1,0.95,True,point,South of Market
clement,22,11,0.851,9,0.909,4,6,0.88,False,area,Outer Richmond
greenwich,8,6,0.851,5,0.875,3,3,0.8,False,point,Marina
square,130,51,0.85,43,0.931,13,21,0.93,True,area,Financial District/South Beach
coworking,10,7,0.85,6,0.9,2,5,0.99,True,area,Financial District/South Beach
valley,154,75,0.846,59,0.896,17,12,0.8,False,area,Noe Valley
peaks,16,14,0.846,12,0.875,7,5,0.48,False,area,Castro/Upper Market
transbay,8,5,0.845,4,0.875,1,4,0.99,True,area,Financial District/South Beach
companies,11,11,0.842,10,0.909,3,7,0.99,True,area,Financial District/South Beach
treasure,36,22,0.84,18,0.889,9,5,0.57,False,area,Treasure Island
moscone,14,6,0.839,4,0.857,2,2,0.89,False,point,Marina
wework,12,11,0.837,10,0.917,4,6,0.99,True,area,Financial District/South Beach
ocean,106,59,0.835,42,0.84,10,12,0.62,False,area,Sunset/Parkside
lofts,17,13,0.833,11,0.882,4,4,0.93,True,area,South of Market
guerrero,14,9,0.831,7,0.857,3,3,0.8,False,point,Mission
hq,101,61,0.83,55,0.931,8,45,0.93,True,area,Financial District/South Beach
brazil,6,4,0.829,4,1.0,4,1,0.99,True,point,South of Market
virtual,15,15,0.828,14,0.933,9,4,0.93,True,area,Financial District/South Beach
physicians,12,10,0.828,10,1.0,8,2,0.97,True,point,Nob Hill
showplace,6,6,0.826,5,0.833,1,5,0.86,False,area,Mission Bay
page,12,12,0.825,11,0.917,6,4,0.88,False,area,Haight Ashbury
heights,103,58,0.823,47,0.893,18,19,0.82,False,area,Pacific Heights
wealth,71,21,0.82,12,0.873,1,12,0.99,True,area,Financial District/South Beach
addition,6,6,0.82,5,0.833,2,4,0.86,False,area,Western Addition
complex,10,7,0.819,6,0.9,4,2,0.93,True,point,Western Addition
capp,6,6,0.819,5,0.833,1,5,0.91,True,area,Mission
visa,21,14,0.818,12,0.905,3,6,0.99,True,area,Financial District/South Beach
jumpstartmd,5,5,0.818,4,0.8,3,2,0.92,True,point,Financial District/South Beach
hang,8,8,0.817,7,0.875,4,4,0.97,True,area,Chinatown
stanyan,6,4,0.817,3,0.833,2,2,0.78,False,point,Haight Ashbury
battery,30,21,0.816,18,0.9,8,8,0.92,True,area,Financial District/South Beach
sutter,103,34,0.815,28,0.913,11,11,0.94,True,area,Pacific Heights
staffing,18,15,0.815,13,0.889,3,9,0.98,True,area,Financial District/South Beach
guard,9,9,0.81,8,0.889,5,2,0.37,False,point,Treasure Island
uc,17,10,0.809,8,0.882,4,3,0.96,True,point,Financial District/South Beach
morgan,54,16,0.808,8,0.852,1,8,0.99,True,area,Financial District/South Beach
broderick,6,6,0.808,5,0.833,3,3,0.76,False,point,Japantown
hua,7,5,0.806,4,0.857,2,3,0.98,True,point,Chinatown
immunology,8,5,0.805,4,0.875,3,2,0.93,True,point,Haight Ashbury
yerba,28,17,0.804,14,0.893,5,7,0.94,True,area,South of Market
congenital,6,5,0.804,4,0.833,2,2,0.96,True,point,Pacific Heights
hunters,16,15,0.803,12,0.812,6,3,0.6,False,point,Bayview Hunters Point
financial,215,79,0.802,64,0.902,21,23,0.92,True,area,Financial District/South Beach
wish,7,5,0.802,4,0.857,2,3,0.99,True,point,Financial District/South Beach
mayor,6,4,0.801,3,0.833,2,2,0.94,True,point,Tenderloin
brotherhood,5,5,0.799,4,0.8,2,2,0.48,False,point,Lakeshore
buena,50,35,0.797,30,0.9,11,15,0.91,True,area,South of Market
alemany,5,4,0.796,3,0.8,2,2,0.52,False,point,Bernal Heights
buchanan,11,9,0.794,7,0.818,2,4,0.83,False,area,Hayes Valley
shrader,5,4,0.794,3,0.8,1,3,0.78,False,point,Haight Ashbury
ornamental,5,4,0.793,3,0.8,3,1,0.7,False,point,Bayview Hunters Point
hollow,21,13,0.79,9,0.81,3,7,0.75,False,area,Marina
eureka,15,8,0.79,5,0.8,1,5,0.72,False,area,Castro/Upper Market
turk,11,8,0.79,6,0.818,2,4,0.93,True,area,Western Addition
laurel,26,16,0.787,11,0.808,3,7,0.9,True,area,Presidio Heights
beaute,9,9,0.786,8,0.889,3,5,0.95,True,area,Nob Hill
hughes,5,5,0.783,4,0.8,2,2,0.87,False,point,Mission Bay
courtyard,7,7,0.782,6,0.857,3,3,0.92,True,point,Nob Hill
securities,6,4,0.782,3,0.833,1,3,1.0,True,point,Financial District/South Beach
consulate,49,28,0.78,24,0.918,9,13,0.97,True,area,Financial District/South Beach
steps,47,38,0.779,32,0.872,18,4,0.62,False,area,Inner Sunset
coit,11,11,0.779,10,0.909,4,7,0.96,True,area,Chinatown
kabuki,5,3,0.778,2,0.8,1,2,0.9,True,point,Japantown
nihonmachi,5,3,0.776,2,0.8,1,2,0.81,False,point,Pacific Heights
chanel,7,6,0.774,5,0.857,3,2,0.98,True,point,Lakeshore
shing,5,5,0.774,4,0.8,1,4,0.98,True,area,Chinatown
labs,69,43,0.773,35,0.884,7,19,0.93,True,area,Financial District/South Beach
exxon,5,5,0.773,4,0.8,4,1,0.59,False,point,Sunset/Parkside
ferry,21,12,0.77,9,0.857,6,3,0.95,True,point,Financial District/South Beach
advisors,59,33,0.768,25,0.864,7,14,0.98,True,area,Financial District/South Beach
brows,14,12,0.768,11,0.857,7,2,0.95,True,point,Mission
hearst,6,6,0.768,5,0.833,4,2,0.98,True,point,Financial District/South Beach
corona,9,5,0.767,3,0.778,1,3,0.61,False,point,Castro/Upper Market
rincon,19,10,0.765,6,0.789,1,6,0.91,True,area,Financial District/South Beach
outpost,7,5,0.765,4,0.857,3,2,0.92,True,point,Mission
arguello,11,8,0.763,6,0.818,3,4,0.7,False,area,Presidio Heights
davies,23,7,0.76,2,0.783,1,2,0.86,False,point,Haight Ashbury
lawton,5,5,0.76,4,0.8,4,1,0.56,False,point,Sunset/Parkside
inn,103,59,0.758,50,0.883,10,36,0.92,True,area,South of Market
trial,7,6,0.758,5,0.857,2,3,0.99,True,point,Financial District/South Beach
tartine,5,5,0.758,4,0.8,3,2,0.84,False,point,Mission
cole,29,15,0.757,9,0.759,4,5,0.91,True,area,Haight Ashbury
levis,5,5,0.756,4,0.8,4,1,0.9,True,point,Noe Valley
ucsf,501,51,0.755,28,0.762,10,7,0.83,False,area,Inner Sunset
bleu,7,6,0.755,5,0.857,4,2,0.95,True,point,Mission Bay
marys,5,3,0.755,2,0.8,2,1,0.91,True,point,Haight Ashbury
sparc,5,5,0.755,4,0.8,3,2,0.87,False,point,Mission
capital,124,58,0.754,44,0.887,8,25,0.96,True,area,Financial District/South Beach
commission,21,13,0.754,9,0.81,3,6,0.95,True,area,Tenderloin
hill,192,112,0.753,91,0.885,23,45,0.82,False,area,Financial District/South Beach
highway,10,10,0.752,8,0.8,6,2,0.52,False,point,Sunset/Parkside
pier,55,37,0.75,28,0.836,10,6,0.81,False,area,Financial District/South Beach
hing,29,17,0.75,11,0.793,4,4,0.9,False,area,Chinatown
client,12,5,0.75,3,0.833,1,3,1.0,True,point,Financial District/South Beach
manor,15,13,0.749,11,0.867,8,3,0.79,False,point,Tenderloin
zoo,8,6,0.749,4,0.75,1,4,0.43,False,area,Lakeshore
alfred,5,5,0.749,4,0.8,2,3,0.96,True,point,South of Market
monterey,8,5,0.748,3,0.75,1,3,0.67,False,point,West of Twin Peaks
ripple,6,5,0.747,4,0.833,3,2,0.72,False,point,Financial District/South Beach
thistle,5,4,0.747,3,0.6,3,1,0.91,True,point,Mission
southeast,15,12,0.746,9,0.8,6,3,0.77,False,point,Bayview Hunters Point
forensic,6,6,0.746,5,0.833,3,2,0.94,True,point,South of Market
ninth,9,7,0.745,5,0.778,1,5,0.94,True,area,South of Market
stevenson,7,7,0.745,6,0.857,3,3,0.99,True,point,Financial District/South Beach
island,59,39,0.744,29,0.831,11,5,0.85,False,area,Treasure Island
connell,7,7,0.744,6,0.857,4,2,0.97,True,point,Financial District/South Beach
sanchez,20,17,0.743,14,0.85,8,5,0.79,False,area,Castro/Upper Market
epic,11,11,0.743,9,0.818,5,4,0.94,True,area,Financial District/South Beach
customer,8,7,0.743,5,0.75,2,3,0.9,True,point,Financial District/South Beach
bin,6,6,0.743,5,0.833,3,2,0.92,True,point,Haight Ashbury
krav,5,3,0.742,2,0.8,2,1,0.95,True,point,Pacific Heights
maga,5,3,0.742,2,0.8,2,1,0.95,True,point,Pacific Heights
basin,8,6,0.738,4,0.75,2,3,0.9,False,point,Mission Bay
fund,54,40,0.736,34,0.889,9,20,0.95,True,area,Financial District/South Beach
valentino,5,5,0.736,4,0.8,2,2,0.97,True,point,Mission
marriott,12,11,0.735,9,0.833,6,2,0.92,True,point,Nob Hill
bare,5,5,0.735,4,0.8,3,2,0.9,False,point,Lakeshore
overlook,8,8,0.734,6,0.75,5,2,0.3,False,point,Presidio
lake,51,46,0.733,34,0.765,17,7,0.32,False,area,Golden Gate Park
hertz,12,12,0.732,10,0.833,4,5,0.94,True,area,Mission
io,17,15,0.731,12,0.824,2,7,0.98,True,area,Financial District/South Beach
larkin,25,19,0.729,14,0.8,4,11,0.89,False,area,Tenderloin
hairstylist,5,3,0.729,2,0.8,1,2,0.99,True,point,Financial District/South Beach
herman,9,9,0.726,8,0.889,7,2,0.85,False,point,North Beach
glen,28,14,0.725,6,0.714,1,6,0.42,False,area,Glen Park
nationwide,13,11,0.725,9,0.846,3,5,0.99,True,area,Financial District/South Beach
chorus,13,11,0.724,8,0.769,3,4,0.92,True,area,Mission
vascular,10,8,0.724,5,0.7,3,2,0.97,True,point,Inner Sunset
addison,5,5,0.723,4,0.8,2,2,0.98,True,point,Pacific Heights
apostille,7,5,0.722,4,0.857,2,3,1.0,True,point,Financial District/South Beach
crissy,11,8,0.721,5,0.727,3,2,0.47,False,point,Presidio
equality,7,7,0.72,6,0.857,4,2,0.96,True,point,Mission
kaiser,32,14,0.719,8,0.719,3,5,0.83,False,area,Lone Mountain/USF
japan,20,12,0.719,8,0.8,2,5,0.99,True,area,Financial District/South Beach
fulton,12,11,0.718,8,0.75,4,3,0.8,False,point,Western Addition
crest,5,5,0.718,4,0.8,4,1,0.74,False,point,Nob Hill
encore,9,7,0.717,5,0.667,2,3,0.99,True,point,Financial District/South Beach
telegraph,17,14,0.715,11,0.824,4,7,0.95,True,area,North Beach
firm,106,45,0.714,29,0.84,4,17,0.98,True,area,Financial District/South Beach
shabu,11,9,0.714,7,0.818,4,4,0.9,False,area,Inner Richmond
workers,15,14,0.713,12,0.867,6,3,0.96,True,point,Financial District/South Beach
inner,18,13,0.712,9,0.778,5,4,0.81,False,area,Inner Sunset
townsend,15,11,0.712,7,0.733,1,7,0.92,True,area,Mission Bay
victorian,13,10,0.712,8,0.846,6,2,0.75,False,point,Castro/Upper Market
opera,26,11,0.711,6,0.769,4,3,0.92,True,point,Hayes Valley
baptist,78,61,0.71,45,0.769,17,10,0.68,False,area,Bayview Hunters Point
bryant,17,13,0.709,9,0.765,5,4,0.85,False,area,South of Market
rochelle,5,5,0.709,4,0.8,2,2,0.99,True,point,Financial District/South Beach
marin,34,30,0.708,26,0.882,15,4,0.92,True,area,Pacific Heights
midtown,7,6,0.708,4,0.714,2,2,0.7,False,point,South of Market
twin,17,15,0.706,11,0.765,7,5,0.43,False,area,Castro/Upper Market
supply,110,89,0.705,69,0.809,22,18,0.81,False,area,Bayview Hunters Point
clayton,9,9,0.703,7,0.778,2,5,0.86,False,area,Haight Ashbury
bush,24,14,0.702,10,0.833,2,9,0.97,True,area,Nob Hill
watch,19,15,0.696,12,0.842,4,8,0.99,True,area,Financial District/South Beach
suite,14,12,0.696,9,0.786,3,5,0.96,True,area,Tenderloin
corey,5,5,0.696,4,0.8,4,1,0.92,True,point,Potrero Hill
recruiting,14,11,0.695,8,0.786,3,4,0.99,True,area,Financial District/South Beach
lands,10,10,0.694,7,0.7,4,2,0.32,False,point,Outer Richmond
parkside,33,20,0.693,11,0.697,2,6,0.66,False,area,Sunset/Parkside
sen,8,6,0.692,4,0.75,1,4,0.99,True,area,Chinatown
permanente,20,10,0.691,8,0.75,3,5,0.83,False,area,Lone Mountain/USF
cardiac,9,8,0.691,7,0.778,4,3,0.97,True,point,Inner Sunset
msd,5,3,0.689,2,0.8,1,2,1.0,True,point,Financial District/South Beach
thornton,6,6,0.688,5,0.833,3,2,0.95,True,point,Financial District/South Beach
pine,23,17,0.687,13,0.826,6,7,0.92,True,area,Nob Hill
dell,7,7,0.687,6,0.857,5,2,0.96,True,point,Financial District/South Beach
pediatric,99,29,0.686,16,0.818,8,4,0.89,False,area,Potrero Hill
gay,18,14,0.686,9,0.667,5,3,0.91,True,point,Castro/Upper Market
eli,5,5,0.685,4,0.8,3,2,0.95,True,point,Financial District/South Beach
holdings,9,8,0.683,6,0.778,1,6,0.99,True,area,Financial District/South Beach
prime,17,13,0.682,10,0.824,4,6,0.98,True,area,Financial District/South Beach
trademark,8,8,0.682,7,0.875,4,4,0.99,True,area,Financial District/South Beach
ria,7,6,0.682,5,0.857,5,1,0.94,True,point,Mission
billy,7,6,0.68,4,0.714,3,2,0.76,False,point,Castro/Upper Market
customs,5,4,0.68,3,0.8,2,2,1.0,True,point,Financial District/South Beach
playa,8,6,0.679,4,0.75,4,1,0.64,False,point,Outer Richmond
diamond,58,38,0.678,28,0.828,14,5,0.81,False,area,Glen Park
energy,42,29,0.677,22,0.81,4,16,0.98,True,area,Financial District/South Beach
protection,12,10,0.677,9,0.917,7,2,0.93,True,point,Financial District/South Beach
comedy,14,10,0.676,7,0.786,3,3,0.99,True,point,Chinatown
junipero,7,5,0.676,3,0.714,3,1,0.65,False,point,West of Twin Peaks
ventures,71,42,0.673,30,0.817,7,14,0.93,True,area,Financial District/South Beach
maritime,14,12,0.672,10,0.857,6,2,0.96,True,point,Financial District/South Beach
bridal,22,19,0.671,15,0.818,6,6,0.96,True,area,Marina
alloy,5,5,0.671,3,0.6,2,2,0.94,True,point,South of Market
tarot,5,4,0.668,2,0.6,1,2,0.76,False,point,Mission
sunnydale,6,3,0.666,2,0.667,1,2,0.4,False,point,Visitacion Valley
loan,21,15,0.665,11,0.81,3,6,0.98,True,area,Financial District/South Beach
compensation,8,7,0.665,5,0.75,1,5,0.99,True,area,Financial District/South Beach
shield,5,4,0.665,3,0.8,2,2,0.99,True,point,Financial District/South Beach
russian,52,40,0.664,24,0.692,7,11,0.8,False,area,Russian Hill
lower,15,13,0.664,9,0.733,3,4,0.89,False,area,Haight Ashbury
schwab,9,7,0.664,5,0.778,3,2,0.99,True,point,Financial District/South Beach
chamber,21,17,0.661,13,0.81,6,7,0.96,True,area,Financial District/South Beach
bruno,12,7,0.661,3,0.667,1,3,0.84,False,point,Portola
memory,7,5,0.661,4,0.857,3,2,0.94,True,point,Mission Bay
autohaus,5,5,0.661,4,0.8,3,2,0.94,True,point,South of Market
honor,6,4,0.66,2,0.667,2,1,0.48,False,point,Outer Richmond
sacramento,23,17,0.659,13,0.826,3,7,0.94,True,area,Pacific Heights
rights,17,14,0.658,11,0.824,5,5,0.99,True,area,Financial District/South Beach
sing,13,10,0.658,6,0.692,2,4,0.98,True,area,Chinatown
mid,11,8,0.658,5,0.727,4,2,0.96,True,point,Tenderloin
trusted,5,5,0.658,4,0.8,3,2,1.0,True,point,Financial District/South Beach
software,42,24,0.656,15,0.786,4,11,0.98,True,area,Financial District/South Beach
sro,5,5,0.656,4,0.8,3,2,0.95,True,point,South of Market
courier,7,7,0.655,6,0.857,5,2,0.92,True,point,Tenderloin
waller,6,4,0.655,3,0.667,1,3,0.78,False,point,Haight Ashbury
silverman,6,6,0.654,5,0.833,4,2,0.98,True,point,Nob Hill
eddy,9,7,0.653,5,0.778,3,3,0.95,True,point,Tenderloin
cart,6,5,0.653,4,0.833,3,2,0.98,True,point,Financial District/South Beach
potter,5,5,0.653,4,0.8,4,1,0.78,False,point,Sunset/Parkside
japanese,56,36,0.652,27,0.839,12,5,0.92,True,area,Financial District/South Beach
cemetery,6,6,0.649,4,0.667,3,2,0.24,False,point,Presidio
outer,8,8,0.648,6,0.75,6,1,0.68,False,point,Mission
sn,5,5,0.647,4,0.8,4,1,0.92,True,point,Nob Hill
styles,9,9,0.644,6,0.667,4,2,0.88,False,point,Hayes Valley
iron,34,29,0.643,20,0.676,13,4,0.75,False,area,Bayview Hunters Point
lawyers,32,17,0.641,11,0.781,2,10,0.99,True,area,Financial District/South Beach
broker,18,15,0.638,12,0.833,8,2,0.93,True,point,Castro/Upper Market
networks,19,14,0.637,11,0.789,4,6,0.95,True,area,Financial District/South Beach
stairway,9,9,0.634,6,0.667,4,2,0.43,False,point,Bernal Heights
doggie,6,5,0.634,2,0.5,1,2,0.45,False,point,Sunset/Parkside
mee,6,6,0.634,4,0.667,2,2,0.98,True,point,Financial District/South Beach
baker,37,32,0.632,23,0.703,9,5,0.89,False,area,South of Market
pc,76,39,0.631,25,0.776,7,14,0.98,True,area,Financial District/South Beach
watches,13,10,0.63,7,0.769,3,4,0.99,True,area,South of Market
clipper,7,7,0.63,5,0.714,3,3,0.52,False,point,Noe Valley
bernie,6,6,0.629,4,0.667,2,2,0.78,False,point,Mission
vaughan,5,5,0.628,4,0.8,3,2,0.91,True,point,Pacific Heights
kahn,5,5,0.627,4,0.8,3,2,0.93,True,point,Presidio Heights
printing,35,32,0.626,25,0.743,10,7,0.9,True,area,South of Market
iglesia,30,26,0.626,17,0.7,8,5,0.73,False,area,Mission
mei,10,10,0.625,7,0.7,2,5,0.96,True,area,Chinatown
fifth,6,3,0.625,2,0.833,2,1,0.99,True,point,South of Market
north,146,75,0.624,34,0.658,9,22,0.85,False,area,North Beach
produce,39,30,0.624,19,0.718,10,4,0.83,False,area,Mission
sutro,26,21,0.623,12,0.654,8,4,0.51,False,area,Inner Sunset
investment,36,28,0.621,19,0.75,6,10,0.98,True,area,Financial District/South Beach
meadow,16,14,0.621,9,0.625,6,3,0.45,False,point,Golden Gate Park
department,153,84,0.62,45,0.647,11,21,0.85,False,area,Mission
banker,12,8,0.62,5,0.667,2,3,0.88,False,point,Pacific Heights
preschool,113,94,0.619,70,0.717,32,9,0.63,False,area,Sunset/Parkside
transportation,47,40,0.619,26,0.702,13,5,0.8,False,area,Bayview Hunters Point
information,18,13,0.619,11,0.833,5,4,0.99,True,area,Financial District/South Beach
jamba,10,10,0.619,8,0.8,6,2,0.97,True,point,Financial District/South Beach
van,63,38,0.618,21,0.667,6,13,0.94,True,area,Tenderloin
neurology,11,9,0.616,7,0.727,3,3,0.97,True,point,Inner Sunset
archery,6,5,0.616,3,0.667,2,2,0.54,False,point,Golden Gate Park
war,14,10,0.615,5,0.643,2,3,0.92,True,point,Presidio
brokers,8,7,0.615,5,0.75,3,3,0.99,True,point,Financial District/South Beach
disorders,11,6,0.614,4,0.727,3,2,0.97,True,point,Potrero Hill
boston,6,5,0.612,3,0.667,1,3,0.95,True,point,Financial District/South Beach
proper,11,11,0.611,8,0.727,2,6,0.98,True,area,Financial District/South Beach
creek,24,18,0.61,9,0.583,5,4,0.77,False,area,Mission Bay
trucking,8,7,0.61,4,0.625,2,2,0.75,False,point,Bayview Hunters Point
italiano,10,9,0.609,7,0.7,2,5,0.95,True,area,Chinatown
getaround,8,8,0.609,6,0.75,6,1,0.92,True,point,South of Market
phd,156,56,0.608,28,0.744,11,5,0.9,False,area,Presidio Heights
girls,28,27,0.607,17,0.643,9,3,0.82,False,point,Mission
trail,51,49,0.606,30,0.608,20,4,0.27,False,area,Presidio
joel,8,8,0.606,6,0.75,3,2,0.98,True,point,Pacific Heights
vietnam,6,6,0.605,4,0.667,2,3,0.98,True,point,Tenderloin
legal,59,33,0.604,22,0.712,4,16,0.98,True,area,Financial District/South Beach
scooter,8,7,0.603,4,0.625,2,2,0.95,True,point,South of Market
wo,7,6,0.603,4,0.714,2,3,0.98,True,point,Chinatown
fort,47,33,0.602,19,0.681,12,3,0.52,False,point,Presidio
propark,13,11,0.602,8,0.769,3,6,0.97,True,area,Tenderloin
daycare,71,67,0.601,44,0.662,29,4,0.59,False,area,Sunset/Parkside
bee,10,10,0.601,6,0.6,5,2,0.78,False,point,South of Market
analytics,9,8,0.6,5,0.556,3,3,0.98,True,point,Financial District/South Beach
funston,5,4,0.599,2,0.6,2,1,0.23,False,point,Lakeshore
symphony,11,10,0.596,6,0.636,3,3,0.97,True,point,Tenderloin
embassy,10,10,0.596,8,0.8,4,4,0.99,True,area,Financial District/South Beach
channel,8,7,0.596,4,0.625,3,2,0.76,False,point,Mission Bay
moving,83,68,0.595,36,0.578,17,5,0.59,False,area,Bayview Hunters Point
golf,31,26,0.595,17,0.71,8,8,0.91,True,area,Financial District/South Beach
third,23,21,0.595,11,0.565,5,4,0.76,False,area,Bayview Hunters Point
harvey,14,13,0.594,10,0.786,5,3,0.94,True,point,Castro/Upper Market
triangle,8,8,0.594,5,0.625,1,5,0.89,False,area,Castro/Upper Market
movers,25,24,0.593,18,0.76,7,5,0.93,True,area,Financial District/South Beach
compass,31,18,0.592,9,0.677,5,2,0.94,True,point,Tenderloin
evans,7,6,0.591,4,0.714,3,2,0.88,False,point,Bayview Hunters Point
dim,24,13,0.59,6,0.625,2,4,0.97,True,area,Chinatown
rabobank,5,5,0.589,3,0.6,1,3,0.99,True,point,Financial District/South Beach
consumer,6,6,0.587,5,0.833,4,2,0.99,True,point,Financial District/South Beach
noah,14,13,0.586,9,0.714,4,3,0.97,True,point,Financial District/South Beach
berry,9,8,0.586,5,0.667,3,3,0.77,False,point,Mission Bay
residences,19,16,0.585,12,0.789,9,2,0.94,True,point,South of Market
found,10,7,0.585,4,0.7,2,2,0.98,True,point,Tenderloin
mexico,12,10,0.582,6,0.667,3,3,0.94,True,point,Financial District/South Beach
plumbing,89,81,0.581,52,0.652,25,6,0.74,False,area,Bayview Hunters Point
college,69,47,0.581,22,0.623,8,5,0.88,False,area,Tenderloin
products,21,17,0.581,11,0.714,4,6,0.95,True,area,Financial District/South Beach
coldwell,11,7,0.581,4,0.636,2,2,0.91,True,point,Russian Hill
lung,16,11,0.58,7,0.625,2,4,0.97,True,area,Chinatown
industrious,5,5,0.579,4,0.8,3,2,0.99,True,point,Financial District/South Beach
municipal,16,16,0.578,10,0.625,7,2,0.84,False,point,Bayview Hunters Point
resorts,7,6,0.578,3,0.571,1,3,0.99,True,point,Financial District/South Beach
parade,8,6,0.577,3,0.5,2,2,0.69,False,point,Presidio
due,5,4,0.576,2,0.6,1,2,0.77,False,point,Mission
steakhouse,20,16,0.573,11,0.75,5,5,0.97,True,area,Financial District/South Beach
vladimir,5,5,0.572,3,0.6,3,1,0.81,False,point,Outer Richmond
cruises,13,10,0.57,5,0.615,2,3,0.91,True,point,North Beach
residence,19,16,0.569,12,0.789,5,5,0.94,True,area,Tenderloin
diseases,6,6,0.569,4,0.667,3,2,0.97,True,point,Inner Sunset
porteno,6,6,0.569,4,0.667,3,2,0.94,True,point,Financial District/South Beach
via,8,8,0.568,6,0.75,4,2,0.97,True,point,North Beach
friendship,6,6,0.568,4,0.667,3,2,0.88,False,point,Mission
alamo,10,8,0.566,4,0.6,2,3,0.66,False,point,Hayes Valley
phelan,7,6,0.566,3,0.571,2,2,0.74,False,point,South of Market
tennessee,5,4,0.566,2,0.6,1,2,0.88,False,point,Potrero Hill
product,17,14,0.565,9,0.647,5,2,0.93,True,point,South of Market
student,28,19,0.564,8,0.571,4,3,0.72,False,point,West of Twin Peaks
translation,8,8,0.564,6,0.75,3,3,0.99,True,point,Financial District/South Beach
marlowe,5,4,0.564,2,0.6,1,2,0.93,True,point,South of Market
mulberrys,5,5,0.564,2,0.4,1,2,0.82,False,point,Mission Bay
sausalito,5,5,0.563,3,0.6,3,1,0.89,False,point,North Beach
brasserie,7,7,0.562,5,0.714,2,3,0.99,True,point,Financial District/South Beach
lines,6,6,0.562,3,0.5,2,2,0.76,False,point,Bayview Hunters Point
personnel,9,9,0.561,7,0.778,3,5,0.99,True,area,Financial District/South Beach
jungle,5,5,0.561,3,0.6,2,2,0.93,True,point,Castro/Upper Market
wireless,35,27,0.56,19,0.714,9,5,0.91,True,area,Mission
employees,5,4,0.56,3,0.6,1,3,0.94,True,point,Tenderloin
hyatt,13,9,0.559,7,0.769,4,2,0.98,True,point,Financial District/South Beach
heidi,8,8,0.559,6,0.75,5,2,0.96,True,point,Pacific Heights
off,27,25,0.557,18,0.741,6,8,0.94,True,area,Financial District/South Beach
sp,25,25,0.557,17,0.68,2,15,0.99,True,area,Financial District/South Beach
toy,12,12,0.557,9,0.75,4,5,0.99,True,area,Bayview Hunters Point
painting,69,62,0.556,34,0.594,21,6,0.62,False,area,Bayview Hunters Point
regus,13,13,0.556,8,0.615,1,8,0.99,True,area,Financial District/South Beach
lone,7,5,0.556,2,0.571,1,2,0.72,False,point,Lone Mountain/USF
lgbtq,5,5,0.555,3,0.6,2,2,0.98,True,point,Castro/Upper Market
pac,6,5,0.554,2,0.5,1,2,0.98,True,point,Pacific Heights
roofing,40,33,0.553,16,0.55,6,9,0.65,False,area,Bayview Hunters Point
venture,19,17,0.553,11,0.684,3,7,0.95,True,area,Financial District/South Beach
end,17,17,0.553,10,0.588,5,3,0.55,False,point,Outer Richmond
fortune,9,9,0.553,5,0.556,1,5,0.97,True,area,Chinatown
cat,21,20,0.552,13,0.667,7,4,0.89,False,area,Mission
greenberg,9,8,0.552,5,0.667,3,2,0.99,True,point,Pacific Heights
condominium,5,5,0.552,3,0.6,1,3,0.9,True,point,Nob Hill
leland,9,5,0.551,2,0.556,1,2,0.68,False,point,Visitacion Valley
mb,5,5,0.551,3,0.6,2,2,0.77,False,point,Mission Bay
campus,118,53,0.55,18,0.653,11,3,0.86,False,point,Pacific Heights
university,103,67,0.55,32,0.553,11,14,0.92,True,area,South of Market
genetics,5,4,0.55,2,0.6,1,2,0.94,True,point,Potrero Hill
sum,27,14,0.549,6,0.593,2,4,0.97,True,area,Chinatown
raza,7,6,0.549,4,0.571,1,4,0.85,False,area,Mission
soko,5,4,0.549,2,0.6,1,2,0.9,False,point,Pacific Heights
alexis,9,9,0.546,6,0.667,4,2,0.96,True,point,Pacific Heights
finance,19,15,0.545,11,0.789,6,5,0.96,True,area,Financial District/South Beach
lincoln,14,11,0.545,4,0.5,2,2,0.64,False,point,Outer Richmond
strategic,10,10,0.545,7,0.7,4,3,0.99,True,point,Financial District/South Beach
sugar,18,17,0.544,12,0.722,7,3,0.95,True,point,Marina
search,26,20,0.542,15,0.769,3,12,0.99,True,area,Financial District/South Beach
lam,20,16,0.54,8,0.6,5,3,0.82,False,point,Outer Richmond
mellow,5,4,0.54,2,0.6,2,1,0.87,False,point,Haight Ashbury
cheap,5,5,0.539,3,0.6,2,2,0.98,True,point,Financial District/South Beach
plaza,114,69,0.538,36,0.667,9,15,0.93,True,area,Financial District/South Beach
our,23,22,0.538,15,0.696,8,5,0.88,False,area,Mission
powell,32,20,0.537,12,0.75,2,8,0.94,True,area,Tenderloin
mph,62,13,0.536,7,0.645,3,3,0.96,True,point,Inner Sunset
save,14,13,0.536,9,0.643,8,2,0.8,False,point,Bayview Hunters Point
wah,12,11,0.536,7,0.667,4,3,0.96,True,point,Chinatown
lp,24,16,0.535,12,0.75,5,5,0.98,True,area,Financial District/South Beach
stern,11,10,0.535,5,0.545,3,3,0.56,False,point,Sunset/Parkside
betty,14,13,0.532,6,0.5,3,3,0.9,False,point,Presidio Heights
hr,6,5,0.532,3,0.667,1,3,1.0,True,point,Financial District/South Beach
funding,13,11,0.531,7,0.692,1,7,0.99,True,area,Financial District/South Beach
genetic,6,6,0.531,4,0.667,3,2,0.92,True,point,Pacific Heights
section,5,3,0.531,2,0.6,1,2,0.97,True,point,Tenderloin
hotels,20,16,0.529,10,0.7,3,5,0.96,True,area,South of Market
epstein,7,5,0.528,3,0.429,1,3,1.0,True,point,Financial District/South Beach
catering,75,59,0.526,32,0.573,17,4,0.76,False,area,Bayview Hunters Point
octavia,7,6,0.526,3,0.571,1,3,0.9,True,point,Hayes Valley
davidson,13,13,0.525,7,0.538,5,2,0.85,False,point,North Beach
towers,25,21,0.524,13,0.64,6,4,0.95,True,area,Financial District/South Beach
cab,7,7,0.524,4,0.571,4,1,0.78,False,point,Bayview Hunters Point
automotive,41,37,0.523,22,0.634,6,7,0.93,True,area,South of Market
isabelle,5,5,0.523,3,0.6,2,2,0.97,True,point,Marina
orthopedic,20,16,0.521,9,0.6,5,2,0.96,True,point,Marina
mansion,13,10,0.521,6,0.615,3,4,0.71,False,area,Pacific Heights
pie,7,7,0.521,4,0.571,2,3,0.9,True,point,Mission
crawford,8,8,0.52,5,0.625,3,2,0.97,True,point,Presidio Heights
tanning,8,7,0.52,4,0.625,2,2,0.97,True,point,Nob Hill
clay,37,28,0.519,15,0.595,8,4,0.89,False,area,Pacific Heights
mimi,7,7,0.519,5,0.714,4,2,0.96,True,point,Tenderloin
tai,17,15,0.518,8,0.588,3,4,0.93,True,area,Chinatown
disease,22,10,0.517,5,0.591,3,2,0.97,True,point,Inner Sunset
pride,10,9,0.517,5,0.6,3,2,0.85,False,point,Mission
twenty,9,9,0.517,5,0.556,3,2,0.97,True,point,Pacific Heights
valet,8,8,0.517,6,0.75,4,3,0.98,True,point,Financial District/South Beach
rental,60,47,0.516,25,0.483,10,5,0.83,False,area,Bayview Hunters Point
sacred,8,7,0.516,4,0.625,2,2,0.92,True,point,Western Addition
lgbt,7,5,0.515,3,0.571,2,2,0.85,False,point,Mission
cabrillo,5,4,0.515,2,0.6,2,1,0.55,False,point,Outer Richmond
trading,55,34,0.514,15,0.618,7,4,0.91,True,area,Mission
levi,10,7,0.514,2,0.5,1,2,0.81,False,point,Financial District/South Beach
carr,5,5,0.514,3,0.6,1,3,0.99,True,point,Chinatown
hospitality,29,23,0.513,15,0.69,5,9,0.96,True,area,Marina
commerce,24,19,0.513,8,0.542,1,8,0.99,True,area,Financial District/South Beach
emperor,5,5,0.513,3,0.6,2,2,0.95,True,point,Tenderloin
yuen,6,5,0.511,3,0.667,2,2,0.97,True,point,Chinatown
memorial,65,48,0.51,28,0.631,13,5,0.85,False,area,Lone Mountain/USF
madeleine,5,4,0.51,3,0.8,3,1,0.99,True,point,Financial District/South Beach
ms,66,35,0.509,18,0.545,8,5,0.9,True,area,Mission Bay
clarity,5,5,0.509,3,0.6,1,3,0.99,True,point,Tenderloin
grove,31,29,0.508,14,0.516,6,3,0.77,False,point,Hayes Valley
piercing,7,7,0.508,4,0.571,2,2,0.93,True,point,Haight Ashbury
riordan,5,5,0.508,3,0.6,3,1,0.37,False,point,West of Twin Peaks
nd,52,37,0.505,18,0.519,5,6,0.86,False,area,Financial District/South Beach
cool,6,6,0.505,4,0.667,2,2,0.96,True,point,Japantown
flooring,13,13,0.504,6,0.462,3,3,0.79,False,point,Bayview Hunters Point
stanley,63,26,0.503,6,0.667,2,5,0.99,True,area,Financial District/South Beach
harrison,24,18,0.502,9,0.542,2,8,0.88,False,area,South of Market
british,9,8,0.501,5,0.667,1,5,0.99,True,area,Financial District/South Beach
horton,7,7,0.501,4,0.571,2,2,0.91,True,point,Financial District/South Beach
neuro,10,8,0.5,4,0.6,2,2,0.97,True,point,Inner Sunset
grant,20,14,0.499,7,0.65,2,6,0.99,True,area,Financial District/South Beach
hopkins,5,5,0.499,3,0.6,1,3,0.92,True,point,Nob Hill
rentals,49,43,0.498,19,0.51,7,6,0.84,False,area,Marina
collection,34,29,0.498,17,0.618,6,8,0.96,True,area,Nob Hill
mattress,19,15,0.498,9,0.632,4,3,0.95,True,point,South of Market
estrada,7,7,0.498,4,0.571,3,2,0.74,False,point,Russian Hill
broad,6,6,0.497,3,0.5,1,3,0.43,False,point,Oceanview/Merced/Ingleside
mason,42,24,0.496,10,0.5,5,4,0.85,False,area,Marina
asia,26,21,0.496,13,0.692,6,6,0.96,True,area,Financial District/South Beach
recology,8,7,0.496,3,0.5,2,2,0.26,False,point,Bayview Hunters Point
vegetarian,9,8,0.495,3,0.444,2,2,0.93,True,point,Inner Sunset
imports,24,16,0.494,8,0.625,2,4,0.96,True,area,Mission
cut,17,13,0.494,7,0.588,3,3,0.91,True,point,Financial District/South Beach
grid,14,12,0.494,6,0.571,3,2,0.97,True,point,Financial District/South Beach
webster,11,8,0.494,4,0.545,1,4,0.96,True,area,Pacific Heights
sherman,6,5,0.494,3,0.667,3,1,0.99,True,point,Marina
tours,145,86,0.492,31,0.531,7,23,0.92,True,area,North Beach
crocker,18,10,0.492,5,0.5,2,4,0.47,False,area,Excelsior
senator,5,5,0.492,3,0.6,2,2,0.94,True,point,Tenderloin
engineers,28,22,0.491,11,0.571,4,5,0.92,True,area,Financial District/South Beach
zero,11,11,0.491,7,0.636,2,4,0.98,True,area,Hayes Valley
terrace,40,37,0.49,19,0.5,9,6,0.51,False,area,Bayview Hunters Point
architects,101,76,0.489,40,0.495,8,18,0.89,False,area,South of Market
lawrence,25,22,0.489,10,0.52,5,3,0.95,True,point,Mission
chavez,8,8,0.488,5,0.625,4,2,0.91,True,point,Mission
dev,7,7,0.488,3,0.429,1,3,0.92,True,point,Financial District/South Beach
dior,5,5,0.488,3,0.6,1,3,0.99,True,point,Financial District/South Beach
cove,22,21,0.487,10,0.5,6,2,0.81,False,point,Mission Bay
ulloa,6,5,0.486,3,0.5,1,3,0.68,False,point,West of Twin Peaks
facs,40,14,0.485,7,0.625,3,3,0.97,True,point,Inner Sunset
plate,9,9,0.485,5,0.556,2,3,0.93,True,point,Marina
federal,27,19,0.483,9,0.593,3,4,0.95,True,area,Tenderloin
charters,6,6,0.483,3,0.5,1,3,0.99,True,point,Financial District/South Beach
knox,6,6,0.483,3,0.5,2,2,0.85,False,point,Potrero Hill
china,52,34,0.482,20,0.654,5,9,0.94,True,area,Financial District/South Beach
botanical,6,6,0.482,3,0.5,1,3,0.74,False,point,Golden Gate Park
slow,5,5,0.482,3,0.6,3,1,0.95,True,point,Mission
ginseng,5,4,0.48,2,0.6,1,2,0.98,True,point,Chinatown
employment,16,13,0.479,6,0.562,1,6,0.99,True,area,Financial District/South Beach
data,26,22,0.478,13,0.654,2,8,0.98,True,area,Financial District/South Beach
limon,7,6,0.478,3,0.571,2,2,0.96,True,point,Mission
daly,5,5,0.478,3,0.6,3,1,0.79,False,point,Excelsior
anthony,35,29,0.477,14,0.543,6,4,0.91,True,area,Inner Sunset
healthcare,34,28,0.475,18,0.618,5,9,0.97,True,area,Financial District/South Beach
conference,14,13,0.475,7,0.5,3,3,0.91,True,point,South of Market
dead,6,6,0.474,3,0.5,3,1,0.73,False,point,Haight Ashbury
foreign,6,6,0.474,2,0.333,1,2,0.62,False,point,Sunset/Parkside
collision,16,12,0.473,8,0.625,4,3,0.9,False,point,South of Market
forest,22,16,0.471,8,0.545,5,2,0.54,False,point,West of Twin Peaks
yacht,9,8,0.471,4,0.556,2,2,0.73,False,point,Nob Hill
technology,52,39,0.47,19,0.596,2,14,0.96,True,area,Financial District/South Beach
contemporary,20,14,0.468,8,0.7,4,4,0.97,True,area,Tenderloin
regina,6,4,0.468,2,0.333,1,2,0.98,True,point,Tenderloin
wong,92,71,0.467,35,0.576,12,6,0.85,False,area,Sunset/Parkside
doors,17,15,0.467,7,0.471,2,4,0.76,False,area,Bayview Hunters Point
steiner,8,6,0.466,3,0.5,1,3,0.78,False,point,Haight Ashbury
brake,5,5,0.466,3,0.6,2,2,0.92,True,point,South of Market
ky,6,4,0.465,2,0.5,2,1,0.74,False,point,Sunset/Parkside
towing,32,27,0.464,12,0.5,5,6,0.69,False,area,Bayview Hunters Point
construction,209,168,0.463,68,0.402,23,7,0.6,False,area,Bayview Hunters Point
skincare,39,28,0.462,15,0.59,6,4,0.96,True,area,Marina
sheriff,7,6,0.462,4,0.571,2,3,0.94,True,point,Mission
terraces,6,5,0.462,2,0.5,2,1,0.56,False,point,West of Twin Peaks
alcatraz,18,14,0.46,7,0.5,5,3,0.89,False,point,North Beach
waterfront,10,9,0.46,4,0.5,2,3,0.86,False,point,North Beach
chu,8,8,0.46,4,0.5,3,2,0.67,False,point,Sunset/Parkside
down,5,4,0.46,2,0.6,1,2,0.99,True,point,Tenderloin
winery,16,13,0.459,5,0.438,2,3,0.59,False,point,Treasure Island
benz,5,4,0.456,2,0.6,2,1,0.85,False,point,Mission
jefferson,10,9,0.455,4,0.5,3,2,0.86,False,point,North Beach
seoul,9,8,0.455,4,0.556,3,2,0.9,True,point,South of Market
waves,6,6,0.455,4,0.667,3,2,0.9,False,point,South of Market
sydney,8,8,0.454,4,0.5,2,2,0.93,True,point,Marina
storage,180,124,0.453,53,0.406,18,8,0.75,False,area,Bayview Hunters Point
brands,10,9,0.453,4,0.5,3,2,0.99,True,point,Chinatown
greg,8,7,0.453,3,0.5,1,3,1.0,True,point,Financial District/South Beach
curran,5,5,0.452,3,0.6,2,2,0.96,True,point,Tenderloin
seas,5,5,0.452,3,0.6,1,3,0.99,True,point,Financial District/South Beach
franklin,23,18,0.451,9,0.565,3,5,0.96,True,area,Hayes Valley
tow,10,10,0.451,5,0.5,3,3,0.77,False,point,Bayview Hunters Point
filipino,12,7,0.45,3,0.583,2,2,0.98,True,point,South of Market
buddha,8,8,0.45,5,0.625,2,3,0.97,True,point,Chinatown
attack,6,4,0.45,2,0.667,2,1,0.95,True,point,Mission
equinox,6,6,0.45,4,0.667,2,3,0.99,True,point,Financial District/South Beach
citizens,12,11,0.449,5,0.5,1,5,0.99,True,area,Chinatown
galleries,7,7,0.449,5,0.714,3,3,0.95,True,point,Nob Hill
spca,6,4,0.449,2,0.5,1,2,0.78,False,point,Mission
raphael,5,5,0.449,2,0.4,1,2,0.98,True,point,Tenderloin
toastmasters,14,11,0.448,6,0.643,2,4,0.99,True,area,Financial District/South Beach
tailoring,7,7,0.448,4,0.571,1,4,0.98,True,area,Tenderloin
works,66,54,0.447,23,0.5,11,3,0.77,False,point,Bayview Hunters Point
artist,18,17,0.447,10,0.611,3,7,0.99,True,area,Financial District/South Beach
canyon,11,10,0.446,5,0.545,4,2,0.77,False,point,Glen Park
jain,5,5,0.446,3,0.6,2,2,0.98,True,point,Western Addition
jackson,34,19,0.445,6,0.529,2,3,0.94,True,point,Chinatown
solar,17,14,0.444,7,0.471,3,3,0.84,False,point,Financial District/South Beach
melt,7,7,0.444,3,0.429,1,3,0.98,True,point,South of Market
model,8,8,0.443,4,0.5,2,3,0.93,True,point,Financial District/South Beach
velvet,8,7,0.443,5,0.625,2,3,0.97,True,point,Mission
forever,6,6,0.443,4,0.667,3,2,0.87,False,point,Financial District/South Beach
mountain,27,24,0.442,10,0.444,6,4,0.49,False,area,Bayview Hunters Point
cabinet,9,9,0.442,5,0.556,5,1,0.6,False,point,Bayview Hunters Point
initiative,9,8,0.441,4,0.556,3,2,0.88,False,point,Presidio
tutors,6,6,0.441,2,0.333,1,2,0.8,False,point,Hayes Valley
childcare,34,34,0.44,17,0.5,13,2,0.43,False,point,Outer Mission
silicon,18,16,0.44,9,0.611,4,4,0.93,True,area,Financial District/South Beach
internet,7,7,0.44,4,0.571,2,2,0.95,True,point,Mission
matcha,11,11,0.439,6,0.545,3,2,0.9,False,point,Mission
lucy,6,6,0.439,4,0.667,4,1,0.97,True,point,Financial District/South Beach
district,99,71,0.438,29,0.404,7,14,0.93,True,area,Tenderloin
sole,11,9,0.438,3,0.455,2,2,0.93,True,point,Presidio Heights
private,57,38,0.437,14,0.579,1,14,0.99,True,area,Financial District/South Beach
org,18,18,0.437,7,0.389,5,2,0.79,False,point,Mission
trinity,17,13,0.437,5,0.471,2,3,0.9,True,point,South of Market
trattoria,14,13,0.437,7,0.571,4,3,0.84,False,point,North Beach
pediatrics,12,10,0.437,4,0.417,2,3,0.93,True,point,Presidio Heights
wyndham,9,8,0.437,3,0.333,2,2,0.72,False,point,Marina
queer,10,8,0.436,3,0.5,1,3,0.98,True,point,Castro/Upper Market
kwan,8,7,0.435,4,0.5,2,2,0.98,True,point,Chinatown
oscar,6,6,0.435,3,0.5,2,2,0.87,False,point,South of Market
justice,28,24,0.434,9,0.464,2,7,0.95,True,area,Tenderloin
restaurante,10,9,0.434,4,0.4,3,2,0.82,False,point,Mission
logistics,6,6,0.434,3,0.5,2,2,0.87,False,point,Mission Bay
harbor,19,17,0.433,9,0.474,5,5,0.84,False,area,North Beach
reservoir,11,10,0.433,5,0.455,4,2,0.32,False,point,West of Twin Peaks
brendan,9,7,0.433,2,0.444,1,2,0.56,False,point,West of Twin Peaks
cruise,14,11,0.432,3,0.429,2,2,0.85,False,point,North Beach
zephyr,7,7,0.432,3,0.429,2,2,0.68,False,point,Outer Richmond
dolce,5,5,0.432,3,0.6,1,3,0.99,True,point,Financial District/South Beach
gate,261,176,0.431,54,0.314,17,16,0.54,False,area,Golden Gate Park
film,27,20,0.431,11,0.593,6,4,0.95,True,area,Mission
cook,8,8,0.431,3,0.375,1,3,0.93,True,point,Castro/Upper Market
pandora,7,6,0.43,3,0.571,1,3,0.99,True,point,Tenderloin
diocese,5,5,0.43,2,0.4,1,2,0.5,False,point,Outer Richmond
transit,14,14,0.429,7,0.5,2,4,0.95,True,area,Financial District/South Beach
diller,8,7,0.429,3,0.5,2,2,0.94,True,point,Presidio Heights
field,71,61,0.427,23,0.423,12,4,0.4,False,area,Presidio
radiology,21,15,0.427,7,0.429,4,3,0.94,True,point,Inner Sunset
pierce,8,6,0.427,2,0.5,2,1,0.9,False,point,Marina
levy,7,6,0.425,2,0.429,1,2,0.93,True,point,Pacific Heights
electric,79,67,0.424,34,0.532,17,7,0.75,False,area,Bayview Hunters Point
krispy,12,12,0.424,7,0.583,3,3,0.94,True,point,South of Market
serra,12,9,0.423,4,0.5,3,2,0.73,False,point,West of Twin Peaks
armenian,7,5,0.423,2,0.429,1,2,0.48,False,point,Lakeshore
eyewear,7,7,0.423,3,0.429,2,2,0.96,True,point,Mission
mg,6,4,0.423,2,0.667,1,2,0.99,True,point,Financial District/South Beach
imperial,13,12,0.42,6,0.462,3,3,0.97,True,point,Chinatown
peking,6,5,0.419,2,0.5,1,2,0.99,True,point,Chinatown
lmft,46,31,0.417,12,0.37,5,5,0.94,True,area,Pacific Heights
cathedral,22,14,0.416,2,0.364,1,2,0.8,False,point,Western Addition
smog,18,15,0.416,8,0.444,4,3,0.89,False,point,Mission
hermanos,5,5,0.416,2,0.4,1,2,0.94,True,point,Tenderloin
olympic,9,8,0.415,4,0.556,1,4,0.97,True,area,Tenderloin
yee,33,27,0.414,11,0.394,5,4,0.85,False,area,Sunset/Parkside
course,15,14,0.414,5,0.4,4,2,0.32,False,point,Lakeshore
blair,8,7,0.414,4,0.625,1,4,0.99,True,area,Financial District/South Beach
drew,6,5,0.414,2,0.5,1,2,0.95,True,point,Japantown
lyon,10,10,0.413,5,0.5,3,2,0.89,False,point,Mission
rug,9,8,0.413,2,0.333,1,2,0.93,True,point,South of Market
commercial,39,28,0.412,11,0.564,1,11,0.99,True,area,Financial District/South Beach
get,10,10,0.412,4,0.4,3,2,0.76,False,point,Financial District/South Beach
cosmetics,28,21,0.411,9,0.5,5,4,0.95,True,area,Marina
bayside,10,9,0.411,4,0.5,3,2,0.84,False,point,Financial District/South Beach
courts,30,29,0.41,15,0.5,9,3,0.64,False,point,Western Addition
mendocino,6,6,0.41,4,0.667,2,3,0.99,True,point,Financial District/South Beach
fleet,12,11,0.409,4,0.417,2,2,0.91,True,point,North Beach
bauer,7,7,0.409,3,0.429,3,1,0.71,False,point,Mission Bay
original,17,16,0.408,6,0.412,3,2,0.95,True,point,North Beach
vida,16,16,0.407,6,0.375,3,3,0.91,True,point,Mission
oracle,9,6,0.407,2,0.556,2,1,0.84,False,point,Mission Bay
tat,7,6,0.407,3,0.429,2,2,0.9,False,point,Inner Richmond
immigration,38,23,0.406,10,0.579,1,10,0.99,True,area,Financial District/South Beach
oak,20,15,0.406,6,0.5,3,4,0.88,False,area,Hayes Valley
eats,12,12,0.406,4,0.333,2,2,0.89,False,point,Lakeshore
pacific,428,149,0.405,22,0.306,4,17,0.89,False,area,Pacific Heights
yummy,12,9,0.405,5,0.583,3,3,0.97,True,point,Chinatown
advisor,77,28,0.404,10,0.234,3,6,0.99,True,area,Financial District/South Beach
masonic,24,13,0.404,6,0.417,1,6,0.71,False,area,Lone Mountain/USF
arch,6,6,0.403,2,0.333,2,1,0.71,False,point,Mission Bay
region,7,6,0.402,2,0.429,1,2,0.95,True,point,Financial District/South Beach
demand,6,6,0.402,4,0.667,2,2,0.99,True,point,Financial District/South Beach
avenues,9,9,0.401,4,0.444,2,2,0.73,False,point,Inner Richmond
concierge,9,7,0.401,3,0.556,1,3,0.92,True,point,Nob Hill
gemignani,6,5,0.401,2,0.5,1,2,0.96,True,point,Chinatown
singapore,6,5,0.401,3,0.667,2,2,0.99,True,point,Financial District/South Beach
metal,18,16,0.4,5,0.389,2,3,0.77,False,point,Bayview Hunters Point
union,276,142,0.399,23,0.446,4,12,0.96,True,area,Marina
south,54,43,0.399,16,0.426,4,9,0.9,True,area,Financial District/South Beach
conservancy,9,9,0.399,2,0.222,1,2,0.73,False,point,Presidio
chinese,115,70,0.398,21,0.513,8,8,0.85,False,area,Inner Richmond
furniture,54,40,0.398,13,0.444,6,4,0.85,False,area,Bayview Hunters Point
pastry,12,11,0.397,5,0.5,2,3,0.95,True,point,Chinatown
sloat,5,5,0.397,2,0.4,1,2,0.46,False,point,Lakeshore
alchemy,15,14,0.396,4,0.333,2,3,0.84,False,point,Hayes Valley
chong,15,10,0.396,3,0.467,2,2,0.97,True,point,Chinatown
dependable,5,5,0.396,2,0.4,1,2,0.43,False,point,Treasure Island
sunglass,9,9,0.395,4,0.444,1,4,0.99,True,area,Financial District/South Beach
sustainable,9,8,0.395,4,0.556,1,4,0.98,True,area,Financial District/South Beach
hire,7,6,0.395,3,0.429,2,2,0.99,True,point,Financial District/South Beach
app,30,26,0.394,9,0.4,2,8,0.99,True,area,Financial District/South Beach
main,27,18,0.394,8,0.444,3,5,0.97,True,area,Financial District/South Beach
benefit,18,17,0.394,7,0.389,5,2,0.96,True,point,Financial District/South Beach
crab,11,6,0.394,2,0.455,1,2,0.9,False,point,North Beach
bow,5,4,0.394,2,0.6,1,2,0.99,True,point,Chinatown
eastern,5,4,0.394,2,0.6,1,2,0.99,True,point,Chinatown
public,109,80,0.393,21,0.303,4,15,0.92,True,area,Mission
mas,21,11,0.393,4,0.429,2,3,0.97,True,point,Inner Sunset
osha,13,12,0.393,6,0.462,3,3,0.97,True,point,Financial District/South Beach
loss,8,7,0.393,3,0.375,1,3,0.99,True,point,Tenderloin
crosby,5,5,0.393,2,0.4,2,1,0.25,False,point,Presidio
omi,5,5,0.393,2,0.4,1,2,0.63,False,point,Oceanview/Merced/Ingleside
rolph,5,4,0.393,2,0.4,1,2,0.6,False,point,Excelsior
technologies,60,41,0.392,15,0.367,4,12,0.98,True,area,Financial District/South Beach
bike,59,48,0.392,14,0.322,7,5,0.84,False,area,North Beach
bocce,5,4,0.392,2,0.4,2,1,0.88,False,point,Russian Hill
flynn,5,5,0.392,3,0.6,1,3,1.0,True,point,Financial District/South Beach
ghirardelli,5,5,0.392,3,0.6,1,3,0.99,True,point,Financial District/South Beach
asset,15,15,0.391,8,0.533,1,8,0.99,True,area,Financial District/South Beach
hana,7,6,0.391,2,0.429,1,2,0.89,False,point,Pacific Heights
abogados,6,6,0.391,2,0.333,1,2,0.95,True,point,Tenderloin
rapid,6,6,0.391,2,0.333,1,2,0.83,False,point,South of Market
sai,5,5,0.391,2,0.4,1,2,0.96,True,point,South of Market
buddhist,15,13,0.39,5,0.467,2,3,0.93,True,point,Pacific Heights
acme,12,12,0.39,6,0.5,4,3,0.82,False,point,Hayes Valley
eyebrow,9,8,0.39,4,0.444,2,3,0.9,False,point,Mission
code,17,15,0.389,4,0.294,2,3,0.97,True,point,South of Market
pipeline,7,7,0.389,3,0.429,2,2,0.77,False,point,Sunset/Parkside
integrative,45,35,0.388,11,0.244,6,3,0.89,False,point,Pacific Heights
skate,5,5,0.388,2,0.4,1,2,0.49,False,point,Golden Gate Park
summer,16,16,0.387,6,0.375,4,2,0.69,False,point,Lakeshore
jimmy,6,6,0.387,3,0.5,1,3,0.99,True,point,Financial District/South Beach
bradley,9,7,0.386,3,0.333,2,2,0.99,True,point,Financial District/South Beach
rosenberg,9,9,0.386,4,0.444,2,2,0.83,False,point,Presidio Heights
gates,5,5,0.386,2,0.4,1,2,0.48,False,point,Bernal Heights
naturopathic,5,5,0.386,2,0.4,1,2,0.98,True,point,Marina
money,18,15,0.385,5,0.389,3,2,0.93,True,point,Mission
laboratory,22,21,0.384,11,0.545,5,3,0.9,False,point,Inner Sunset
bartlett,9,7,0.384,3,0.444,1,3,0.94,True,point,Mission
proactive,5,4,0.384,3,0.6,1,3,0.99,True,point,Financial District/South Beach
leah,8,8,0.383,4,0.5,2,2,0.86,False,point,Japantown
drain,5,5,0.383,2,0.4,1,2,0.76,False,point,Bayview Hunters Point
honda,16,14,0.382,6,0.375,4,2,0.63,False,point,Mission
chabad,8,8,0.382,4,0.5,3,2,0.79,False,point,Noe Valley
puzzle,5,5,0.382,2,0.4,1,2,0.69,False,point,Outer Mission
so,18,16,0.381,7,0.444,3,4,0.9,True,area,South of Market
glass,107,88,0.38,26,0.308,12,5,0.67,False,area,Bayview Hunters Point
regency,9,9,0.379,3,0.333,1,3,1.0,True,point,Financial District/South Beach
kipp,5,5,0.379,2,0.4,2,1,0.48,False,point,Bayview Hunters Point
miles,5,5,0.379,3,0.6,1,3,0.99,True,point,Financial District/South Beach
statue,28,22,0.378,8,0.357,5,3,0.54,False,point,Golden Gate Park
pantry,10,9,0.378,4,0.5,4,1,0.69,False,point,Potrero Hill
tandoori,5,5,0.378,2,0.4,2,1,0.92,True,point,Mission
security,60,44,0.377,8,0.2,5,2,0.73,False,point,Bayview Hunters Point
accident,16,14,0.377,8,0.625,1,8,0.99,True,area,Financial District/South Beach
federation,10,10,0.377,4,0.4,3,2,0.67,False,point,Financial District/South Beach
arden,5,5,0.377,2,0.4,1,2,0.78,False,point,West of Twin Peaks
fragrance,5,5,0.377,2,0.4,1,2,0.77,False,point,Lakeshore
antiques,27,22,0.376,7,0.333,2,5,0.9,False,area,Castro/Upper Market
progress,11,10,0.376,3,0.273,2,2,0.93,True,point,Inner Sunset
duncan,10,9,0.376,3,0.4,2,2,0.55,False,point,Noe Valley
developers,8,7,0.375,3,0.5,1,3,1.0,True,point,Financial District/South Beach
rae,7,6,0.375,3,0.571,1,3,0.99,True,point,Financial District/South Beach
tabernacle,6,6,0.375,2,0.333,1,2,0.66,False,point,Bayview Hunters Point
bing,7,6,0.374,3,0.429,1,3,0.99,True,point,Chinatown
program,147,70,0.373,15,0.401,6,6,0.87,False,area,Mission Bay
nightclub,9,8,0.373,3,0.444,2,2,0.92,True,point,South of Market
mariposa,8,6,0.373,2,0.25,1,2,0.8,False,point,Mission Bay
relocation,5,5,0.373,2,0.4,2,1,0.65,False,point,Bayview Hunters Point
jewelry,140,51,0.372,9,0.157,5,3,0.91,True,point,Mission
freedom,10,10,0.372,4,0.4,1,4,0.92,True,area,Western Addition
phone,9,9,0.372,4,0.444,3,2,0.88,False,point,South of Market
bean,7,7,0.372,4,0.571,3,2,0.88,False,point,Nob Hill
reid,5,5,0.372,3,0.6,1,3,0.99,True,point,Financial District/South Beach
motors,22,18,0.371,6,0.409,2,5,0.91,True,area,Mission
kirsten,5,5,0.371,2,0.4,1,2,0.73,False,point,Inner Sunset
nichols,5,5,0.371,3,0.6,1,3,1.0,True,point,Financial District/South Beach
through,5,5,0.371,2,0.4,1,2,0.73,False,point,Inner Sunset
ulrich,5,5,0.371,2,0.4,1,2,0.73,False,point,Lone Mountain/USF
calvary,8,8,0.37,4,0.5,3,2,0.77,False,point,Bayview Hunters Point
bazaar,6,4,0.37,2,0.667,1,2,0.99,True,point,Chinatown
quince,6,6,0.37,3,0.5,1,3,0.96,True,point,Financial District/South Beach
harley,5,5,0.37,2,0.4,1,2,0.9,False,point,North Beach
fabrics,7,6,0.369,3,0.571,3,1,0.92,True,point,Mission
tower,56,43,0.368,13,0.304,4,4,0.89,False,area,Financial District/South Beach
county,45,35,0.368,10,0.422,4,7,0.93,True,area,Mission
title,41,32,0.368,10,0.366,5,2,0.89,False,point,Financial District/South Beach
sales,35,29,0.368,9,0.286,5,5,0.9,True,area,South of Market
kee,19,13,0.368,4,0.474,2,3,0.98,True,point,Chinatown
surf,7,7,0.368,3,0.429,2,2,0.66,False,point,Sunset/Parkside
berkeley,6,5,0.368,3,0.5,1,3,0.98,True,point,Financial District/South Beach
agency,131,83,0.367,21,0.214,8,6,0.81,False,area,Financial District/South Beach
silver,33,29,0.367,7,0.333,3,3,0.86,False,point,South of Market
mechanical,12,11,0.367,4,0.417,4,1,0.74,False,point,Bayview Hunters Point
disability,7,7,0.367,4,0.571,3,2,0.93,True,point,Hayes Valley
nicholas,13,10,0.366,3,0.308,1,3,0.97,True,point,Inner Sunset
cleaning,109,97,0.365,30,0.339,14,5,0.59,False,area,Bayview Hunters Point
global,93,53,0.365,13,0.312,2,11,0.98,True,area,Financial District/South Beach
karaoke,13,12,0.365,4,0.385,2,2,0.86,False,point,Western Addition
brick,10,9,0.365,3,0.4,2,2,0.89,False,point,Mission
rita,7,7,0.365,2,0.286,1,2,0.94,True,point,Potrero Hill
restauracion,5,5,0.365,2,0.4,2,1,0.75,False,point,Excelsior
tacos,22,21,0.364,9,0.409,5,3,0.78,False,point,Bayview Hunters Point
drug,14,13,0.363,4,0.357,1,4,0.97,True,area,South of Market
masala,5,5,0.363,2,0.4,1,2,0.81,False,point,Inner Sunset
ymca,24,21,0.362,10,0.5,8,2,0.74,False,point,Presidio
magazine,22,18,0.362,4,0.318,3,2,0.75,False,point,North Beach
attic,6,5,0.362,3,0.5,3,1,0.83,False,point,Mission
empanadas,8,8,0.361,4,0.5,3,2,0.85,False,point,Mission
hills,28,22,0.36,5,0.321,3,2,0.88,False,point,Financial District/South Beach
power,27,26,0.36,6,0.259,2,4,0.8,False,area,Potrero Hill
boudin,10,10,0.36,3,0.3,1,3,0.85,False,point,North Beach
tour,38,28,0.359,5,0.184,2,4,0.88,False,area,North Beach
research,84,58,0.358,13,0.202,5,4,0.84,False,area,Financial District/South Beach
northern,59,44,0.358,10,0.186,4,5,0.9,True,area,Financial District/South Beach
et,8,8,0.358,3,0.375,1,3,0.99,True,point,Chinatown
suites,23,19,0.357,7,0.391,2,5,0.96,True,area,Tenderloin
redwood,15,14,0.357,3,0.2,2,2,0.8,False,point,Financial District/South Beach
yun,5,5,0.357,2,0.4,1,2,0.95,True,point,Pacific Heights
psyd,12,11,0.356,2,0.167,1,2,1.0,True,point,Financial District/South Beach
students,8,8,0.356,3,0.375,1,3,0.71,False,point,Lakeshore
kwong,5,5,0.356,2,0.4,2,1,0.84,False,point,Bayview Hunters Point
serena,5,5,0.356,2,0.4,1,2,0.91,True,point,Presidio Heights
cable,44,26,0.355,10,0.364,2,6,0.9,True,area,Nob Hill
kathleen,14,12,0.355,4,0.357,2,2,0.94,True,point,Castro/Upper Market
melinda,5,5,0.355,2,0.4,1,2,0.86,False,point,Presidio Heights
westside,10,9,0.354,4,0.5,3,2,0.83,False,point,Mission
arcade,5,5,0.354,2,0.4,1,2,0.92,True,point,Mission
laguna,17,14,0.353,5,0.412,3,2,0.51,False,point,Hayes Valley
deep,5,4,0.352,2,0.4,1,2,0.8,False,point,Castro/Upper Market
ers,5,5,0.351,2,0.4,2,1,0.42,False,point,Bayview Hunters Point
pentecostal,5,5,0.351,2,0.4,2,1,0.7,False,point,Bayview Hunters Point
publishing,16,14,0.35,5,0.312,2,3,0.99,True,point,Financial District/South Beach
ko,6,5,0.35,3,0.5,1,3,0.97,True,point,Chinatown
jorge,5,5,0.35,2,0.4,2,1,0.78,False,point,Outer Mission
medspa,5,5,0.35,3,0.6,2,2,0.99,True,point,Financial District/South Beach
spoke,5,5,0.35,2,0.4,1,2,0.85,False,point,Russian Hill
bath,16,16,0.349,7,0.438,2,5,0.85,False,area,South of Market
theresa,10,9,0.349,3,0.3,2,2,0.68,False,point,Noe Valley
pest,8,8,0.349,4,0.5,3,2,0.49,False,point,Bayview Hunters Point
fernandez,7,6,0.349,3,0.429,1,3,0.93,True,point,Financial District/South Beach
intelligent,9,8,0.348,3,0.333,3,1,0.71,False,point,Mission Bay
svetlana,5,5,0.348,2,0.4,1,2,0.88,False,point,Marina
relations,13,12,0.347,5,0.385,2,3,0.99,True,point,Financial District/South Beach
tucker,8,7,0.347,3,0.375,3,1,0.84,False,point,Potrero Hill
orchard,5,4,0.347,2,0.6,1,2,1.0,True,point,Financial District/South Beach
reduction,5,4,0.347,2,0.6,1,2,1.0,True,point,Financial District/South Beach
md,1642,137,0.346,28,0.256,8,10,0.88,False,area,Pacific Heights
communication,12,12,0.346,5,0.417,3,3,0.84,False,point,Portola
historical,14,13,0.345,3,0.214,2,2,0.94,True,point,South of Market
will,8,8,0.345,2,0.25,1,2,0.66,False,point,Lone Mountain/USF
flor,5,5,0.345,2,0.4,2,1,0.65,False,point,Bernal Heights
pollo,5,5,0.345,2,0.4,1,2,0.9,True,point,Mission
proprietorship,5,5,0.345,2,0.4,1,2,0.95,True,point,Presidio Heights
sausage,5,5,0.345,2,0.4,1,2,0.9,True,point,Mission
relief,10,10,0.344,5,0.5,2,4,0.99,True,area,Financial District/South Beach
penthouse,8,5,0.344,2,0.5,1,2,0.97,True,point,Financial District/South Beach
mile,5,5,0.344,2,0.4,1,2,0.98,True,point,Tenderloin
facp,5,5,0.343,2,0.4,1,2,0.97,True,point,Inner Sunset
hiv,5,4,0.343,2,0.4,1,2,0.97,True,point,Inner Sunset
elderly,5,5,0.342,2,0.4,1,2,0.99,True,point,Chinatown
barn,13,12,0.341,5,0.462,4,2,0.68,False,point,Marina
huntington,6,5,0.341,2,0.5,1,2,0.84,False,point,Nob Hill
neuromuscular,6,6,0.34,2,0.333,1,2,0.94,True,point,Potrero Hill
francis,57,39,0.339,11,0.246,6,2,0.79,False,point,West of Twin Peaks
human,35,29,0.339,10,0.371,3,8,0.92,True,area,South of Market
sang,6,6,0.339,3,0.5,1,3,0.99,True,point,Chinatown
cardiovascular,12,10,0.338,3,0.417,2,2,0.88,False,point,Haight Ashbury
coastal,8,8,0.338,3,0.375,2,2,0.17,False,point,Presidio
marks,8,8,0.338,4,0.5,3,2,0.89,False,point,Inner Richmond
hung,5,5,0.338,2,0.4,2,1,0.81,False,point,Sunset/Parkside
zhao,5,5,0.338,2,0.4,1,2,0.98,True,point,Chinatown
smith,50,36,0.336,8,0.2,5,2,0.71,False,point,Pacific Heights
beer,26,24,0.336,8,0.385,2,5,0.94,True,area,South of Market
che,5,5,0.336,2,0.4,1,2,0.87,False,point,Potrero Hill
shelter,6,6,0.335,2,0.333,2,1,0.95,True,point,Mission
station,218,166,0.334,39,0.211,12,12,0.59,False,area,Sunset/Parkside
citizen,15,13,0.334,5,0.333,2,3,0.96,True,point,Hayes Valley
janitorial,19,18,0.333,6,0.368,5,2,0.78,False,point,Outer Mission
shin,15,12,0.333,3,0.267,2,2,0.9,False,point,Western Addition
baking,11,10,0.333,4,0.364,3,2,0.66,False,point,Bernal Heights
kam,8,6,0.333,3,0.5,1,3,0.97,True,point,Chinatown
supreme,13,13,0.332,4,0.308,2,2,0.82,False,point,Bayview Hunters Point
auditorium,12,9,0.332,4,0.417,1,4,0.94,True,area,Tenderloin
taxi,8,7,0.332,2,0.375,2,1,0.72,False,point,Bayview Hunters Point
rest,5,5,0.332,2,0.4,2,1,0.75,False,point,Sunset/Parkside
guy,14,13,0.331,6,0.429,3,3,0.98,True,point,Pacific Heights
perkins,11,11,0.331,2,0.182,2,1,0.95,True,point,Financial District/South Beach
macy,8,4,0.331,2,0.375,1,2,0.9,False,point,Lakeshore
tee,6,6,0.331,2,0.333,1,2,0.36,False,point,Lakeshore
lyft,5,5,0.331,2,0.4,1,2,0.93,True,point,South of Market
coin,40,38,0.33,10,0.275,4,3,0.7,False,point,Nob Hill
tony,30,25,0.33,8,0.367,4,3,0.85,False,point,Bayview Hunters Point
parcel,11,11,0.33,4,0.364,1,4,0.9,False,area,Presidio Heights
heron,9,8,0.33,2,0.333,1,2,0.29,False,point,Bayview Hunters Point
father,8,8,0.33,3,0.375,2,2,0.94,True,point,Tenderloin
think,7,7,0.33,3,0.429,1,3,0.96,True,point,Financial District/South Beach
fresenius,5,5,0.33,2,0.4,2,1,0.77,False,point,Potrero Hill
active,18,18,0.329,5,0.278,3,2,0.92,True,point,South of Market
mall,17,13,0.329,5,0.353,3,2,0.64,False,point,Western Addition
cornerstone,16,13,0.329,2,0.25,2,1,0.3,False,point,Portola
graphics,15,14,0.329,4,0.333,2,2,0.75,False,point,Bayview Hunters Point
molly,14,13,0.329,5,0.357,3,2,0.88,False,point,Pacific Heights
flour,7,7,0.329,3,0.429,2,2,0.83,False,point,Mission
cheung,20,15,0.328,4,0.25,3,2,0.93,True,point,Chinatown
shah,15,11,0.328,4,0.333,2,2,0.93,True,point,Pacific Heights
owners,5,5,0.328,2,0.4,1,2,0.93,True,point,Financial District/South Beach
watt,5,5,0.328,2,0.4,2,1,0.84,False,point,Mission
seal,7,7,0.327,2,0.286,1,2,0.42,False,point,Outer Richmond
jose,24,21,0.326,8,0.333,4,4,0.56,False,area,Outer Mission
nova,15,15,0.326,4,0.267,1,4,0.92,True,area,South of Market
iphone,12,12,0.326,2,0.167,1,2,0.44,False,point,Oceanview/Merced/Ingleside
strategies,12,11,0.326,4,0.333,2,3,0.99,True,point,Financial District/South Beach
gabriel,8,8,0.326,2,0.25,1,2,0.41,False,point,Sunset/Parkside
inspection,7,7,0.326,3,0.429,1,3,0.94,True,point,Mission
keys,5,5,0.326,2,0.4,1,2,0.92,True,point,South of Market
cameron,8,8,0.325,3,0.375,1,3,0.89,False,point,Mission Bay
order,7,7,0.324,3,0.429,1,3,0.96,True,point,South of Market
lowell,6,5,0.324,2,0.333,1,2,0.6,False,point,Excelsior
breakthrough,5,4,0.324,1,0.2,1,1,1.0,True,point,Financial District/South Beach
deal,5,4,0.324,1,0.2,1,1,0.99,True,point,Financial District/South Beach
bmw,5,5,0.323,2,0.4,1,2,0.88,False,point,South of Market
cuisine,97,65,0.322,10,0.155,5,5,0.77,False,area,Inner Richmond
stairs,14,14,0.322,5,0.357,3,3,0.62,False,point,Castro/Upper Market
spices,5,5,0.322,2,0.4,1,2,0.95,True,point,Mission
chan,57,44,0.321,8,0.211,3,4,0.91,True,area,Presidio Heights
thrift,5,5,0.321,2,0.4,1,2,0.94,True,point,Mission
amazon,49,39,0.32,7,0.245,3,4,0.49,False,area,Excelsior
facc,11,5,0.32,2,0.455,1,2,0.98,True,point,Western Addition
dirty,10,9,0.32,3,0.4,3,1,0.8,False,point,Mission
lennon,5,4,0.32,2,0.4,2,1,0.61,False,point,Presidio
tax,80,57,0.319,12,0.212,7,3,0.83,False,point,Bernal Heights
loma,7,7,0.319,2,0.286,1,2,0.84,False,point,Portola
parts,27,24,0.318,7,0.259,5,2,0.67,False,point,Bayview Hunters Point
support,27,21,0.318,6,0.296,2,5,0.95,True,area,Financial District/South Beach
diner,25,21,0.318,2,0.12,1,2,0.45,False,point,Sunset/Parkside
prestige,8,7,0.318,3,0.375,2,2,0.95,True,point,South of Market
daddy,6,6,0.318,2,0.333,1,2,0.83,False,point,Potrero Hill
starlight,6,6,0.318,3,0.5,1,3,0.97,True,point,Tenderloin
vietnamese,26,24,0.317,4,0.192,2,3,0.86,False,point,Sunset/Parkside
ship,23,20,0.317,5,0.304,1,5,0.96,True,area,Financial District/South Beach
dennis,18,17,0.317,4,0.222,2,3,0.88,False,point,Marina
vinted,9,9,0.317,3,0.333,1,3,0.9,True,point,Pacific Heights
body,175,114,0.316,19,0.171,6,5,0.77,False,area,Bayview Hunters Point
hospital,85,60,0.316,13,0.259,5,5,0.68,False,area,Mission
jazz,17,13,0.316,3,0.294,2,2,0.94,True,point,Tenderloin
camino,5,5,0.316,2,0.4,1,2,0.93,True,point,Mission
lok,8,7,0.315,2,0.375,1,2,0.97,True,point,Chinatown
pavilion,8,8,0.315,3,0.375,3,1,0.74,False,point,Mission
wan,6,6,0.315,2,0.333,1,2,0.71,False,point,Sunset/Parkside
camera,18,14,0.314,3,0.333,1,3,0.88,False,point,North Beach
spiral,5,5,0.314,2,0.4,1,2,0.77,False,point,North Beach
design,492,249,0.312,16,0.118,3,14,0.83,False,area,Mission
state,146,96,0.312,8,0.219,4,5,0.69,False,area,Lakeshore
general,123,76,0.312,5,0.138,1,5,0.73,False,area,Mission
wai,8,7,0.312,3,0.5,1,3,0.99,True,point,Chinatown
sparkle,6,6,0.312,2,0.333,1,2,0.88,False,point,Mission
halcyon,5,5,0.312,2,0.4,2,1,0.98,True,point,Financial District/South Beach
ultra,5,5,0.312,2,0.4,1,2,0.96,True,point,South of Market
repair,159,114,0.311,21,0.157,10,6,0.7,False,area,Bayview Hunters Point
friedman,6,5,0.311,1,0.167,1,1,1.0,True,point,Financial District/South Beach
oral,16,11,0.31,4,0.375,2,2,0.92,True,point,Inner Sunset
capitol,12,12,0.31,4,0.333,2,2,0.78,False,point,Financial District/South Beach
burns,10,10,0.31,2,0.2,2,1,0.91,True,point,Presidio Heights
rancho,5,5,0.31,2,0.4,2,1,0.72,False,point,Mission
ai,96,52,0.309,7,0.115,3,5,0.88,False,area,Financial District/South Beach
standard,16,14,0.309,4,0.25,3,2,0.96,True,point,Presidio Heights
agile,9,8,0.309,2,0.222,2,1,0.99,True,point,Financial District/South Beach
groceries,8,8,0.309,2,0.25,1,2,0.95,True,point,Mission
bake,6,6,0.309,2,0.333,1,2,0.63,False,point,Excelsior
capitan,5,5,0.309,2,0.4,1,2,0.94,True,point,South of Market
globe,5,5,0.309,2,0.4,1,2,0.94,True,point,South of Market
hairstyling,5,5,0.309,2,0.4,2,1,0.98,True,point,Chinatown
po,5,5,0.309,2,0.4,1,2,0.98,True,point,Chinatown
tile,21,20,0.308,6,0.333,3,3,0.86,False,point,Bayview Hunters Point
cottage,12,12,0.308,5,0.417,2,3,0.94,True,point,Pacific Heights
chiropractic,142,88,0.307,12,0.099,8,2,0.72,False,point,Sunset/Parkside
barbary,15,13,0.307,4,0.4,2,2,0.98,True,point,Tenderloin
roll,10,10,0.307,4,0.4,2,2,0.84,False,point,Bayview Hunters Point
clock,8,8,0.307,4,0.5,1,4,0.95,True,area,Nob Hill
tiger,7,7,0.307,2,0.286,2,1,0.72,False,point,Oceanview/Merced/Ingleside
systems,57,42,0.306,11,0.193,4,4,0.77,False,area,Bayview Hunters Point
tang,19,19,0.306,5,0.263,3,3,0.86,False,point,Presidio Heights
administration,10,9,0.306,0,0.0,0,0,,False,scattered,
distillery,6,6,0.306,2,0.333,2,1,0.56,False,point,Treasure Island
muse,5,5,0.306,2,0.4,1,2,0.95,True,point,Hayes Valley
zone,17,17,0.305,4,0.235,2,2,0.9,False,point,Outer Richmond
marketplace,8,8,0.305,2,0.25,1,2,0.68,False,point,Outer Richmond
mi,35,32,0.304,9,0.286,4,3,0.87,False,point,Mission
wear,7,7,0.304,3,0.429,1,3,0.98,True,point,Nob Hill
elevator,6,6,0.304,2,0.333,1,2,0.82,False,point,Bayview Hunters Point
juvenile,5,4,0.304,1,0.2,1,1,0.56,False,point,West of Twin Peaks
spirits,26,23,0.303,6,0.269,3,2,0.88,False,point,Noe Valley
board,21,16,0.303,4,0.333,1,4,0.96,True,area,Tenderloin
prevention,16,12,0.302,3,0.188,2,2,0.86,False,point,Haight Ashbury
upper,16,14,0.302,7,0.438,5,2,0.75,False,point,Castro/Upper Market
click,5,5,0.302,2,0.4,1,2,1.0,True,point,Financial District/South Beach
book,30,24,0.301,3,0.1,2,2,0.92,True,point,Financial District/South Beach
production,20,19,0.301,2,0.1,2,1,0.93,True,point,Financial District/South Beach
infusion,11,9,0.301,4,0.455,2,2,0.97,True,point,Castro/Upper Market
faith,9,9,0.301,3,0.333,3,1,0.58,False,point,Outer Mission
avis,5,5,0.301,2,0.4,1,2,0.98,True,point,Tenderloin
jc,6,6,0.3,2,0.333,1,2,0.78,False,point,Mission
animal,30,25,0.299,7,0.267,5,2,0.83,False,scattered,Russian Hill
pr,15,13,0.299,2,0.133,1,2,1.0,True,scattered,Financial District/South Beach
ab,5,5,0.299,2,0.4,1,2,0.96,True,scattered,Chinatown
carmichael,5,4,0.299,1,0.2,1,1,0.84,False,scattered,South of Market
natalie,8,8,0.298,3,0.375,2,2,0.96,True,scattered,Marina
steele,6,6,0.298,2,0.333,1,2,0.81,False,scattered,Pacific Heights
ke,5,5,0.298,2,0.4,2,1,0.73,False,scattered,Outer Mission
christ,38,35,0.297,8,0.237,5,3,0.59,False,scattered,Oceanview/Merced/Ingleside
soup,13,13,0.297,2,0.154,1,2,0.99,True,scattered,Financial District/South Beach
homeless,11,11,0.297,3,0.273,1,3,0.94,True,scattered,South of Market
jen,6,6,0.297,2,0.333,1,2,0.75,False,scattered,Lone Mountain/USF
aids,27,23,0.296,4,0.148,3,2,0.88,False,scattered,South of Market
associated,8,8,0.296,2,0.25,1,2,0.79,False,scattered,Lakeshore
radical,53,52,0.295,7,0.132,3,4,0.89,False,scattered,Haight Ashbury
chowder,5,5,0.295,2,0.4,2,1,0.88,False,scattered,North Beach
scanning,5,5,0.295,2,0.4,2,1,0.84,False,scattered,Bayview Hunters Point
mom,9,9,0.294,2,0.222,1,2,0.85,False,scattered,Mission
tea,126,86,0.293,8,0.087,5,2,0.62,False,scattered,Golden Gate Park
lou,9,7,0.293,1,0.111,1,1,0.89,False,scattered,North Beach
iq,7,7,0.293,2,0.286,1,2,0.99,True,scattered,Financial District/South Beach
mcgrath,6,6,0.293,2,0.333,1,2,0.73,False,scattered,Lone Mountain/USF
anonymous,5,4,0.292,2,0.4,1,2,0.93,True,scattered,Russian Hill
wholesale,21,17,0.291,4,0.19,3,2,0.69,False,scattered,Bayview Hunters Point
headquarters,14,12,0.291,3,0.214,1,3,0.87,False,scattered,Mission
extension,9,9,0.291,4,0.444,1,4,0.98,True,scattered,Financial District/South Beach
pretty,9,9,0.289,2,0.222,1,2,0.95,True,scattered,Mission
santiago,6,6,0.289,3,0.5,1,3,1.0,True,scattered,Financial District/South Beach
acupuncture,148,87,0.288,5,0.034,3,2,0.56,False,scattered,Marina
alison,11,10,0.288,3,0.273,1,3,0.85,False,scattered,Mission Bay
cremation,6,6,0.288,2,0.333,1,2,0.8,False,scattered,Inner Richmond
ignatius,6,6,0.288,2,0.333,1,2,0.89,False,scattered,Lone Mountain/USF
mojo,6,6,0.288,2,0.333,1,2,0.84,False,scattered,Western Addition
tennis,51,46,0.287,10,0.235,6,3,0.5,False,scattered,Castro/Upper Market
il,16,14,0.287,3,0.312,2,2,0.95,True,scattered,Financial District/South Beach
integration,9,9,0.286,3,0.333,1,3,0.91,True,scattered,North Beach
bi,8,7,0.286,2,0.375,1,2,0.88,False,scattered,Mission
galileo,8,7,0.286,3,0.375,2,2,0.57,False,scattered,Noe Valley
excursions,6,6,0.286,2,0.333,1,2,0.91,True,scattered,Russian Hill
meals,6,6,0.286,2,0.333,2,1,0.86,False,scattered,Russian Hill
probate,5,5,0.286,2,0.4,1,2,1.0,True,scattered,Financial District/South Beach
together,9,9,0.285,3,0.333,1,3,0.8,False,scattered,Haight Ashbury
cucina,5,5,0.285,2,0.4,1,2,0.91,True,scattered,Chinatown
vista,38,32,0.284,3,0.211,1,3,0.42,False,scattered,Haight Ashbury
ebenezer,6,6,0.284,2,0.333,2,1,0.75,False,scattered,Excelsior
drag,7,7,0.283,2,0.286,1,2,0.98,True,scattered,Chinatown
omni,7,7,0.283,1,0.143,1,1,0.82,False,scattered,Presidio Heights
extensions,6,5,0.281,2,0.5,2,1,0.97,True,scattered,Marina
google,5,5,0.281,2,0.4,1,2,0.98,True,scattered,Financial District/South Beach
nine,9,8,0.28,2,0.222,1,2,0.93,True,scattered,South of Market
officers,6,6,0.28,2,0.333,2,1,0.76,False,scattered,Bayview Hunters Point
car,158,99,0.279,5,0.051,2,4,0.82,False,scattered,Russian Hill
cliff,11,11,0.279,3,0.273,1,3,0.26,False,scattered,Outer Richmond
innovations,11,11,0.279,4,0.364,2,2,0.94,True,scattered,Financial District/South Beach
hai,9,7,0.279,2,0.444,1,2,0.98,True,scattered,Chinatown
travel,137,79,0.278,1,0.007,1,1,0.92,True,scattered,Nob Hill
post,77,46,0.278,5,0.117,4,2,0.66,False,scattered,Presidio
youth,76,59,0.278,6,0.145,4,2,0.75,False,scattered,Mission
grande,9,9,0.278,4,0.444,4,1,0.52,False,scattered,Mission
liver,8,6,0.278,2,0.375,1,2,0.94,True,scattered,Potrero Hill
unified,5,5,0.278,2,0.4,1,2,0.97,True,scattered,Tenderloin
rise,16,16,0.277,4,0.25,2,2,0.84,False,scattered,Mission
lawyer,11,10,0.276,2,0.273,1,2,0.96,True,scattered,Financial District/South Beach
endocrinology,5,5,0.276,2,0.4,1,2,0.98,True,scattered,Western Addition
materials,10,10,0.275,3,0.3,1,3,0.76,False,scattered,Bayview Hunters Point
ford,6,6,0.275,2,0.333,1,2,0.89,False,scattered,Mission
sutherland,6,5,0.275,2,0.5,1,2,0.99,True,scattered,Financial District/South Beach
flower,32,25,0.274,5,0.156,3,2,0.66,False,scattered,Castro/Upper Market
legion,13,7,0.274,2,0.308,2,1,0.48,False,scattered,Outer Richmond
advocacy,7,7,0.274,2,0.286,1,2,0.95,True,scattered,Mission
andytown,7,7,0.274,2,0.286,2,1,0.58,False,scattered,Sunset/Parkside
terminal,11,9,0.273,3,0.364,1,3,0.98,True,scattered,Financial District/South Beach
leong,7,6,0.273,2,0.286,1,2,0.96,True,scattered,Financial District/South Beach
hom,5,5,0.273,2,0.4,2,1,0.87,False,scattered,Lone Mountain/USF
revive,6,6,0.272,2,0.333,1,2,0.9,False,scattered,Financial District/South Beach
appeals,5,5,0.272,1,0.2,1,1,0.95,True,scattered,Tenderloin
plant,26,24,0.271,6,0.269,4,2,0.76,False,scattered,Bayview Hunters Point
lc,6,6,0.271,2,0.333,2,1,0.84,False,scattered,Bayview Hunters Point
pork,5,5,0.271,2,0.4,1,2,0.95,True,scattered,Tenderloin
association,157,97,0.27,2,0.013,1,2,0.38,False,scattered,West of Twin Peaks
document,13,11,0.27,1,0.077,1,1,0.92,True,scattered,Financial District/South Beach
stadium,7,7,0.27,2,0.286,1,2,0.41,False,scattered,Outer Mission
oven,6,6,0.27,2,0.333,1,2,0.85,False,scattered,Hayes Valley
central,62,54,0.269,7,0.129,3,5,0.65,False,scattered,Lone Mountain/USF
adventures,22,18,0.269,2,0.227,1,2,0.91,True,scattered,Russian Hill
chocolate,19,18,0.269,3,0.158,2,2,0.9,False,scattered,Western Addition
lighting,17,17,0.269,5,0.294,2,3,0.87,False,scattered,Financial District/South Beach
relationship,15,11,0.269,1,0.133,1,1,0.96,True,scattered,Marina
herbs,12,11,0.269,4,0.333,3,2,0.87,False,scattered,Inner Richmond
rent,33,28,0.268,5,0.212,2,3,0.92,True,scattered,Mission
chapel,14,13,0.268,4,0.286,4,1,0.63,False,scattered,Bayview Hunters Point
chipotle,11,11,0.268,1,0.091,1,1,0.98,True,scattered,South of Market
bikes,8,8,0.267,3,0.375,1,3,0.94,True,scattered,South of Market
pastel,5,5,0.267,2,0.4,2,1,0.86,False,scattered,Presidio Heights
bridge,76,60,0.266,5,0.105,3,2,0.48,False,scattered,Presidio
lewis,21,18,0.266,1,0.048,1,1,0.96,True,scattered,Bernal Heights
nelson,19,18,0.266,3,0.158,1,3,0.96,True,scattered,Mission
gina,10,10,0.266,4,0.4,2,2,0.92,True,scattered,Marina
cho,6,6,0.264,2,0.333,1,2,0.97,True,scattered,Inner Sunset
workplace,5,3,0.264,1,0.2,1,1,0.92,True,scattered,Financial District/South Beach
wines,28,23,0.263,4,0.25,2,2,0.69,False,scattered,Treasure Island
corps,10,9,0.263,2,0.2,1,2,0.19,False,scattered,Treasure Island
hernandez,6,6,0.263,2,0.333,2,1,0.78,False,scattered,Outer Mission
community,287,193,0.262,16,0.07,8,5,0.5,False,scattered,Bayview Hunters Point
ming,30,26,0.262,0,0.0,0,0,,False,scattered,
innovation,28,22,0.262,1,0.036,1,1,0.99,True,scattered,Financial District/South Beach
halal,21,16,0.261,1,0.048,1,1,0.9,True,scattered,Nob Hill
mcallister,7,6,0.261,2,0.429,1,2,0.95,True,scattered,Tenderloin
rafael,5,4,0.261,1,0.2,1,1,1.0,True,scattered,Financial District/South Beach
interior,35,33,0.26,8,0.257,3,3,0.72,False,scattered,Bayview Hunters Point
six,10,9,0.26,2,0.2,1,2,0.85,False,scattered,Castro/Upper Market
credit,47,33,0.259,3,0.085,1,3,0.93,True,scattered,Tenderloin
sandwiches,23,21,0.259,5,0.217,3,2,0.86,False,scattered,Mission
fried,7,7,0.258,2,0.286,1,2,0.94,True,scattered,Mission
songbird,5,5,0.258,2,0.4,1,2,0.98,True,scattered,Western Addition
mft,100,46,0.257,12,0.15,5,5,0.85,False,scattered,Noe Valley
horse,10,9,0.257,3,0.3,2,2,0.94,True,scattered,South of Market
bodyworks,8,7,0.257,2,0.375,1,2,0.93,True,scattered,Financial District/South Beach
marijuana,6,6,0.257,2,0.333,1,2,0.84,False,scattered,Hayes Valley
golden,392,237,0.256,24,0.107,6,8,0.42,False,scattered,Golden Gate Park
fog,32,29,0.256,5,0.156,4,2,0.8,False,scattered,North Beach
reserve,18,14,0.256,1,0.056,1,1,1.0,True,scattered,Financial District/South Beach
lingerie,9,9,0.256,4,0.444,3,2,0.96,True,scattered,Pacific Heights
picnic,15,15,0.255,4,0.267,3,2,0.4,False,scattered,Golden Gate Park
metropolis,12,11,0.255,2,0.167,1,2,0.81,False,scattered,North Beach
glam,10,10,0.254,2,0.2,2,1,0.46,False,scattered,Visitacion Valley
chic,8,8,0.254,2,0.25,1,2,0.95,True,scattered,Mission
daisy,7,7,0.254,2,0.286,1,2,0.7,False,scattered,Outer Richmond
men,25,17,0.253,1,0.04,1,1,0.66,False,scattered,Castro/Upper Market
randolph,7,7,0.253,2,0.286,2,1,0.55,False,scattered,Oceanview/Merced/Ingleside
stylist,8,8,0.252,2,0.25,1,2,0.89,False,scattered,Marina
fitzgerald,6,5,0.252,2,0.333,1,2,0.97,True,scattered,Inner Sunset
interiors,40,38,0.251,10,0.275,3,5,0.85,False,scattered,Potrero Hill
floors,13,12,0.251,4,0.308,3,2,0.66,False,scattered,Bernal Heights
uber,5,5,0.251,2,0.4,2,1,0.77,False,scattered,Potrero Hill
tap,13,11,0.25,0,0.0,0,0,,False,scattered,
integrated,6,6,0.25,2,0.333,1,2,0.85,False,scattered,Mission
action,28,24,0.249,3,0.143,3,1,0.9,True,scattered,Mission
electrical,22,22,0.249,3,0.136,3,1,0.67,False,scattered,Bayview Hunters Point
structural,8,7,0.249,0,0.0,0,0,,False,scattered,
stephanie,24,24,0.248,3,0.125,1,3,0.94,True,scattered,Marina
fung,18,15,0.248,4,0.222,2,2,0.85,False,scattered,Lone Mountain/USF
root,9,9,0.248,4,0.444,2,2,0.94,True,scattered,Mission
transgender,8,8,0.248,3,0.375,1,3,0.94,True,scattered,Tenderloin
sheet,7,7,0.248,2,0.286,1,2,0.82,False,scattered,Bayview Hunters Point
west,176,117,0.247,10,0.165,4,3,0.43,False,scattered,Sunset/Parkside
shirley,8,7,0.247,2,0.25,1,2,0.86,False,scattered,Outer Mission
publishers,9,9,0.246,2,0.222,1,2,0.96,True,scattered,Financial District/South Beach
hall,154,99,0.245,9,0.071,6,3,0.64,False,scattered,Lakeshore
leadership,23,19,0.245,5,0.261,3,2,0.71,False,scattered,Lone Mountain/USF
fidelity,7,7,0.245,2,0.286,1,2,0.84,False,scattered,West of Twin Peaks
jacobs,7,7,0.245,0,0.0,0,0,,False,scattered,
sundays,6,5,0.245,2,0.333,1,2,0.95,True,scattered,Mission
casa,54,49,0.244,8,0.167,2,4,0.83,False,scattered,Mission
catherine,21,16,0.244,2,0.095,2,1,0.97,True,scattered,Nob Hill
windows,14,13,0.244,3,0.286,1,3,0.77,False,scattered,Bayview Hunters Point
pot,10,9,0.244,3,0.3,3,1,0.81,False,scattered,Sunset/Parkside
nordstrom,7,7,0.244,2,0.286,1,2,0.77,False,scattered,Lakeshore
kan,6,5,0.244,2,0.333,1,2,0.9,True,scattered,Mission
cuts,22,19,0.243,6,0.318,2,4,0.85,False,scattered,Castro/Upper Market
dios,10,9,0.243,2,0.2,1,2,0.81,False,scattered,Mission
randall,9,8,0.243,2,0.222,1,2,0.77,False,scattered,Castro/Upper Market
polo,8,8,0.243,2,0.25,1,2,0.18,False,scattered,Golden Gate Park
taiwan,8,8,0.243,2,0.25,1,2,0.9,False,scattered,Lakeshore
matrix,7,6,0.243,2,0.286,1,2,0.77,False,scattered,Mission Bay
dispensary,40,34,0.242,3,0.075,3,1,0.77,False,scattered,Presidio Heights
rack,6,6,0.242,2,0.333,2,1,0.91,True,scattered,South of Market
studios,153,112,0.241,5,0.039,3,2,0.59,False,scattered,Bayview Hunters Point
oncology,38,14,0.241,2,0.079,2,1,0.92,True,scattered,Mission Bay
luxe,12,12,0.241,3,0.25,1,3,0.91,True,scattered,Russian Hill
erin,10,9,0.241,3,0.3,1,3,0.9,True,scattered,Pacific Heights
thrive,8,8,0.241,3,0.375,2,2,0.88,False,scattered,Mission Bay
great,48,47,0.24,7,0.146,6,2,0.47,False,scattered,Sunset/Parkside
graduate,14,13,0.24,2,0.143,1,2,0.71,False,scattered,Lakeshore
clifford,7,7,0.24,0,0.0,0,0,,False,scattered,
gogo,6,6,0.24,0,0.0,0,0,,False,scattered,
speedway,6,6,0.239,2,0.333,2,1,0.58,False,scattered,Sunset/Parkside
injury,28,19,0.238,1,0.036,1,1,0.99,True,scattered,Chinatown
loans,21,20,0.238,3,0.143,2,2,0.74,False,scattered,Noe Valley
buen,6,6,0.238,2,0.333,1,2,0.87,False,scattered,Mission
escape,20,19,0.237,6,0.3,2,3,0.94,True,scattered,North Beach
indie,5,5,0.237,2,0.4,1,2,0.96,True,scattered,South of Market
yubalance,5,5,0.237,2,0.4,2,1,0.88,False,scattered,Noe Valley
photography,192,134,0.236,7,0.047,5,3,0.63,False,scattered,Potrero Hill
choy,6,6,0.236,2,0.333,2,1,0.76,False,scattered,Outer Richmond
mach,6,6,0.236,2,0.333,2,1,0.76,False,scattered,Outer Richmond
mira,6,6,0.236,2,0.333,1,2,0.92,True,scattered,Mission
safety,19,19,0.235,2,0.105,1,2,0.6,False,scattered,Potrero Hill
southern,13,13,0.235,4,0.308,1,4,0.81,False,scattered,Mission
streets,11,11,0.235,2,0.182,1,2,0.86,False,scattered,Haight Ashbury
wash,54,49,0.234,5,0.13,2,3,0.75,False,scattered,Outer Mission
cycle,6,6,0.234,2,0.333,1,2,0.9,True,scattered,Marina
psychotherapy,90,47,0.233,1,0.011,1,1,0.88,False,scattered,Noe Valley
cars,18,16,0.233,2,0.111,1,2,0.58,False,scattered,Treasure Island
warehouse,18,16,0.233,3,0.222,2,2,0.86,False,scattered,Bayview Hunters Point
take,5,5,0.233,2,0.4,2,1,0.75,False,scattered,Marina
marketing,98,60,0.232,0,0.0,0,0,,False,scattered,
healing,75,62,0.232,5,0.067,4,2,0.69,False,scattered,Castro/Upper Market
army,28,24,0.232,5,0.214,2,3,0.83,False,scattered,Bayview Hunters Point
god,21,21,0.232,5,0.238,2,3,0.66,False,scattered,Bayview Hunters Point
ball,19,19,0.232,2,0.105,1,2,0.4,False,scattered,Golden Gate Park
defense,11,11,0.232,3,0.273,1,3,0.94,True,scattered,South of Market
jane,24,22,0.231,4,0.167,2,2,0.79,False,scattered,Outer Richmond
pioneer,17,16,0.23,3,0.235,1,3,0.42,False,scattered,Golden Gate Park
crepes,6,6,0.23,2,0.333,1,2,0.9,True,scattered,Japantown
row,6,6,0.23,2,0.333,1,2,0.96,True,scattered,Japantown
tu,10,10,0.229,2,0.2,1,2,0.76,False,scattered,Sunset/Parkside
engagement,6,6,0.229,2,0.333,1,2,0.94,True,scattered,Tenderloin
best,71,61,0.228,4,0.056,3,2,0.6,False,scattered,Sunset/Parkside
outpatient,19,15,0.228,1,0.053,1,1,0.96,True,scattered,Inner Sunset
heating,18,18,0.228,3,0.167,1,3,0.66,False,scattered,Bayview Hunters Point
lemon,10,10,0.228,1,0.1,1,1,0.95,True,scattered,Financial District/South Beach
bedding,6,6,0.228,2,0.333,1,2,0.98,True,scattered,Western Addition
rocket,6,6,0.228,2,0.333,1,2,0.94,True,scattered,South of Market
skatepark,6,6,0.228,2,0.333,1,2,0.9,False,scattered,Mission
muir,9,9,0.227,2,0.222,1,2,0.87,False,scattered,North Beach
cardio,8,8,0.227,2,0.25,1,2,0.94,True,scattered,Potrero Hill
mosaic,8,8,0.227,2,0.25,1,2,0.27,False,scattered,Inner Sunset
endoscopy,7,6,0.227,0,0.0,0,0,,False,scattered,
perform,7,6,0.227,2,0.286,1,2,0.93,True,scattered,Hayes Valley
payless,6,6,0.227,2,0.333,1,2,0.94,True,scattered,Mission
spire,5,5,0.227,1,0.2,1,1,0.22,False,scattered,Presidio
emergency,26,24,0.226,0,0.0,0,0,,False,scattered,
sharon,14,13,0.226,3,0.286,1,3,0.97,True,scattered,Inner Sunset
traffic,9,7,0.226,1,0.111,1,1,0.88,False,scattered,Mission Bay
business,92,63,0.225,0,0.0,0,0,,False,scattered,
african,23,20,0.225,2,0.13,1,2,0.79,False,scattered,Bayview Hunters Point
coalition,22,20,0.225,2,0.091,2,1,0.95,True,scattered,South of Market
kwok,7,7,0.225,2,0.286,2,1,0.75,False,scattered,Outer Richmond
siam,7,7,0.225,1,0.143,1,1,0.99,True,scattered,Tenderloin
open,40,38,0.224,4,0.1,2,2,0.61,False,scattered,Bayview Hunters Point
adams,17,14,0.224,1,0.059,1,1,0.94,True,scattered,Japantown
ferguson,6,6,0.224,2,0.333,1,2,0.95,True,scattered,Mission
communications,63,44,0.223,1,0.016,1,1,0.71,False,scattered,North Beach
merritt,8,8,0.223,2,0.25,1,2,0.89,False,scattered,Lone Mountain/USF
resolution,8,7,0.223,0,0.0,0,0,,False,scattered,
babylon,6,6,0.223,2,0.333,2,1,0.88,False,scattered,South of Market
designs,86,68,0.222,8,0.14,3,4,0.8,False,scattered,Mission Bay
museum,71,56,0.222,4,0.07,2,2,0.64,False,scattered,Presidio
love,70,55,0.222,5,0.114,3,3,0.85,False,scattered,Mission
rock,44,42,0.222,6,0.182,2,5,0.77,False,scattered,Mission Bay
chung,22,17,0.222,2,0.136,1,2,0.97,True,scattered,Chinatown
tutoring,18,18,0.222,4,0.222,3,2,0.84,False,scattered,Inner Richmond
mediation,6,6,0.222,1,0.167,1,1,0.99,True,scattered,Chinatown
quickly,11,11,0.221,2,0.182,1,2,0.8,False,scattered,Lakeshore
carla,9,8,0.221,2,0.222,1,2,0.81,False,scattered,Mission
minna,8,6,0.221,0,0.0,0,0,,False,scattered,
sisters,11,9,0.219,2,0.182,1,2,0.71,False,scattered,Lone Mountain/USF
roadside,9,9,0.219,3,0.333,2,2,0.75,False,scattered,Mission Bay
acne,8,8,0.219,2,0.25,1,2,0.91,True,scattered,Mission
foster,8,8,0.219,2,0.25,1,2,0.75,False,scattered,Bayview Hunters Point
tec,7,7,0.219,2,0.286,2,1,0.7,False,scattered,Sunset/Parkside
morrison,6,6,0.219,0,0.0,0,0,,False,scattered,
thai,177,103,0.218,3,0.028,1,3,0.8,False,scattered,Inner Richmond
martinez,10,9,0.218,2,0.3,1,2,0.91,True,scattered,Mission
saigon,8,7,0.218,1,0.125,1,1,0.94,True,scattered,Tenderloin
full,17,15,0.217,2,0.118,2,1,0.87,False,scattered,Presidio Heights
fruit,10,8,0.217,1,0.2,1,1,0.97,True,scattered,Chinatown
opus,9,9,0.217,0,0.0,0,0,,False,scattered,
translations,9,9,0.217,0,0.0,0,0,,False,scattered,
levin,8,8,0.217,2,0.25,2,1,0.92,True,scattered,Financial District/South Beach
jan,7,7,0.217,2,0.286,1,2,0.93,True,scattered,Japantown
fountain,18,16,0.216,3,0.167,3,1,0.73,False,scattered,Potrero Hill
patisserie,8,7,0.216,1,0.125,1,1,0.97,True,scattered,Tenderloin
noodles,14,13,0.215,2,0.143,1,2,0.86,False,scattered,Sunset/Parkside
visual,14,13,0.215,2,0.143,1,2,0.56,False,scattered,Outer Mission
rocks,8,8,0.215,2,0.25,2,1,0.85,False,scattered,Excelsior
august,7,7,0.215,2,0.286,1,2,0.98,True,scattered,Pacific Heights
parish,9,9,0.214,2,0.222,2,1,0.47,False,scattered,Sunset/Parkside
chris,18,16,0.213,2,0.111,2,1,0.46,False,scattered,Outer Richmond
equity,17,15,0.213,2,0.118,1,2,0.66,False,scattered,Sunset/Parkside
anita,13,12,0.213,2,0.154,1,2,0.75,False,scattered,Sunset/Parkside
mother,9,9,0.213,2,0.222,2,1,0.35,False,scattered,Golden Gate Park
faculty,8,5,0.213,1,0.125,1,1,0.98,True,scattered,Inner Sunset
calvin,7,7,0.213,1,0.143,1,1,0.79,False,scattered,Haight Ashbury
neo,5,5,0.213,2,0.4,1,2,0.97,True,scattered,Tenderloin
courtney,7,7,0.212,2,0.286,1,2,0.98,True,scattered,Pacific Heights
voice,22,18,0.211,3,0.136,2,2,0.78,False,scattered,Mission
india,20,18,0.211,2,0.1,1,2,0.82,False,scattered,Outer Richmond
poppy,8,8,0.211,2,0.25,1,2,0.73,False,scattered,Pacific Heights
reality,8,8,0.211,2,0.25,1,2,0.77,False,scattered,Mission
housing,54,44,0.21,2,0.037,1,2,0.63,False,scattered,Bayview Hunters Point
window,29,28,0.21,4,0.138,3,2,0.56,False,scattered,Sunset/Parkside
liberty,20,19,0.21,5,0.25,1,5,0.57,False,scattered,Mission
rodriguez,18,16,0.21,2,0.111,1,2,0.88,False,scattered,Mission
belly,8,8,0.21,2,0.25,2,1,0.72,False,scattered,Outer Richmond
lopez,12,11,0.209,1,0.083,1,1,0.98,True,scattered,Pacific Heights
infinity,11,11,0.209,2,0.182,2,1,0.89,False,scattered,Castro/Upper Market
bella,38,35,0.208,0,0.0,0,0,,False,scattered,
cha,11,10,0.208,1,0.091,1,1,0.9,True,scattered,Mission
connected,8,8,0.208,2,0.25,1,2,0.93,True,scattered,Financial District/South Beach
rye,7,7,0.208,2,0.286,1,2,0.98,True,scattered,Tenderloin
tahoe,6,6,0.208,0,0.0,0,0,,False,scattered,
farmers,89,66,0.207,6,0.101,3,4,0.78,False,scattered,Sunset/Parkside
meat,19,18,0.207,4,0.211,2,2,0.85,False,scattered,Mission
arms,12,12,0.207,2,0.167,1,2,0.84,False,scattered,Western Addition
butler,7,6,0.207,2,0.286,1,2,0.81,False,scattered,Presidio Heights
national,97,70,0.206,6,0.072,4,2,0.34,False,scattered,Presidio
fields,19,19,0.206,3,0.158,2,2,0.47,False,scattered,Excelsior
paints,10,9,0.206,3,0.3,1,3,0.87,False,scattered,South of Market
siren,5,5,0.206,0,0.0,0,0,,False,scattered,
check,19,15,0.205,2,0.105,1,2,0.74,False,scattered,Outer Mission
beverly,13,12,0.205,1,0.077,1,1,0.96,True,scattered,Tenderloin
princess,9,9,0.205,2,0.222,1,2,0.81,False,scattered,North Beach
bible,6,5,0.205,2,0.333,2,1,0.64,False,scattered,West of Twin Peaks
venue,18,16,0.204,0,0.0,0,0,,False,scattered,
cocina,15,13,0.204,2,0.133,1,2,0.8,False,scattered,Mission
porter,12,9,0.204,0,0.0,0,0,,False,scattered,
krunchy,11,11,0.204,1,0.091,1,1,0.92,True,scattered,South of Market
hungry,10,10,0.204,2,0.2,2,1,0.81,False,scattered,Bayview Hunters Point
loop,11,11,0.203,2,0.182,1,2,0.39,False,scattered,Lakeshore
bento,9,9,0.203,2,0.222,2,1,0.81,False,scattered,Bayview Hunters Point
jill,9,9,0.203,2,0.222,1,2,0.95,True,scattered,Presidio Heights
mel,9,8,0.203,2,0.333,1,2,0.98,True,scattered,Marina
kristina,7,7,0.203,2,0.286,1,2,0.83,False,scattered,Inner Richmond
variety,7,7,0.202,2,0.286,1,2,0.91,True,scattered,Inner Richmond
caviar,5,5,0.202,2,0.4,2,1,0.93,True,scattered,South of Market
pilates,66,57,0.201,1,0.015,1,1,0.69,False,scattered,Sunset/Parkside
head,38,33,0.201,4,0.132,2,2,0.37,False,scattered,Bayview Hunters Point
guide,10,9,0.201,2,0.2,1,2,0.91,True,scattered,Financial District/South Beach
cardiology,8,7,0.201,2,0.25,1,2,0.98,True,scattered,Western Addition
fashions,7,7,0.201,2,0.286,1,2,0.92,True,scattered,Mission
lafayette,6,6,0.201,2,0.333,1,2,0.89,False,scattered,Mission
matters,6,6,0.201,2,0.333,1,2,0.97,True,scattered,Tenderloin
architecture,103,84,0.2,0,0.0,0,0,,False,scattered,
digital,94,68,0.2,0,0.0,0,0,,False,scattered,
win,10,10,0.199,2,0.2,1,2,0.86,False,scattered,Sunset/Parkside
gardner,6,5,0.199,2,0.333,1,2,0.95,True,scattered,Japantown
realtor,89,40,0.198,3,0.056,3,1,0.85,False,scattered,Russian Hill
luggage,60,40,0.198,0,0.0,0,0,,False,scattered,
bowls,8,8,0.198,0,0.0,0,0,,False,scattered,
fifty,8,8,0.198,2,0.25,1,2,0.67,False,scattered,Lone Mountain/USF
mercedes,8,8,0.197,0,0.0,0,0,,False,scattered,
form,7,7,0.197,2,0.286,1,2,0.76,False,scattered,Mission
melanie,7,7,0.197,2,0.286,1,2,0.96,True,scattered,Pacific Heights
peruvian,7,7,0.197,2,0.286,1,2,0.86,False,scattered,Mission
bennett,14,14,0.196,2,0.143,1,2,0.49,False,scattered,Excelsior
dale,6,6,0.196,2,0.333,2,1,0.67,False,scattered,Bayview Hunters Point
shine,14,14,0.194,2,0.143,1,2,0.8,False,scattered,Bayview Hunters Point
environment,7,7,0.194,0,0.0,0,0,,False,scattered,
artistic,9,9,0.193,2,0.222,1,2,0.89,False,scattered,Mission
tattoo,74,51,0.192,0,0.0,0,0,,False,scattered,
bon,8,8,0.192,2,0.25,1,2,0.81,False,scattered,Mission
brow,6,6,0.192,2,0.333,1,2,0.96,True,scattered,Japantown
charlotte,11,10,0.19,2,0.182,1,2,0.86,False,scattered,Presidio Heights
norris,9,8,0.19,1,0.111,1,1,0.99,True,scattered,Pacific Heights
stratford,7,7,0.19,2,0.286,2,1,0.71,False,scattered,Outer Richmond
tao,13,13,0.189,2,0.154,1,2,0.86,False,scattered,Outer Mission
patient,6,6,0.189,2,0.333,1,2,0.96,True,scattered,Pacific Heights
positive,5,5,0.189,1,0.2,1,1,0.95,True,scattered,Financial District/South Beach
cleaners,134,106,0.188,2,0.03,1,2,0.75,False,scattered,West of Twin Peaks
motor,23,20,0.188,2,0.087,1,2,0.95,True,scattered,Mission
recording,17,15,0.188,1,0.059,1,1,0.94,True,scattered,South of Market
corporate,27,23,0.187,1,0.037,1,1,0.69,False,scattered,North Beach
holly,11,10,0.187,2,0.182,1,2,0.47,False,scattered,Bernal Heights
dong,6,5,0.187,1,0.167,1,1,0.97,True,scattered,Chinatown
happy,53,49,0.186,8,0.151,3,3,0.63,False,scattered,West of Twin Peaks
word,8,8,0.186,2,0.25,1,2,0.9,False,scattered,Outer Richmond
vin,6,6,0.186,2,0.333,2,1,0.73,False,scattered,Outer Mission
arc,18,17,0.185,0,0.0,0,0,,False,scattered,
punch,5,5,0.185,0,0.0,0,0,,False,scattered,
entertainment,21,19,0.184,0,0.0,0,0,,False,scattered,
citibank,19,19,0.184,2,0.105,1,2,0.86,False,scattered,West of Twin Peaks
job,15,15,0.184,2,0.133,1,2,0.19,False,scattered,Treasure Island
clubs,10,9,0.184,2,0.2,1,2,0.5,False,scattered,Visitacion Valley
faces,9,8,0.184,2,0.222,1,2,0.8,False,scattered,Mission
minds,8,8,0.184,0,0.0,0,0,,False,scattered,
serrano,6,6,0.184,0,0.0,0,0,,False,scattered,
wicked,6,6,0.184,1,0.167,1,1,0.75,False,scattered,Mission Bay
light,44,40,0.183,3,0.068,1,3,0.77,False,scattered,Bayview Hunters Point
division,33,29,0.183,1,0.03,1,1,0.81,False,scattered,Mission
garcia,19,19,0.183,2,0.105,2,1,0.3,False,scattered,McLaren Park
comprehensive,12,8,0.183,1,0.083,1,1,0.88,False,scattered,Mission Bay
angie,5,5,0.183,0,0.0,0,0,,False,scattered,
greater,10,10,0.182,2,0.2,2,1,0.46,False,scattered,Bayview Hunters Point
tank,6,6,0.182,2,0.333,1,2,0.94,True,scattered,South of Market
allure,5,5,0.182,0,0.0,0,0,,False,scattered,
sciences,17,16,0.181,2,0.118,1,2,0.69,False,scattered,West of Twin Peaks
sunday,10,10,0.181,0,0.0,0,0,,False,scattered,
hearts,5,5,0.181,0,0.0,0,0,,False,scattered,
dining,15,14,0.18,3,0.2,1,3,0.71,False,scattered,Lakeshore
gupta,7,6,0.18,2,0.286,1,2,0.97,True,scattered,Inner Sunset
lindsay,6,6,0.18,2,0.333,1,2,0.98,True,scattered,Pacific Heights
chicken,45,40,0.179,3,0.067,1,3,0.76,False,scattered,Bayview Hunters Point
dreams,13,12,0.179,2,0.231,1,2,0.84,False,scattered,Lone Mountain/USF
heaven,12,12,0.179,2,0.167,1,2,0.9,True,scattered,North Beach
western,114,101,0.178,1,0.009,1,1,0.49,False,scattered,Sunset/Parkside
asian,53,41,0.178,0,0.0,0,0,,False,scattered,
site,25,25,0.178,4,0.16,3,2,0.58,False,scattered,Treasure Island
gateway,18,14,0.177,1,0.056,1,1,0.61,False,scattered,Western Addition
brand,16,16,0.176,2,0.125,1,2,0.96,True,scattered,Marina
transplant,16,8,0.176,1,0.062,1,1,0.97,True,scattered,Inner Sunset
tailor,12,12,0.176,1,0.083,1,1,0.68,False,scattered,Castro/Upper Market
himalayan,8,8,0.176,0,0.0,0,0,,False,scattered,
josephine,7,7,0.176,2,0.286,1,2,0.93,True,scattered,South of Market
am,15,15,0.175,2,0.133,1,2,0.48,False,scattered,Lakeshore
pool,23,22,0.174,3,0.13,3,1,0.32,False,scattered,Lakeshore
lynn,15,12,0.174,3,0.2,2,2,0.79,False,scattered,West of Twin Peaks
turtle,10,10,0.174,2,0.2,1,2,0.79,False,scattered,Inner Richmond
custom,57,48,0.173,4,0.088,1,4,0.76,False,scattered,Bayview Hunters Point
orthodontics,25,18,0.173,2,0.08,2,1,0.85,False,scattered,Outer Richmond
committee,15,14,0.173,0,0.0,0,0,,False,scattered,
gray,11,11,0.173,2,0.182,1,2,0.9,False,scattered,North Beach
musical,9,8,0.173,2,0.222,1,2,0.9,False,scattered,West of Twin Peaks
ghost,7,7,0.173,1,0.143,1,1,0.7,False,scattered,Japantown
relax,7,7,0.173,1,0.143,1,1,0.97,True,scattered,Russian Hill
depot,26,23,0.172,3,0.154,2,2,0.78,False,scattered,Bayview Hunters Point
commons,14,14,0.172,2,0.143,1,2,0.92,True,scattered,Financial District/South Beach
mercy,11,11,0.172,1,0.091,1,1,0.79,False,scattered,West of Twin Peaks
folk,8,8,0.172,2,0.25,1,2,0.77,False,scattered,Haight Ashbury
edward,45,28,0.171,4,0.111,2,3,0.64,False,scattered,Sunset/Parkside
hamilton,23,20,0.171,0,0.0,0,0,,False,scattered,
don,21,20,0.171,2,0.095,2,1,0.44,False,scattered,Bernal Heights
goat,11,10,0.171,2,0.182,2,1,0.61,False,scattered,Glen Park
spectrum,8,8,0.171,1,0.125,1,1,0.69,False,scattered,Inner Richmond
kang,7,5,0.171,2,0.286,1,2,0.97,True,scattered,Inner Sunset
np,102,30,0.17,3,0.098,2,2,0.96,True,scattered,Inner Sunset
smoke,40,33,0.17,0,0.0,0,0,,False,scattered,
latin,22,20,0.17,2,0.091,2,1,0.92,True,scattered,Mission
italian,35,28,0.169,2,0.114,1,2,0.92,True,scattered,North Beach
bill,11,10,0.169,1,0.091,1,1,0.96,True,scattered,South of Market
leslie,9,9,0.169,1,0.111,1,1,0.98,True,scattered,Pacific Heights
huckleberry,5,5,0.169,0,0.0,0,0,,False,scattered,
nursery,32,27,0.168,6,0.188,4,2,0.53,False,scattered,West of Twin Peaks
handyman,24,22,0.168,3,0.125,3,1,0.35,False,scattered,West of Twin Peaks
wax,24,22,0.168,0,0.0,0,0,,False,scattered,
wall,15,15,0.168,2,0.133,1,2,0.68,False,scattered,Presidio
wonder,9,9,0.168,2,0.222,1,2,0.85,False,scattered,Outer Richmond
booth,7,6,0.168,2,0.286,1,2,0.85,False,scattered,Castro/Upper Market
garden,142,121,0.167,8,0.077,3,5,0.47,False,scattered,Golden Gate Park
haas,10,10,0.167,2,0.2,1,2,0.82,False,scattered,Financial District/South Beach
millennium,7,7,0.167,0,0.0,0,0,,False,scattered,
amici,5,5,0.167,0,0.0,0,0,,False,scattered,
experience,17,17,0.166,0,0.0,0,0,,False,scattered,
antique,15,15,0.166,2,0.133,1,2,0.65,False,scattered,Bayview Hunters Point
startup,8,8,0.166,0,0.0,0,0,,False,scattered,
gulch,6,6,0.166,1,0.167,1,1,0.89,False,scattered,Russian Hill
paige,7,7,0.165,1,0.143,1,1,0.98,True,scattered,Pacific Heights
soto,9,7,0.164,2,0.222,1,2,0.84,False,scattered,Mission
fig,7,6,0.164,2,0.286,1,2,0.92,True,scattered,North Beach
provisions,7,7,0.164,2,0.286,1,2,0.87,False,scattered,South of Market
shakespeare,5,5,0.164,1,0.2,1,1,0.71,False,scattered,Hayes Valley
scott,65,55,0.163,4,0.062,3,2,0.26,False,scattered,Presidio
resource,45,37,0.163,4,0.133,2,2,0.69,False,scattered,Lakeshore
izakaya,21,21,0.163,0,0.0,0,0,,False,scattered,
blake,6,5,0.163,0,0.0,0,0,,False,scattered,
education,98,74,0.162,3,0.031,2,2,0.71,False,scattered,West of Twin Peaks
vision,46,37,0.162,1,0.022,1,1,0.23,False,scattered,Glen Park
dignity,17,16,0.162,3,0.176,1,3,0.92,True,scattered,Mission Bay
ka,8,8,0.162,2,0.25,1,2,0.86,False,scattered,Lone Mountain/USF
glamour,6,6,0.162,0,0.0,0,0,,False,scattered,
chase,88,57,0.161,0,0.0,0,0,,False,scattered,
airport,18,18,0.161,2,0.111,1,2,0.62,False,scattered,Bayview Hunters Point
pham,6,6,0.16,0,0.0,0,0,,False,scattered,
wayne,14,13,0.159,0,0.0,0,0,,False,scattered,
facility,13,13,0.159,3,0.231,2,2,0.63,False,scattered,Bayview Hunters Point
soccer,28,27,0.158,4,0.143,3,2,0.37,False,scattered,West of Twin Peaks
knight,5,5,0.158,0,0.0,0,0,,False,scattered,
past,5,5,0.158,1,0.2,1,1,0.17,False,scattered,Golden Gate Park
lounge,169,103,0.157,0,0.0,0,0,,False,scattered,
jones,62,41,0.157,3,0.065,1,3,0.72,False,scattered,Sunset/Parkside
jean,7,7,0.157,0,0.0,0,0,,False,scattered,
fire,84,73,0.156,4,0.06,2,3,0.71,False,scattered,Bayview Hunters Point
free,41,37,0.156,2,0.049,1,2,0.46,False,scattered,Castro/Upper Market
lcsw,37,27,0.156,0,0.0,0,0,,False,scattered,
project,119,92,0.155,0,0.0,0,0,,False,scattered,
web,43,34,0.155,0,0.0,0,0,,False,scattered,
holy,31,29,0.155,5,0.161,3,2,0.37,False,scattered,Sunset/Parkside
laboratories,8,8,0.155,2,0.25,2,1,0.72,False,scattered,Bayview Hunters Point
leaders,6,5,0.155,0,0.0,0,0,,False,scattered,
smart,40,36,0.154,2,0.05,1,2,0.56,False,scattered,Excelsior
oriental,16,13,0.154,0,0.0,0,0,,False,scattered,
castillo,12,10,0.154,1,0.083,1,1,0.88,False,scattered,Mission Bay
affairs,11,9,0.154,0,0.0,0,0,,False,scattered,
fair,20,18,0.153,2,0.2,1,2,0.84,False,scattered,Marina
margaret,17,13,0.153,2,0.176,1,2,0.85,False,scattered,Western Addition
jade,17,14,0.152,0,0.0,0,0,,False,scattered,
therapeutic,11,9,0.152,0,0.0,0,0,,False,scattered,
hawaiian,10,10,0.152,2,0.2,1,2,0.81,False,scattered,Outer Mission
licensed,10,9,0.152,0,0.0,0,0,,False,scattered,
quiznos,5,5,0.152,0,0.0,0,0,,False,scattered,
city,400,218,0.151,2,0.018,1,2,0.61,False,scattered,Outer Mission
game,18,14,0.151,1,0.056,1,1,0.94,True,scattered,Financial District/South Beach
pictures,10,10,0.151,0,0.0,0,0,,False,scattered,
express,125,94,0.15,4,0.032,1,4,0.72,False,scattered,Bayview Hunters Point
concrete,19,19,0.15,2,0.105,2,1,0.43,False,scattered,Bayview Hunters Point
carl,11,10,0.15,2,0.182,1,2,0.62,False,scattered,Sunset/Parkside
french,45,38,0.149,1,0.022,1,1,0.74,False,scattered,Inner Richmond
vintage,31,27,0.149,1,0.032,1,1,0.32,False,scattered,Inner Sunset
irish,28,21,0.149,2,0.143,1,2,0.82,False,scattered,Sunset/Parkside
giants,23,14,0.149,1,0.043,1,1,0.72,False,scattered,Mission Bay
projects,13,11,0.149,1,0.077,1,1,0.49,False,scattered,Potrero Hill
point,185,156,0.148,5,0.032,2,3,0.3,False,scattered,Bayview Hunters Point
clubhouse,18,17,0.148,4,0.222,3,2,0.49,False,scattered,Visitacion Valley
masters,7,7,0.148,1,0.143,1,1,0.83,False,scattered,Russian Hill
lee,156,94,0.147,0,0.0,0,0,,False,scattered,
fine,125,86,0.147,0,0.0,0,0,,False,scattered,
front,16,12,0.147,0,0.0,0,0,,False,scattered,
sherwin,9,9,0.147,1,0.111,1,1,0.75,False,scattered,Mission
sonoma,9,9,0.147,0,0.0,0,0,,False,scattered,
dunn,7,6,0.147,0,0.0,0,0,,False,scattered,
development,119,81,0.146,0,0.0,0,0,,False,scattered,
taco,41,39,0.146,1,0.024,1,1,0.71,False,scattered,Bernal Heights
back,21,19,0.146,0,0.0,0,0,,False,scattered,
run,19,19,0.146,2,0.105,1,2,0.39,False,scattered,Lakeshore
improv,14,10,0.146,0,0.0,0,0,,False,scattered,
emanuel,10,10,0.146,2,0.2,2,1,0.76,False,scattered,Bayview Hunters Point
playground,92,82,0.145,6,0.065,3,2,0.41,False,scattered,Excelsior
play,27,26,0.145,2,0.111,2,1,0.59,False,scattered,Excelsior
mike,25,22,0.145,1,0.04,1,1,0.93,True,scattered,Castro/Upper Market
regional,14,14,0.145,0,0.0,0,0,,False,scattered,
mighty,7,7,0.145,1,0.143,1,1,0.89,False,scattered,Mission
kearney,6,5,0.145,0,0.0,0,0,,False,scattered,
seafood,56,43,0.144,0,0.0,0,0,,False,scattered,
laundromat,38,36,0.144,0,0.0,0,0,,False,scattered,
seminars,11,11,0.144,2,0.182,1,2,0.6,False,scattered,Potrero Hill
burmese,6,6,0.144,0,0.0,0,0,,False,scattered,
kenneth,19,17,0.143,0,0.0,0,0,,False,scattered,
next,19,16,0.143,0,0.0,0,0,,False,scattered,
martin,38,35,0.142,2,0.053,2,1,0.21,False,scattered,Bayview Hunters Point
supermarket,19,19,0.142,2,0.105,1,2,0.86,False,scattered,Sunset/Parkside
feng,9,9,0.142,1,0.111,1,1,0.66,False,scattered,Inner Sunset
restaurants,9,8,0.142,0,0.0,0,0,,False,scattered,
allied,8,8,0.142,0,0.0,0,0,,False,scattered,
bounce,36,29,0.141,0,0.0,0,0,,False,scattered,
method,23,19,0.141,0,0.0,0,0,,False,scattered,
leather,14,12,0.141,1,0.071,1,1,0.78,False,scattered,South of Market
aesthetics,32,24,0.14,0,0.0,0,0,,False,scattered,
architect,22,20,0.14,2,0.091,1,2,0.49,False,scattered,Sunset/Parkside
brew,9,9,0.14,0,0.0,0,0,,False,scattered,
it,66,56,0.139,0,0.0,0,0,,False,scattered,
sotheby,14,6,0.139,0,0.0,0,0,,False,scattered,
gary,32,28,0.138,0,0.0,0,0,,False,scattered,
wang,28,25,0.138,0,0.0,0,0,,False,scattered,
secret,24,22,0.138,2,0.083,1,2,0.75,False,scattered,Mission
source,19,18,0.138,0,0.0,0,0,,False,scattered,
markets,10,9,0.138,0,0.0,0,0,,False,scattered,
steel,9,9,0.138,2,0.222,2,1,0.7,False,scattered,Bayview Hunters Point
passport,38,29,0.137,0,0.0,0,0,,False,scattered,
liquor,66,62,0.136,1,0.015,1,1,0.42,False,scattered,Sunset/Parkside
barbershop,54,46,0.136,0,0.0,0,0,,False,scattered,
centers,26,25,0.136,2,0.077,1,2,0.75,False,scattered,West of Twin Peaks
sandler,5,5,0.136,0,0.0,0,0,,False,scattered,
science,47,40,0.135,2,0.043,1,2,0.77,False,scattered,West of Twin Peaks
lim,16,16,0.135,0,0.0,0,0,,False,scattered,
swan,9,8,0.135,0,0.0,0,0,,False,scattered,
images,7,6,0.135,1,0.143,1,1,0.84,False,scattered,Marina
building,171,113,0.134,0,0.0,0,0,,False,scattered,
msn,80,11,0.134,2,0.1,1,2,0.97,True,scattered,Inner Sunset
seo,26,19,0.134,2,0.077,1,2,0.72,False,scattered,Presidio
shipping,26,25,0.134,2,0.077,1,2,0.5,False,scattered,Presidio
queen,20,20,0.134,2,0.1,1,2,0.6,False,scattered,Excelsior
self,37,35,0.132,2,0.054,1,2,0.54,False,scattered,Treasure Island
viking,7,7,0.132,1,0.143,1,1,0.43,False,scattered,Marina
fashion,42,34,0.131,0,0.0,0,0,,False,scattered,
hunan,21,18,0.131,0,0.0,0,0,,False,scattered,
counseling,87,55,0.13,0,0.0,0,0,,False,scattered,
eric,39,32,0.13,0,0.0,0,0,,False,scattered,
just,24,23,0.13,0,0.0,0,0,,False,scattered,
cashing,11,7,0.13,0,0.0,0,0,,False,scattered,
jaguar,7,7,0.13,0,0.0,0,0,,False,scattered,
hansen,12,11,0.129,0,0.0,0,0,,False,scattered,
burke,9,9,0.129,1,0.111,1,1,0.77,False,scattered,Mission
catholic,44,37,0.128,2,0.045,1,2,0.41,False,scattered,Sunset/Parkside
sunshine,24,24,0.128,1,0.042,1,1,0.48,False,scattered,Portola
build,22,22,0.128,0,0.0,0,0,,False,scattered,
loving,11,10,0.128,2,0.182,1,2,0.7,False,scattered,Bayview Hunters Point
retail,11,11,0.128,0,0.0,0,0,,False,scattered,
budget,9,9,0.127,0,0.0,0,0,,False,scattered,
eatery,20,19,0.126,0,0.0,0,0,,False,scattered,
let,11,11,0.126,2,0.182,1,2,0.71,False,scattered,Outer Richmond
academic,9,9,0.126,1,0.111,1,1,0.26,False,scattered,Portola
strand,7,7,0.125,0,0.0,0,0,,False,scattered,
salvation,18,15,0.124,0,0.0,0,0,,False,scattered,
tong,18,15,0.124,0,0.0,0,0,,False,scattered,
grounds,9,9,0.124,0,0.0,0,0,,False,scattered,
boom,6,5,0.124,0,0.0,0,0,,False,scattered,
hanson,5,5,0.124,0,0.0,0,0,,False,scattered,
bagel,17,17,0.123,0,0.0,0,0,,False,scattered,
nail,113,81,0.122,0,0.0,0,0,,False,scattered,
ristorante,26,25,0.122,0,0.0,0,0,,False,scattered,
tan,23,21,0.122,0,0.0,0,0,,False,scattered,
learning,58,54,0.121,1,0.017,1,1,0.3,False,scattered,Inner Sunset
anne,32,26,0.121,1,0.031,1,1,0.74,False,scattered,Inner Sunset
raymond,27,21,0.121,0,0.0,0,0,,False,scattered,
yosemite,11,9,0.121,1,0.091,1,1,0.75,False,scattered,Marina
subs,10,10,0.121,2,0.2,1,2,0.85,False,scattered,Inner Sunset
navigation,7,7,0.121,0,0.0,0,0,,False,scattered,
emily,26,18,0.12,0,0.0,0,0,,False,scattered,
rehab,11,11,0.12,2,0.182,1,2,0.77,False,scattered,Golden Gate Park
frisco,8,8,0.12,0,0.0,0,0,,False,scattered,
location,102,101,0.119,0,0.0,0,0,,False,scattered,
work,26,22,0.119,0,0.0,0,0,,False,scattered,
heritage,24,19,0.119,0,0.0,0,0,,False,scattered,
eden,15,14,0.119,0,0.0,0,0,,False,scattered,
ritual,14,13,0.118,0,0.0,0,0,,False,scattered,
marriage,13,11,0.118,0,0.0,0,0,,False,scattered,
educational,11,11,0.118,2,0.182,1,2,0.71,False,scattered,Lakeshore
sandra,11,11,0.118,2,0.182,2,1,0.75,False,scattered,Glen Park
resort,9,9,0.118,0,0.0,0,0,,False,scattered,
review,7,7,0.118,0,0.0,0,0,,False,scattered,
sol,30,28,0.117,1,0.033,1,1,0.46,False,scattered,Bernal Heights
airlines,14,11,0.117,0,0.0,0,0,,False,scattered,
doc,14,12,0.117,2,0.143,1,2,0.82,False,scattered,Sunset/Parkside
sears,6,5,0.117,0,0.0,0,0,,False,scattered,
strategy,6,6,0.117,0,0.0,0,0,,False,scattered,
discover,5,5,0.117,0,0.0,0,0,,False,scattered,
kiss,5,5,0.117,0,0.0,0,0,,False,scattered,
maintenance,21,21,0.116,2,0.095,1,2,0.58,False,scattered,Sunset/Parkside
technical,11,10,0.116,0,0.0,0,0,,False,scattered,
zipcar,31,29,0.115,0,0.0,0,0,,False,scattered,
radio,28,19,0.115,0,0.0,0,0,,False,scattered,
congregation,14,11,0.115,0,0.0,0,0,,False,scattered,
hardwood,12,12,0.115,0,0.0,0,0,,False,scattered,
winston,6,6,0.115,0,0.0,0,0,,False,scattered,
land,25,24,0.114,0,0.0,0,0,,False,scattered,
historic,20,19,0.114,2,0.1,1,2,0.52,False,scattered,Marina
shuttle,18,17,0.114,2,0.111,1,2,0.73,False,scattered,Bayview Hunters Point
aaron,16,14,0.114,0,0.0,0,0,,False,scattered,
performing,11,11,0.114,0,0.0,0,0,,False,scattered,
maya,9,6,0.114,1,0.111,1,1,0.84,False,scattered,Potrero Hill
family,240,172,0.113,3,0.013,1,3,0.38,False,scattered,Bayview Hunters Point
senior,48,41,0.113,0,0.0,0,0,,False,scattered,
grace,42,39,0.113,1,0.024,1,1,0.7,False,scattered,Sunset/Parkside
caffe,44,35,0.112,0,0.0,0,0,,False,scattered,
piano,14,14,0.112,2,0.143,1,2,0.44,False,scattered,Noe Valley
rich,12,11,0.112,0,0.0,0,0,,False,scattered,
civil,9,9,0.112,0,0.0,0,0,,False,scattered,
tyler,7,5,0.112,0,0.0,0,0,,False,scattered,
thi,6,6,0.112,0,0.0,0,0,,False,scattered,
boat,19,16,0.111,2,0.105,1,2,0.31,False,scattered,Sunset/Parkside
couture,18,15,0.111,0,0.0,0,0,,False,scattered,
kristin,9,9,0.11,0,0.0,0,0,,False,scattered,
consulado,6,5,0.11,0,0.0,0,0,,False,scattered,
first,132,100,0.108,2,0.015,1,2,0.36,False,scattered,Lakeshore
coast,90,66,0.108,2,0.022,1,2,0.24,False,scattered,Treasure Island
bbq,42,39,0.108,0,0.0,0,0,,False,scattered,
rainbow,30,25,0.108,1,0.033,1,1,0.66,False,scattered,Castro/Upper Market
tracy,9,9,0.108,0,0.0,0,0,,False,scattered,
falafel,6,5,0.108,0,0.0,0,0,,False,scattered,
engineering,35,32,0.107,1,0.029,1,1,0.78,False,scattered,Bayview Hunters Point
cup,16,15,0.107,1,0.062,1,1,0.8,False,scattered,Lone Mountain/USF
mrs,11,11,0.107,0,0.0,0,0,,False,scattered,
cozy,7,7,0.107,0,0.0,0,0,,False,scattered,
classic,23,21,0.106,1,0.043,1,1,0.77,False,scattered,Bayview Hunters Point
second,17,15,0.106,0,0.0,0,0,,False,scattered,
hut,28,26,0.105,2,0.071,1,2,0.68,False,scattered,Sunset/Parkside
surgical,19,12,0.105,0,0.0,0,0,,False,scattered,
bay,543,258,0.104,0,0.0,0,0,,False,scattered,
skin,140,80,0.104,0,0.0,0,0,,False,scattered,
dentistry,66,44,0.104,0,0.0,0,0,,False,scattered,
sarah,46,37,0.104,0,0.0,0,0,,False,scattered,
view,41,36,0.104,3,0.073,1,3,0.52,False,scattered,Oceanview/Merced/Ingleside
paris,14,13,0.104,0,0.0,0,0,,False,scattered,
boys,22,19,0.103,3,0.136,2,2,0.38,False,scattered,Visitacion Valley
miguel,8,7,0.103,0,0.0,0,0,,False,scattered,
speech,18,16,0.102,0,0.0,0,0,,False,scattered,
advanced,46,37,0.101,0,0.0,0,0,,False,scattered,
friends,39,32,0.101,0,0.0,0,0,,False,scattered,
records,32,30,0.101,0,0.0,0,0,,False,scattered,
gospel,11,11,0.101,0,0.0,0,0,,False,scattered,
hsu,9,9,0.101,0,0.0,0,0,,False,scattered,
maiden,5,2,0.101,0,0.0,0,0,,False,scattered,
glaucoma,8,7,0.1,0,0.0,0,0,,False,scattered,
tree,49,47,0.099,0,0.0,0,0,,False,scattered,
hearing,15,14,0.099,0,0.0,0,0,,False,scattered,
papa,10,10,0.099,0,0.0,0,0,,False,scattered,
windsor,7,6,0.099,0,0.0,0,0,,False,scattered,
outfitters,6,6,0.099,0,0.0,0,0,,False,scattered,
penny,6,6,0.099,0,0.0,0,0,,False,scattered,
alexander,43,33,0.098,0,0.0,0,0,,False,scattered,
one,151,99,0.097,0,0.0,0,0,,False,scattered,
phoenix,17,17,0.097,0,0.0,0,0,,False,scattered,
yan,17,15,0.097,0,0.0,0,0,,False,scattered,
fiesta,5,5,0.097,0,0.0,0,0,,False,scattered,
gong,5,5,0.097,0,0.0,0,0,,False,scattered,
habit,5,5,0.097,0,0.0,0,0,,False,scattered,
access,113,108,0.096,0,0.0,0,0,,False,scattered,
boutique,88,63,0.096,0,0.0,0,0,,False,scattered,
alan,27,20,0.096,0,0.0,0,0,,False,scattered,
lux,14,13,0.096,0,0.0,0,0,,False,scattered,
gomez,10,9,0.096,0,0.0,0,0,,False,scattered,
toys,8,8,0.096,0,0.0,0,0,,False,scattered,
liquors,28,28,0.095,0,0.0,0,0,,False,scattered,
flagship,14,12,0.095,0,0.0,0,0,,False,scattered,
inside,10,10,0.095,0,0.0,0,0,,False,scattered,
limb,5,4,0.095,0,0.0,0,0,,False,scattered,
gold,49,44,0.094,0,0.0,0,0,,False,scattered,
patel,16,13,0.094,0,0.0,0,0,,False,scattered,
blood,15,11,0.094,0,0.0,0,0,,False,scattered,
jewish,31,23,0.093,0,0.0,0,0,,False,scattered,
uniform,5,5,0.093,0,0.0,0,0,,False,scattered,
douglas,20,19,0.092,0,0.0,0,0,,False,scattered,
last,14,13,0.091,2,0.143,2,1,0.57,False,scattered,Sunset/Parkside
suzanne,9,8,0.091,0,0.0,0,0,,False,scattered,
sally,22,19,0.09,0,0.0,0,0,,False,scattered,
shack,19,16,0.09,0,0.0,0,0,,False,scattered,
pressed,8,8,0.09,0,0.0,0,0,,False,scattered,
fresh,34,31,0.089,1,0.029,1,1,0.63,False,scattered,Oceanview/Merced/Ingleside
norcal,8,8,0.089,0,0.0,0,0,,False,scattered,
royal,44,39,0.088,0,0.0,0,0,,False,scattered,
loft,21,19,0.088,0,0.0,0,0,,False,scattered,
unique,15,14,0.088,0,0.0,0,0,,False,scattered,
johnny,10,9,0.088,0,0.0,0,0,,False,scattered,
farmer,8,8,0.088,0,0.0,0,0,,False,scattered,
machines,8,8,0.088,0,0.0,0,0,,False,scattered,
policy,6,6,0.088,0,0.0,0,0,,False,scattered,
od,40,24,0.087,0,0.0,0,0,,False,scattered,
refrigeration,9,9,0.087,0,0.0,0,0,,False,scattered,
sale,8,8,0.087,0,0.0,0,0,,False,scattered,
foley,6,6,0.087,0,0.0,0,0,,False,scattered,
bangkok,5,5,0.087,0,0.0,0,0,,False,scattered,
harmony,12,12,0.086,0,0.0,0,0,,False,scattered,
cb,5,5,0.086,0,0.0,0,0,,False,scattered,
susan,44,36,0.085,0,0.0,0,0,,False,scattered,
environmental,32,26,0.085,0,0.0,0,0,,False,scattered,
pros,23,22,0.085,0,0.0,0,0,,False,scattered,
renee,10,10,0.085,0,0.0,0,0,,False,scattered,
no,30,27,0.084,1,0.033,1,1,0.65,False,scattered,Presidio
specialty,28,26,0.084,0,0.0,0,0,,False,scattered,
cross,25,21,0.084,0,0.0,0,0,,False,scattered,
couples,21,17,0.084,0,0.0,0,0,,False,scattered,
mural,16,12,0.084,0,0.0,0,0,,False,scattered,
rite,13,12,0.084,0,0.0,0,0,,False,scattered,
live,42,39,0.083,0,0.0,0,0,,False,scattered,
limo,41,38,0.083,0,0.0,0,0,,False,scattered,
earth,27,26,0.083,1,0.037,1,1,0.69,False,scattered,Presidio
ph,27,17,0.083,0,0.0,0,0,,False,scattered,
domino,6,6,0.083,0,0.0,0,0,,False,scattered,
imagine,5,4,0.083,0,0.0,0,0,,False,scattered,
juice,38,33,0.082,0,0.0,0,0,,False,scattered,
nest,13,13,0.082,0,0.0,0,0,,False,scattered,
matter,5,5,0.082,0,0.0,0,0,,False,scattered,
flowers,73,56,0.081,0,0.0,0,0,,False,scattered,
artists,13,13,0.081,0,0.0,0,0,,False,scattered,
genesis,9,9,0.081,0,0.0,0,0,,False,scattered,
reliable,9,9,0.081,0,0.0,0,0,,False,scattered,
practice,38,27,0.08,0,0.0,0,0,,False,scattered,
press,38,36,0.079,0,0.0,0,0,,False,scattered,
hunt,11,10,0.079,0,0.0,0,0,,False,scattered,
neil,6,6,0.079,0,0.0,0,0,,False,scattered,
huang,21,18,0.078,0,0.0,0,0,,False,scattered,
cristo,10,10,0.078,0,0.0,0,0,,False,scattered,
divorce,9,9,0.077,0,0.0,0,0,,False,scattered,
moe,7,7,0.077,0,0.0,0,0,,False,scattered,
castle,15,14,0.076,0,0.0,0,0,,False,scattered,
meats,10,10,0.076,0,0.0,0,0,,False,scattered,
becker,9,9,0.076,0,0.0,0,0,,False,scattered,
brokerage,7,7,0.076,0,0.0,0,0,,False,scattered,
john,182,120,0.075,0,0.0,0,0,,False,scattered,
luxury,27,25,0.075,0,0.0,0,0,,False,scattered,
kung,17,13,0.075,0,0.0,0,0,,False,scattered,
therapy,277,132,0.074,0,0.0,0,0,,False,scattered,
orchestra,10,10,0.074,0,0.0,0,0,,False,scattered,
house,400,240,0.073,0,0.0,0,0,,False,scattered,
sun,50,38,0.073,0,0.0,0,0,,False,scattered,
tribe,9,9,0.073,0,0.0,0,0,,False,scattered,
elements,7,6,0.073,0,0.0,0,0,,False,scattered,
better,22,20,0.072,0,0.0,0,0,,False,scattered,
lashes,14,13,0.072,0,0.0,0,0,,False,scattered,
stone,34,31,0.071,0,0.0,0,0,,False,scattered,
centro,16,14,0.071,0,0.0,0,0,,False,scattered,
roberts,14,12,0.071,0,0.0,0,0,,False,scattered,
briggs,7,6,0.071,0,0.0,0,0,,False,scattered,
marker,5,4,0.071,0,0.0,0,0,,False,scattered,
oasis,16,16,0.07,0,0.0,0,0,,False,scattered,
news,15,12,0.07,0,0.0,0,0,,False,scattered,
skyline,12,11,0.07,0,0.0,0,0,,False,scattered,
stage,8,8,0.07,0,0.0,0,0,,False,scattered,
luz,6,6,0.07,0,0.0,0,0,,False,scattered,
pole,6,6,0.07,0,0.0,0,0,,False,scattered,
dessert,15,13,0.069,0,0.0,0,0,,False,scattered,
aaa,12,12,0.069,0,0.0,0,0,,False,scattered,
carlton,8,6,0.069,0,0.0,0,0,,False,scattered,
levine,8,7,0.069,0,0.0,0,0,,False,scattered,
perla,5,5,0.069,0,0.0,0,0,,False,scattered,
little,157,131,0.068,0,0.0,0,0,,False,scattered,
gonzalez,19,17,0.068,0,0.0,0,0,,False,scattered,
liu,18,16,0.068,0,0.0,0,0,,False,scattered,
maison,18,17,0.068,0,0.0,0,0,,False,scattered,
blum,5,5,0.068,0,0.0,0,0,,False,scattered,
foundation,245,122,0.067,0,0.0,0,0,,False,scattered,
movement,33,33,0.067,0,0.0,0,0,,False,scattered,
you,28,28,0.067,0,0.0,0,0,,False,scattered,
tint,12,12,0.067,0,0.0,0,0,,False,scattered,
theater,54,43,0.066,0,0.0,0,0,,False,scattered,
kai,16,16,0.066,0,0.0,0,0,,False,scattered,
stuart,14,12,0.065,0,0.0,0,0,,False,scattered,
jennifer,69,51,0.063,0,0.0,0,0,,False,scattered,
network,66,56,0.063,0,0.0,0,0,,False,scattered,
noodle,45,37,0.063,0,0.0,0,0,,False,scattered,
appliance,33,29,0.063,0,0.0,0,0,,False,scattered,
charities,11,10,0.063,0,0.0,0,0,,False,scattered,
restoration,45,39,0.062,0,0.0,0,0,,False,scattered,
organic,37,35,0.062,0,0.0,0,0,,False,scattered,
long,35,29,0.062,0,0.0,0,0,,False,scattered,
lin,29,25,0.062,0,0.0,0,0,,False,scattered,
lash,25,20,0.062,0,0.0,0,0,,False,scattered,
may,21,18,0.062,0,0.0,0,0,,False,scattered,
lac,18,17,0.062,0,0.0,0,0,,False,scattered,
priority,11,11,0.062,0,0.0,0,0,,False,scattered,
walks,9,9,0.062,0,0.0,0,0,,False,scattered,
vibrations,6,5,0.062,0,0.0,0,0,,False,scattered,
charter,18,17,0.061,0,0.0,0,0,,False,scattered,
op,12,11,0.061,0,0.0,0,0,,False,scattered,
intuitive,10,9,0.061,0,0.0,0,0,,False,scattered,
sunrise,20,20,0.06,0,0.0,0,0,,False,scattered,
dana,13,12,0.06,0,0.0,0,0,,False,scattered,
port,9,7,0.06,0,0.0,0,0,,False,scattered,
temple,43,40,0.059,0,0.0,0,0,,False,scattered,
neighborhood,38,33,0.059,0,0.0,0,0,,False,scattered,
lotus,35,32,0.059,0,0.0,0,0,,False,scattered,
martial,20,19,0.059,0,0.0,0,0,,False,scattered,
optics,7,7,0.059,0,0.0,0,0,,False,scattered,
imaging,31,23,0.058,0,0.0,0,0,,False,scattered,
impark,30,30,0.058,0,0.0,0,0,,False,scattered,
nursing,16,14,0.058,0,0.0,0,0,,False,scattered,
bed,9,9,0.058,0,0.0,0,0,,False,scattered,
all,94,79,0.057,0,0.0,0,0,,False,scattered,
crane,12,12,0.057,0,0.0,0,0,,False,scattered,
slice,10,8,0.057,0,0.0,0,0,,False,scattered,
elementary,70,65,0.056,0,0.0,0,0,,False,scattered,
executive,33,29,0.056,0,0.0,0,0,,False,scattered,
healthy,20,19,0.056,0,0.0,0,0,,False,scattered,
bluestone,5,5,0.056,0,0.0,0,0,,False,scattered,
parklet,12,11,0.055,0,0.0,0,0,,False,scattered,
other,6,6,0.055,0,0.0,0,0,,False,scattered,
bourbon,5,5,0.055,0,0.0,0,0,,False,scattered,
ideas,10,10,0.054,0,0.0,0,0,,False,scattered,
phillip,10,10,0.054,0,0.0,0,0,,False,scattered,
les,9,9,0.054,0,0.0,0,0,,False,scattered,
peninsula,9,9,0.054,0,0.0,0,0,,False,scattered,
dumpling,31,29,0.053,0,0.0,0,0,,False,scattered,
story,16,15,0.053,0,0.0,0,0,,False,scattered,
sabor,12,11,0.053,0,0.0,0,0,,False,scattered,
juicery,9,9,0.053,0,0.0,0,0,,False,scattered,
cento,5,4,0.053,0,0.0,0,0,,False,scattered,
room,119,86,0.052,0,0.0,0,0,,False,scattered,
sons,29,23,0.052,0,0.0,0,0,,False,scattered,
simon,22,21,0.052,0,0.0,0,0,,False,scattered,
ctr,14,12,0.052,0,0.0,0,0,,False,scattered,
robotics,9,9,0.052,0,0.0,0,0,,False,scattered,
above,6,6,0.052,0,0.0,0,0,,False,scattered,
mara,5,5,0.052,0,0.0,0,0,,False,scattered,
muni,155,125,0.051,0,0.0,0,0,,False,scattered,
dance,93,70,0.051,0,0.0,0,0,,False,scattered,
greens,10,10,0.051,0,0.0,0,0,,False,scattered,
fourth,6,6,0.051,0,0.0,0,0,,False,scattered,
paul,84,67,0.05,0,0.0,0,0,,False,scattered,
truck,82,76,0.05,0,0.0,0,0,,False,scattered,
advocates,14,14,0.05,0,0.0,0,0,,False,scattered,
autism,7,7,0.05,0,0.0,0,0,,False,scattered,
sore,5,5,0.05,0,0.0,0,0,,False,scattered,
top,47,42,0.049,0,0.0,0,0,,False,scattered,
veterans,23,14,0.049,0,0.0,0,0,,False,scattered,
link,14,12,0.049,0,0.0,0,0,,False,scattered,
pulmonary,10,7,0.049,0,0.0,0,0,,False,scattered,
vault,6,6,0.049,0,0.0,0,0,,False,scattered,
bank,316,130,0.048,0,0.0,0,0,,False,scattered,
american,212,135,0.048,0,0.0,0,0,,False,scattered,
star,100,82,0.048,0,0.0,0,0,,False,scattered,
theatre,69,38,0.048,0,0.0,0,0,,False,scattered,
linda,38,33,0.048,0,0.0,0,0,,False,scattered,
bookstore,24,24,0.048,0,0.0,0,0,,False,scattered,
eyes,17,17,0.048,0,0.0,0,0,,False,scattered,
right,16,14,0.048,0,0.0,0,0,,False,scattered,
shaw,16,15,0.048,0,0.0,0,0,,False,scattered,
generation,12,12,0.048,0,0.0,0,0,,False,scattered,
jeremy,11,10,0.048,0,0.0,0,0,,False,scattered,
shoe,27,24,0.047,0,0.0,0,0,,False,scattered,
anderson,25,22,0.047,0,0.0,0,0,,False,scattered,
talent,13,10,0.047,0,0.0,0,0,,False,scattered,
alta,12,10,0.047,0,0.0,0,0,,False,scattered,
artisan,12,12,0.047,0,0.0,0,0,,False,scattered,
des,7,5,0.047,0,0.0,0,0,,False,scattered,
area,297,180,0.046,0,0.0,0,0,,False,scattered,
events,73,64,0.046,0,0.0,0,0,,False,scattered,
maria,36,29,0.046,0,0.0,0,0,,False,scattered,
recreation,32,30,0.046,0,0.0,0,0,,False,scattered,
baby,17,17,0.046,0,0.0,0,0,,False,scattered,
bitcoin,128,112,0.045,0,0.0,0,0,,False,scattered,
grocery,49,46,0.045,0,0.0,0,0,,False,scattered,
cheng,21,18,0.045,0,0.0,0,0,,False,scattered,
delicatessen,12,11,0.045,0,0.0,0,0,,False,scattered,
urban,123,84,0.044,0,0.0,0,0,,False,scattered,
builders,59,52,0.044,0,0.0,0,0,,False,scattered,
tech,53,43,0.044,0,0.0,0,0,,False,scattered,
elizabeth,48,38,0.044,0,0.0,0,0,,False,scattered,
dry,45,43,0.044,0,0.0,0,0,,False,scattered,
discount,27,21,0.044,0,0.0,0,0,,False,scattered,
bail,14,8,0.044,0,0.0,0,0,,False,scattered,
kebab,9,9,0.044,0,0.0,0,0,,False,scattered,
readings,7,7,0.044,0,0.0,0,0,,False,scattered,
robert,116,64,0.043,0,0.0,0,0,,False,scattered,
out,33,30,0.043,0,0.0,0,0,,False,scattered,
lutheran,27,24,0.043,0,0.0,0,0,,False,scattered,
bottle,22,21,0.043,0,0.0,0,0,,False,scattered,
basil,9,9,0.043,0,0.0,0,0,,False,scattered,
art,296,177,0.042,0,0.0,0,0,,False,scattered,
wellness,166,107,0.042,0,0.0,0,0,,False,scattered,
child,72,65,0.042,0,0.0,0,0,,False,scattered,
peace,9,9,0.042,0,0.0,0,0,,False,scattered,
espanol,7,7,0.042,0,0.0,0,0,,False,scattered,
concepts,17,15,0.041,0,0.0,0,0,,False,scattered,
make,14,12,0.041,0,0.0,0,0,,False,scattered,
gem,9,8,0.041,0,0.0,0,0,,False,scattered,
media,131,94,0.04,0,0.0,0,0,,False,scattered,
mortgage,63,43,0.04,0,0.0,0,0,,False,scattered,
bodywork,44,34,0.04,0,0.0,0,0,,False,scattered,
photo,34,33,0.04,0,0.0,0,0,,False,scattered,
burma,15,11,0.04,0,0.0,0,0,,False,scattered,
pelvic,10,9,0.04,0,0.0,0,0,,False,scattered,
tiny,8,8,0.04,0,0.0,0,0,,False,scattered,
italy,7,7,0.04,0,0.0,0,0,,False,scattered,
lady,17,16,0.039,0,0.0,0,0,,False,scattered,
tunnel,15,13,0.039,0,0.0,0,0,,False,scattered,
cohen,13,13,0.039,0,0.0,0,0,,False,scattered,
roger,13,12,0.039,0,0.0,0,0,,False,scattered,
maker,9,9,0.039,0,0.0,0,0,,False,scattered,
immigrant,8,7,0.039,0,0.0,0,0,,False,scattered,
preservation,8,8,0.039,0,0.0,0,0,,False,scattered,
library,94,73,0.038,0,0.0,0,0,,False,scattered,
lauren,27,26,0.038,0,0.0,0,0,,False,scattered,
cyclery,9,8,0.038,0,0.0,0,0,,False,scattered,
specialties,6,6,0.038,0,0.0,0,0,,False,scattered,
ice,45,41,0.037,0,0.0,0,0,,False,scattered,
chang,32,24,0.037,0,0.0,0,0,,False,scattered,
computer,26,25,0.037,0,0.0,0,0,,False,scattered,
total,26,23,0.036,0,0.0,0,0,,False,scattered,
parks,13,12,0.036,0,0.0,0,0,,False,scattered,
aloha,8,7,0.036,0,0.0,0,0,,False,scattered,
boot,7,7,0.036,0,0.0,0,0,,False,scattered,
lukes,6,4,0.036,0,0.0,0,0,,False,scattered,
cancer,50,18,0.035,0,0.0,0,0,,False,scattered,
your,45,43,0.035,0,0.0,0,0,,False,scattered,
nice,15,15,0.035,0,0.0,0,0,,False,scattered,
investigations,7,7,0.035,0,0.0,0,0,,False,scattered,
productions,95,78,0.034,0,0.0,0,0,,False,scattered,
stephen,48,31,0.034,0,0.0,0,0,,False,scattered,
taylor,43,33,0.034,0,0.0,0,0,,False,scattered,
lynch,30,7,0.034,0,0.0,0,0,,False,scattered,
ross,30,25,0.034,0,0.0,0,0,,False,scattered,
helen,26,19,0.034,0,0.0,0,0,,False,scattered,
infinite,7,7,0.034,0,0.0,0,0,,False,scattered,
dds,418,129,0.033,0,0.0,0,0,,False,scattered,
michelle,45,35,0.033,0,0.0,0,0,,False,scattered,
testing,20,18,0.033,0,0.0,0,0,,False,scattered,
dancing,10,10,0.033,0,0.0,0,0,,False,scattered,
orthopaedic,10,8,0.033,0,0.0,0,0,,False,scattered,
arts,204,139,0.032,0,0.0,0,0,,False,scattered,
music,111,96,0.032,0,0.0,0,0,,False,scattered,
grand,45,35,0.032,0,0.0,0,0,,False,scattered,
hub,42,33,0.032,0,0.0,0,0,,False,scattered,
books,40,35,0.032,0,0.0,0,0,,False,scattered,
touch,28,26,0.032,0,0.0,0,0,,False,scattered,
parlor,13,13,0.032,0,0.0,0,0,,False,scattered,
bodega,11,11,0.032,0,0.0,0,0,,False,scattered,
mak,6,6,0.032,0,0.0,0,0,,False,scattered,
corner,44,36,0.031,0,0.0,0,0,,False,scattered,
ballet,24,21,0.031,0,0.0,0,0,,False,scattered,
pace,14,14,0.031,0,0.0,0,0,,False,scattered,
look,9,9,0.031,0,0.0,0,0,,False,scattered,
ginger,5,5,0.031,0,0.0,0,0,,False,scattered,
cpa,27,23,0.03,0,0.0,0,0,,False,scattered,
brain,21,19,0.03,0,0.0,0,0,,False,scattered,
barry,20,17,0.03,0,0.0,0,0,,False,scattered,
harry,19,17,0.03,0,0.0,0,0,,False,scattered,
able,6,5,0.03,0,0.0,0,0,,False,scattered,
kathy,6,6,0.03,0,0.0,0,0,,False,scattered,
helpers,5,5,0.03,0,0.0,0,0,,False,scattered,
margarita,5,5,0.03,0,0.0,0,0,,False,scattered,
stan,5,5,0.03,0,0.0,0,0,,False,scattered,
hong,42,34,0.029,0,0.0,0,0,,False,scattered,
floral,28,23,0.029,0,0.0,0,0,,False,scattered,
families,13,12,0.029,0,0.0,0,0,,False,scattered,
screen,12,12,0.029,0,0.0,0,0,,False,scattered,
aqua,10,7,0.029,0,0.0,0,0,,False,scattered,
chateau,9,7,0.029,0,0.0,0,0,,False,scattered,
revel,7,7,0.029,0,0.0,0,0,,False,scattered,
com,78,55,0.028,0,0.0,0,0,,False,scattered,
young,66,52,0.028,0,0.0,0,0,,False,scattered,
schools,22,20,0.028,0,0.0,0,0,,False,scattered,
yard,10,9,0.028,0,0.0,0,0,,False,scattered,
harrington,9,9,0.028,0,0.0,0,0,,False,scattered,
conservation,7,7,0.028,0,0.0,0,0,,False,scattered,
zumba,7,6,0.028,0,0.0,0,0,,False,scattered,
amin,6,6,0.028,0,0.0,0,0,,False,scattered,
dragon,34,28,0.027,0,0.0,0,0,,False,scattered,
magic,32,31,0.027,0,0.0,0,0,,False,scattered,
focus,21,17,0.027,0,0.0,0,0,,False,scattered,
charity,8,7,0.027,0,0.0,0,0,,False,scattered,
carlin,6,5,0.027,0,0.0,0,0,,False,scattered,
envy,5,5,0.027,0,0.0,0,0,,False,scattered,
massage,171,98,0.026,0,0.0,0,0,,False,scattered,
green,130,109,0.026,0,0.0,0,0,,False,scattered,
festival,38,34,0.026,0,0.0,0,0,,False,scattered,
nick,22,21,0.026,0,0.0,0,0,,False,scattered,
crypto,8,7,0.026,0,0.0,0,0,,False,scattered,
roastery,5,5,0.026,0,0.0,0,0,,False,scattered,
new,227,149,0.025,0,0.0,0,0,,False,scattered,
metro,58,55,0.025,0,0.0,0,0,,False,scattered,
natural,50,46,0.025,0,0.0,0,0,,False,scattered,
abc,20,20,0.025,0,0.0,0,0,,False,scattered,
creations,13,12,0.025,0,0.0,0,0,,False,scattered,
growing,10,10,0.025,0,0.0,0,0,,False,scattered,
ranch,10,10,0.025,0,0.0,0,0,,False,scattered,
archives,7,7,0.025,0,0.0,0,0,,False,scattered,
ups,141,126,0.024,0,0.0,0,0,,False,scattered,
village,49,39,0.024,0,0.0,0,0,,False,scattered,
blind,8,7,0.024,0,0.0,0,0,,False,scattered,
puppy,5,5,0.024,0,0.0,0,0,,False,scattered,
ace,57,46,0.023,0,0.0,0,0,,False,scattered,
glow,16,13,0.023,0,0.0,0,0,,False,scattered,
latino,15,12,0.023,0,0.0,0,0,,False,scattered,
canopy,11,9,0.023,0,0.0,0,0,,False,scattered,
sierra,10,9,0.023,0,0.0,0,0,,False,scattered,
dog,117,107,0.022,0,0.0,0,0,,False,scattered,
merrill,28,5,0.022,0,0.0,0,0,,False,scattered,
raven,8,8,0.022,0,0.0,0,0,,False,scattered,
more,30,26,0.021,0,0.0,0,0,,False,scattered,
future,17,17,0.021,0,0.0,0,0,,False,scattered,
unit,13,10,0.021,0,0.0,0,0,,False,scattered,
judith,11,9,0.021,0,0.0,0,0,,False,scattered,
spencer,10,9,0.021,0,0.0,0,0,,False,scattered,
dress,9,9,0.021,0,0.0,0,0,,False,scattered,
engel,8,7,0.021,0,0.0,0,0,,False,scattered,
oh,8,8,0.021,0,0.0,0,0,,False,scattered,
zheng,5,5,0.021,0,0.0,0,0,,False,scattered,
gourmet,35,31,0.02,0,0.0,0,0,,False,scattered,
fedex,30,23,0.02,0,0.0,0,0,,False,scattered,
steak,12,11,0.02,0,0.0,0,0,,False,scattered,
dre,5,5,0.02,0,0.0,0,0,,False,scattered,
care,446,237,0.019,0,0.0,0,0,,False,scattered,
world,100,76,0.019,0,0.0,0,0,,False,scattered,
english,29,29,0.019,0,0.0,0,0,,False,scattered,
logo,11,8,0.019,0,0.0,0,0,,False,scattered,
knowledge,6,6,0.019,0,0.0,0,0,,False,scattered,
laundry,70,62,0.018,0,0.0,0,0,,False,scattered,
christian,47,45,0.018,0,0.0,0,0,,False,scattered,
palace,43,38,0.018,0,0.0,0,0,,False,scattered,
water,38,36,0.018,0,0.0,0,0,,False,scattered,
benjamin,32,27,0.018,0,0.0,0,0,,False,scattered,
bookkeeping,16,16,0.018,0,0.0,0,0,,False,scattered,
economic,12,11,0.018,0,0.0,0,0,,False,scattered,
davis,29,23,0.017,0,0.0,0,0,,False,scattered,
mix,11,11,0.017,0,0.0,0,0,,False,scattered,
threading,8,8,0.017,0,0.0,0,0,,False,scattered,
wine,133,97,0.016,0,0.0,0,0,,False,scattered,
king,101,80,0.016,0,0.0,0,0,,False,scattered,
unlimited,26,23,0.016,0,0.0,0,0,,False,scattered,
mama,23,23,0.016,0,0.0,0,0,,False,scattered,
lifestyle,11,10,0.016,0,0.0,0,0,,False,scattered,
sauce,9,7,0.016,0,0.0,0,0,,False,scattered,
cutting,7,5,0.016,0,0.0,0,0,,False,scattered,
element,6,6,0.016,0,0.0,0,0,,False,scattered,
orthotics,5,5,0.016,0,0.0,0,0,,False,scattered,
prosthetics,5,5,0.016,0,0.0,0,0,,False,scattered,
vo,5,5,0.016,0,0.0,0,0,,False,scattered,
united,132,105,0.015,0,0.0,0,0,,False,scattered,
red,67,58,0.015,0,0.0,0,0,,False,scattered,
ann,39,32,0.015,0,0.0,0,0,,False,scattered,
tim,8,8,0.015,0,0.0,0,0,,False,scattered,
chance,6,6,0.015,0,0.0,0,0,,False,scattered,
condo,5,5,0.015,0,0.0,0,0,,False,scattered,
black,66,54,0.014,0,0.0,0,0,,False,scattered,
kids,52,48,0.014,0,0.0,0,0,,False,scattered,
joe,50,43,0.014,0,0.0,0,0,,False,scattered,
wilson,21,20,0.014,0,0.0,0,0,,False,scattered,
fisher,17,16,0.014,0,0.0,0,0,,False,scattered,
solution,15,15,0.014,0,0.0,0,0,,False,scattered,
java,14,14,0.014,0,0.0,0,0,,False,scattered,
jewels,12,11,0.014,0,0.0,0,0,,False,scattered,
bc,11,10,0.014,0,0.0,0,0,,False,scattered,
swanson,9,9,0.014,0,0.0,0,0,,False,scattered,
ampco,7,7,0.014,0,0.0,0,0,,False,scattered,
destination,5,5,0.014,0,0.0,0,0,,False,scattered,
lesbian,5,5,0.014,0,0.0,0,0,,False,scattered,
panorama,5,5,0.014,0,0.0,0,0,,False,scattered,
atm,255,176,0.013,0,0.0,0,0,,False,scattered,
subway,38,37,0.013,0,0.0,0,0,,False,scattered,
language,31,28,0.013,0,0.0,0,0,,False,scattered,
nancy,29,25,0.013,0,0.0,0,0,,False,scattered,
early,22,22,0.013,0,0.0,0,0,,False,scattered,
nutrition,22,22,0.013,0,0.0,0,0,,False,scattered,
consultant,18,16,0.013,0,0.0,0,0,,False,scattered,
wheel,16,15,0.013,0,0.0,0,0,,False,scattered,
stress,11,11,0.013,0,0.0,0,0,,False,scattered,
erica,10,9,0.013,0,0.0,0,0,,False,scattered,
legacy,8,7,0.013,0,0.0,0,0,,False,scattered,
pmhnp,7,5,0.013,0,0.0,0,0,,False,scattered,
deck,6,6,0.013,0,0.0,0,0,,False,scattered,
alex,42,36,0.012,0,0.0,0,0,,False,scattered,
jessica,36,32,0.012,0,0.0,0,0,,False,scattered,
florist,32,30,0.012,0,0.0,0,0,,False,scattered,
holistic,31,24,0.012,0,0.0,0,0,,False,scattered,
limousine,27,25,0.012,0,0.0,0,0,,False,scattered,
sam,24,24,0.012,0,0.0,0,0,,False,scattered,
rachel,17,17,0.012,0,0.0,0,0,,False,scattered,
ministry,12,12,0.012,0,0.0,0,0,,False,scattered,
evan,5,5,0.012,0,0.0,0,0,,False,scattered,
lava,5,5,0.012,0,0.0,0,0,,False,scattered,
social,69,51,0.011,0,0.0,0,0,,False,scattered,
andrew,55,39,0.011,0,0.0,0,0,,False,scattered,
heart,45,36,0.011,0,0.0,0,0,,False,scattered,
time,42,38,0.011,0,0.0,0,0,,False,scattered,
optical,18,16,0.011,0,0.0,0,0,,False,scattered,
lara,10,8,0.011,0,0.0,0,0,,False,scattered,
robin,10,10,0.011,0,0.0,0,0,,False,scattered,
jacob,5,5,0.011,0,0.0,0,0,,False,scattered,
wing,29,24,0.01,0,0.0,0,0,,False,scattered,
edge,22,21,0.01,0,0.0,0,0,,False,scattered,
haus,14,13,0.01,0,0.0,0,0,,False,scattered,
charging,7,6,0.01,0,0.0,0,0,,False,scattered,
dee,6,6,0.01,0,0.0,0,0,,False,scattered,
jeans,6,6,0.01,0,0.0,0,0,,False,scattered,
health,521,194,0.009,0,0.0,0,0,,False,scattered,
space,83,67,0.009,0,0.0,0,0,,False,scattered,
ramen,53,43,0.009,0,0.0,0,0,,False,scattered,
zen,36,34,0.009,0,0.0,0,0,,False,scattered,
sound,32,31,0.009,0,0.0,0,0,,False,scattered,
safeway,29,21,0.009,0,0.0,0,0,,False,scattered,
adult,26,24,0.009,0,0.0,0,0,,False,scattered,
pink,19,17,0.009,0,0.0,0,0,,False,scattered,
closed,18,17,0.009,0,0.0,0,0,,False,scattered,
caroline,14,13,0.009,0,0.0,0,0,,False,scattered,
purple,14,14,0.009,0,0.0,0,0,,False,scattered,
dynasty,8,8,0.009,0,0.0,0,0,,False,scattered,
canvas,6,6,0.009,0,0.0,0,0,,False,scattered,
club,349,207,0.008,0,0.0,0,0,,False,scattered,
physical,75,63,0.008,0,0.0,0,0,,False,scattered,
big,52,48,0.008,0,0.0,0,0,,False,scattered,
motion,20,20,0.008,0,0.0,0,0,,False,scattered,
pa,19,18,0.008,0,0.0,0,0,,False,scattered,
well,18,17,0.008,0,0.0,0,0,,False,scattered,
apple,17,16,0.008,0,0.0,0,0,,False,scattered,
floor,17,15,0.008,0,0.0,0,0,,False,scattered,
special,15,15,0.008,0,0.0,0,0,,False,scattered,
kane,9,8,0.008,0,0.0,0,0,,False,scattered,
fishing,8,4,0.008,0,0.0,0,0,,False,scattered,
defender,5,5,0.008,0,0.0,0,0,,False,scattered,
manufacturing,5,5,0.008,0,0.0,0,0,,False,scattered,
food,198,142,0.007,0,0.0,0,0,,False,scattered,
go,64,57,0.007,0,0.0,0,0,,False,scattered,
mr,45,40,0.007,0,0.0,0,0,,False,scattered,
jonathan,43,32,0.007,0,0.0,0,0,,False,scattered,
style,28,25,0.007,0,0.0,0,0,,False,scattered,
crown,22,20,0.007,0,0.0,0,0,,False,scattered,
journey,18,18,0.007,0,0.0,0,0,,False,scattered,
mediterranean,18,16,0.007,0,0.0,0,0,,False,scattered,
rogers,7,7,0.007,0,0.0,0,0,,False,scattered,
kendall,5,5,0.007,0,0.0,0,0,,False,scattered,
mobile,108,83,0.006,0,0.0,0,0,,False,scattered,
women,83,58,0.006,0,0.0,0,0,,False,scattered,
local,63,50,0.006,0,0.0,0,0,,False,scattered,
line,34,32,0.006,0,0.0,0,0,,False,scattered,
soul,25,23,0.006,0,0.0,0,0,,False,scattered,
york,23,16,0.006,0,0.0,0,0,,False,scattered,
detailing,20,19,0.006,0,0.0,0,0,,False,scattered,
leaf,20,20,0.006,0,0.0,0,0,,False,scattered,
century,17,16,0.006,0,0.0,0,0,,False,scattered,
online,16,15,0.006,0,0.0,0,0,,False,scattered,
ward,16,15,0.006,0,0.0,0,0,,False,scattered,
tires,13,13,0.006,0,0.0,0,0,,False,scattered,
goldman,12,11,0.006,0,0.0,0,0,,False,scattered,
janet,11,11,0.006,0,0.0,0,0,,False,scattered,
acai,8,8,0.006,0,0.0,0,0,,False,scattered,
ready,8,8,0.006,0,0.0,0,0,,False,scattered,
alexandra,7,6,0.006,0,0.0,0,0,,False,scattered,
william,70,47,0.005,0,0.0,0,0,,False,scattered,
living,66,55,0.005,0,0.0,0,0,,False,scattered,
hot,46,39,0.005,0,0.0,0,0,,False,scattered,
investments,46,36,0.005,0,0.0,0,0,,False,scattered,
haul,41,39,0.005,0,0.0,0,0,,False,scattered,
ho,28,24,0.005,0,0.0,0,0,,False,scattered,
dogs,25,24,0.005,0,0.0,0,0,,False,scattered,
vincent,20,19,0.005,0,0.0,0,0,,False,scattered,
guys,18,18,0.005,0,0.0,0,0,,False,scattered,
melissa,17,12,0.005,0,0.0,0,0,,False,scattered,
writing,16,15,0.005,0,0.0,0,0,,False,scattered,
bloom,15,14,0.005,0,0.0,0,0,,False,scattered,
dept,13,13,0.005,0,0.0,0,0,,False,scattered,
ronald,13,11,0.005,0,0.0,0,0,,False,scattered,
oyster,11,11,0.005,0,0.0,0,0,,False,scattered,
wendy,11,11,0.005,0,0.0,0,0,,False,scattered,
baseball,9,8,0.005,0,0.0,0,0,,False,scattered,
bureau,9,8,0.005,0,0.0,0,0,,False,scattered,
decor,8,8,0.005,0,0.0,0,0,,False,scattered,
against,7,7,0.005,0,0.0,0,0,,False,scattered,
xiao,6,6,0.005,0,0.0,0,0,,False,scattered,
focaccia,5,5,0.005,0,0.0,0,0,,False,scattered,
collective,67,52,0.004,0,0.0,0,0,,False,scattered,
dba,59,47,0.004,0,0.0,0,0,,False,scattered,
plus,56,49,0.004,0,0.0,0,0,,False,scattered,
box,48,45,0.004,0,0.0,0,0,,False,scattered,
republic,44,34,0.004,0,0.0,0,0,,False,scattered,
brown,41,29,0.004,0,0.0,0,0,,False,scattered,
performance,41,36,0.004,0,0.0,0,0,,False,scattered,
recovery,40,36,0.004,0,0.0,0,0,,False,scattered,
miller,36,31,0.004,0,0.0,0,0,,False,scattered,
workshop,34,31,0.004,0,0.0,0,0,,False,scattered,
cheese,28,27,0.004,0,0.0,0,0,,False,scattered,
whole,28,26,0.004,0,0.0,0,0,,False,scattered,
gifts,21,19,0.004,0,0.0,0,0,,False,scattered,
doctor,17,15,0.004,0,0.0,0,0,,False,scattered,
integral,16,15,0.004,0,0.0,0,0,,False,scattered,
bethel,10,8,0.004,0,0.0,0,0,,False,scattered,
columbia,10,9,0.004,0,0.0,0,0,,False,scattered,
ez,10,10,0.004,0,0.0,0,0,,False,scattered,
gyros,9,9,0.004,0,0.0,0,0,,False,scattered,
buy,8,7,0.004,0,0.0,0,0,,False,scattered,
ticket,8,8,0.004,0,0.0,0,0,,False,scattered,
boulange,6,6,0.004,0,0.0,0,0,,False,scattered,
home,217,149,0.003,0,0.0,0,0,,False,scattered,
day,130,111,0.003,0,0.0,0,0,,False,scattered,
bus,123,105,0.003,0,0.0,0,0,,False,scattered,
society,97,73,0.003,0,0.0,0,0,,False,scattered,
good,84,71,0.003,0,0.0,0,0,,False,scattered,
rose,51,43,0.003,0,0.0,0,0,,False,scattered,
video,41,39,0.003,0,0.0,0,0,,False,scattered,
connection,36,34,0.003,0,0.0,0,0,,False,scattered,
cream,34,34,0.003,0,0.0,0,0,,False,scattered,
eleven,34,24,0.003,0,0.0,0,0,,False,scattered,
factory,34,29,0.003,0,0.0,0,0,,False,scattered,
henry,29,25,0.003,0,0.0,0,0,,False,scattered,
anna,28,25,0.003,0,0.0,0,0,,False,scattered,
kate,28,25,0.003,0,0.0,0,0,,False,scattered,
murphy,28,26,0.003,0,0.0,0,0,,False,scattered,
ben,26,23,0.003,0,0.0,0,0,,False,scattered,
moon,26,24,0.003,0,0.0,0,0,,False,scattered,
specialist,23,21,0.003,0,0.0,0,0,,False,scattered,
smile,20,19,0.003,0,0.0,0,0,,False,scattered,
shopping,14,13,0.003,0,0.0,0,0,,False,scattered,
russell,13,11,0.003,0,0.0,0,0,,False,scattered,
miss,11,11,0.003,0,0.0,0,0,,False,scattered,
signs,11,11,0.003,0,0.0,0,0,,False,scattered,
ted,10,10,0.003,0,0.0,0,0,,False,scattered,
website,10,8,0.003,0,0.0,0,0,,False,scattered,
closet,9,8,0.003,0,0.0,0,0,,False,scattered,
cruz,9,9,0.003,0,0.0,0,0,,False,scattered,
leigh,8,7,0.003,0,0.0,0,0,,False,scattered,
liz,8,8,0.003,0,0.0,0,0,,False,scattered,
wisdom,8,8,0.003,0,0.0,0,0,,False,scattered,
empower,7,7,0.003,0,0.0,0,0,,False,scattered,
robertson,7,6,0.003,0,0.0,0,0,,False,scattered,
carmel,6,6,0.003,0,0.0,0,0,,False,scattered,
secure,5,5,0.003,0,0.0,0,0,,False,scattered,
thousand,5,5,0.003,0,0.0,0,0,,False,scattered,
institute,229,134,0.002,0,0.0,0,0,,False,scattered,
stop,173,145,0.002,0,0.0,0,0,,False,scattered,
michael,166,90,0.002,0,0.0,0,0,,False,scattered,
sports,110,85,0.002,0,0.0,0,0,,False,scattered,
training,110,84,0.002,0,0.0,0,0,,False,scattered,
creative,63,54,0.002,0,0.0,0,0,,False,scattered,
camp,54,51,0.002,0,0.0,0,0,,False,scattered,
pizzeria,50,44,0.002,0,0.0,0,0,,False,scattered,
old,46,42,0.002,0,0.0,0,0,,False,scattered,
trust,45,38,0.002,0,0.0,0,0,,False,scattered,
brian,40,31,0.002,0,0.0,0,0,,False,scattered,
pop,39,32,0.002,0,0.0,0,0,,False,scattered,
police,38,31,0.002,0,0.0,0,0,,False,scattered,
bear,36,33,0.002,0,0.0,0,0,,False,scattered,
mart,36,33,0.002,0,0.0,0,0,,False,scattered,
locker,35,32,0.002,0,0.0,0,0,,False,scattered,
howard,33,22,0.002,0,0.0,0,0,,False,scattered,
enterprise,29,25,0.002,0,0.0,0,0,,False,scattered,
contractors,27,25,0.002,0,0.0,0,0,,False,scattered,
supplies,26,25,0.002,0,0.0,0,0,,False,scattered,
walk,24,24,0.002,0,0.0,0,0,,False,scattered,
chef,23,21,0.002,0,0.0,0,0,,False,scattered,
holiday,23,18,0.002,0,0.0,0,0,,False,scattered,
only,23,21,0.002,0,0.0,0,0,,False,scattered,
hope,20,20,0.002,0,0.0,0,0,,False,scattered,
patrick,20,19,0.002,0,0.0,0,0,,False,scattered,
chevron,19,19,0.002,0,0.0,0,0,,False,scattered,
native,19,15,0.002,0,0.0,0,0,,False,scattered,
cynthia,16,16,0.002,0,0.0,0,0,,False,scattered,
trade,15,11,0.002,0,0.0,0,0,,False,scattered,
assistance,14,13,0.002,0,0.0,0,0,,False,scattered,
concept,12,11,0.002,0,0.0,0,0,,False,scattered,
gear,12,12,0.002,0,0.0,0,0,,False,scattered,
ken,12,12,0.002,0,0.0,0,0,,False,scattered,
league,11,9,0.002,0,0.0,0,0,,False,scattered,
sean,11,11,0.002,0,0.0,0,0,,False,scattered,
marilyn,10,10,0.002,0,0.0,0,0,,False,scattered,
pack,10,10,0.002,0,0.0,0,0,,False,scattered,
psychologist,10,9,0.002,0,0.0,0,0,,False,scattered,
sharp,10,9,0.002,0,0.0,0,0,,False,scattered,
upholstery,10,10,0.002,0,0.0,0,0,,False,scattered,
austin,9,9,0.002,0,0.0,0,0,,False,scattered,
europa,9,9,0.002,0,0.0,0,0,,False,scattered,
jenkins,8,8,0.002,0,0.0,0,0,,False,scattered,
parlour,8,7,0.002,0,0.0,0,0,,False,scattered,
tobacco,8,7,0.002,0,0.0,0,0,,False,scattered,
irene,7,7,0.002,0,0.0,0,0,,False,scattered,
noble,7,7,0.002,0,0.0,0,0,,False,scattered,
saints,7,7,0.002,0,0.0,0,0,,False,scattered,
sephora,7,6,0.002,0,0.0,0,0,,False,scattered,
tj,6,6,0.002,0,0.0,0,0,,False,scattered,
adobe,5,5,0.002,0,0.0,0,0,,False,scattered,
chat,5,5,0.002,0,0.0,0,0,,False,scattered,
drake,5,4,0.002,0,0.0,0,0,,False,scattered,
fuel,5,5,0.002,0,0.0,0,0,,False,scattered,
gymnastics,5,5,0.002,0,0.0,0,0,,False,scattered,
phat,5,5,0.002,0,0.0,0,0,,False,scattered,
vantage,5,5,0.002,0,0.0,0,0,,False,scattered,
blue,135,110,0.001,0,0.0,0,0,,False,scattered,
life,122,97,0.001,0,0.0,0,0,,False,scattered,
professional,107,73,0.001,0,0.0,0,0,,False,scattered,
pharmacy,85,67,0.001,0,0.0,0,0,,False,scattered,
door,83,75,0.001,0,0.0,0,0,,False,scattered,
libertyx,79,79,0.001,0,0.0,0,0,,False,scattered,
exchange,78,59,0.001,0,0.0,0,0,,False,scattered,
my,72,65,0.001,0,0.0,0,0,,False,scattered,
mark,69,50,0.001,0,0.0,0,0,,False,scattered,
foods,68,60,0.001,0,0.0,0,0,,False,scattered,
high,66,59,0.001,0,0.0,0,0,,False,scattered,
pro,62,54,0.001,0,0.0,0,0,,False,scattered,
indian,60,47,0.001,0,0.0,0,0,,False,scattered,
optometry,58,51,0.001,0,0.0,0,0,,False,scattered,
richard,56,40,0.001,0,0.0,0,0,,False,scattered,
team,56,42,0.001,0,0.0,0,0,,False,scattered,
modern,53,46,0.001,0,0.0,0,0,,False,scattered,
burger,48,42,0.001,0,0.0,0,0,,False,scattered,
joseph,45,34,0.001,0,0.0,0,0,,False,scattered,
mini,44,40,0.001,0,0.0,0,0,,False,scattered,
postal,44,42,0.001,0,0.0,0,0,,False,scattered,
jr,43,37,0.001,0,0.0,0,0,,False,scattered,
jeffrey,42,35,0.001,0,0.0,0,0,,False,scattered,
print,41,34,0.001,0,0.0,0,0,,False,scattered,
shell,41,38,0.001,0,0.0,0,0,,False,scattered,
locksmiths,39,38,0.001,0,0.0,0,0,,False,scattered,
matthew,38,31,0.001,0,0.0,0,0,,False,scattered,
carpet,35,35,0.001,0,0.0,0,0,,False,scattered,
coaching,32,31,0.001,0,0.0,0,0,,False,scattered,
party,29,27,0.001,0,0.0,0,0,,False,scattered,
wu,29,25,0.001,0,0.0,0,0,,False,scattered,
universal,28,26,0.001,0,0.0,0,0,,False,scattered,
pure,27,26,0.001,0,0.0,0,0,,False,scattered,
wedding,27,26,0.001,0,0.0,0,0,,False,scattered,
donuts,26,25,0.001,0,0.0,0,0,,False,scattered,
makeup,26,21,0.001,0,0.0,0,0,,False,scattered,
washington,26,18,0.001,0,0.0,0,0,,False,scattered,
clothing,25,23,0.001,0,0.0,0,0,,False,scattered,
quality,25,25,0.001,0,0.0,0,0,,False,scattered,
rice,25,25,0.001,0,0.0,0,0,,False,scattered,
cosmetic,23,14,0.001,0,0.0,0,0,,False,scattered,
delivery,23,23,0.001,0,0.0,0,0,,False,scattered,
fusion,23,22,0.001,0,0.0,0,0,,False,scattered,
luna,22,20,0.001,0,0.0,0,0,,False,scattered,
max,21,19,0.001,0,0.0,0,0,,False,scattered,
meditation,21,20,0.001,0,0.0,0,0,,False,scattered,
planning,21,19,0.001,0,0.0,0,0,,False,scattered,
vip,21,20,0.001,0,0.0,0,0,,False,scattered,
psychic,19,19,0.001,0,0.0,0,0,,False,scattered,
saloon,19,18,0.001,0,0.0,0,0,,False,scattered,
angela,18,16,0.001,0,0.0,0,0,,False,scattered,
face,18,18,0.001,0,0.0,0,0,,False,scattered,
joshua,18,17,0.001,0,0.0,0,0,,False,scattered,
louie,18,16,0.001,0,0.0,0,0,,False,scattered,
reed,18,16,0.001,0,0.0,0,0,,False,scattered,
rehabilitation,18,16,0.001,0,0.0,0,0,,False,scattered,
spanish,18,18,0.001,0,0.0,0,0,,False,scattered,
weight,17,13,0.001,0,0.0,0,0,,False,scattered,
cinema,15,12,0.001,0,0.0,0,0,,False,scattered,
den,15,14,0.001,0,0.0,0,0,,False,scattered,
horizons,15,13,0.001,0,0.0,0,0,,False,scattered,
independent,15,14,0.001,0,0.0,0,0,,False,scattered,
psychiatric,15,11,0.001,0,0.0,0,0,,False,scattered,
tokyo,15,15,0.001,0,0.0,0,0,,False,scattered,
moss,14,13,0.001,0,0.0,0,0,,False,scattered,
moto,14,12,0.001,0,0.0,0,0,,False,scattered,
spring,14,13,0.001,0,0.0,0,0,,False,scattered,
bliss,13,12,0.001,0,0.0,0,0,,False,scattered,
fertility,13,13,0.001,0,0.0,0,0,,False,scattered,
common,12,12,0.001,0,0.0,0,0,,False,scattered,
cash,11,11,0.001,0,0.0,0,0,,False,scattered,
mail,11,11,0.001,0,0.0,0,0,,False,scattered,
archive,10,10,0.001,0,0.0,0,0,,False,scattered,
cesar,10,10,0.001,0,0.0,0,0,,False,scattered,
made,10,9,0.001,0,0.0,0,0,,False,scattered,
oliver,10,10,0.001,0,0.0,0,0,,False,scattered,
orthopedics,10,7,0.001,0,0.0,0,0,,False,scattered,
divine,9,9,0.001,0,0.0,0,0,,False,scattered,
advisory,8,7,0.001,0,0.0,0,0,,False,scattered,
audrey,8,6,0.001,0,0.0,0,0,,False,scattered,
cookie,8,8,0.001,0,0.0,0,0,,False,scattered,
earthbar,8,8,0.001,0,0.0,0,0,,False,scattered,
tenant,8,7,0.001,0,0.0,0,0,,False,scattered,
trolley,8,8,0.001,0,0.0,0,0,,False,scattered,
aging,7,7,0.001,0,0.0,0,0,,False,scattered,
ching,7,7,0.001,0,0.0,0,0,,False,scattered,
choi,7,7,0.001,0,0.0,0,0,,False,scattered,
espresso,7,7,0.001,0,0.0,0,0,,False,scattered,
khan,7,7,0.001,0,0.0,0,0,,False,scattered,
are,6,6,0.001,0,0.0,0,0,,False,scattered,
chee,6,4,0.001,0,0.0,0,0,,False,scattered,
glenn,6,5,0.001,0,0.0,0,0,,False,scattered,
hatch,6,6,0.001,0,0.0,0,0,,False,scattered,
jeweler,6,4,0.001,0,0.0,0,0,,False,scattered,
pakistani,6,6,0.001,0,0.0,0,0,,False,scattered,
udon,6,6,0.001,0,0.0,0,0,,False,scattered,
bride,5,5,0.001,0,0.0,0,0,,False,scattered,
italia,5,5,0.001,0,0.0,0,0,,False,scattered,
moser,5,5,0.001,0,0.0,0,0,,False,scattered,
newborn,5,4,0.001,0,0.0,0,0,,False,scattered,
proof,5,5,0.001,0,0.0,0,0,,False,scattered,
swiss,5,5,0.001,0,0.0,0,0,,False,scattered,
travis,5,4,0.001,0,0.0,0,0,,False,scattered,
america,159,109,0.0,0,0.0,0,0,,False,scattered,
david,139,86,0.0,0,0.0,0,0,,False,scattered,
james,137,87,0.0,0,0.0,0,0,,False,scattered,
medicine,131,71,0.0,0,0.0,0,0,,False,scattered,
surgery,108,36,0.0,0,0.0,0,0,,False,scattered,
lab,97,73,0.0,0,0.0,0,0,,False,scattered,
up,93,73,0.0,0,0.0,0,0,,False,scattered,
mary,91,53,0.0,0,0.0,0,0,,False,scattered,
children,89,70,0.0,0,0.0,0,0,,False,scattered,
bistro,85,73,0.0,0,0.0,0,0,,False,scattered,
wells,80,64,0.0,0,0.0,0,0,,False,scattered,
walgreens,77,54,0.0,0,0.0,0,0,,False,scattered,
east,75,67,0.0,0,0.0,0,0,,False,scattered,
fargo,73,60,0.0,0,0.0,0,0,,False,scattered,
peter,70,50,0.0,0,0.0,0,0,,False,scattered,
starbucks,69,67,0.0,0,0.0,0,0,,False,scattered,
george,68,61,0.0,0,0.0,0,0,,False,scattered,
thomas,68,48,0.0,0,0.0,0,0,,False,scattered,
daniel,66,52,0.0,0,0.0,0,0,,False,scattered,
farm,65,56,0.0,0,0.0,0,0,,False,scattered,
pet,65,56,0.0,0,0.0,0,0,,False,scattered,
saint,63,47,0.0,0,0.0,0,0,,False,scattered,
kim,58,46,0.0,0,0.0,0,0,,False,scattered,
states,58,46,0.0,0,0.0,0,0,,False,scattered,
agent,56,48,0.0,0,0.0,0,0,,False,scattered,
homes,56,47,0.0,0,0.0,0,0,,False,scattered,
sweet,55,49,0.0,0,0.0,0,0,,False,scattered,
eye,54,36,0.0,0,0.0,0,0,,False,scattered,
lot,54,44,0.0,0,0.0,0,0,,False,scattered,
air,53,49,0.0,0,0.0,0,0,,False,scattered,
alliance,53,46,0.0,0,0.0,0,0,,False,scattered,
branch,52,43,0.0,0,0.0,0,0,,False,scattered,
charles,52,43,0.0,0,0.0,0,0,,False,scattered,
christopher,52,36,0.0,0,0.0,0,0,,False,scattered,
gardens,52,46,0.0,0,0.0,0,0,,False,scattered,
personal,52,36,0.0,0,0.0,0,0,,False,scattered,
dc,50,35,0.0,0,0.0,0,0,,False,scattered,
frank,50,45,0.0,0,0.0,0,0,,False,scattered,
hardware,50,44,0.0,0,0.0,0,0,,False,scattered,
steven,50,41,0.0,0,0.0,0,0,,False,scattered,
super,49,43,0.0,0,0.0,0,0,,False,scattered,
brothers,48,45,0.0,0,0.0,0,0,,False,scattered,
lisa,47,37,0.0,0,0.0,0,0,,False,scattered,
nations,47,43,0.0,0,0.0,0,0,,False,scattered,
clean,45,42,0.0,0,0.0,0,0,,False,scattered,
dmd,45,28,0.0,0,0.0,0,0,,False,scattered,
dpm,45,20,0.0,0,0.0,0,0,,False,scattered,
williams,45,38,0.0,0,0.0,0,0,,False,scattered,
locksmith,44,42,0.0,0,0.0,0,0,,False,scattered,
do,43,35,0.0,0,0.0,0,0,,False,scattered,
foot,43,33,0.0,0,0.0,0,0,,False,scattered,
jack,42,37,0.0,0,0.0,0,0,,False,scattered,
share,42,38,0.0,0,0.0,0,0,,False,scattered,
white,42,37,0.0,0,0.0,0,0,,False,scattered,
kelly,41,36,0.0,0,0.0,0,0,,False,scattered,
me,41,39,0.0,0,0.0,0,0,,False,scattered,
town,40,36,0.0,0,0.0,0,0,,False,scattered,
council,38,31,0.0,0,0.0,0,0,,False,scattered,
event,38,35,0.0,0,0.0,0,0,,False,scattered,
plastic,38,14,0.0,0,0.0,0,0,,False,scattered,
redbox,38,38,0.0,0,0.0,0,0,,False,scattered,
chen,37,30,0.0,0,0.0,0,0,,False,scattered,
cultural,37,32,0.0,0,0.0,0,0,,False,scattered,
fish,37,33,0.0,0,0.0,0,0,,False,scattered,
fit,37,34,0.0,0,0.0,0,0,,False,scattered,
kevin,37,31,0.0,0,0.0,0,0,,False,scattered,
beyond,36,31,0.0,0,0.0,0,0,,False,scattered,
ma,36,31,0.0,0,0.0,0,0,,False,scattered,
mexican,36,32,0.0,0,0.0,0,0,,False,scattered,
tom,36,33,0.0,0,0.0,0,0,,False,scattered,
karen,35,28,0.0,0,0.0,0,0,,False,scattered,
lucky,35,34,0.0,0,0.0,0,0,,False,scattered,
outlet,35,32,0.0,0,0.0,0,0,,False,scattered,
peet,35,35,0.0,0,0.0,0,0,,False,scattered,
burgers,34,32,0.0,0,0.0,0,0,,False,scattered,
katherine,34,24,0.0,0,0.0,0,0,,False,scattered,
kong,34,25,0.0,0,0.0,0,0,,False,scattered,
table,34,31,0.0,0,0.0,0,0,,False,scattered,
tavern,34,30,0.0,0,0.0,0,0,,False,scattered,
ac,33,26,0.0,0,0.0,0,0,,False,scattered,
fox,33,24,0.0,0,0.0,0,0,,False,scattered,
johnson,33,26,0.0,0,0.0,0,0,,False,scattered,
korean,33,28,0.0,0,0.0,0,0,,False,scattered,
treatment,33,27,0.0,0,0.0,0,0,,False,scattered,
five,32,31,0.0,0,0.0,0,0,,False,scattered,
image,32,30,0.0,0,0.0,0,0,,False,scattered,
laura,32,23,0.0,0,0.0,0,0,,False,scattered,
true,32,32,0.0,0,0.0,0,0,,False,scattered,
audio,31,30,0.0,0,0.0,0,0,,False,scattered,
bright,31,27,0.0,0,0.0,0,0,,False,scattered,
gift,31,26,0.0,0,0.0,0,0,,False,scattered,
ii,31,29,0.0,0,0.0,0,0,,False,scattered,
key,31,30,0.0,0,0.0,0,0,,False,scattered,
li,31,24,0.0,0,0.0,0,0,,False,scattered,
moore,31,26,0.0,0,0.0,0,0,,False,scattered,
mount,31,11,0.0,0,0.0,0,0,,False,scattered,
alley,30,24,0.0,0,0.0,0,0,,False,scattered,
authorized,30,29,0.0,0,0.0,0,0,,False,scattered,
curry,30,27,0.0,0,0.0,0,0,,False,scattered,
man,30,29,0.0,0,0.0,0,0,,False,scattered,
middle,30,29,0.0,0,0.0,0,0,,False,scattered,
amy,29,23,0.0,0,0.0,0,0,,False,scattered,
angel,29,28,0.0,0,0.0,0,0,,False,scattered,
cannabis,29,28,0.0,0,0.0,0,0,,False,scattered,
circle,29,27,0.0,0,0.0,0,0,,False,scattered,
cvs,29,24,0.0,0,0.0,0,0,,False,scattered,
jay,29,26,0.0,0,0.0,0,0,,False,scattered,
nicole,29,20,0.0,0,0.0,0,0,,False,scattered,
now,29,26,0.0,0,0.0,0,0,,False,scattered,
shred,29,29,0.0,0,0.0,0,0,,False,scattered,
urgent,29,24,0.0,0,0.0,0,0,,False,scattered,
zion,29,9,0.0,0,0.0,0,0,,False,scattered,
block,28,25,0.0,0,0.0,0,0,,False,scattered,
christine,28,23,0.0,0,0.0,0,0,,False,scattered,
control,28,27,0.0,0,0.0,0,0,,False,scattered,
four,28,24,0.0,0,0.0,0,0,,False,scattered,
jewelers,28,18,0.0,0,0.0,0,0,,False,scattered,
landscape,28,26,0.0,0,0.0,0,0,,False,scattered,
sleep,28,21,0.0,0,0.0,0,0,,False,scattered,
spot,28,28,0.0,0,0.0,0,0,,False,scattered,
cal,27,24,0.0,0,0.0,0,0,,False,scattered,
lodge,27,21,0.0,0,0.0,0,0,,False,scattered,
montessori,27,25,0.0,0,0.0,0,0,,False,scattered,
nguyen,27,21,0.0,0,0.0,0,0,,False,scattered,
rebecca,27,24,0.0,0,0.0,0,0,,False,scattered,
alice,26,24,0.0,0,0.0,0,0,,False,scattered,
bruce,26,25,0.0,0,0.0,0,0,,False,scattered,
clinical,26,20,0.0,0,0.0,0,0,,False,scattered,
color,26,21,0.0,0,0.0,0,0,,False,scattered,
gordon,26,20,0.0,0,0.0,0,0,,False,scattered,
keyme,26,26,0.0,0,0.0,0,0,,False,scattered,
mind,26,23,0.0,0,0.0,0,0,,False,scattered,
people,26,25,0.0,0,0.0,0,0,,False,scattered,
premier,26,21,0.0,0,0.0,0,0,,False,scattered,
pub,26,26,0.0,0,0.0,0,0,,False,scattered,
specialists,26,23,0.0,0,0.0,0,0,,False,scattered,
adam,25,23,0.0,0,0.0,0,0,,False,scattered,
culture,25,22,0.0,0,0.0,0,0,,False,scattered,
diana,25,24,0.0,0,0.0,0,0,,False,scattered,
mcdonald,25,20,0.0,0,0.0,0,0,,False,scattered,
night,25,24,0.0,0,0.0,0,0,,False,scattered,
nmls,25,13,0.0,0,0.0,0,0,,False,scattered,
psychiatry,25,20,0.0,0,0.0,0,0,,False,scattered,
roasters,25,22,0.0,0,0.0,0,0,,False,scattered,
seven,25,25,0.0,0,0.0,0,0,,False,scattered,
steve,25,24,0.0,0,0.0,0,0,,False,scattered,
atelier,24,22,0.0,0,0.0,0,0,,False,scattered,
country,24,22,0.0,0,0.0,0,0,,False,scattered,
eagle,24,21,0.0,0,0.0,0,0,,False,scattered,
elite,24,24,0.0,0,0.0,0,0,,False,scattered,
fong,24,22,0.0,0,0.0,0,0,,False,scattered,
laser,24,16,0.0,0,0.0,0,0,,False,scattered,
parker,24,18,0.0,0,0.0,0,0,,False,scattered,
pasta,24,23,0.0,0,0.0,0,0,,False,scattered,
perfect,24,21,0.0,0,0.0,0,0,,False,scattered,
pho,24,21,0.0,0,0.0,0,0,,False,scattered,
primary,24,20,0.0,0,0.0,0,0,,False,scattered,
shoes,24,19,0.0,0,0.0,0,0,,False,scattered,
start,24,21,0.0,0,0.0,0,0,,False,scattered,
veterinary,24,18,0.0,0,0.0,0,0,,False,scattered,
walking,24,23,0.0,0,0.0,0,0,,False,scattered,
accounting,23,20,0.0,0,0.0,0,0,,False,scattered,
boba,23,23,0.0,0,0.0,0,0,,False,scattered,
brewing,23,19,0.0,0,0.0,0,0,,False,scattered,
dan,23,22,0.0,0,0.0,0,0,,False,scattered,
episcopal,23,20,0.0,0,0.0,0,0,,False,scattered,
fnp,23,15,0.0,0,0.0,0,0,,False,scattered,
grooming,23,22,0.0,0,0.0,0,0,,False,scattered,
hand,23,20,0.0,0,0.0,0,0,,False,scattered,
julie,23,22,0.0,0,0.0,0,0,,False,scattered,
pain,23,14,0.0,0,0.0,0,0,,False,scattered,
poke,23,22,0.0,0,0.0,0,0,,False,scattered,
psy,23,16,0.0,0,0.0,0,0,,False,scattered,
ray,23,20,0.0,0,0.0,0,0,,False,scattered,
ryan,23,23,0.0,0,0.0,0,0,,False,scattered,
sterling,23,20,0.0,0,0.0,0,0,,False,scattered,
two,23,23,0.0,0,0.0,0,0,,False,scattered,
victoria,23,23,0.0,0,0.0,0,0,,False,scattered,
balance,22,20,0.0,0,0.0,0,0,,False,scattered,
bell,22,20,0.0,0,0.0,0,0,,False,scattered,
carlos,22,19,0.0,0,0.0,0,0,,False,scattered,
clark,22,21,0.0,0,0.0,0,0,,False,scattered,
coach,22,21,0.0,0,0.0,0,0,,False,scattered,
cooperative,22,22,0.0,0,0.0,0,0,,False,scattered,
dream,22,21,0.0,0,0.0,0,0,,False,scattered,
en,22,20,0.0,0,0.0,0,0,,False,scattered,
gregory,22,18,0.0,0,0.0,0,0,,False,scattered,
help,22,20,0.0,0,0.0,0,0,,False,scattered,
master,22,22,0.0,0,0.0,0,0,,False,scattered,
orthodox,22,18,0.0,0,0.0,0,0,,False,scattered,
presbyterian,22,22,0.0,0,0.0,0,0,,False,scattered,
resources,22,20,0.0,0,0.0,0,0,,False,scattered,
sea,22,21,0.0,0,0.0,0,0,,False,scattered,
sky,22,20,0.0,0,0.0,0,0,,False,scattered,
spine,22,14,0.0,0,0.0,0,0,,False,scattered,
stanford,22,10,0.0,0,0.0,0,0,,False,scattered,
taste,22,21,0.0,0,0.0,0,0,,False,scattered,
test,22,21,0.0,0,0.0,0,0,,False,scattered,
walker,22,19,0.0,0,0.0,0,0,,False,scattered,
wood,22,20,0.0,0,0.0,0,0,,False,scattered,
yu,22,20,0.0,0,0.0,0,0,,False,scattered,
al,21,20,0.0,0,0.0,0,0,,False,scattered,
allen,21,18,0.0,0,0.0,0,0,,False,scattered,
bird,21,19,0.0,0,0.0,0,0,,False,scattered,
cocktail,21,20,0.0,0,0.0,0,0,,False,scattered,
core,21,21,0.0,0,0.0,0,0,,False,scattered,
craft,21,17,0.0,0,0.0,0,0,,False,scattered,
duct,21,21,0.0,0,0.0,0,0,,False,scattered,
empire,21,19,0.0,0,0.0,0,0,,False,scattered,
fix,21,19,0.0,0,0.0,0,0,,False,scattered,
goods,21,20,0.0,0,0.0,0,0,,False,scattered,
joy,21,20,0.0,0,0.0,0,0,,False,scattered,
ng,21,17,0.0,0,0.0,0,0,,False,scattered,
patricia,21,20,0.0,0,0.0,0,0,,False,scattered,
pearl,21,19,0.0,0,0.0,0,0,,False,scattered,
planet,21,20,0.0,0,0.0,0,0,,False,scattered,
round,21,21,0.0,0,0.0,0,0,,False,scattered,
son,21,20,0.0,0,0.0,0,0,,False,scattered,
system,21,17,0.0,0,0.0,0,0,,False,scattered,
atlas,20,19,0.0,0,0.0,0,0,,False,scattered,
bread,20,19,0.0,0,0.0,0,0,,False,scattered,
breast,20,12,0.0,0,0.0,0,0,,False,scattered,
chimney,20,20,0.0,0,0.0,0,0,,False,scattered,
cloud,20,19,0.0,0,0.0,0,0,,False,scattered,
dermatology,20,12,0.0,0,0.0,0,0,,False,scattered,
double,20,20,0.0,0,0.0,0,0,,False,scattered,
guild,20,17,0.0,0,0.0,0,0,,False,scattered,
hour,20,20,0.0,0,0.0,0,0,,False,scattered,
jason,20,20,0.0,0,0.0,0,0,,False,scattered,
jenny,20,19,0.0,0,0.0,0,0,,False,scattered,
level,20,18,0.0,0,0.0,0,0,,False,scattered,
lily,20,19,0.0,0,0.0,0,0,,False,scattered,
notary,20,18,0.0,0,0.0,0,0,,False,scattered,
residential,20,17,0.0,0,0.0,0,0,,False,scattered,
sandwich,20,19,0.0,0,0.0,0,0,,False,scattered,
small,20,20,0.0,0,0.0,0,0,,False,scattered,
sullivan,20,19,0.0,0,0.0,0,0,,False,scattered,
three,20,19,0.0,0,0.0,0,0,,False,scattered,
underground,20,18,0.0,0,0.0,0,0,,False,scattered,
barbara,19,17,0.0,0,0.0,0,0,,False,scattered,
be,19,17,0.0,0,0.0,0,0,,False,scattered,
bros,19,18,0.0,0,0.0,0,0,,False,scattered,
career,19,17,0.0,0,0.0,0,0,,False,scattered,
class,19,17,0.0,0,0.0,0,0,,False,scattered,
driving,19,14,0.0,0,0.0,0,0,,False,scattered,
european,19,17,0.0,0,0.0,0,0,,False,scattered,
experts,19,17,0.0,0,0.0,0,0,,False,scattered,
fast,19,18,0.0,0,0.0,0,0,,False,scattered,
fellowship,19,18,0.0,0,0.0,0,0,,False,scattered,
framing,19,19,0.0,0,0.0,0,0,,False,scattered,
hi,19,17,0.0,0,0.0,0,0,,False,scattered,
joint,19,18,0.0,0,0.0,0,0,,False,scattered,
marie,19,18,0.0,0,0.0,0,0,,False,scattered,
marine,19,18,0.0,0,0.0,0,0,,False,scattered,
martha,19,19,0.0,0,0.0,0,0,,False,scattered,
mental,19,16,0.0,0,0.0,0,0,,False,scattered,
mitchell,19,18,0.0,0,0.0,0,0,,False,scattered,
paper,19,19,0.0,0,0.0,0,0,,False,scattered,
rooter,19,18,0.0,0,0.0,0,0,,False,scattered,
sara,19,17,0.0,0,0.0,0,0,,False,scattered,
tv,19,18,0.0,0,0.0,0,0,,False,scattered,
wings,19,16,0.0,0,0.0,0,0,,False,scattered,
woods,19,17,0.0,0,0.0,0,0,,False,scattered,
yang,19,19,0.0,0,0.0,0,0,,False,scattered,
aesthetic,18,8,0.0,0,0.0,0,0,,False,scattered,
allstate,18,15,0.0,0,0.0,0,0,,False,scattered,
andy,18,14,0.0,0,0.0,0,0,,False,scattered,
basketball,18,17,0.0,0,0.0,0,0,,False,scattered,
bob,18,15,0.0,0,0.0,0,0,,False,scattered,
chi,18,16,0.0,0,0.0,0,0,,False,scattered,
chow,18,14,0.0,0,0.0,0,0,,False,scattered,
contractor,18,18,0.0,0,0.0,0,0,,False,scattered,
films,18,16,0.0,0,0.0,0,0,,False,scattered,
flow,18,16,0.0,0,0.0,0,0,,False,scattered,
games,18,17,0.0,0,0.0,0,0,,False,scattered,
heather,18,17,0.0,0,0.0,0,0,,False,scattered,
industrial,18,18,0.0,0,0.0,0,0,,False,scattered,
leung,18,17,0.0,0,0.0,0,0,,False,scattered,
lion,18,17,0.0,0,0.0,0,0,,False,scattered,
luke,18,11,0.0,0,0.0,0,0,,False,scattered,
partnership,18,17,0.0,0,0.0,0,0,,False,scattered,
philip,18,14,0.0,0,0.0,0,0,,False,scattered,
programs,18,16,0.0,0,0.0,0,0,,False,scattered,
psychology,18,15,0.0,0,0.0,0,0,,False,scattered,
radioshack,18,18,0.0,0,0.0,0,0,,False,scattered,
rhino,18,18,0.0,0,0.0,0,0,,False,scattered,
safe,18,18,0.0,0,0.0,0,0,,False,scattered,
see,18,17,0.0,0,0.0,0,0,,False,scattered,
sequoia,18,12,0.0,0,0.0,0,0,,False,scattered,
show,18,17,0.0,0,0.0,0,0,,False,scattered,
spark,18,15,0.0,0,0.0,0,0,,False,scattered,
stewart,18,13,0.0,0,0.0,0,0,,False,scattered,
we,18,18,0.0,0,0.0,0,0,,False,scattered,
wild,18,18,0.0,0,0.0,0,0,,False,scattered,
ya,18,18,0.0,0,0.0,0,0,,False,scattered,
alpha,17,16,0.0,0,0.0,0,0,,False,scattered,
andrea,17,16,0.0,0,0.0,0,0,,False,scattered,
annex,17,14,0.0,0,0.0,0,0,,False,scattered,
bagels,17,15,0.0,0,0.0,0,0,,False,scattered,
beacon,17,16,0.0,0,0.0,0,0,,False,scattered,
brazilian,17,16,0.0,0,0.0,0,0,,False,scattered,
chin,17,15,0.0,0,0.0,0,0,,False,scattered,
deluxe,17,17,0.0,0,0.0,0,0,,False,scattered,
fu,17,13,0.0,0,0.0,0,0,,False,scattered,
fun,17,15,0.0,0,0.0,0,0,,False,scattered,
gas,17,14,0.0,0,0.0,0,0,,False,scattered,
ground,17,16,0.0,0,0.0,0,0,,False,scattered,
jeff,17,17,0.0,0,0.0,0,0,,False,scattered,
lai,17,14,0.0,0,0.0,0,0,,False,scattered,
lending,17,17,0.0,0,0.0,0,0,,False,scattered,
mandarin,17,17,0.0,0,0.0,0,0,,False,scattered,
mint,17,11,0.0,0,0.0,0,0,,False,scattered,
outdoor,17,17,0.0,0,0.0,0,0,,False,scattered,
outreach,17,14,0.0,0,0.0,0,0,,False,scattered,
panda,17,17,0.0,0,0.0,0,0,,False,scattered,
rate,17,4,0.0,0,0.0,0,0,,False,scattered,
ruby,17,17,0.0,0,0.0,0,0,,False,scattered,
ruth,17,17,0.0,0,0.0,0,0,,False,scattered,
sage,17,16,0.0,0,0.0,0,0,,False,scattered,
senor,17,16,0.0,0,0.0,0,0,,False,scattered,
stars,17,16,0.0,0,0.0,0,0,,False,scattered,
tam,17,16,0.0,0,0.0,0,0,,False,scattered,
tran,17,16,0.0,0,0.0,0,0,,False,scattered,
wei,17,15,0.0,0,0.0,0,0,,False,scattered,
wheels,17,16,0.0,0,0.0,0,0,,False,scattered,
wise,17,15,0.0,0,0.0,0,0,,False,scattered,
wolf,17,16,0.0,0,0.0,0,0,,False,scattered,
alternative,16,15,0.0,0,0.0,0,0,,False,scattered,
annie,16,16,0.0,0,0.0,0,0,,False,scattered,
apc,16,12,0.0,0,0.0,0,0,,False,scattered,
carbon,16,14,0.0,0,0.0,0,0,,False,scattered,
chez,16,14,0.0,0,0.0,0,0,,False,scattered,
cmt,16,14,0.0,0,0.0,0,0,,False,scattered,
cooper,16,15,0.0,0,0.0,0,0,,False,scattered,
crossfit,16,15,0.0,0,0.0,0,0,,False,scattered,
equipment,16,14,0.0,0,0.0,0,0,,False,scattered,
facial,16,11,0.0,0,0.0,0,0,,False,scattered,
fran,16,15,0.0,0,0.0,0,0,,False,scattered,
handcrafted,16,16,0.0,0,0.0,0,0,,False,scattered,
harris,16,14,0.0,0,0.0,0,0,,False,scattered,
ivy,16,15,0.0,0,0.0,0,0,,False,scattered,
julia,16,15,0.0,0,0.0,0,0,,False,scattered,
keyexpress,16,16,0.0,0,0.0,0,0,,False,scattered,
kingdom,16,16,0.0,0,0.0,0,0,,False,scattered,
monica,16,15,0.0,0,0.0,0,0,,False,scattered,
occupational,16,14,0.0,0,0.0,0,0,,False,scattered,
philz,16,16,0.0,0,0.0,0,0,,False,scattered,
psychological,16,12,0.0,0,0.0,0,0,,False,scattered,
sport,16,15,0.0,0,0.0,0,0,,False,scattered,
summit,16,15,0.0,0,0.0,0,0,,False,scattered,
that,16,15,0.0,0,0.0,0,0,,False,scattered,
villa,16,16,0.0,0,0.0,0,0,,False,scattered,
acute,15,14,0.0,0,0.0,0,0,,False,scattered,
adventure,15,15,0.0,0,0.0,0,0,,False,scattered,
amp,15,15,0.0,0,0.0,0,0,,False,scattered,
anchor,15,13,0.0,0,0.0,0,0,,False,scattered,
angels,15,13,0.0,0,0.0,0,0,,False,scattered,
apparel,15,11,0.0,0,0.0,0,0,,False,scattered,
beth,15,14,0.0,0,0.0,0,0,,False,scattered,
bowl,15,15,0.0,0,0.0,0,0,,False,scattered,
cake,15,14,0.0,0,0.0,0,0,,False,scattered,
chapter,15,15,0.0,0,0.0,0,0,,False,scattered,
connections,15,14,0.0,0,0.0,0,0,,False,scattered,
creamery,15,14,0.0,0,0.0,0,0,,False,scattered,
diagnostics,15,12,0.0,0,0.0,0,0,,False,scattered,
esthetics,15,11,0.0,0,0.0,0,0,,False,scattered,
gelato,15,13,0.0,0,0.0,0,0,,False,scattered,
german,15,13,0.0,0,0.0,0,0,,False,scattered,
goodwill,15,15,0.0,0,0.0,0,0,,False,scattered,
harvest,15,14,0.0,0,0.0,0,0,,False,scattered,
hoa,15,15,0.0,0,0.0,0,0,,False,scattered,
ink,15,15,0.0,0,0.0,0,0,,False,scattered,
internal,15,13,0.0,0,0.0,0,0,,False,scattered,
justin,15,15,0.0,0,0.0,0,0,,False,scattered,
lau,15,9,0.0,0,0.0,0,0,,False,scattered,
mai,15,14,0.0,0,0.0,0,0,,False,scattered,
megan,15,14,0.0,0,0.0,0,0,,False,scattered,
merchant,15,14,0.0,0,0.0,0,0,,False,scattered,
methodist,15,15,0.0,0,0.0,0,0,,False,scattered,
paint,15,14,0.0,0,0.0,0,0,,False,scattered,
paragon,15,14,0.0,0,0.0,0,0,,False,scattered,
record,15,15,0.0,0,0.0,0,0,,False,scattered,
rescue,15,14,0.0,0,0.0,0,0,,False,scattered,
rosa,15,14,0.0,0,0.0,0,0,,False,scattered,
samantha,15,15,0.0,0,0.0,0,0,,False,scattered,
samuel,15,14,0.0,0,0.0,0,0,,False,scattered,
seasons,15,14,0.0,0,0.0,0,0,,False,scattered,
shanghai,15,11,0.0,0,0.0,0,0,,False,scattered,
spice,15,14,0.0,0,0.0,0,0,,False,scattered,
therapist,15,12,0.0,0,0.0,0,0,,False,scattered,
thompson,15,12,0.0,0,0.0,0,0,,False,scattered,
transport,15,14,0.0,0,0.0,0,0,,False,scattered,
vera,15,11,0.0,0,0.0,0,0,,False,scattered,
victor,15,12,0.0,0,0.0,0,0,,False,scattered,
zenshi,15,15,0.0,0,0.0,0,0,,False,scattered,
after,14,14,0.0,0,0.0,0,0,,False,scattered,
ali,14,12,0.0,0,0.0,0,0,,False,scattered,
amanda,14,11,0.0,0,0.0,0,0,,False,scattered,
americas,14,12,0.0,0,0.0,0,0,,False,scattered,
architectural,14,14,0.0,0,0.0,0,0,,False,scattered,
ashley,14,14,0.0,0,0.0,0,0,,False,scattered,
athletic,14,14,0.0,0,0.0,0,0,,False,scattered,
authority,14,14,0.0,0,0.0,0,0,,False,scattered,
bart,14,8,0.0,0,0.0,0,0,,False,scattered,
bonds,14,8,0.0,0,0.0,0,0,,False,scattered,
breakfast,14,13,0.0,0,0.0,0,0,,False,scattered,
cantina,14,13,0.0,0,0.0,0,0,,False,scattered,
carol,14,13,0.0,0,0.0,0,0,,False,scattered,
ceramics,14,12,0.0,0,0.0,0,0,,False,scattered,
choice,14,14,0.0,0,0.0,0,0,,False,scattered,
christina,14,12,0.0,0,0.0,0,0,,False,scattered,
collaborative,14,12,0.0,0,0.0,0,0,,False,scattered,
cooking,14,14,0.0,0,0.0,0,0,,False,scattered,
culinary,14,13,0.0,0,0.0,0,0,,False,scattered,
curtis,14,11,0.0,0,0.0,0,0,,False,scattered,
da,14,14,0.0,0,0.0,0,0,,False,scattered,
dean,14,14,0.0,0,0.0,0,0,,False,scattered,
designer,14,14,0.0,0,0.0,0,0,,False,scattered,
distribution,14,14,0.0,0,0.0,0,0,,False,scattered,
donut,14,13,0.0,0,0.0,0,0,,False,scattered,
easy,14,14,0.0,0,0.0,0,0,,False,scattered,
hunter,14,13,0.0,0,0.0,0,0,,False,scattered,
jiu,14,13,0.0,0,0.0,0,0,,False,scattered,
junk,14,14,0.0,0,0.0,0,0,,False,scattered,
karate,14,12,0.0,0,0.0,0,0,,False,scattered,
kennedy,14,14,0.0,0,0.0,0,0,,False,scattered,
kimberly,14,13,0.0,0,0.0,0,0,,False,scattered,
left,14,14,0.0,0,0.0,0,0,,False,scattered,
lessons,14,13,0.0,0,0.0,0,0,,False,scattered,
lost,14,14,0.0,0,0.0,0,0,,False,scattered,
marshall,14,13,0.0,0,0.0,0,0,,False,scattered,
merchants,14,13,0.0,0,0.0,0,0,,False,scattered,
milk,14,13,0.0,0,0.0,0,0,,False,scattered,
monument,14,12,0.0,0,0.0,0,0,,False,scattered,
nation,14,12,0.0,0,0.0,0,0,,False,scattered,
nature,14,14,0.0,0,0.0,0,0,,False,scattered,
path,14,12,0.0,0,0.0,0,0,,False,scattered,
photographer,14,13,0.0,0,0.0,0,0,,False,scattered,
precision,14,13,0.0,0,0.0,0,0,,False,scattered,
prep,14,14,0.0,0,0.0,0,0,,False,scattered,
propane,14,14,0.0,0,0.0,0,0,,False,scattered,
remodeling,14,14,0.0,0,0.0,0,0,,False,scattered,
rotisserie,14,14,0.0,0,0.0,0,0,,False,scattered,
shannon,14,14,0.0,0,0.0,0,0,,False,scattered,
sisig,14,13,0.0,0,0.0,0,0,,False,scattered,
spirit,14,13,0.0,0,0.0,0,0,,False,scattered,
synergy,14,13,0.0,0,0.0,0,0,,False,scattered,
tiffany,14,13,0.0,0,0.0,0,0,,False,scattered,
trader,14,14,0.0,0,0.0,0,0,,False,scattered,
walter,14,13,0.0,0,0.0,0,0,,False,scattered,
wright,14,12,0.0,0,0.0,0,0,,False,scattered,
yogurt,14,14,0.0,0,0.0,0,0,,False,scattered,
ankle,13,11,0.0,0,0.0,0,0,,False,scattered,
aquarium,13,12,0.0,0,0.0,0,0,,False,scattered,
bicycle,13,13,0.0,0,0.0,0,0,,False,scattered,
bridges,13,13,0.0,0,0.0,0,0,,False,scattered,
bryan,13,13,0.0,0,0.0,0,0,,False,scattered,
burton,13,12,0.0,0,0.0,0,0,,False,scattered,
claire,13,13,0.0,0,0.0,0,0,,False,scattered,
collins,13,12,0.0,0,0.0,0,0,,False,scattered,
copy,13,12,0.0,0,0.0,0,0,,False,scattered,
dave,13,13,0.0,0,0.0,0,0,,False,scattered,
di,13,13,0.0,0,0.0,0,0,,False,scattered,
ed,13,12,0.0,0,0.0,0,0,,False,scattered,
far,13,12,0.0,0,0.0,0,0,,False,scattered,
gohealth,13,10,0.0,0,0.0,0,0,,False,scattered,
hastings,13,4,0.0,0,0.0,0,0,,False,scattered,
hello,13,13,0.0,0,0.0,0,0,,False,scattered,
hidden,13,12,0.0,0,0.0,0,0,,False,scattered,
horizon,13,11,0.0,0,0.0,0,0,,False,scattered,
id,13,13,0.0,0,0.0,0,0,,False,scattered,
iii,13,11,0.0,0,0.0,0,0,,False,scattered,
impact,13,13,0.0,0,0.0,0,0,,False,scattered,
jamie,13,13,0.0,0,0.0,0,0,,False,scattered,
jesus,13,12,0.0,0,0.0,0,0,,False,scattered,
jim,13,10,0.0,0,0.0,0,0,,False,scattered,
jitsu,13,12,0.0,0,0.0,0,0,,False,scattered,
joanne,13,12,0.0,0,0.0,0,0,,False,scattered,
jordan,13,12,0.0,0,0.0,0,0,,False,scattered,
lighthouse,13,12,0.0,0,0.0,0,0,,False,scattered,
lo,13,12,0.0,0,0.0,0,0,,False,scattered,
low,13,12,0.0,0,0.0,0,0,,False,scattered,
med,13,13,0.0,0,0.0,0,0,,False,scattered,
ministries,13,13,0.0,0,0.0,0,0,,False,scattered,
monte,13,13,0.0,0,0.0,0,0,,False,scattered,
move,13,13,0.0,0,0.0,0,0,,False,scattered,
orange,13,13,0.0,0,0.0,0,0,,False,scattered,
pan,13,13,0.0,0,0.0,0,0,,False,scattered,
premium,13,11,0.0,0,0.0,0,0,,False,scattered,
re,13,11,0.0,0,0.0,0,0,,False,scattered,
reading,13,12,0.0,0,0.0,0,0,,False,scattered,
reilly,13,13,0.0,0,0.0,0,0,,False,scattered,
roots,13,12,0.0,0,0.0,0,0,,False,scattered,
sandy,13,13,0.0,0,0.0,0,0,,False,scattered,
sfmta,13,12,0.0,0,0.0,0,0,,False,scattered,
shen,13,11,0.0,0,0.0,0,0,,False,scattered,
simple,13,12,0.0,0,0.0,0,0,,False,scattered,
simply,13,12,0.0,0,0.0,0,0,,False,scattered,
sophia,13,13,0.0,0,0.0,0,0,,False,scattered,
stock,13,8,0.0,0,0.0,0,0,,False,scattered,
sue,13,12,0.0,0,0.0,0,0,,False,scattered,
times,13,13,0.0,0,0.0,0,0,,False,scattered,
tin,13,13,0.0,0,0.0,0,0,,False,scattered,
traditional,13,12,0.0,0,0.0,0,0,,False,scattered,
warren,13,11,0.0,0,0.0,0,0,,False,scattered,
waste,13,13,0.0,0,0.0,0,0,,False,scattered,
aid,12,11,0.0,0,0.0,0,0,,False,scattered,
allison,12,12,0.0,0,0.0,0,0,,False,scattered,
alterations,12,12,0.0,0,0.0,0,0,,False,scattered,
as,12,12,0.0,0,0.0,0,0,,False,scattered,
au,12,11,0.0,0,0.0,0,0,,False,scattered,
barrel,12,11,0.0,0,0.0,0,0,,False,scattered,
bass,12,10,0.0,0,0.0,0,0,,False,scattered,
beverage,12,11,0.0,0,0.0,0,0,,False,scattered,
boy,12,11,0.0,0,0.0,0,0,,False,scattered,
brewery,12,12,0.0,0,0.0,0,0,,False,scattered,
buffalo,12,12,0.0,0,0.0,0,0,,False,scattered,
candy,12,12,0.0,0,0.0,0,0,,False,scattered,
classes,12,11,0.0,0,0.0,0,0,,False,scattered,
clear,12,11,0.0,0,0.0,0,0,,False,scattered,
connect,12,12,0.0,0,0.0,0,0,,False,scattered,
consortium,12,10,0.0,0,0.0,0,0,,False,scattered,
cookies,12,11,0.0,0,0.0,0,0,,False,scattered,
craig,12,10,0.0,0,0.0,0,0,,False,scattered,
daily,12,11,0.0,0,0.0,0,0,,False,scattered,
dawn,12,12,0.0,0,0.0,0,0,,False,scattered,
dialysis,12,9,0.0,0,0.0,0,0,,False,scattered,
diane,12,11,0.0,0,0.0,0,0,,False,scattered,
electronics,12,12,0.0,0,0.0,0,0,,False,scattered,
elena,12,11,0.0,0,0.0,0,0,,False,scattered,
elevate,12,9,0.0,0,0.0,0,0,,False,scattered,
evgo,12,12,0.0,0,0.0,0,0,,False,scattered,
expert,12,12,0.0,0,0.0,0,0,,False,scattered,
giant,12,12,0.0,0,0.0,0,0,,False,scattered,
girl,12,10,0.0,0,0.0,0,0,,False,scattered,
guitar,12,11,0.0,0,0.0,0,0,,False,scattered,
hannah,12,11,0.0,0,0.0,0,0,,False,scattered,
haven,12,11,0.0,0,0.0,0,0,,False,scattered,
herbal,12,11,0.0,0,0.0,0,0,,False,scattered,
intelligence,12,12,0.0,0,0.0,0,0,,False,scattered,
is,12,12,0.0,0,0.0,0,0,,False,scattered,
juan,12,12,0.0,0,0.0,0,0,,False,scattered,
keycafe,12,12,0.0,0,0.0,0,0,,False,scattered,
labor,12,11,0.0,0,0.0,0,0,,False,scattered,
lights,12,12,0.0,0,0.0,0,0,,False,scattered,
mac,12,10,0.0,0,0.0,0,0,,False,scattered,
mc,12,12,0.0,0,0.0,0,0,,False,scattered,
metropolitan,12,10,0.0,0,0.0,0,0,,False,scattered,
morris,12,11,0.0,0,0.0,0,0,,False,scattered,
net,12,10,0.0,0,0.0,0,0,,False,scattered,
nina,12,10,0.0,0,0.0,0,0,,False,scattered,
not,12,11,0.0,0,0.0,0,0,,False,scattered,
peters,12,11,0.0,0,0.0,0,0,,False,scattered,
picture,12,12,0.0,0,0.0,0,0,,False,scattered,
professionals,12,12,0.0,0,0.0,0,0,,False,scattered,
rossi,12,8,0.0,0,0.0,0,0,,False,scattered,
sfo,12,11,0.0,0,0.0,0,0,,False,scattered,
smiles,12,11,0.0,0,0.0,0,0,,False,scattered,
stacy,12,11,0.0,0,0.0,0,0,,False,scattered,
strength,12,9,0.0,0,0.0,0,0,,False,scattered,
study,12,12,0.0,0,0.0,0,0,,False,scattered,
success,12,11,0.0,0,0.0,0,0,,False,scattered,
tara,12,11,0.0,0,0.0,0,0,,False,scattered,
timothy,12,12,0.0,0,0.0,0,0,,False,scattered,
todd,12,12,0.0,0,0.0,0,0,,False,scattered,
vanguard,12,5,0.0,0,0.0,0,0,,False,scattered,
verizon,12,11,0.0,0,0.0,0,0,,False,scattered,
zhang,12,11,0.0,0,0.0,0,0,,False,scattered,
advantage,11,11,0.0,0,0.0,0,0,,False,scattered,
amazing,11,11,0.0,0,0.0,0,0,,False,scattered,
ana,11,11,0.0,0,0.0,0,0,,False,scattered,
april,11,11,0.0,0,0.0,0,0,,False,scattered,
aroma,11,11,0.0,0,0.0,0,0,,False,scattered,
arthur,11,11,0.0,0,0.0,0,0,,False,scattered,
bamboo,11,11,0.0,0,0.0,0,0,,False,scattered,
banana,11,9,0.0,0,0.0,0,0,,False,scattered,
burrito,11,11,0.0,0,0.0,0,0,,False,scattered,
call,11,10,0.0,0,0.0,0,0,,False,scattered,
campbell,11,11,0.0,0,0.0,0,0,,False,scattered,
candies,11,11,0.0,0,0.0,0,0,,False,scattered,
card,11,11,0.0,0,0.0,0,0,,False,scattered,
certified,11,11,0.0,0,0.0,0,0,,False,scattered,
change,11,10,0.0,0,0.0,0,0,,False,scattered,
chloe,11,11,0.0,0,0.0,0,0,,False,scattered,
crepe,11,11,0.0,0,0.0,0,0,,False,scattered,
cricket,11,11,0.0,0,0.0,0,0,,False,scattered,
danielle,11,10,0.0,0,0.0,0,0,,False,scattered,
diaz,11,10,0.0,0,0.0,0,0,,False,scattered,
dojo,11,10,0.0,0,0.0,0,0,,False,scattered,
donald,11,10,0.0,0,0.0,0,0,,False,scattered,
eat,11,11,0.0,0,0.0,0,0,,False,scattered,
eco,11,11,0.0,0,0.0,0,0,,False,scattered,
evangelical,11,10,0.0,0,0.0,0,0,,False,scattered,
farms,11,10,0.0,0,0.0,0,0,,False,scattered,
fat,11,11,0.0,0,0.0,0,0,,False,scattered,
formerly,11,10,0.0,0,0.0,0,0,,False,scattered,
forum,11,11,0.0,0,0.0,0,0,,False,scattered,
gnc,11,11,0.0,0,0.0,0,0,,False,scattered,
goodman,11,11,0.0,0,0.0,0,0,,False,scattered,
greek,11,9,0.0,0,0.0,0,0,,False,scattered,
growth,11,11,0.0,0,0.0,0,0,,False,scattered,
gynecology,11,8,0.0,0,0.0,0,0,,False,scattered,
hollywood,11,9,0.0,0,0.0,0,0,,False,scattered,
honey,11,10,0.0,0,0.0,0,0,,False,scattered,
ian,11,11,0.0,0,0.0,0,0,,False,scattered,
incorporated,11,10,0.0,0,0.0,0,0,,False,scattered,
israel,11,9,0.0,0,0.0,0,0,,False,scattered,
jerry,11,11,0.0,0,0.0,0,0,,False,scattered,
jesse,11,10,0.0,0,0.0,0,0,,False,scattered,
joan,11,10,0.0,0,0.0,0,0,,False,scattered,
jon,11,11,0.0,0,0.0,0,0,,False,scattered,
kaplan,11,9,0.0,0,0.0,0,0,,False,scattered,
katie,11,11,0.0,0,0.0,0,0,,False,scattered,
katz,11,10,0.0,0,0.0,0,0,,False,scattered,
landmark,11,11,0.0,0,0.0,0,0,,False,scattered,
less,11,11,0.0,0,0.0,0,0,,False,scattered,
ling,11,11,0.0,0,0.0,0,0,,False,scattered,
marc,11,9,0.0,0,0.0,0,0,,False,scattered,
marcus,11,10,0.0,0,0.0,0,0,,False,scattered,
math,11,11,0.0,0,0.0,0,0,,False,scattered,
matt,11,11,0.0,0,0.0,0,0,,False,scattered,
meyer,11,11,0.0,0,0.0,0,0,,False,scattered,
mina,11,10,0.0,0,0.0,0,0,,False,scattered,
moxie,11,9,0.0,0,0.0,0,0,,False,scattered,
murray,11,10,0.0,0,0.0,0,0,,False,scattered,
ophthalmology,11,7,0.0,0,0.0,0,0,,False,scattered,
over,11,11,0.0,0,0.0,0,0,,False,scattered,
peak,11,11,0.0,0,0.0,0,0,,False,scattered,
pets,11,10,0.0,0,0.0,0,0,,False,scattered,
philippine,11,6,0.0,0,0.0,0,0,,False,scattered,
ping,11,11,0.0,0,0.0,0,0,,False,scattered,
pnp,11,2,0.0,0,0.0,0,0,,False,scattered,
podiatry,11,9,0.0,0,0.0,0,0,,False,scattered,
rec,11,11,0.0,0,0.0,0,0,,False,scattered,
reiki,11,11,0.0,0,0.0,0,0,,False,scattered,
remedy,11,11,0.0,0,0.0,0,0,,False,scattered,
replacement,11,11,0.0,0,0.0,0,0,,False,scattered,
robinson,11,9,0.0,0,0.0,0,0,,False,scattered,
roman,11,11,0.0,0,0.0,0,0,,False,scattered,
roy,11,11,0.0,0,0.0,0,0,,False,scattered,
rugs,11,9,0.0,0,0.0,0,0,,False,scattered,
rush,11,11,0.0,0,0.0,0,0,,False,scattered,
salt,11,11,0.0,0,0.0,0,0,,False,scattered,
sffd,11,10,0.0,0,0.0,0,0,,False,scattered,
sheila,11,11,0.0,0,0.0,0,0,,False,scattered,
solid,11,11,0.0,0,0.0,0,0,,False,scattered,
stella,11,10,0.0,0,0.0,0,0,,False,scattered,
things,11,11,0.0,0,0.0,0,0,,False,scattered,
transfer,11,10,0.0,0,0.0,0,0,,False,scattered,
turner,11,11,0.0,0,0.0,0,0,,False,scattered,
vine,11,11,0.0,0,0.0,0,0,,False,scattered,
watson,11,9,0.0,0,0.0,0,0,,False,scattered,
windshield,11,11,0.0,0,0.0,0,0,,False,scattered,
wok,11,10,0.0,0,0.0,0,0,,False,scattered,
ying,11,8,0.0,0,0.0,0,0,,False,scattered,
allergy,10,9,0.0,0,0.0,0,0,,False,scattered,
anxiety,10,8,0.0,0,0.0,0,0,,False,scattered,
apollo,10,9,0.0,0,0.0,0,0,,False,scattered,
appliances,10,9,0.0,0,0.0,0,0,,False,scattered,
ark,10,10,0.0,0,0.0,0,0,,False,scattered,
assembly,10,9,0.0,0,0.0,0,0,,False,scattered,
aura,10,9,0.0,0,0.0,0,0,,False,scattered,
bao,10,10,0.0,0,0.0,0,0,,False,scattered,
barbecue,10,10,0.0,0,0.0,0,0,,False,scattered,
behavioral,10,10,0.0,0,0.0,0,0,,False,scattered,
bite,10,9,0.0,0,0.0,0,0,,False,scattered,
bites,10,10,0.0,0,0.0,0,0,,False,scattered,
boss,10,9,0.0,0,0.0,0,0,,False,scattered,
brien,10,8,0.0,0,0.0,0,0,,False,scattered,
brunch,10,10,0.0,0,0.0,0,0,,False,scattered,
cellars,10,8,0.0,0,0.0,0,0,,False,scattered,
charlie,10,9,0.0,0,0.0,0,0,,False,scattered,
cindy,10,9,0.0,0,0.0,0,0,,False,scattered,
clinics,10,9,0.0,0,0.0,0,0,,False,scattered,
coco,10,10,0.0,0,0.0,0,0,,False,scattered,
crossroads,10,10,0.0,0,0.0,0,0,,False,scattered,
crystal,10,10,0.0,0,0.0,0,0,,False,scattered,
cunningham,10,9,0.0,0,0.0,0,0,,False,scattered,
cypress,10,9,0.0,0,0.0,0,0,,False,scattered,
days,10,10,0.0,0,0.0,0,0,,False,scattered,
dealer,10,10,0.0,0,0.0,0,0,,False,scattered,
discovery,10,10,0.0,0,0.0,0,0,,False,scattered,
donation,10,10,0.0,0,0.0,0,0,,False,scattered,
doug,10,10,0.0,0,0.0,0,0,,False,scattered,
drop,10,10,0.0,0,0.0,0,0,,False,scattered,
edwards,10,8,0.0,0,0.0,0,0,,False,scattered,
electrolysis,10,6,0.0,0,0.0,0,0,,False,scattered,
evergreen,10,10,0.0,0,0.0,0,0,,False,scattered,
fang,10,10,0.0,0,0.0,0,0,,False,scattered,
force,10,10,0.0,0,0.0,0,0,,False,scattered,
forward,10,10,0.0,0,0.0,0,0,,False,scattered,
fransisco,10,10,0.0,0,0.0,0,0,,False,scattered,
fred,10,10,0.0,0,0.0,0,0,,False,scattered,
han,10,9,0.0,0,0.0,0,0,,False,scattered,
hoffman,10,8,0.0,0,0.0,0,0,,False,scattered,
hop,10,7,0.0,0,0.0,0,0,,False,scattered,
insight,10,9,0.0,0,0.0,0,0,,False,scattered,
jake,10,9,0.0,0,0.0,0,0,,False,scattered,
jang,10,10,0.0,0,0.0,0,0,,False,scattered,
keith,10,8,0.0,0,0.0,0,0,,False,scattered,
kfc,10,10,0.0,0,0.0,0,0,,False,scattered,
kings,10,10,0.0,0,0.0,0,0,,False,scattered,
kristen,10,9,0.0,0,0.0,0,0,,False,scattered,
kumon,10,10,0.0,0,0.0,0,0,,False,scattered,
labcorp,10,10,0.0,0,0.0,0,0,,False,scattered,
london,10,9,0.0,0,0.0,0,0,,False,scattered,
louis,10,10,0.0,0,0.0,0,0,,False,scattered,
lowe,10,9,0.0,0,0.0,0,0,,False,scattered,
maureen,10,9,0.0,0,0.0,0,0,,False,scattered,
mia,10,10,0.0,0,0.0,0,0,,False,scattered,
mindful,10,9,0.0,0,0.0,0,0,,False,scattered,
ministerios,10,9,0.0,0,0.0,0,0,,False,scattered,
motorcycle,10,8,0.0,0,0.0,0,0,,False,scattered,
mt,10,9,0.0,0,0.0,0,0,,False,scattered,
muscle,10,10,0.0,0,0.0,0,0,,False,scattered,
napa,10,9,0.0,0,0.0,0,0,,False,scattered,
official,10,10,0.0,0,0.0,0,0,,False,scattered,
oil,10,10,0.0,0,0.0,0,0,,False,scattered,
olson,10,10,0.0,0,0.0,0,0,,False,scattered,
paws,10,10,0.0,0,0.0,0,0,,False,scattered,
pete,10,9,0.0,0,0.0,0,0,,False,scattered,
peterson,10,7,0.0,0,0.0,0,0,,False,scattered,
petite,10,10,0.0,0,0.0,0,0,,False,scattered,
phillips,10,9,0.0,0,0.0,0,0,,False,scattered,
plants,10,8,0.0,0,0.0,0,0,,False,scattered,
pre,10,10,0.0,0,0.0,0,0,,False,scattered,
presents,10,10,0.0,0,0.0,0,0,,False,scattered,
qi,10,9,0.0,0,0.0,0,0,,False,scattered,
quest,10,9,0.0,0,0.0,0,0,,False,scattered,
ralph,10,10,0.0,0,0.0,0,0,,False,scattered,
ramirez,10,10,0.0,0,0.0,0,0,,False,scattered,
reach,10,10,0.0,0,0.0,0,0,,False,scattered,
renaissance,10,10,0.0,0,0.0,0,0,,False,scattered,
retailer,10,10,0.0,0,0.0,0,0,,False,scattered,
reyes,10,10,0.0,0,0.0,0,0,,False,scattered,
rio,10,10,0.0,0,0.0,0,0,,False,scattered,
rising,10,10,0.0,0,0.0,0,0,,False,scattered,
river,10,10,0.0,0,0.0,0,0,,False,scattered,
rooms,10,10,0.0,0,0.0,0,0,,False,scattered,
sake,10,10,0.0,0,0.0,0,0,,False,scattered,
santa,10,9,0.0,0,0.0,0,0,,False,scattered,
side,10,10,0.0,0,0.0,0,0,,False,scattered,
sign,10,10,0.0,0,0.0,0,0,,False,scattered,
signature,10,10,0.0,0,0.0,0,0,,False,scattered,
singh,10,8,0.0,0,0.0,0,0,,False,scattered,
stand,10,9,0.0,0,0.0,0,0,,False,scattered,
stores,10,10,0.0,0,0.0,0,0,,False,scattered,
sunny,10,9,0.0,0,0.0,0,0,,False,scattered,
ten,10,10,0.0,0,0.0,0,0,,False,scattered,
tina,10,10,0.0,0,0.0,0,0,,False,scattered,
today,10,8,0.0,0,0.0,0,0,,False,scattered,
too,10,10,0.0,0,0.0,0,0,,False,scattered,
torres,10,9,0.0,0,0.0,0,0,,False,scattered,
tri,10,9,0.0,0,0.0,0,0,,False,scattered,
uncle,10,10,0.0,0,0.0,0,0,,False,scattered,
urology,10,7,0.0,0,0.0,0,0,,False,scattered,
usps,10,10,0.0,0,0.0,0,0,,False,scattered,
vanessa,10,10,0.0,0,0.0,0,0,,False,scattered,
veronica,10,9,0.0,0,0.0,0,0,,False,scattered,
weddings,10,9,0.0,0,0.0,0,0,,False,scattered,
welcome,10,10,0.0,0,0.0,0,0,,False,scattered,
woo,10,9,0.0,0,0.0,0,0,,False,scattered,
ad,9,9,0.0,0,0.0,0,0,,False,scattered,
addiction,9,9,0.0,0,0.0,0,0,,False,scattered,
adler,9,9,0.0,0,0.0,0,0,,False,scattered,
affinity,9,8,0.0,0,0.0,0,0,,False,scattered,
albert,9,7,0.0,0,0.0,0,0,,False,scattered,
allan,9,8,0.0,0,0.0,0,0,,False,scattered,
antonio,9,9,0.0,0,0.0,0,0,,False,scattered,
artistry,9,8,0.0,0,0.0,0,0,,False,scattered,
avalon,9,9,0.0,0,0.0,0,0,,False,scattered,
banh,9,8,0.0,0,0.0,0,0,,False,scattered,
boxing,9,9,0.0,0,0.0,0,0,,False,scattered,
brooks,9,8,0.0,0,0.0,0,0,,False,scattered,
bubbles,9,9,0.0,0,0.0,0,0,,False,scattered,
cakes,9,9,0.0,0,0.0,0,0,,False,scattered,
cell,9,8,0.0,0,0.0,0,0,,False,scattered,
cellar,9,8,0.0,0,0.0,0,0,,False,scattered,
cheryl,9,9,0.0,0,0.0,0,0,,False,scattered,
chun,9,8,0.0,0,0.0,0,0,,False,scattered,
coleman,9,9,0.0,0,0.0,0,0,,False,scattered,
comfort,9,8,0.0,0,0.0,0,0,,False,scattered,
connie,9,8,0.0,0,0.0,0,0,,False,scattered,
consignment,9,9,0.0,0,0.0,0,0,,False,scattered,
costa,9,8,0.0,0,0.0,0,0,,False,scattered,
deborah,9,9,0.0,0,0.0,0,0,,False,scattered,
diagnostic,9,8,0.0,0,0.0,0,0,,False,scattered,
dimension,9,8,0.0,0,0.0,0,0,,False,scattered,
direct,9,6,0.0,0,0.0,0,0,,False,scattered,
dna,9,8,0.0,0,0.0,0,0,,False,scattered,
donna,9,8,0.0,0,0.0,0,0,,False,scattered,
duper,9,9,0.0,0,0.0,0,0,,False,scattered,
echo,9,9,0.0,0,0.0,0,0,,False,scattered,
endodontics,9,8,0.0,0,0.0,0,0,,False,scattered,
eva,9,9,0.0,0,0.0,0,0,,False,scattered,
eyebrows,9,9,0.0,0,0.0,0,0,,False,scattered,
feet,9,9,0.0,0,0.0,0,0,,False,scattered,
fencing,9,6,0.0,0,0.0,0,0,,False,scattered,
flores,9,9,0.0,0,0.0,0,0,,False,scattered,
flying,9,9,0.0,0,0.0,0,0,,False,scattered,
frame,9,9,0.0,0,0.0,0,0,,False,scattered,
gap,9,8,0.0,0,0.0,0,0,,False,scattered,
gastroenterology,9,5,0.0,0,0.0,0,0,,False,scattered,
gentle,9,8,0.0,0,0.0,0,0,,False,scattered,
gus,9,9,0.0,0,0.0,0,0,,False,scattered,
hahn,9,7,0.0,0,0.0,0,0,,False,scattered,
hands,9,9,0.0,0,0.0,0,0,,False,scattered,
hauling,9,9,0.0,0,0.0,0,0,,False,scattered,
herb,9,9,0.0,0,0.0,0,0,,False,scattered,
hero,9,7,0.0,0,0.0,0,0,,False,scattered,
hilton,9,7,0.0,0,0.0,0,0,,False,scattered,
hospice,9,9,0.0,0,0.0,0,0,,False,scattered,
hu,9,9,0.0,0,0.0,0,0,,False,scattered,
hudson,9,6,0.0,0,0.0,0,0,,False,scattered,
hui,9,8,0.0,0,0.0,0,0,,False,scattered,
hummus,9,9,0.0,0,0.0,0,0,,False,scattered,
ike,9,9,0.0,0,0.0,0,0,,False,scattered,
improvement,9,8,0.0,0,0.0,0,0,,False,scattered,
indoor,9,9,0.0,0,0.0,0,0,,False,scattered,
industry,9,9,0.0,0,0.0,0,0,,False,scattered,
interactive,9,9,0.0,0,0.0,0,0,,False,scattered,
iris,9,9,0.0,0,0.0,0,0,,False,scattered,
jasmine,9,9,0.0,0,0.0,0,0,,False,scattered,
jehovah,9,9,0.0,0,0.0,0,0,,False,scattered,
kaufman,9,8,0.0,0,0.0,0,0,,False,scattered,
kay,9,9,0.0,0,0.0,0,0,,False,scattered,
koret,9,9,0.0,0,0.0,0,0,,False,scattered,
ladies,9,8,0.0,0,0.0,0,0,,False,scattered,
larry,9,9,0.0,0,0.0,0,0,,False,scattered,
learn,9,9,0.0,0,0.0,0,0,,False,scattered,
leo,9,8,0.0,0,0.0,0,0,,False,scattered,
loco,9,9,0.0,0,0.0,0,0,,False,scattered,
lord,9,8,0.0,0,0.0,0,0,,False,scattered,
luis,9,8,0.0,0,0.0,0,0,,False,scattered,
lunch,9,9,0.0,0,0.0,0,0,,False,scattered,
madison,9,9,0.0,0,0.0,0,0,,False,scattered,
malcolm,9,9,0.0,0,0.0,0,0,,False,scattered,
mango,9,9,0.0,0,0.0,0,0,,False,scattered,
mar,9,9,0.0,0,0.0,0,0,,False,scattered,
mba,9,7,0.0,0,0.0,0,0,,False,scattered,
mcguire,9,6,0.0,0,0.0,0,0,,False,scattered,
nannybag,9,9,0.0,0,0.0,0,0,,False,scattered,
near,9,9,0.0,0,0.0,0,0,,False,scattered,
oakland,9,9,0.0,0,0.0,0,0,,False,scattered,
obstetrics,9,8,0.0,0,0.0,0,0,,False,scattered,
organization,9,9,0.0,0,0.0,0,0,,False,scattered,
otolaryngology,9,7,0.0,0,0.0,0,0,,False,scattered,
papyrus,9,9,0.0,0,0.0,0,0,,False,scattered,
patch,9,9,0.0,0,0.0,0,0,,False,scattered,
perry,9,9,0.0,0,0.0,0,0,,False,scattered,
pig,9,9,0.0,0,0.0,0,0,,False,scattered,
quinn,9,8,0.0,0,0.0,0,0,,False,scattered,
raw,9,9,0.0,0,0.0,0,0,,False,scattered,
realtors,9,9,0.0,0,0.0,0,0,,False,scattered,
reconstructive,9,6,0.0,0,0.0,0,0,,False,scattered,
removal,9,9,0.0,0,0.0,0,0,,False,scattered,
ridge,9,9,0.0,0,0.0,0,0,,False,scattered,
santos,9,6,0.0,0,0.0,0,0,,False,scattered,
schmidt,9,8,0.0,0,0.0,0,0,,False,scattered,
schwartz,9,9,0.0,0,0.0,0,0,,False,scattered,
select,9,9,0.0,0,0.0,0,0,,False,scattered,
seventh,9,8,0.0,0,0.0,0,0,,False,scattered,
sex,9,8,0.0,0,0.0,0,0,,False,scattered,
shear,9,9,0.0,0,0.0,0,0,,False,scattered,
shoppe,9,9,0.0,0,0.0,0,0,,False,scattered,
sidewalk,9,9,0.0,0,0.0,0,0,,False,scattered,
song,9,7,0.0,0,0.0,0,0,,False,scattered,
staging,9,9,0.0,0,0.0,0,0,,False,scattered,
step,9,9,0.0,0,0.0,0,0,,False,scattered,
sunflower,9,9,0.0,0,0.0,0,0,,False,scattered,
supercuts,9,9,0.0,0,0.0,0,0,,False,scattered,
terry,9,8,0.0,0,0.0,0,0,,False,scattered,
tire,9,9,0.0,0,0.0,0,0,,False,scattered,
trauma,9,8,0.0,0,0.0,0,0,,False,scattered,
treats,9,8,0.0,0,0.0,0,0,,False,scattered,
valerie,9,9,0.0,0,0.0,0,0,,False,scattered,
vegan,9,7,0.0,0,0.0,0,0,,False,scattered,
victory,9,8,0.0,0,0.0,0,0,,False,scattered,
viet,9,9,0.0,0,0.0,0,0,,False,scattered,
vital,9,9,0.0,0,0.0,0,0,,False,scattered,
wallace,9,9,0.0,0,0.0,0,0,,False,scattered,
weber,9,8,0.0,0,0.0,0,0,,False,scattered,
what,9,9,0.0,0,0.0,0,0,,False,scattered,
witnesses,9,9,0.0,0,0.0,0,0,,False,scattered,
yin,9,8,0.0,0,0.0,0,0,,False,scattered,
yuan,9,9,0.0,0,0.0,0,0,,False,scattered,
zoe,9,7,0.0,0,0.0,0,0,,False,scattered,
accessories,8,8,0.0,0,0.0,0,0,,False,scattered,
adventist,8,7,0.0,0,0.0,0,0,,False,scattered,
arena,8,8,0.0,0,0.0,0,0,,False,scattered,
assoc,8,8,0.0,0,0.0,0,0,,False,scattered,
athletics,8,8,0.0,0,0.0,0,0,,False,scattered,
bakeshop,8,8,0.0,0,0.0,0,0,,False,scattered,
baldwin,8,8,0.0,0,0.0,0,0,,False,scattered,
ballroom,8,8,0.0,0,0.0,0,0,,False,scattered,
barnes,8,8,0.0,0,0.0,0,0,,False,scattered,
basement,8,6,0.0,0,0.0,0,0,,False,scattered,
belle,8,8,0.0,0,0.0,0,0,,False,scattered,
birth,8,7,0.0,0,0.0,0,0,,False,scattered,
blu,8,8,0.0,0,0.0,0,0,,False,scattered,
bodyrok,8,6,0.0,0,0.0,0,0,,False,scattered,
bold,8,7,0.0,0,0.0,0,0,,False,scattered,
brilliant,8,7,0.0,0,0.0,0,0,,False,scattered,
builder,8,8,0.0,0,0.0,0,0,,False,scattered,
carpets,8,8,0.0,0,0.0,0,0,,False,scattered,
case,8,8,0.0,0,0.0,0,0,,False,scattered,
casting,8,7,0.0,0,0.0,0,0,,False,scattered,
chew,8,7,0.0,0,0.0,0,0,,False,scattered,
chiu,8,7,0.0,0,0.0,0,0,,False,scattered,
citi,8,7,0.0,0,0.0,0,0,,False,scattered,
collections,8,8,0.0,0,0.0,0,0,,False,scattered,
complete,8,8,0.0,0,0.0,0,0,,False,scattered,
conditioning,8,8,0.0,0,0.0,0,0,,False,scattered,
connor,8,7,0.0,0,0.0,0,0,,False,scattered,
conrad,8,7,0.0,0,0.0,0,0,,False,scattered,
corepower,8,8,0.0,0,0.0,0,0,,False,scattered,
creation,8,8,0.0,0,0.0,0,0,,False,scattered,
critical,8,7,0.0,0,0.0,0,0,,False,scattered,
cycles,8,8,0.0,0,0.0,0,0,,False,scattered,
dancers,8,8,0.0,0,0.0,0,0,,False,scattered,
debra,8,8,0.0,0,0.0,0,0,,False,scattered,
delta,8,8,0.0,0,0.0,0,0,,False,scattered,
detail,8,8,0.0,0,0.0,0,0,,False,scattered,
doctors,8,8,0.0,0,0.0,0,0,,False,scattered,
dot,8,8,0.0,0,0.0,0,0,,False,scattered,
drink,8,8,0.0,0,0.0,0,0,,False,scattered,
dynamic,8,8,0.0,0,0.0,0,0,,False,scattered,
elaine,8,8,0.0,0,0.0,0,0,,False,scattered,
elephant,8,8,0.0,0,0.0,0,0,,False,scattered,
ella,8,7,0.0,0,0.0,0,0,,False,scattered,
ellen,8,8,0.0,0,0.0,0,0,,False,scattered,
emerald,8,8,0.0,0,0.0,0,0,,False,scattered,
emporium,8,8,0.0,0,0.0,0,0,,False,scattered,
engine,8,8,0.0,0,0.0,0,0,,False,scattered,
enjoy,8,8,0.0,0,0.0,0,0,,False,scattered,
evolve,8,8,0.0,0,0.0,0,0,,False,scattered,
extramile,8,8,0.0,0,0.0,0,0,,False,scattered,
finest,8,8,0.0,0,0.0,0,0,,False,scattered,
flora,8,8,0.0,0,0.0,0,0,,False,scattered,
foundry,8,4,0.0,0,0.0,0,0,,False,scattered,
friend,8,7,0.0,0,0.0,0,0,,False,scattered,
gallagher,8,8,0.0,0,0.0,0,0,,False,scattered,
garrett,8,8,0.0,0,0.0,0,0,,False,scattered,
gee,8,8,0.0,0,0.0,0,0,,False,scattered,
gibson,8,8,0.0,0,0.0,0,0,,False,scattered,
greene,8,8,0.0,0,0.0,0,0,,False,scattered,
grotto,8,6,0.0,0,0.0,0,0,,False,scattered,
grow,8,8,0.0,0,0.0,0,0,,False,scattered,
guzman,8,8,0.0,0,0.0,0,0,,False,scattered,
ha,8,8,0.0,0,0.0,0,0,,False,scattered,
hard,8,8,0.0,0,0.0,0,0,,False,scattered,
hat,8,8,0.0,0,0.0,0,0,,False,scattered,
hathaway,8,6,0.0,0,0.0,0,0,,False,scattered,
heath,8,6,0.0,0,0.0,0,0,,False,scattered,
hive,8,8,0.0,0,0.0,0,0,,False,scattered,
holding,8,8,0.0,0,0.0,0,0,,False,scattered,
hours,8,8,0.0,0,0.0,0,0,,False,scattered,
hvac,8,8,0.0,0,0.0,0,0,,False,scattered,
implant,8,7,0.0,0,0.0,0,0,,False,scattered,
industries,8,8,0.0,0,0.0,0,0,,False,scattered,
inspections,8,8,0.0,0,0.0,0,0,,False,scattered,
interventional,8,6,0.0,0,0.0,0,0,,False,scattered,
jaime,8,8,0.0,0,0.0,0,0,,False,scattered,
janice,8,8,0.0,0,0.0,0,0,,False,scattered,
jessie,8,7,0.0,0,0.0,0,0,,False,scattered,
jin,8,7,0.0,0,0.0,0,0,,False,scattered,
jt,8,8,0.0,0,0.0,0,0,,False,scattered,
kathryn,8,7,0.0,0,0.0,0,0,,False,scattered,
kidney,8,8,0.0,0,0.0,0,0,,False,scattered,
kidz,8,7,0.0,0,0.0,0,0,,False,scattered,
kiosk,8,8,0.0,0,0.0,0,0,,False,scattered,
kirk,8,7,0.0,0,0.0,0,0,,False,scattered,
klein,8,7,0.0,0,0.0,0,0,,False,scattered,
knights,8,7,0.0,0,0.0,0,0,,False,scattered,
leon,8,7,0.0,0,0.0,0,0,,False,scattered,
lloyd,8,8,0.0,0,0.0,0,0,,False,scattered,
lock,8,8,0.0,0,0.0,0,0,,False,scattered,
lush,8,8,0.0,0,0.0,0,0,,False,scattered,
macdonald,8,7,0.0,0,0.0,0,0,,False,scattered,
marble,8,8,0.0,0,0.0,0,0,,False,scattered,
mario,8,8,0.0,0,0.0,0,0,,False,scattered,
mateo,8,8,0.0,0,0.0,0,0,,False,scattered,
mccarthy,8,8,0.0,0,0.0,0,0,,False,scattered,
mclaughlin,8,8,0.0,0,0.0,0,0,,False,scattered,
meet,8,8,0.0,0,0.0,0,0,,False,scattered,
meridian,8,8,0.0,0,0.0,0,0,,False,scattered,
mixt,8,8,0.0,0,0.0,0,0,,False,scattered,
mob,8,8,0.0,0,0.0,0,0,,False,scattered,
momo,8,8,0.0,0,0.0,0,0,,False,scattered,
monkey,8,8,0.0,0,0.0,0,0,,False,scattered,
morning,8,8,0.0,0,0.0,0,0,,False,scattered,
multi,8,6,0.0,0,0.0,0,0,,False,scattered,
nathan,8,8,0.0,0,0.0,0,0,,False,scattered,
nicolas,8,8,0.0,0,0.0,0,0,,False,scattered,
odyssey,8,8,0.0,0,0.0,0,0,,False,scattered,
olive,8,8,0.0,0,0.0,0,0,,False,scattered,
om,8,8,0.0,0,0.0,0,0,,False,scattered,
omega,8,6,0.0,0,0.0,0,0,,False,scattered,
option,8,8,0.0,0,0.0,0,0,,False,scattered,
palm,8,8,0.0,0,0.0,0,0,,False,scattered,
pedro,8,8,0.0,0,0.0,0,0,,False,scattered,
peggy,8,7,0.0,0,0.0,0,0,,False,scattered,
playhouse,8,7,0.0,0,0.0,0,0,,False,scattered,
pottery,8,8,0.0,0,0.0,0,0,,False,scattered,
prince,8,8,0.0,0,0.0,0,0,,False,scattered,
promenade,8,8,0.0,0,0.0,0,0,,False,scattered,
quan,8,8,0.0,0,0.0,0,0,,False,scattered,
radiation,8,8,0.0,0,0.0,0,0,,False,scattered,
randy,8,8,0.0,0,0.0,0,0,,False,scattered,
resharp,8,8,0.0,0,0.0,0,0,,False,scattered,
revolution,8,8,0.0,0,0.0,0,0,,False,scattered,
rick,8,8,0.0,0,0.0,0,0,,False,scattered,
roof,8,8,0.0,0,0.0,0,0,,False,scattered,
rx,8,8,0.0,0,0.0,0,0,,False,scattered,
salsa,8,5,0.0,0,0.0,0,0,,False,scattered,
sell,8,7,0.0,0,0.0,0,0,,False,scattered,
seniors,8,8,0.0,0,0.0,0,0,,False,scattered,
sexual,8,8,0.0,0,0.0,0,0,,False,scattered,
shade,8,8,0.0,0,0.0,0,0,,False,scattered,
shepherd,8,8,0.0,0,0.0,0,0,,False,scattered,
silva,8,7,0.0,0,0.0,0,0,,False,scattered,
sister,8,7,0.0,0,0.0,0,0,,False,scattered,
snow,8,8,0.0,0,0.0,0,0,,False,scattered,
spicy,8,6,0.0,0,0.0,0,0,,False,scattered,
staffed,8,8,0.0,0,0.0,0,0,,False,scattered,
stein,8,8,0.0,0,0.0,0,0,,False,scattered,
superior,8,8,0.0,0,0.0,0,0,,False,scattered,
surveying,8,7,0.0,0,0.0,0,0,,False,scattered,
swing,8,7,0.0,0,0.0,0,0,,False,scattered,
talk,8,8,0.0,0,0.0,0,0,,False,scattered,
target,8,8,0.0,0,0.0,0,0,,False,scattered,
teaching,8,8,0.0,0,0.0,0,0,,False,scattered,
teresa,8,7,0.0,0,0.0,0,0,,False,scattered,
teriyaki,8,8,0.0,0,0.0,0,0,,False,scattered,
theory,8,8,0.0,0,0.0,0,0,,False,scattered,
this,8,8,0.0,0,0.0,0,0,,False,scattered,
tommy,8,8,0.0,0,0.0,0,0,,False,scattered,
tone,8,8,0.0,0,0.0,0,0,,False,scattered,
trainer,8,7,0.0,0,0.0,0,0,,False,scattered,
tung,8,7,0.0,0,0.0,0,0,,False,scattered,
ukrainian,8,3,0.0,0,0.0,0,0,,False,scattered,
ultimate,8,8,0.0,0,0.0,0,0,,False,scattered,
unity,8,8,0.0,0,0.0,0,0,,False,scattered,
vacation,8,8,0.0,0,0.0,0,0,,False,scattered,
value,8,7,0.0,0,0.0,0,0,,False,scattered,
visitor,8,8,0.0,0,0.0,0,0,,False,scattered,
wave,8,8,0.0,0,0.0,0,0,,False,scattered,
waxing,8,8,0.0,0,0.0,0,0,,False,scattered,
weed,8,7,0.0,0,0.0,0,0,,False,scattered,
winter,8,7,0.0,0,0.0,0,0,,False,scattered,
won,8,8,0.0,0,0.0,0,0,,False,scattered,
yale,8,8,0.0,0,0.0,0,0,,False,scattered,
yo,8,8,0.0,0,0.0,0,0,,False,scattered,
yvonne,8,7,0.0,0,0.0,0,0,,False,scattered,
aau,7,7,0.0,0,0.0,0,0,,False,scattered,
abel,7,4,0.0,0,0.0,0,0,,False,scattered,
abm,7,5,0.0,0,0.0,0,0,,False,scattered,
absolute,7,6,0.0,0,0.0,0,0,,False,scattered,
abuse,7,6,0.0,0,0.0,0,0,,False,scattered,
act,7,7,0.0,0,0.0,0,0,,False,scattered,
affordable,7,7,0.0,0,0.0,0,0,,False,scattered,
age,7,7,0.0,0,0.0,0,0,,False,scattered,
aguilar,7,6,0.0,0,0.0,0,0,,False,scattered,
alioto,7,6,0.0,0,0.0,0,0,,False,scattered,
alla,7,7,0.0,0,0.0,0,0,,False,scattered,
alumni,7,7,0.0,0,0.0,0,0,,False,scattered,
always,7,7,0.0,0,0.0,0,0,,False,scattered,
ambiance,7,7,0.0,0,0.0,0,0,,False,scattered,
amc,7,6,0.0,0,0.0,0,0,,False,scattered,
analysis,7,7,0.0,0,0.0,0,0,,False,scattered,
andersen,7,7,0.0,0,0.0,0,0,,False,scattered,
andre,7,7,0.0,0,0.0,0,0,,False,scattered,
arco,7,7,0.0,0,0.0,0,0,,False,scattered,
arnold,7,7,0.0,0,0.0,0,0,,False,scattered,
ascend,7,7,0.0,0,0.0,0,0,,False,scattered,
athena,7,7,0.0,0,0.0,0,0,,False,scattered,
aurora,7,7,0.0,0,0.0,0,0,,False,scattered,
bautista,7,7,0.0,0,0.0,0,0,,False,scattered,
beck,7,7,0.0,0,0.0,0,0,,False,scattered,
bei,7,6,0.0,0,0.0,0,0,,False,scattered,
beijing,7,7,0.0,0,0.0,0,0,,False,scattered,
bentley,7,6,0.0,0,0.0,0,0,,False,scattered,
berger,7,7,0.0,0,0.0,0,0,,False,scattered,
blossom,7,6,0.0,0,0.0,0,0,,False,scattered,
bowling,7,7,0.0,0,0.0,0,0,,False,scattered,
brenda,7,6,0.0,0,0.0,0,0,,False,scattered,
bubble,7,7,0.0,0,0.0,0,0,,False,scattered,
cafeteria,7,7,0.0,0,0.0,0,0,,False,scattered,
carolyn,7,5,0.0,0,0.0,0,0,,False,scattered,
cecilia,7,7,0.0,0,0.0,0,0,,False,scattered,
chao,7,7,0.0,0,0.0,0,0,,False,scattered,
chelsea,7,7,0.0,0,0.0,0,0,,False,scattered,
cherry,7,7,0.0,0,0.0,0,0,,False,scattered,
chico,7,7,0.0,0,0.0,0,0,,False,scattered,
childrens,7,7,0.0,0,0.0,0,0,,False,scattered,
chiropractor,7,7,0.0,0,0.0,0,0,,False,scattered,
cleaner,7,7,0.0,0,0.0,0,0,,False,scattered,
coinstar,7,6,0.0,0,0.0,0,0,,False,scattered,
comcast,7,7,0.0,0,0.0,0,0,,False,scattered,
comics,7,7,0.0,0,0.0,0,0,,False,scattered,
continental,7,7,0.0,0,0.0,0,0,,False,scattered,
corcoran,7,4,0.0,0,0.0,0,0,,False,scattered,
crescent,7,6,0.0,0,0.0,0,0,,False,scattered,
criminal,7,7,0.0,0,0.0,0,0,,False,scattered,
dark,7,7,0.0,0,0.0,0,0,,False,scattered,
davita,7,5,0.0,0,0.0,0,0,,False,scattered,
delight,7,7,0.0,0,0.0,0,0,,False,scattered,
democratic,7,6,0.0,0,0.0,0,0,,False,scattered,
dome,7,7,0.0,0,0.0,0,0,,False,scattered,
dorothy,7,6,0.0,0,0.0,0,0,,False,scattered,
doula,7,4,0.0,0,0.0,0,0,,False,scattered,
dylan,7,7,0.0,0,0.0,0,0,,False,scattered,
eating,7,6,0.0,0,0.0,0,0,,False,scattered,
eddie,7,7,0.0,0,0.0,0,0,,False,scattered,
essentials,7,7,0.0,0,0.0,0,0,,False,scattered,
euro,7,7,0.0,0,0.0,0,0,,False,scattered,
evelyn,7,7,0.0,0,0.0,0,0,,False,scattered,
excel,7,7,0.0,0,0.0,0,0,,False,scattered,
faap,7,3,0.0,0,0.0,0,0,,False,scattered,
fairmont,7,2,0.0,0,0.0,0,0,,False,scattered,
fcti,7,7,0.0,0,0.0,0,0,,False,scattered,
felicia,7,6,0.0,0,0.0,0,0,,False,scattered,
fixers,7,7,0.0,0,0.0,0,0,,False,scattered,
flight,7,7,0.0,0,0.0,0,0,,False,scattered,
franciscan,7,6,0.0,0,0.0,0,0,,False,scattered,
frederick,7,7,0.0,0,0.0,0,0,,False,scattered,
frog,7,7,0.0,0,0.0,0,0,,False,scattered,
garfield,7,4,0.0,0,0.0,0,0,,False,scattered,
geek,7,7,0.0,0,0.0,0,0,,False,scattered,
gems,7,6,0.0,0,0.0,0,0,,False,scattered,
gender,7,7,0.0,0,0.0,0,0,,False,scattered,
gilbert,7,7,0.0,0,0.0,0,0,,False,scattered,
goldberg,7,6,0.0,0,0.0,0,0,,False,scattered,
got,7,7,0.0,0,0.0,0,0,,False,scattered,
grady,7,7,0.0,0,0.0,0,0,,False,scattered,
grateful,7,7,0.0,0,0.0,0,0,,False,scattered,
grind,7,7,0.0,0,0.0,0,0,,False,scattered,
guru,7,7,0.0,0,0.0,0,0,,False,scattered,
harper,7,7,0.0,0,0.0,0,0,,False,scattered,
hearth,7,7,0.0,0,0.0,0,0,,False,scattered,
her,7,7,0.0,0,0.0,0,0,,False,scattered,
herbert,7,6,0.0,0,0.0,0,0,,False,scattered,
hilltop,7,5,0.0,0,0.0,0,0,,False,scattered,
hoang,7,6,0.0,0,0.0,0,0,,False,scattered,
hole,7,6,0.0,0,0.0,0,0,,False,scattered,
ignition,7,7,0.0,0,0.0,0,0,,False,scattered,
immersion,7,7,0.0,0,0.0,0,0,,False,scattered,
insights,7,7,0.0,0,0.0,0,0,,False,scattered,
interlock,7,6,0.0,0,0.0,0,0,,False,scattered,
islamic,7,7,0.0,0,0.0,0,0,,False,scattered,
journal,7,7,0.0,0,0.0,0,0,,False,scattered,
jung,7,7,0.0,0,0.0,0,0,,False,scattered,
kabob,7,7,0.0,0,0.0,0,0,,False,scattered,
keller,7,5,0.0,0,0.0,0,0,,False,scattered,
kindred,7,7,0.0,0,0.0,0,0,,False,scattered,
kitchens,7,7,0.0,0,0.0,0,0,,False,scattered,
kyle,7,7,0.0,0,0.0,0,0,,False,scattered,
landscaping,7,6,0.0,0,0.0,0,0,,False,scattered,
laurie,7,6,0.0,0,0.0,0,0,,False,scattered,
leap,7,7,0.0,0,0.0,0,0,,False,scattered,
leonard,7,7,0.0,0,0.0,0,0,,False,scattered,
liang,7,7,0.0,0,0.0,0,0,,False,scattered,
limited,7,7,0.0,0,0.0,0,0,,False,scattered,
lindo,7,7,0.0,0,0.0,0,0,,False,scattered,
lobby,7,7,0.0,0,0.0,0,0,,False,scattered,
mack,7,7,0.0,0,0.0,0,0,,False,scattered,
mann,7,6,0.0,0,0.0,0,0,,False,scattered,
manuel,7,7,0.0,0,0.0,0,0,,False,scattered,
marathon,7,7,0.0,0,0.0,0,0,,False,scattered,
match,7,7,0.0,0,0.0,0,0,,False,scattered,
maurice,7,6,0.0,0,0.0,0,0,,False,scattered,
maxwell,7,7,0.0,0,0.0,0,0,,False,scattered,
mercantile,7,7,0.0,0,0.0,0,0,,False,scattered,
metreon,7,2,0.0,0,0.0,0,0,,False,scattered,
mills,7,7,0.0,0,0.0,0,0,,False,scattered,
miracle,7,7,0.0,0,0.0,0,0,,False,scattered,
mirror,7,7,0.0,0,0.0,0,0,,False,scattered,
mold,7,7,0.0,0,0.0,0,0,,False,scattered,
monastery,7,7,0.0,0,0.0,0,0,,False,scattered,
monroe,7,6,0.0,0,0.0,0,0,,False,scattered,
mortar,7,6,0.0,0,0.0,0,0,,False,scattered,
mortuary,7,7,0.0,0,0.0,0,0,,False,scattered,
movie,7,7,0.0,0,0.0,0,0,,False,scattered,
nam,7,7,0.0,0,0.0,0,0,,False,scattered,
neill,7,7,0.0,0,0.0,0,0,,False,scattered,
newman,7,7,0.0,0,0.0,0,0,,False,scattered,
norman,7,7,0.0,0,0.0,0,0,,False,scattered,
number,7,7,0.0,0,0.0,0,0,,False,scattered,
orlando,7,6,0.0,0,0.0,0,0,,False,scattered,
pak,7,7,0.0,0,0.0,0,0,,False,scattered,
pamela,7,7,0.0,0,0.0,0,0,,False,scattered,
paradise,7,7,0.0,0,0.0,0,0,,False,scattered,
pat,7,7,0.0,0,0.0,0,0,,False,scattered,
patrol,7,7,0.0,0,0.0,0,0,,False,scattered,
perez,7,7,0.0,0,0.0,0,0,,False,scattered,
perinatal,7,6,0.0,0,0.0,0,0,,False,scattered,
permanent,7,7,0.0,0,0.0,0,0,,False,scattered,
phil,7,7,0.0,0,0.0,0,0,,False,scattered,
pies,7,7,0.0,0,0.0,0,0,,False,scattered,
price,7,7,0.0,0,0.0,0,0,,False,scattered,
prints,7,6,0.0,0,0.0,0,0,,False,scattered,
quantum,7,7,0.0,0,0.0,0,0,,False,scattered,
railway,7,7,0.0,0,0.0,0,0,,False,scattered,
recharge,7,7,0.0,0,0.0,0,0,,False,scattered,
reflexology,7,6,0.0,0,0.0,0,0,,False,scattered,
reveille,7,7,0.0,0,0.0,0,0,,False,scattered,
rex,7,7,0.0,0,0.0,0,0,,False,scattered,
riley,7,7,0.0,0,0.0,0,0,,False,scattered,
risk,7,5,0.0,0,0.0,0,0,,False,scattered,
roberto,7,7,0.0,0,0.0,0,0,,False,scattered,
rockitcoin,7,7,0.0,0,0.0,0,0,,False,scattered,
rooster,7,7,0.0,0,0.0,0,0,,False,scattered,
rouge,7,6,0.0,0,0.0,0,0,,False,scattered,
rubin,7,6,0.0,0,0.0,0,0,,False,scattered,
salvador,7,6,0.0,0,0.0,0,0,,False,scattered,
santo,7,7,0.0,0,0.0,0,0,,False,scattered,
seth,7,6,0.0,0,0.0,0,0,,False,scattered,
sfusd,7,7,0.0,0,0.0,0,0,,False,scattered,
shades,7,7,0.0,0,0.0,0,0,,False,scattered,
shore,7,7,0.0,0,0.0,0,0,,False,scattered,
somatic,7,5,0.0,0,0.0,0,0,,False,scattered,
sprouts,7,7,0.0,0,0.0,0,0,,False,scattered,
starr,7,5,0.0,0,0.0,0,0,,False,scattered,
stitch,7,5,0.0,0,0.0,0,0,,False,scattered,
svc,7,7,0.0,0,0.0,0,0,,False,scattered,
swim,7,7,0.0,0,0.0,0,0,,False,scattered,
taoist,7,7,0.0,0,0.0,0,0,,False,scattered,
tapas,7,7,0.0,0,0.0,0,0,,False,scattered,
tasty,7,7,0.0,0,0.0,0,0,,False,scattered,
teacher,7,7,0.0,0,0.0,0,0,,False,scattered,
thanh,7,6,0.0,0,0.0,0,0,,False,scattered,
therapeutics,7,7,0.0,0,0.0,0,0,,False,scattered,
treasures,7,7,0.0,0,0.0,0,0,,False,scattered,
urbana,7,6,0.0,0,0.0,0,0,,False,scattered,
vega,7,7,0.0,0,0.0,0,0,,False,scattered,
venus,7,7,0.0,0,0.0,0,0,,False,scattered,
vineyards,7,7,0.0,0,0.0,0,0,,False,scattered,
vs,7,7,0.0,0,0.0,0,0,,False,scattered,
walden,7,7,0.0,0,0.0,0,0,,False,scattered,
weiss,7,7,0.0,0,0.0,0,0,,False,scattered,
wind,7,6,0.0,0,0.0,0,0,,False,scattered,
woodworks,7,6,0.0,0,0.0,0,0,,False,scattered,
wow,7,7,0.0,0,0.0,0,0,,False,scattered,
yellow,7,7,0.0,0,0.0,0,0,,False,scattered,
aa,6,6,0.0,0,0.0,0,0,,False,scattered,
abraham,6,6,0.0,0,0.0,0,0,,False,scattered,
accountancy,6,6,0.0,0,0.0,0,0,,False,scattered,
adolescent,6,5,0.0,0,0.0,0,0,,False,scattered,
adrienne,6,6,0.0,0,0.0,0,0,,False,scattered,
advance,6,6,0.0,0,0.0,0,0,,False,scattered,
aesop,6,6,0.0,0,0.0,0,0,,False,scattered,
aikido,6,6,0.0,0,0.0,0,0,,False,scattered,
alicia,6,6,0.0,0,0.0,0,0,,False,scattered,
allegro,6,6,0.0,0,0.0,0,0,,False,scattered,
alma,6,6,0.0,0,0.0,0,0,,False,scattered,
ambassador,6,6,0.0,0,0.0,0,0,,False,scattered,
amore,6,6,0.0,0,0.0,0,0,,False,scattered,
animals,6,6,0.0,0,0.0,0,0,,False,scattered,
anthem,6,6,0.0,0,0.0,0,0,,False,scattered,
apex,6,6,0.0,0,0.0,0,0,,False,scattered,
apostolic,6,6,0.0,0,0.0,0,0,,False,scattered,
applied,6,6,0.0,0,0.0,0,0,,False,scattered,
aquatic,6,5,0.0,0,0.0,0,0,,False,scattered,
armstrong,6,6,0.0,0,0.0,0,0,,False,scattered,
associate,6,6,0.0,0,0.0,0,0,,False,scattered,
audiology,6,6,0.0,0,0.0,0,0,,False,scattered,
authentic,6,6,0.0,0,0.0,0,0,,False,scattered,
automatic,6,6,0.0,0,0.0,0,0,,False,scattered,
ava,6,6,0.0,0,0.0,0,0,,False,scattered,
away,6,6,0.0,0,0.0,0,0,,False,scattered,
azul,6,6,0.0,0,0.0,0,0,,False,scattered,
bang,6,6,0.0,0,0.0,0,0,,False,scattered,
barre,6,6,0.0,0,0.0,0,0,,False,scattered,
beast,6,6,0.0,0,0.0,0,0,,False,scattered,
beautiful,6,6,0.0,0,0.0,0,0,,False,scattered,
benson,6,6,0.0,0,0.0,0,0,,False,scattered,
berkshire,6,4,0.0,0,0.0,0,0,,False,scattered,
bernstein,6,6,0.0,0,0.0,0,0,,False,scattered,
bespoke,6,6,0.0,0,0.0,0,0,,False,scattered,
bicycles,6,6,0.0,0,0.0,0,0,,False,scattered,
birds,6,6,0.0,0,0.0,0,0,,False,scattered,
bonnie,6,6,0.0,0,0.0,0,0,,False,scattered,
bradford,6,6,0.0,0,0.0,0,0,,False,scattered,
brady,6,6,0.0,0,0.0,0,0,,False,scattered,
brass,6,6,0.0,0,0.0,0,0,,False,scattered,
bun,6,6,0.0,0,0.0,0,0,,False,scattered,
butter,6,6,0.0,0,0.0,0,0,,False,scattered,
buyers,6,6,0.0,0,0.0,0,0,,False,scattered,
cabinets,6,6,0.0,0,0.0,0,0,,False,scattered,
cali,6,6,0.0,0,0.0,0,0,,False,scattered,
can,6,6,0.0,0,0.0,0,0,,False,scattered,
cap,6,6,0.0,0,0.0,0,0,,False,scattered,
carolina,6,5,0.0,0,0.0,0,0,,False,scattered,
carousel,6,6,0.0,0,0.0,0,0,,False,scattered,
castillito,6,4,0.0,0,0.0,0,0,,False,scattered,
cathay,6,6,0.0,0,0.0,0,0,,False,scattered,
cats,6,6,0.0,0,0.0,0,0,,False,scattered,
celia,6,5,0.0,0,0.0,0,0,,False,scattered,
chai,6,6,0.0,0,0.0,0,0,,False,scattered,
challenge,6,5,0.0,0,0.0,0,0,,False,scattered,
chicago,6,6,0.0,0,0.0,0,0,,False,scattered,
childhood,6,6,0.0,0,0.0,0,0,,False,scattered,
chile,6,4,0.0,0,0.0,0,0,,False,scattered,
chou,6,6,0.0,0,0.0,0,0,,False,scattered,
christmas,6,6,0.0,0,0.0,0,0,,False,scattered,
climate,6,6,0.0,0,0.0,0,0,,False,scattered,
clover,6,6,0.0,0,0.0,0,0,,False,scattered,
coffees,6,6,0.0,0,0.0,0,0,,False,scattered,
cold,6,6,0.0,0,0.0,0,0,,False,scattered,
colleen,6,6,0.0,0,0.0,0,0,,False,scattered,
combat,6,6,0.0,0,0.0,0,0,,False,scattered,
competitive,6,6,0.0,0,0.0,0,0,,False,scattered,
crafts,6,6,0.0,0,0.0,0,0,,False,scattered,
creativity,6,4,0.0,0,0.0,0,0,,False,scattered,
crenn,6,4,0.0,0,0.0,0,0,,False,scattered,
curl,6,6,0.0,0,0.0,0,0,,False,scattered,
danny,6,6,0.0,0,0.0,0,0,,False,scattered,
derek,6,6,0.0,0,0.0,0,0,,False,scattered,
devil,6,6,0.0,0,0.0,0,0,,False,scattered,
dj,6,6,0.0,0,0.0,0,0,,False,scattered,
dolby,6,4,0.0,0,0.0,0,0,,False,scattered,
dosa,6,6,0.0,0,0.0,0,0,,False,scattered,
egg,6,6,0.0,0,0.0,0,0,,False,scattered,
eight,6,6,0.0,0,0.0,0,0,,False,scattered,
electronic,6,6,0.0,0,0.0,0,0,,False,scattered,
elegant,6,6,0.0,0,0.0,0,0,,False,scattered,
em,6,6,0.0,0,0.0,0,0,,False,scattered,
empress,6,5,0.0,0,0.0,0,0,,False,scattered,
erika,6,5,0.0,0,0.0,0,0,,False,scattered,
essence,6,6,0.0,0,0.0,0,0,,False,scattered,
eve,6,6,0.0,0,0.0,0,0,,False,scattered,
evolution,6,6,0.0,0,0.0,0,0,,False,scattered,
excellence,6,6,0.0,0,0.0,0,0,,False,scattered,
fame,6,6,0.0,0,0.0,0,0,,False,scattered,
flore,6,4,0.0,0,0.0,0,0,,False,scattered,
foresight,6,6,0.0,0,0.0,0,0,,False,scattered,
founders,6,6,0.0,0,0.0,0,0,,False,scattered,
franco,6,5,0.0,0,0.0,0,0,,False,scattered,
freeman,6,6,0.0,0,0.0,0,0,,False,scattered,
friendly,6,6,0.0,0,0.0,0,0,,False,scattered,
frontier,6,6,0.0,0,0.0,0,0,,False,scattered,
frozen,6,6,0.0,0,0.0,0,0,,False,scattered,
functional,6,6,0.0,0,0.0,0,0,,False,scattered,
gardening,6,6,0.0,0,0.0,0,0,,False,scattered,
gloria,6,5,0.0,0,0.0,0,0,,False,scattered,
graham,6,6,0.0,0,0.0,0,0,,False,scattered,
griffith,6,5,0.0,0,0.0,0,0,,False,scattered,
gs,6,6,0.0,0,0.0,0,0,,False,scattered,
guerrilla,6,6,0.0,0,0.0,0,0,,False,scattered,
guides,6,6,0.0,0,0.0,0,0,,False,scattered,
gynecologic,6,4,0.0,0,0.0,0,0,,False,scattered,
hawaii,6,6,0.0,0,0.0,0,0,,False,scattered,
hector,6,5,0.0,0,0.0,0,0,,False,scattered,
history,6,6,0.0,0,0.0,0,0,,False,scattered,
homeowners,6,6,0.0,0,0.0,0,0,,False,scattered,
hook,6,6,0.0,0,0.0,0,0,,False,scattered,
humanity,6,6,0.0,0,0.0,0,0,,False,scattered,
implants,6,5,0.0,0,0.0,0,0,,False,scattered,
infant,6,6,0.0,0,0.0,0,0,,False,scattered,
instant,6,6,0.0,0,0.0,0,0,,False,scattered,
intensive,6,5,0.0,0,0.0,0,0,,False,scattered,
isabel,6,6,0.0,0,0.0,0,0,,False,scattered,
jacqueline,6,6,0.0,0,0.0,0,0,,False,scattered,
jet,6,6,0.0,0,0.0,0,0,,False,scattered,
joey,6,5,0.0,0,0.0,0,0,,False,scattered,
julio,6,6,0.0,0,0.0,0,0,,False,scattered,
kao,6,6,0.0,0,0.0,0,0,,False,scattered,
karma,6,6,0.0,0,0.0,0,0,,False,scattered,
kent,6,6,0.0,0,0.0,0,0,,False,scattered,
kitty,6,6,0.0,0,0.0,0,0,,False,scattered,
lan,6,5,0.0,0,0.0,0,0,,False,scattered,
latte,6,6,0.0,0,0.0,0,0,,False,scattered,
laz,6,6,0.0,0,0.0,0,0,,False,scattered,
lobster,6,6,0.0,0,0.0,0,0,,False,scattered,
lori,6,6,0.0,0,0.0,0,0,,False,scattered,
lu,6,6,0.0,0,0.0,0,0,,False,scattered,
maggie,6,6,0.0,0,0.0,0,0,,False,scattered,
maven,6,6,0.0,0,0.0,0,0,,False,scattered,
mayflower,6,6,0.0,0,0.0,0,0,,False,scattered,
mechanic,6,6,0.0,0,0.0,0,0,,False,scattered,
meeting,6,6,0.0,0,0.0,0,0,,False,scattered,
mex,6,6,0.0,0,0.0,0,0,,False,scattered,
million,6,6,0.0,0,0.0,0,0,,False,scattered,
min,6,6,0.0,0,0.0,0,0,,False,scattered,
mister,6,6,0.0,0,0.0,0,0,,False,scattered,
mo,6,6,0.0,0,0.0,0,0,,False,scattered,
mona,6,6,0.0,0,0.0,0,0,,False,scattered,
morton,6,6,0.0,0,0.0,0,0,,False,scattered,
ortiz,6,6,0.0,0,0.0,0,0,,False,scattered,
oxygen,6,6,0.0,0,0.0,0,0,,False,scattered,
palmer,6,6,0.0,0,0.0,0,0,,False,scattered,
parc,6,6,0.0,0,0.0,0,0,,False,scattered,
partner,6,6,0.0,0,0.0,0,0,,False,scattered,
pathways,6,6,0.0,0,0.0,0,0,,False,scattered,
patio,6,6,0.0,0,0.0,0,0,,False,scattered,
paz,6,6,0.0,0,0.0,0,0,,False,scattered,
peacock,6,5,0.0,0,0.0,0,0,,False,scattered,
piazza,6,6,0.0,0,0.0,0,0,,False,scattered,
pit,6,6,0.0,0,0.0,0,0,,False,scattered,
pod,6,6,0.0,0,0.0,0,0,,False,scattered,
pond,6,6,0.0,0,0.0,0,0,,False,scattered,
posh,6,6,0.0,0,0.0,0,0,,False,scattered,
primo,6,5,0.0,0,0.0,0,0,,False,scattered,
progressive,6,6,0.0,0,0.0,0,0,,False,scattered,
promotions,6,6,0.0,0,0.0,0,0,,False,scattered,
provident,6,4,0.0,0,0.0,0,0,,False,scattered,
psychiatrist,6,4,0.0,0,0.0,0,0,,False,scattered,
que,6,6,0.0,0,0.0,0,0,,False,scattered,
quoc,6,6,0.0,0,0.0,0,0,,False,scattered,
rabbit,6,6,0.0,0,0.0,0,0,,False,scattered,
range,6,6,0.0,0,0.0,0,0,,False,scattered,
rehearsal,6,5,0.0,0,0.0,0,0,,False,scattered,
representative,6,6,0.0,0,0.0,0,0,,False,scattered,
reproductive,6,6,0.0,0,0.0,0,0,,False,scattered,
resume,6,6,0.0,0,0.0,0,0,,False,scattered,
ricardo,6,6,0.0,0,0.0,0,0,,False,scattered,
richardson,6,6,0.0,0,0.0,0,0,,False,scattered,
ritz,6,4,0.0,0,0.0,0,0,,False,scattered,
rob,6,6,0.0,0,0.0,0,0,,False,scattered,
roma,6,6,0.0,0,0.0,0,0,,False,scattered,
ron,6,6,0.0,0,0.0,0,0,,False,scattered,
sa,6,6,0.0,0,0.0,0,0,,False,scattered,
saks,6,4,0.0,0,0.0,0,0,,False,scattered,
salad,6,6,0.0,0,0.0,0,0,,False,scattered,
sanford,6,6,0.0,0,0.0,0,0,,False,scattered,
scan,6,6,0.0,0,0.0,0,0,,False,scattered,
schneider,6,5,0.0,0,0.0,0,0,,False,scattered,
scholars,6,6,0.0,0,0.0,0,0,,False,scattered,
scoop,6,6,0.0,0,0.0,0,0,,False,scattered,
seed,6,6,0.0,0,0.0,0,0,,False,scattered,
shan,6,6,0.0,0,0.0,0,0,,False,scattered,
since,6,6,0.0,0,0.0,0,0,,False,scattered,
siu,6,6,0.0,0,0.0,0,0,,False,scattered,
spaces,6,6,0.0,0,0.0,0,0,,False,scattered,
speed,6,5,0.0,0,0.0,0,0,,False,scattered,
sprint,6,6,0.0,0,0.0,0,0,,False,scattered,
squared,6,6,0.0,0,0.0,0,0,,False,scattered,
stasher,6,5,0.0,0,0.0,0,0,,False,scattered,
stem,6,6,0.0,0,0.0,0,0,,False,scattered,
stick,6,6,0.0,0,0.0,0,0,,False,scattered,
stones,6,6,0.0,0,0.0,0,0,,False,scattered,
stroke,6,6,0.0,0,0.0,0,0,,False,scattered,
stuff,6,6,0.0,0,0.0,0,0,,False,scattered,
sub,6,6,0.0,0,0.0,0,0,,False,scattered,
sur,6,6,0.0,0,0.0,0,0,,False,scattered,
swimming,6,6,0.0,0,0.0,0,0,,False,scattered,
tailors,6,5,0.0,0,0.0,0,0,,False,scattered,
technique,6,6,0.0,0,0.0,0,0,,False,scattered,
terra,6,5,0.0,0,0.0,0,0,,False,scattered,
thread,6,6,0.0,0,0.0,0,0,,False,scattered,
tien,6,6,0.0,0,0.0,0,0,,False,scattered,
tms,6,5,0.0,0,0.0,0,0,,False,scattered,
toast,6,6,0.0,0,0.0,0,0,,False,scattered,
tops,6,5,0.0,0,0.0,0,0,,False,scattered,
track,6,6,0.0,0,0.0,0,0,,False,scattered,
trails,6,6,0.0,0,0.0,0,0,,False,scattered,
trans,6,6,0.0,0,0.0,0,0,,False,scattered,
travelodge,6,5,0.0,0,0.0,0,0,,False,scattered,
tse,6,6,0.0,0,0.0,0,0,,False,scattered,
tuan,6,5,0.0,0,0.0,0,0,,False,scattered,
tully,6,6,0.0,0,0.0,0,0,,False,scattered,
una,6,6,0.0,0,0.0,0,0,,False,scattered,
used,6,6,0.0,0,0.0,0,0,,False,scattered,
ux,6,6,0.0,0,0.0,0,0,,False,scattered,
virgin,6,6,0.0,0,0.0,0,0,,False,scattered,
virginia,6,6,0.0,0,0.0,0,0,,False,scattered,
voodoo,6,6,0.0,0,0.0,0,0,,False,scattered,
vu,6,6,0.0,0,0.0,0,0,,False,scattered,
warrior,6,6,0.0,0,0.0,0,0,,False,scattered,
wildlife,6,6,0.0,0,0.0,0,0,,False,scattered,
willie,6,5,0.0,0,0.0,0,0,,False,scattered,
writers,6,5,0.0,0,0.0,0,0,,False,scattered,
yes,6,6,0.0,0,0.0,0,0,,False,scattered,
yung,6,6,0.0,0,0.0,0,0,,False,scattered,
aams,5,5,0.0,0,0.0,0,0,,False,scattered,
abigail,5,4,0.0,0,0.0,0,0,,False,scattered,
about,5,5,0.0,0,0.0,0,0,,False,scattered,
adrian,5,4,0.0,0,0.0,0,0,,False,scattered,
aja,5,3,0.0,0,0.0,0,0,,False,scattered,
alberto,5,5,0.0,0,0.0,0,0,,False,scattered,
aldo,5,4,0.0,0,0.0,0,0,,False,scattered,
amber,5,5,0.0,0,0.0,0,0,,False,scattered,
ame,5,5,0.0,0,0.0,0,0,,False,scattered,
andreas,5,5,0.0,0,0.0,0,0,,False,scattered,
animation,5,5,0.0,0,0.0,0,0,,False,scattered,
appointment,5,5,0.0,0,0.0,0,0,,False,scattered,
apts,5,5,0.0,0,0.0,0,0,,False,scattered,
aria,5,5,0.0,0,0.0,0,0,,False,scattered,
arroyo,5,5,0.0,0,0.0,0,0,,False,scattered,
asylum,5,5,0.0,0,0.0,0,0,,False,scattered,
auction,5,5,0.0,0,0.0,0,0,,False,scattered,
autobody,5,5,0.0,0,0.0,0,0,,False,scattered,
avery,5,4,0.0,0,0.0,0,0,,False,scattered,
bakehouse,5,4,0.0,0,0.0,0,0,,False,scattered,
band,5,4,0.0,0,0.0,0,0,,False,scattered,
banner,5,5,0.0,0,0.0,0,0,,False,scattered,
banquet,5,4,0.0,0,0.0,0,0,,False,scattered,
baron,5,4,0.0,0,0.0,0,0,,False,scattered,
bates,5,5,0.0,0,0.0,0,0,,False,scattered,
batter,5,5,0.0,0,0.0,0,0,,False,scattered,
beat,5,5,0.0,0,0.0,0,0,,False,scattered,
benefits,5,4,0.0,0,0.0,0,0,,False,scattered,
birnbaum,5,5,0.0,0,0.0,0,0,,False,scattered,
blanc,5,5,0.0,0,0.0,0,0,,False,scattered,
blick,5,5,0.0,0,0.0,0,0,,False,scattered,
blooming,5,5,0.0,0,0.0,0,0,,False,scattered,
bloomingdales,5,1,0.0,0,0.0,0,0,,False,scattered,
blues,5,5,0.0,0,0.0,0,0,,False,scattered,
bo,5,5,0.0,0,0.0,0,0,,False,scattered,
bohemian,5,5,0.0,0,0.0,0,0,,False,scattered,
boulangerie,5,5,0.0,0,0.0,0,0,,False,scattered,
boxer,5,5,0.0,0,0.0,0,0,,False,scattered,
bp,5,5,0.0,0,0.0,0,0,,False,scattered,
branding,5,5,0.0,0,0.0,0,0,,False,scattered,
brasil,5,5,0.0,0,0.0,0,0,,False,scattered,
breeze,5,5,0.0,0,0.0,0,0,,False,scattered,
buck,5,5,0.0,0,0.0,0,0,,False,scattered,
bunny,5,5,0.0,0,0.0,0,0,,False,scattered,
butterfly,5,5,0.0,0,0.0,0,0,,False,scattered,
cad,5,5,0.0,0,0.0,0,0,,False,scattered,
calf,5,5,0.0,0,0.0,0,0,,False,scattered,
calligraphy,5,5,0.0,0,0.0,0,0,,False,scattered,
camps,5,5,0.0,0,0.0,0,0,,False,scattered,
cane,5,5,0.0,0,0.0,0,0,,False,scattered,
capoeira,5,5,0.0,0,0.0,0,0,,False,scattered,
carlo,5,5,0.0,0,0.0,0,0,,False,scattered,
cary,5,5,0.0,0,0.0,0,0,,False,scattered,
casey,5,5,0.0,0,0.0,0,0,,False,scattered,
casino,5,5,0.0,0,0.0,0,0,,False,scattered,
catalyst,5,5,0.0,0,0.0,0,0,,False,scattered,
catch,5,5,0.0,0,0.0,0,0,,False,scattered,
cave,5,5,0.0,0,0.0,0,0,,False,scattered,
cdreload,5,5,0.0,0,0.0,0,0,,False,scattered,
celtic,5,5,0.0,0,0.0,0,0,,False,scattered,
chad,5,5,0.0,0,0.0,0,0,,False,scattered,
chair,5,5,0.0,0,0.0,0,0,,False,scattered,
chairman,5,5,0.0,0,0.0,0,0,,False,scattered,
chandler,5,4,0.0,0,0.0,0,0,,False,scattered,
chem,5,5,0.0,0,0.0,0,0,,False,scattered,
chihuahua,5,5,0.0,0,0.0,0,0,,False,scattered,
chili,5,5,0.0,0,0.0,0,0,,False,scattered,
chocolates,5,5,0.0,0,0.0,0,0,,False,scattered,
cigarettes,5,5,0.0,0,0.0,0,0,,False,scattered,
clara,5,5,0.0,0,0.0,0,0,,False,scattered,
claudia,5,5,0.0,0,0.0,0,0,,False,scattered,
clift,5,2,0.0,0,0.0,0,0,,False,scattered,
cocktails,5,5,0.0,0,0.0,0,0,,False,scattered,
coinme,5,5,0.0,0,0.0,0,0,,False,scattered,
colors,5,5,0.0,0,0.0,0,0,,False,scattered,
computers,5,5,0.0,0,0.0,0,0,,False,scattered,
content,5,5,0.0,0,0.0,0,0,,False,scattered,
convenience,5,5,0.0,0,0.0,0,0,,False,scattered,
copper,5,5,0.0,0,0.0,0,0,,False,scattered,
cosmo,5,5,0.0,0,0.0,0,0,,False,scattered,
cotton,5,5,0.0,0,0.0,0,0,,False,scattered,
cpr,5,5,0.0,0,0.0,0,0,,False,scattered,
craftsman,5,5,0.0,0,0.0,0,0,,False,scattered,
cre,5,5,0.0,0,0.0,0,0,,False,scattered,
cu,5,5,0.0,0,0.0,0,0,,False,scattered,
cuban,5,5,0.0,0,0.0,0,0,,False,scattered,
dailey,5,5,0.0,0,0.0,0,0,,False,scattered,
darling,5,5,0.0,0,0.0,0,0,,False,scattered,
daughters,5,4,0.0,0,0.0,0,0,,False,scattered,
decker,5,5,0.0,0,0.0,0,0,,False,scattered,
detroit,5,4,0.0,0,0.0,0,0,,False,scattered,
dia,5,5,0.0,0,0.0,0,0,,False,scattered,
disney,5,4,0.0,0,0.0,0,0,,False,scattered,
dispensers,5,5,0.0,0,0.0,0,0,,False,scattered,
diva,5,5,0.0,0,0.0,0,0,,False,scattered,
dolphin,5,5,0.0,0,0.0,0,0,,False,scattered,
donnelly,5,4,0.0,0,0.0,0,0,,False,scattered,
dorado,5,5,0.0,0,0.0,0,0,,False,scattered,
dots,5,5,0.0,0,0.0,0,0,,False,scattered,
doughnuts,5,5,0.0,0,0.0,0,0,,False,scattered,
drs,5,5,0.0,0,0.0,0,0,,False,scattered,
drywall,5,5,0.0,0,0.0,0,0,,False,scattered,
dugout,5,1,0.0,0,0.0,0,0,,False,scattered,
dui,5,5,0.0,0,0.0,0,0,,False,scattered,
duong,5,5,0.0,0,0.0,0,0,,False,scattered,
dustin,5,5,0.0,0,0.0,0,0,,False,scattered,
eileen,5,5,0.0,0,0.0,0,0,,False,scattered,
elder,5,5,0.0,0,0.0,0,0,,False,scattered,
elise,5,5,0.0,0,0.0,0,0,,False,scattered,
elliot,5,4,0.0,0,0.0,0,0,,False,scattered,
ensemble,5,3,0.0,0,0.0,0,0,,False,scattered,
epicurean,5,5,0.0,0,0.0,0,0,,False,scattered,
epilepsy,5,5,0.0,0,0.0,0,0,,False,scattered,
equator,5,5,0.0,0,0.0,0,0,,False,scattered,
era,5,5,0.0,0,0.0,0,0,,False,scattered,
erik,5,4,0.0,0,0.0,0,0,,False,scattered,
estates,5,5,0.0,0,0.0,0,0,,False,scattered,
ethiopian,5,5,0.0,0,0.0,0,0,,False,scattered,
eugene,5,5,0.0,0,0.0,0,0,,False,scattered,
everyday,5,5,0.0,0,0.0,0,0,,False,scattered,
explore,5,5,0.0,0,0.0,0,0,,False,scattered,
extreme,5,5,0.0,0,0.0,0,0,,False,scattered,
eyecare,5,5,0.0,0,0.0,0,0,,False,scattered,
fancy,5,5,0.0,0,0.0,0,0,,False,scattered,
fantasy,5,5,0.0,0,0.0,0,0,,False,scattered,
farallon,5,5,0.0,0,0.0,0,0,,False,scattered,
farolito,5,5,0.0,0,0.0,0,0,,False,scattered,
feast,5,4,0.0,0,0.0,0,0,,False,scattered,
feldman,5,5,0.0,0,0.0,0,0,,False,scattered,
felix,5,5,0.0,0,0.0,0,0,,False,scattered,
felton,5,5,0.0,0,0.0,0,0,,False,scattered,
final,5,5,0.0,0,0.0,0,0,,False,scattered,
finn,5,5,0.0,0,0.0,0,0,,False,scattered,
fiona,5,5,0.0,0,0.0,0,0,,False,scattered,
fiorella,5,5,0.0,0,0.0,0,0,,False,scattered,
firefly,5,5,0.0,0,0.0,0,0,,False,scattered,
firehouse,5,5,0.0,0,0.0,0,0,,False,scattered,
flash,5,5,0.0,0,0.0,0,0,,False,scattered,
flex,5,5,0.0,0,0.0,0,0,,False,scattered,
fluid,5,5,0.0,0,0.0,0,0,,False,scattered,
fly,5,5,0.0,0,0.0,0,0,,False,scattered,
fm,5,5,0.0,0,0.0,0,0,,False,scattered,
foggy,5,5,0.0,0,0.0,0,0,,False,scattered,
follow,5,4,0.0,0,0.0,0,0,,False,scattered,
frances,5,5,0.0,0,0.0,0,0,,False,scattered,
fraser,5,5,0.0,0,0.0,0,0,,False,scattered,
freddie,5,5,0.0,0,0.0,0,0,,False,scattered,
fresca,5,5,0.0,0,0.0,0,0,,False,scattered,
fries,5,5,0.0,0,0.0,0,0,,False,scattered,
futures,5,5,0.0,0,0.0,0,0,,False,scattered,
gamma,5,5,0.0,0,0.0,0,0,,False,scattered,
gazebo,5,4,0.0,0,0.0,0,0,,False,scattered,
gene,5,5,0.0,0,0.0,0,0,,False,scattered,
genji,5,5,0.0,0,0.0,0,0,,False,scattered,
geoffrey,5,5,0.0,0,0.0,0,0,,False,scattered,
gg,5,5,0.0,0,0.0,0,0,,False,scattered,
giannini,5,5,0.0,0,0.0,0,0,,False,scattered,
gigi,5,5,0.0,0,0.0,0,0,,False,scattered,
gobble,5,5,0.0,0,0.0,0,0,,False,scattered,
goorin,5,5,0.0,0,0.0,0,0,,False,scattered,
gracie,5,4,0.0,0,0.0,0,0,,False,scattered,
granite,5,5,0.0,0,0.0,0,0,,False,scattered,
gravity,5,5,0.0,0,0.0,0,0,,False,scattered,
grey,5,5,0.0,0,0.0,0,0,,False,scattered,
grosvenor,5,4,0.0,0,0.0,0,0,,False,scattered,
grub,5,5,0.0,0,0.0,0,0,,False,scattered,
guadalupe,5,5,0.0,0,0.0,0,0,,False,scattered,
guaranteed,5,4,0.0,0,0.0,0,0,,False,scattered,
guitars,5,5,0.0,0,0.0,0,0,,False,scattered,
half,5,5,0.0,0,0.0,0,0,,False,scattered,
headshot,5,5,0.0,0,0.0,0,0,,False,scattered,
hinodeya,5,5,0.0,0,0.0,0,0,,False,scattered,
holocaust,5,4,0.0,0,0.0,0,0,,False,scattered,
hon,5,4,0.0,0,0.0,0,0,,False,scattered,
honduras,5,3,0.0,0,0.0,0,0,,False,scattered,
hound,5,5,0.0,0,0.0,0,0,,False,scattered,
hummingbird,5,5,0.0,0,0.0,0,0,,False,scattered,
humphry,5,5,0.0,0,0.0,0,0,,False,scattered,
hypnosis,5,5,0.0,0,0.0,0,0,,False,scattered,
hypnotherapy,5,4,0.0,0,0.0,0,0,,False,scattered,
icon,5,5,0.0,0,0.0,0,0,,False,scattered,
ideal,5,5,0.0,0,0.0,0,0,,False,scattered,
illuminati,5,5,0.0,0,0.0,0,0,,False,scattered,
im,5,4,0.0,0,0.0,0,0,,False,scattered,
income,5,5,0.0,0,0.0,0,0,,False,scattered,
infectious,5,5,0.0,0,0.0,0,0,,False,scattered,
ingrid,5,5,0.0,0,0.0,0,0,,False,scattered,
innovative,5,5,0.0,0,0.0,0,0,,False,scattered,
ireland,5,4,0.0,0,0.0,0,0,,False,scattered,
isaac,5,5,0.0,0,0.0,0,0,,False,scattered,
iv,5,4,0.0,0,0.0,0,0,,False,scattered,
jacobson,5,5,0.0,0,0.0,0,0,,False,scattered,
jaffe,5,4,0.0,0,0.0,0,0,,False,scattered,
jai,5,5,0.0,0,0.0,0,0,,False,scattered,
jeanne,5,5,0.0,0,0.0,0,0,,False,scattered,
jerome,5,5,0.0,0,0.0,0,0,,False,scattered,
jo,5,5,0.0,0,0.0,0,0,,False,scattered,
josh,5,5,0.0,0,0.0,0,0,,False,scattered,
joyce,5,5,0.0,0,0.0,0,0,,False,scattered,
jp,5,5,0.0,0,0.0,0,0,,False,scattered,
ju,5,5,0.0,0,0.0,0,0,,False,scattered,
judy,5,5,0.0,0,0.0,0,0,,False,scattered,
julian,5,5,0.0,0,0.0,0,0,,False,scattered,
junior,5,5,0.0,0,0.0,0,0,,False,scattered,
jury,5,4,0.0,0,0.0,0,0,,False,scattered,
kara,5,5,0.0,0,0.0,0,0,,False,scattered,
karahi,5,5,0.0,0,0.0,0,0,,False,scattered,
karla,5,5,0.0,0,0.0,0,0,,False,scattered,
kasa,5,5,0.0,0,0.0,0,0,,False,scattered,
kat,5,5,0.0,0,0.0,0,0,,False,scattered,
kenny,5,5,0.0,0,0.0,0,0,,False,scattered,
kind,5,5,0.0,0,0.0,0,0,,False,scattered,
ku,5,5,0.0,0,0.0,0,0,,False,scattered,
kwon,5,5,0.0,0,0.0,0,0,,False,scattered,
landing,5,5,0.0,0,0.0,0,0,,False,scattered,
launderland,5,4,0.0,0,0.0,0,0,,False,scattered,
lawson,5,5,0.0,0,0.0,0,0,,False,scattered,
leary,5,5,0.0,0,0.0,0,0,,False,scattered,
lefty,5,4,0.0,0,0.0,0,0,,False,scattered,
lilienthal,5,5,0.0,0,0.0,0,0,,False,scattered,
lime,5,5,0.0,0,0.0,0,0,,False,scattered,
limousines,5,4,0.0,0,0.0,0,0,,False,scattered,
lookout,5,5,0.0,0,0.0,0,0,,False,scattered,
lorraine,5,5,0.0,0,0.0,0,0,,False,scattered,
lovely,5,5,0.0,0,0.0,0,0,,False,scattered,
lucia,5,5,0.0,0,0.0,0,0,,False,scattered,
luck,5,5,0.0,0,0.0,0,0,,False,scattered,
lululemon,5,5,0.0,0,0.0,0,0,,False,scattered,
lumber,5,5,0.0,0,0.0,0,0,,False,scattered,
luther,5,5,0.0,0,0.0,0,0,,False,scattered,
mae,5,5,0.0,0,0.0,0,0,,False,scattered,
magnolia,5,5,0.0,0,0.0,0,0,,False,scattered,
male,5,5,0.0,0,0.0,0,0,,False,scattered,
marco,5,5,0.0,0,0.0,0,0,,False,scattered,
meadows,5,5,0.0,0,0.0,0,0,,False,scattered,
melody,5,5,0.0,0,0.0,0,0,,False,scattered,
mercado,5,5,0.0,0,0.0,0,0,,False,scattered,
mercury,5,5,0.0,0,0.0,0,0,,False,scattered,
meredith,5,5,0.0,0,0.0,0,0,,False,scattered,
mexicana,5,5,0.0,0,0.0,0,0,,False,scattered,
mexicano,5,5,0.0,0,0.0,0,0,,False,scattered,
mill,5,5,0.0,0,0.0,0,0,,False,scattered,
mobility,5,5,0.0,0,0.0,0,0,,False,scattered,
mohammad,5,5,0.0,0,0.0,0,0,,False,scattered,
monaco,5,4,0.0,0,0.0,0,0,,False,scattered,
monarch,5,5,0.0,0,0.0,0,0,,False,scattered,
monk,5,5,0.0,0,0.0,0,0,,False,scattered,
morales,5,5,0.0,0,0.0,0,0,,False,scattered,
mri,5,4,0.0,0,0.0,0,0,,False,scattered,
msw,5,5,0.0,0,0.0,0,0,,False,scattered,
mystic,5,4,0.0,0,0.0,0,0,,False,scattered,
na,5,5,0.0,0,0.0,0,0,,False,scattered,
naan,5,5,0.0,0,0.0,0,0,,False,scattered,
nash,5,5,0.0,0,0.0,0,0,,False,scattered,
natasha,5,5,0.0,0,0.0,0,0,,False,scattered,
neal,5,5,0.0,0,0.0,0,0,,False,scattered,
neck,5,3,0.0,0,0.0,0,0,,False,scattered,
neighbor,5,5,0.0,0,0.0,0,0,,False,scattered,
neon,5,5,0.0,0,0.0,0,0,,False,scattered,
nights,5,5,0.0,0,0.0,0,0,,False,scattered,
nirvana,5,5,0.0,0,0.0,0,0,,False,scattered,
nisha,5,5,0.0,0,0.0,0,0,,False,scattered,
nite,5,5,0.0,0,0.0,0,0,,False,scattered,
norton,5,5,0.0,0,0.0,0,0,,False,scattered,
nurse,5,5,0.0,0,0.0,0,0,,False,scattered,
officer,5,5,0.0,0,0.0,0,0,,False,scattered,
opportunity,5,5,0.0,0,0.0,0,0,,False,scattered,
optometric,5,5,0.0,0,0.0,0,0,,False,scattered,
orangetheory,5,5,0.0,0,0.0,0,0,,False,scattered,
orchids,5,5,0.0,0,0.0,0,0,,False,scattered,
organics,5,5,0.0,0,0.0,0,0,,False,scattered,
organizing,5,5,0.0,0,0.0,0,0,,False,scattered,
osteria,5,5,0.0,0,0.0,0,0,,False,scattered,
own,5,5,0.0,0,0.0,0,0,,False,scattered,
painters,5,5,0.0,0,0.0,0,0,,False,scattered,
parents,5,4,0.0,0,0.0,0,0,,False,scattered,
parque,5,5,0.0,0,0.0,0,0,,False,scattered,
pathology,5,4,0.0,0,0.0,0,0,,False,scattered,
per,5,5,0.0,0,0.0,0,0,,False,scattered,
perfection,5,5,0.0,0,0.0,0,0,,False,scattered,
petit,5,5,0.0,0,0.0,0,0,,False,scattered,
phelps,5,5,0.0,0,0.0,0,0,,False,scattered,
physician,5,4,0.0,0,0.0,0,0,,False,scattered,
pierre,5,5,0.0,0,0.0,0,0,,False,scattered,
places,5,5,0.0,0,0.0,0,0,,False,scattered,
platinum,5,5,0.0,0,0.0,0,0,,False,scattered,
plumbers,5,5,0.0,0,0.0,0,0,,False,scattered,
pointe,5,5,0.0,0,0.0,0,0,,False,scattered,
polish,5,5,0.0,0,0.0,0,0,,False,scattered,
pops,5,5,0.0,0,0.0,0,0,,False,scattered,
portrait,5,5,0.0,0,0.0,0,0,,False,scattered,
poultry,5,3,0.0,0,0.0,0,0,,False,scattered,
preferred,5,5,0.0,0,0.0,0,0,,False,scattered,
pregnancy,5,4,0.0,0,0.0,0,0,,False,scattered,
prima,5,5,0.0,0,0.0,0,0,,False,scattered,
providence,5,4,0.0,0,0.0,0,0,,False,scattered,
psi,5,5,0.0,0,0.0,0,0,,False,scattered,
pupuseria,5,5,0.0,0,0.0,0,0,,False,scattered,
quick,5,5,0.0,0,0.0,0,0,,False,scattered,
rahul,5,5,0.0,0,0.0,0,0,,False,scattered,
regent,5,5,0.0,0,0.0,0,0,,False,scattered,
registration,5,5,0.0,0,0.0,0,0,,False,scattered,
repairs,5,5,0.0,0,0.0,0,0,,False,scattered,
reset,5,5,0.0,0,0.0,0,0,,False,scattered,
rico,5,5,0.0,0,0.0,0,0,,False,scattered,
rink,5,4,0.0,0,0.0,0,0,,False,scattered,
rinse,5,5,0.0,0,0.0,0,0,,False,scattered,
rivera,5,5,0.0,0,0.0,0,0,,False,scattered,
rn,5,4,0.0,0,0.0,0,0,,False,scattered,
rocky,5,5,0.0,0,0.0,0,0,,False,scattered,
rodeway,5,4,0.0,0,0.0,0,0,,False,scattered,
roland,5,5,0.0,0,0.0,0,0,,False,scattered,
rosy,5,5,0.0,0,0.0,0,0,,False,scattered,
roti,5,5,0.0,0,0.0,0,0,,False,scattered,
route,5,4,0.0,0,0.0,0,0,,False,scattered,
rt,5,4,0.0,0,0.0,0,0,,False,scattered,
rudy,5,5,0.0,0,0.0,0,0,,False,scattered,
ruiz,5,5,0.0,0,0.0,0,0,,False,scattered,
rushmypassport,5,5,0.0,0,0.0,0,0,,False,scattered,
same,5,5,0.0,0,0.0,0,0,,False,scattered,
samoan,5,5,0.0,0,0.0,0,0,,False,scattered,
sams,5,5,0.0,0,0.0,0,0,,False,scattered,
sand,5,5,0.0,0,0.0,0,0,,False,scattered,
sasha,5,5,0.0,0,0.0,0,0,,False,scattered,
satellite,5,5,0.0,0,0.0,0,0,,False,scattered,
savvy,5,5,0.0,0,0.0,0,0,,False,scattered,
scarlet,5,5,0.0,0,0.0,0,0,,False,scattered,
schiller,5,5,0.0,0,0.0,0,0,,False,scattered,
schroeder,5,5,0.0,0,0.0,0,0,,False,scattered,
scout,5,5,0.0,0,0.0,0,0,,False,scattered,
scuola,5,5,0.0,0,0.0,0,0,,False,scattered,
seneca,5,4,0.0,0,0.0,0,0,,False,scattered,
sense,5,5,0.0,0,0.0,0,0,,False,scattered,
serenity,5,5,0.0,0,0.0,0,0,,False,scattered,
sewing,5,4,0.0,0,0.0,0,0,,False,scattered,
sfc,5,5,0.0,0,0.0,0,0,,False,scattered,
sfpd,5,4,0.0,0,0.0,0,0,,False,scattered,
shelley,5,5,0.0,0,0.0,0,0,,False,scattered,
shiatsu,5,4,0.0,0,0.0,0,0,,False,scattered,
shift,5,5,0.0,0,0.0,0,0,,False,scattered,
shoesource,5,5,0.0,0,0.0,0,0,,False,scattered,
shu,5,5,0.0,0,0.0,0,0,,False,scattered,
sip,5,5,0.0,0,0.0,0,0,,False,scattered,
sitting,5,5,0.0,0,0.0,0,0,,False,scattered,
sixth,5,4,0.0,0,0.0,0,0,,False,scattered,
slocombe,5,5,0.0,0,0.0,0,0,,False,scattered,
snack,5,5,0.0,0,0.0,0,0,,False,scattered,
snyder,5,5,0.0,0,0.0,0,0,,False,scattered,
soo,5,5,0.0,0,0.0,0,0,,False,scattered,
souvla,5,5,0.0,0,0.0,0,0,,False,scattered,
sparkling,5,5,0.0,0,0.0,0,0,,False,scattered,
speakeasy,5,4,0.0,0,0.0,0,0,,False,scattered,
spiritual,5,5,0.0,0,0.0,0,0,,False,scattered,
squat,5,5,0.0,0,0.0,0,0,,False,scattered,
stiiizy,5,5,0.0,0,0.0,0,0,,False,scattered,
strauss,5,5,0.0,0,0.0,0,0,,False,scattered,
stuf,5,5,0.0,0,0.0,0,0,,False,scattered,
su,5,5,0.0,0,0.0,0,0,,False,scattered,
sung,5,5,0.0,0,0.0,0,0,,False,scattered,
sweeps,5,5,0.0,0,0.0,0,0,,False,scattered,
sweets,5,5,0.0,0,0.0,0,0,,False,scattered,
ta,5,5,0.0,0,0.0,0,0,,False,scattered,
tango,5,5,0.0,0,0.0,0,0,,False,scattered,
taproom,5,5,0.0,0,0.0,0,0,,False,scattered,
tcm,5,5,0.0,0,0.0,0,0,,False,scattered,
teeth,5,5,0.0,0,0.0,0,0,,False,scattered,
theodore,5,5,0.0,0,0.0,0,0,,False,scattered,
therapies,5,5,0.0,0,0.0,0,0,,False,scattered,
thriving,5,5,0.0,0,0.0,0,0,,False,scattered,
tight,5,5,0.0,0,0.0,0,0,,False,scattered,
tilbury,5,5,0.0,0,0.0,0,0,,False,scattered,
titan,5,5,0.0,0,0.0,0,0,,False,scattered,
train,5,5,0.0,0,0.0,0,0,,False,scattered,
transamerica,5,2,0.0,0,0.0,0,0,,False,scattered,
trap,5,5,0.0,0,0.0,0,0,,False,scattered,
traveler,5,5,0.0,0,0.0,0,0,,False,scattered,
trish,5,5,0.0,0,0.0,0,0,,False,scattered,
troy,5,5,0.0,0,0.0,0,0,,False,scattered,
tsang,5,5,0.0,0,0.0,0,0,,False,scattered,
tulip,5,4,0.0,0,0.0,0,0,,False,scattered,
tuttimelon,5,5,0.0,0,0.0,0,0,,False,scattered,
twist,5,5,0.0,0,0.0,0,0,,False,scattered,
ui,5,5,0.0,0,0.0,0,0,,False,scattered,
umai,5,4,0.0,0,0.0,0,0,,False,scattered,
under,5,5,0.0,0,0.0,0,0,,False,scattered,
va,5,3,0.0,0,0.0,0,0,,False,scattered,
valero,5,4,0.0,0,0.0,0,0,,False,scattered,
vapor,5,5,0.0,0,0.0,0,0,,False,scattered,
vernon,5,5,0.0,0,0.0,0,0,,False,scattered,
vet,5,5,0.0,0,0.0,0,0,,False,scattered,
vi,5,5,0.0,0,0.0,0,0,,False,scattered,
vibe,5,5,0.0,0,0.0,0,0,,False,scattered,
vitalant,5,4,0.0,0,0.0,0,0,,False,scattered,
vitamin,5,5,0.0,0,0.0,0,0,,False,scattered,
viz,5,5,0.0,0,0.0,0,0,,False,scattered,
voices,5,5,0.0,0,0.0,0,0,,False,scattered,
voyage,5,5,0.0,0,0.0,0,0,,False,scattered,
warriors,5,3,0.0,0,0.0,0,0,,False,scattered,
wasabi,5,5,0.0,0,0.0,0,0,,False,scattered,
watchers,5,5,0.0,0,0.0,0,0,,False,scattered,
week,5,5,0.0,0,0.0,0,0,,False,scattered,
wen,5,5,0.0,0,0.0,0,0,,False,scattered,
wfm,5,5,0.0,0,0.0,0,0,,False,scattered,
who,5,5,0.0,0,0.0,0,0,,False,scattered,
wingstop,5,5,0.0,0,0.0,0,0,,False,scattered,
wolfe,5,5,0.0,0,0.0,0,0,,False,scattered,
words,5,5,0.0,0,0.0,0,0,,False,scattered,
workshops,5,5,0.0,0,0.0,0,0,,False,scattered,
worship,5,5,0.0,0,0.0,0,0,,False,scattered,
xfinity,5,5,0.0,0,0.0,0,0,,False,scattered,
yi,5,5,0.0,0,0.0,0,0,,False,scattered,
zhen,5,5,0.0,0,0.0,0,0,,False,scattered,
