word,support,cells,pi,core_cells,core_share,core_components,core_largest,core_density_pct,hotspot,label,core_area
saic,25,5,1.0,5,1.0,1,5,1.0,True,area,Loop
buren,19,11,1.0,11,1.0,5,6,0.99,True,area,Near West Side
ontario,19,6,1.0,6,1.0,2,5,0.99,True,area,Near North Side
ashburn,14,10,1.0,10,1.0,5,5,0.68,False,area,Ashburn
merrill,14,9,1.0,9,1.0,5,3,0.99,True,point,Loop
soldier,12,8,1.0,8,1.0,5,3,0.72,False,point,Near South Side
clarendon,11,5,1.0,5,1.0,2,4,0.87,False,area,Uptown
conception,11,9,1.0,9,1.0,7,2,0.65,False,point,South Chicago
divorce,11,6,1.0,6,1.0,3,4,1.0,True,area,Loop
galewood,11,10,1.0,10,1.0,6,4,0.62,False,area,Austin
trump,10,4,1.0,4,1.0,2,3,1.0,True,point,Near North Side
greektown,8,6,1.0,6,1.0,1,6,0.97,True,area,Near West Side
gynecologic,8,5,1.0,5,1.0,4,2,1.0,True,point,Near North Side
horner,8,6,1.0,6,1.0,5,2,0.88,False,point,Near West Side
kingsbury,8,7,1.0,7,1.0,4,3,0.99,True,point,Near North Side
longwood,8,4,1.0,4,1.0,3,2,0.65,False,point,Morgan Park
strawn,8,3,1.0,3,1.0,2,2,1.0,True,point,Loop
zoo,8,7,1.0,7,1.0,4,3,0.97,True,point,Lincoln Park
ignatius,7,5,1.0,5,1.0,4,2,0.77,False,point,Near West Side
vpc,7,2,1.0,2,1.0,2,1,0.99,True,point,Near North Side
zabiha,7,5,1.0,5,1.0,2,3,0.89,False,point,West Ridge
centric,6,6,1.0,6,1.0,5,2,1.0,True,point,Loop
driehaus,6,2,1.0,2,1.0,1,2,1.0,True,point,Near North Side
jama,6,2,1.0,2,1.0,1,2,1.0,True,point,Loop
ncc,6,6,1.0,6,1.0,3,3,1.0,True,point,Near North Side
segway,6,6,1.0,6,1.0,4,2,0.97,True,point,Loop
senn,6,2,1.0,2,1.0,1,2,0.77,False,point,Edgewater
sopraffina,6,5,1.0,5,1.0,3,2,1.0,True,point,Loop
sxu,6,4,1.0,4,1.0,1,4,0.51,False,area,Mount Greenwood
valuation,6,5,1.0,5,1.0,2,3,1.0,True,point,Near West Side
ailbe,5,3,1.0,3,1.0,2,2,0.77,False,point,Calumet Heights
brainerd,5,3,1.0,3,1.0,2,2,0.32,False,point,Washington Heights
claims,5,4,1.0,4,1.0,3,2,1.0,True,point,Loop
edens,5,4,1.0,4,1.0,2,2,0.91,True,point,Forest Glen
forensics,5,3,1.0,3,1.0,2,2,1.0,True,point,Loop
lindblom,5,4,1.0,4,1.0,2,3,0.5,False,point,West Englewood
loews,5,4,1.0,4,1.0,1,4,1.0,True,area,Near North Side
mezza,5,5,1.0,5,1.0,4,2,1.0,True,point,Loop
nta,5,2,1.0,2,1.0,2,1,0.46,False,point,Armour Square
planetarium,5,4,1.0,4,1.0,3,2,0.74,False,point,Near South Side
rosehill,5,5,1.0,5,1.0,2,3,0.49,False,point,Lincoln Square
sandburg,5,2,1.0,2,1.0,1,2,0.96,True,point,Near North Side
bridgeport,67,32,0.985,31,0.985,2,30,0.77,False,area,Bridgeport
andersonville,63,16,0.984,15,0.984,2,14,0.88,False,area,Edgewater
bronzeville,87,47,0.976,45,0.977,6,21,0.73,False,area,Grand Boulevard
gresham,15,13,0.968,13,1.0,8,3,0.81,False,point,Auburn Gresham
southport,41,18,0.967,17,0.976,5,8,0.91,True,area,Lake View
hyde,177,60,0.965,55,0.972,12,30,0.93,True,area,Hyde Park
wicker,144,35,0.961,30,0.965,5,26,0.96,True,area,West Town
avondale,55,31,0.961,29,0.964,6,17,0.83,False,area,Avondale
englewood,79,45,0.957,42,0.962,15,20,0.68,False,area,Englewood
elston,27,20,0.957,19,0.963,10,4,0.79,False,area,Irving Park
loop,469,120,0.956,108,0.974,18,87,0.96,True,area,Near West Side
clybourn,24,14,0.956,13,0.958,3,11,0.93,True,area,Lincoln Park
sheffield,25,12,0.955,11,0.96,4,5,0.96,True,area,Lake View
pilsen,98,43,0.954,39,0.959,7,26,0.89,False,area,Lower West Side
depaul,96,21,0.954,18,0.969,8,8,0.95,True,area,Lincoln Park
edgewater,67,28,0.954,25,0.955,2,24,0.88,False,area,Edgewater
streeterville,37,12,0.954,10,0.946,1,10,0.99,True,area,Near North Side
diversey,70,36,0.953,33,0.957,7,15,0.86,False,area,Lincoln Park
expansive,10,10,0.952,10,1.0,7,3,1.0,True,point,Loop
fullerton,44,25,0.951,23,0.955,7,7,0.85,False,area,Belmont Cragin
lalin,23,23,0.95,23,1.0,19,3,0.96,True,point,Lake View
iparkit,8,7,0.948,7,1.0,4,4,1.0,True,area,Loop
portage,41,28,0.946,26,0.951,6,18,0.76,False,area,Portage Park
wacker,43,14,0.944,12,0.953,1,12,1.0,True,area,Loop
neiu,35,4,0.943,2,0.943,1,2,0.8,False,point,North Park
uic,173,38,0.941,30,0.942,5,16,0.9,False,area,Near West Side
pulaski,67,46,0.934,42,0.94,19,6,0.82,False,area,West Lawn
armitage,22,9,0.934,8,0.955,3,6,0.95,True,area,Lincoln Park
chinatown,33,12,0.932,10,0.939,3,8,0.8,False,area,Armour Square
huron,21,11,0.931,10,0.952,5,6,0.99,True,area,Near North Side
stony,28,22,0.928,20,0.929,4,12,0.77,False,area,Calumet Heights
villita,14,12,0.927,11,0.929,5,6,0.84,False,area,South Lawndale
edgebrook,41,15,0.926,12,0.927,5,5,0.57,False,area,Forest Glen
lawndale,59,45,0.924,41,0.932,18,17,0.69,False,area,North Lawndale
bryn,27,14,0.923,12,0.926,6,3,0.91,True,point,Edgewater
ord,26,21,0.921,19,0.923,7,7,0.6,False,area,O'Hare
broadway,75,34,0.92,29,0.933,3,15,0.96,True,area,Lake View
mawr,26,14,0.92,12,0.923,6,3,0.91,True,point,Edgewater
llp,135,32,0.919,25,0.941,3,23,1.0,True,area,Loop
ravenswood,90,44,0.919,38,0.933,7,26,0.89,False,area,Lincoln Square
roscoe,51,29,0.917,25,0.922,5,17,0.89,False,area,North Center
kenwood,28,23,0.917,21,0.929,8,10,0.94,True,area,Kenwood
sauganash,24,12,0.916,10,0.917,1,10,0.53,False,area,Forest Glen
dunning,12,8,0.914,7,0.917,5,2,0.68,False,point,Dunning
northcenter,12,7,0.914,6,0.917,4,3,0.93,True,point,North Center
lakeview,215,84,0.913,67,0.921,8,57,0.96,True,area,Lake View
halsted,105,72,0.913,68,0.962,32,8,0.94,True,area,Lincoln Park
ameriprise,55,13,0.913,11,0.945,6,3,0.99,True,point,Loop
cornell,16,9,0.911,8,0.938,3,6,0.97,True,area,Hyde Park
lincoln,517,180,0.908,146,0.932,17,84,0.93,True,area,Lincoln Park
oriole,11,9,0.908,8,0.909,3,6,0.44,False,area,Norwood Park
belmont,122,66,0.906,58,0.926,19,10,0.88,False,area,Belmont Cragin
beverly,113,57,0.905,46,0.903,14,18,0.76,False,area,Beverly
magnificent,35,14,0.905,11,0.914,1,11,1.0,True,area,Near North Side
pullman,42,29,0.904,25,0.905,10,8,0.56,False,area,Pullman
chatham,45,39,0.903,35,0.911,18,9,0.76,False,area,Chatham
fsm,31,31,0.903,29,0.935,17,5,0.97,True,area,Lincoln Park
humboldt,31,18,0.902,15,0.903,1,15,0.8,False,area,West Town
chat,96,80,0.901,76,0.958,32,11,0.96,True,area,Lincoln Park
wabash,49,20,0.901,16,0.918,2,15,1.0,True,area,Loop
norridge,10,6,0.896,5,0.9,4,2,0.83,False,point,O'Hare
bucktown,50,18,0.895,13,0.9,4,10,0.98,True,area,West Town
ppm,23,17,0.895,15,0.913,3,11,0.97,True,area,Lake View
jeffery,23,14,0.894,12,0.913,7,2,0.83,False,point,South Shore
roseland,39,29,0.892,25,0.897,13,12,0.68,False,area,Roseland
wrigleyville,43,21,0.891,16,0.884,2,15,0.95,True,area,Lake View
madison,88,45,0.887,38,0.92,12,15,0.92,True,area,Near West Side
canal,25,16,0.887,14,0.92,4,5,0.94,True,area,Near West Side
sedgwick,10,7,0.886,6,0.9,2,5,0.95,True,area,Near North Side
briar,9,4,0.885,3,0.889,2,2,0.97,True,point,Lake View
kedzie,56,36,0.884,31,0.893,15,5,0.82,False,area,East Garfield Park
riverwalk,23,15,0.883,13,0.913,6,6,0.99,True,area,Loop
wework,12,10,0.883,9,0.917,5,3,1.0,True,point,Near West Side
winthrop,9,4,0.883,3,0.889,3,1,0.83,False,point,Edgewater
irving,110,59,0.882,48,0.9,14,22,0.88,False,area,Irving Park
brickyard,17,8,0.882,6,0.882,2,5,0.76,False,area,Belmont Cragin
orleans,9,5,0.882,4,0.889,1,4,0.99,True,area,Near North Side
recruiters,13,10,0.881,9,0.923,4,5,1.0,True,area,Loop
montrose,61,42,0.878,35,0.885,9,7,0.79,False,area,Uptown
kimball,17,13,0.878,11,0.882,7,3,0.87,False,point,Avondale
lawyer,22,14,0.876,12,0.909,5,7,1.0,True,area,Loop
hegewisch,16,10,0.875,8,0.875,1,8,0.47,False,area,Hegewisch
mont,8,7,0.875,6,0.875,1,6,0.69,False,area,Montclare
uptown,92,38,0.874,28,0.88,4,19,0.91,True,area,Uptown
riverpoint,8,3,0.873,2,0.875,1,2,0.89,False,point,Lincoln Park
airlines,98,51,0.872,41,0.888,14,11,0.62,False,area,O'Hare
kimbark,8,4,0.871,3,0.875,2,2,0.93,True,point,Hyde Park
hampden,8,3,0.869,2,0.875,1,2,0.97,True,point,Lincoln Park
ukrainian,32,14,0.868,10,0.875,4,7,0.83,False,area,West Town
northwestern,508,50,0.866,29,0.896,5,12,0.99,True,area,Near North Side
iit,30,10,0.866,8,0.867,1,8,0.79,False,area,Douglas
greenview,10,7,0.865,6,0.9,6,1,0.82,False,point,Lake View
norwood,53,30,0.863,23,0.868,7,14,0.62,False,area,Norwood Park
garfield,61,42,0.861,34,0.869,15,11,0.66,False,area,East Garfield Park
oakdale,8,7,0.859,6,0.875,4,2,0.78,False,point,Lake View
river,266,96,0.858,72,0.891,14,49,0.95,True,area,Near North Side
downtown,126,66,0.857,55,0.913,14,37,0.99,True,area,Near North Side
sheridan,62,39,0.857,32,0.871,9,8,0.9,True,area,Edgewater
marshfield,7,7,0.854,6,0.857,2,4,0.66,False,area,Morgan Park
archer,78,48,0.853,39,0.885,19,4,0.84,False,area,Garfield Ridge
milwaukee,34,23,0.852,19,0.882,10,6,0.92,True,area,West Town
corners,22,11,0.852,8,0.864,4,5,0.91,True,area,Portage Park
bais,7,7,0.852,6,0.857,4,3,0.82,False,point,North Park
loyola,95,29,0.847,17,0.863,4,12,0.89,False,area,Rogers Park
silk,8,7,0.847,6,0.875,2,5,1.0,True,area,Loop
baptist,519,403,0.846,350,0.89,130,26,0.66,False,area,Austin
jarvis,13,5,0.845,3,0.846,1,3,0.76,False,point,Rogers Park
sox,13,5,0.845,3,0.846,1,3,0.66,False,point,Armour Square
pratt,7,4,0.845,3,0.857,2,2,0.79,False,point,Rogers Park
hare,103,52,0.842,37,0.845,11,20,0.69,False,area,O'Hare
lincolnwood,7,5,0.841,4,0.857,3,2,0.85,False,point,North Park
shedd,7,5,0.839,4,0.857,3,2,0.86,False,point,Loop
midway,163,92,0.838,71,0.847,15,26,0.74,False,area,Garfield Ridge
chestnut,27,11,0.838,7,0.852,1,7,0.99,True,area,Near North Side
interpark,15,15,0.838,13,0.867,7,3,1.0,True,point,Near North Side
brighton,31,22,0.837,17,0.839,4,11,0.75,False,area,Brighton Park
albany,49,34,0.836,27,0.857,8,19,0.83,False,area,Albany Park
addison,44,30,0.836,24,0.864,12,6,0.83,False,area,Lake View
si,8,8,0.836,7,0.875,6,2,0.92,True,point,Lake View
rush,174,55,0.835,31,0.862,11,10,0.98,True,area,Near West Side
chesterfield,6,6,0.832,5,0.833,4,2,0.47,False,point,Burnside
quadrangle,6,5,0.831,4,0.833,2,3,0.96,True,point,Hyde Park
jefferson,54,32,0.829,24,0.852,10,7,0.85,False,area,Jefferson Park
marriott,15,11,0.829,9,0.867,3,5,1.0,True,area,Near North Side
aberdeen,12,10,0.828,8,0.833,1,8,0.97,True,area,Near West Side
floreria,6,6,0.828,5,0.833,5,1,0.87,False,point,South Lawndale
peck,6,6,0.828,5,0.833,5,1,0.87,False,point,West Elsdon
wealth,104,43,0.826,31,0.875,6,22,1.0,True,area,Loop
harlem,24,17,0.825,13,0.833,6,5,0.82,False,area,Dunning
missionary,225,191,0.824,166,0.876,92,12,0.68,False,area,Austin
michigan,149,65,0.824,46,0.866,12,23,0.97,True,area,Loop
fb,27,27,0.823,24,0.889,13,5,0.98,True,area,Loop
hoa,6,3,0.823,2,0.833,2,1,0.95,True,point,Uptown
sas,6,5,0.823,4,0.833,3,2,0.9,False,point,O'Hare
lavin,6,5,0.819,4,0.833,1,4,1.0,True,area,Near North Side
lasalle,58,28,0.818,21,0.862,2,20,0.99,True,area,Near North Side
northeastern,11,6,0.818,4,0.818,1,4,0.67,False,area,North Park
university,498,199,0.817,147,0.888,31,35,0.93,True,area,Near West Side
cottage,35,24,0.815,18,0.829,7,8,0.81,False,area,Chatham
condominium,144,106,0.814,91,0.896,27,28,0.95,True,area,Near North Side
trial,14,9,0.814,7,0.857,2,6,1.0,True,area,Loop
litigation,7,6,0.814,5,0.857,3,3,1.0,True,point,Loop
gandhi,6,6,0.812,5,0.833,3,2,0.96,True,point,Norwood Park
charters,36,25,0.811,19,0.833,9,4,0.89,False,area,Lake View
mdw,11,10,0.81,8,0.818,6,3,0.52,False,point,Garfield Ridge
surgeon,6,5,0.81,4,0.833,2,2,0.99,True,point,Lake View
delaware,17,7,0.808,4,0.824,1,4,0.99,True,area,Near North Side
cragin,17,16,0.807,13,0.824,10,2,0.8,False,point,Belmont Cragin
airport,111,56,0.805,40,0.82,14,16,0.65,False,area,O'Hare
riverview,6,5,0.802,4,0.833,3,2,0.83,False,point,Avondale
trumbull,5,4,0.8,3,0.8,1,3,0.32,False,point,South Deering
margate,5,3,0.799,2,0.8,1,2,0.7,False,point,Uptown
tilton,5,5,0.799,4,0.8,1,4,0.62,False,area,West Garfield Park
jojo,6,5,0.798,4,0.833,2,2,1.0,True,point,Near North Side
ardmore,5,4,0.798,3,0.8,1,3,0.83,False,point,Edgewater
argyle,10,5,0.797,3,0.8,1,3,0.89,False,point,Uptown
ingleside,5,4,0.797,3,0.8,1,3,0.93,True,point,Hyde Park
winnemac,5,4,0.797,3,0.8,2,2,0.81,False,point,Lincoln Square
cicero,50,33,0.796,25,0.8,15,4,0.78,False,area,Austin
woodlawn,39,33,0.796,27,0.821,6,21,0.66,False,area,Woodlawn
clearing,11,10,0.796,8,0.818,3,3,0.83,False,point,Clearing
eastwood,5,3,0.796,2,0.8,1,2,0.92,True,point,Uptown
stroger,5,3,0.796,2,0.8,1,2,0.98,True,point,Near West Side
hills,25,19,0.795,14,0.8,7,5,0.77,False,area,Beverly
south,497,292,0.794,227,0.861,82,56,0.78,False,area,South Shore
guaranty,6,5,0.794,4,0.833,2,3,1.0,True,point,Loop
lifestart,12,11,0.793,9,0.833,2,7,1.0,True,area,Loop
truman,10,6,0.793,4,0.8,3,2,0.89,False,point,Uptown
joaquin,5,4,0.793,3,0.8,1,3,1.0,True,point,Lake View
skybridge,5,3,0.79,2,0.8,1,2,0.97,True,point,Near West Side
feinberg,5,3,0.789,2,0.8,1,2,0.98,True,point,Near North Side
tolga,5,3,0.789,2,0.8,2,1,0.98,True,point,Near West Side
drexel,24,17,0.788,12,0.792,2,9,0.86,False,area,Kenwood
ohio,22,13,0.788,9,0.818,1,9,0.99,True,area,Near North Side
consulate,57,27,0.787,18,0.825,3,15,1.0,True,area,Near North Side
obrien,5,4,0.787,3,0.8,2,2,0.97,True,point,Near West Side
adaptive,6,6,0.786,5,0.833,4,2,1.0,True,point,Near North Side
pisgah,5,5,0.786,4,0.8,3,2,0.67,False,point,Grand Boulevard
ashland,65,46,0.785,35,0.815,16,7,0.87,False,area,Lake View
criminal,19,13,0.785,10,0.842,3,8,1.0,True,area,Loop
consolidated,5,5,0.785,4,0.8,2,2,0.94,True,point,Lake View
qatar,5,5,0.785,4,0.8,3,2,0.82,False,point,O'Hare
mayfair,30,17,0.784,13,0.8,7,7,0.84,False,area,Irving Park
swedish,46,19,0.782,10,0.783,8,2,0.95,True,point,Edgewater
medinah,5,4,0.781,3,0.8,1,3,1.0,True,point,Near North Side
nye,5,4,0.781,3,0.8,1,3,1.0,True,point,Near North Side
lyric,5,3,0.778,2,0.8,1,2,1.0,True,point,Near West Side
reside,25,21,0.777,16,0.8,8,4,0.97,True,area,Lake View
esq,14,11,0.777,8,0.786,2,6,1.0,True,area,Loop
riverbend,6,5,0.776,4,0.833,3,2,1.0,True,point,Loop
peoria,5,4,0.775,3,0.8,2,2,0.97,True,point,Near West Side
revamp,5,4,0.774,3,0.8,3,1,0.98,True,point,Near West Side
ui,14,6,0.772,3,0.786,2,2,0.98,True,point,Near West Side
tcby,5,5,0.772,4,0.8,3,2,0.92,True,point,Loop
naturista,5,5,0.771,4,0.8,4,1,0.87,False,point,Brighton Park
canada,8,8,0.77,7,0.875,6,2,1.0,True,point,Loop
diamonds,38,12,0.768,5,0.816,2,3,1.0,True,point,Loop
shore,224,144,0.767,109,0.826,34,25,0.88,False,area,South Shore
theaters,5,5,0.767,4,0.8,3,2,0.76,False,point,Near North Side
austin,86,65,0.766,49,0.791,24,12,0.78,False,area,Austin
monroe,42,20,0.766,12,0.81,4,7,0.98,True,area,Loop
peptide,38,37,0.766,30,0.816,19,4,0.97,True,area,West Town
frontera,12,10,0.766,8,0.833,5,2,0.96,True,point,O'Hare
cities,5,5,0.766,4,0.8,2,2,0.99,True,point,Loop
sono,9,5,0.765,3,0.778,2,2,0.98,True,point,Near North Side
arby,5,5,0.765,4,0.8,2,3,1.0,True,point,Loop
berk,5,5,0.765,4,0.8,2,3,1.0,True,point,Loop
printer,12,7,0.763,5,0.833,3,3,0.99,True,point,Loop
recruitment,11,10,0.763,8,0.818,5,3,1.0,True,point,Loop
baci,7,7,0.763,6,0.857,6,1,1.0,True,point,Loop
wrigley,33,16,0.762,10,0.727,2,9,0.97,True,area,Lake View
ogden,29,23,0.762,19,0.828,13,3,0.78,False,point,Near North Side
hotpot,9,7,0.762,5,0.778,3,3,0.96,True,point,Armour Square
colette,5,5,0.762,4,0.8,4,1,0.99,True,point,Near North Side
tourism,5,4,0.762,3,0.8,1,3,1.0,True,point,Loop
braiding,158,134,0.76,103,0.785,61,6,0.82,False,area,Austin
beach,132,86,0.76,67,0.818,33,11,0.79,False,area,South Shore
keefe,9,8,0.76,7,0.889,6,2,0.99,True,point,Loop
ip,6,4,0.76,3,0.833,2,2,1.0,True,point,Loop
grady,5,5,0.76,4,0.8,3,2,0.97,True,point,Lincoln Park
randolph,46,22,0.759,16,0.826,5,7,0.99,True,area,Loop
ohare,18,16,0.759,12,0.778,8,5,0.78,False,area,O'Hare
reporting,15,10,0.759,7,0.8,1,7,1.0,True,area,Loop
rogers,100,63,0.756,39,0.75,9,18,0.77,False,area,Rogers Park
mather,9,7,0.754,5,0.778,3,2,1.0,True,point,Loop
manger,11,11,0.753,9,0.818,3,5,1.0,True,area,Loop
pret,11,11,0.753,9,0.818,3,5,1.0,True,area,Loop
edison,34,20,0.752,12,0.765,5,7,0.59,False,area,Edison Park
kinzie,21,16,0.752,12,0.81,3,8,1.0,True,area,Near North Side
iglesia,122,107,0.749,86,0.82,48,8,0.76,False,area,Belmont Cragin
parkchirp,22,19,0.749,16,0.818,7,5,0.99,True,area,Near North Side
boat,43,34,0.747,26,0.791,13,3,0.89,False,point,Loop
hermosa,12,8,0.747,5,0.75,3,3,0.82,False,point,Hermosa
gladstone,8,6,0.747,4,0.75,2,2,0.87,False,point,Jefferson Park
showroom,54,22,0.746,12,0.796,6,5,0.98,True,area,Near North Side
auburn,17,12,0.746,8,0.765,5,4,0.79,False,area,Auburn Gresham
shores,13,12,0.746,9,0.769,5,3,0.71,False,point,Uptown
appraisers,5,5,0.746,4,0.8,2,3,1.0,True,point,Loop
pavlatos,5,5,0.746,4,0.8,3,2,0.95,True,point,Lake View
visa,20,16,0.745,12,0.8,3,7,1.0,True,area,Loop
concourse,12,8,0.745,7,0.75,4,3,0.87,False,point,O'Hare
kat,7,7,0.744,6,0.857,5,2,0.98,True,point,West Town
uchicago,46,24,0.743,14,0.739,2,13,0.88,False,area,Hyde Park
lawyers,85,42,0.742,25,0.8,2,23,1.0,True,area,Loop
devon,58,30,0.742,15,0.741,4,9,0.86,False,area,West Ridge
morse,12,5,0.742,2,0.75,1,2,0.88,False,point,Rogers Park
coast,155,81,0.741,53,0.8,23,26,0.95,True,area,Near North Side
greenwood,44,27,0.74,18,0.75,6,11,0.79,False,area,Mount Greenwood
sharing,8,8,0.74,6,0.75,2,5,1.0,True,area,Loop
senate,5,3,0.74,2,0.8,1,2,1.0,True,point,Loop
buchanan,6,6,0.739,5,0.833,5,1,1.0,True,point,Loop
wells,95,56,0.736,41,0.821,13,20,0.98,True,area,Near North Side
armour,12,11,0.736,9,0.75,4,4,0.77,False,area,Near West Side
affinity,60,16,0.735,5,0.767,2,3,0.97,True,point,North Center
north,683,351,0.734,277,0.878,65,95,0.9,False,area,Near North Side
fulton,84,33,0.734,23,0.75,5,16,0.95,True,area,Near West Side
scratch,6,6,0.734,5,0.833,5,1,0.98,True,point,Near West Side
independence,16,13,0.733,9,0.75,5,4,0.8,False,area,Irving Park
kabab,12,12,0.73,9,0.75,4,4,0.92,True,area,West Ridge
trainer,6,5,0.73,4,0.833,3,2,0.98,True,point,Near North Side
gao,6,5,0.729,4,0.833,3,2,0.99,True,point,Near North Side
west,549,316,0.728,220,0.812,65,100,0.89,False,area,Near West Side
greyhound,8,7,0.726,5,0.75,3,2,0.89,False,point,Near West Side
cunningham,5,5,0.726,4,0.8,3,2,0.99,True,point,Lake View
scouts,5,5,0.726,4,0.8,3,2,0.98,True,point,Near West Side
meinl,5,5,0.725,4,0.8,4,1,0.88,False,point,Lake View
harper,20,15,0.724,11,0.75,6,5,0.96,True,area,Hyde Park
columbia,44,22,0.723,11,0.75,3,7,0.99,True,area,Loop
crossing,11,10,0.722,7,0.727,4,2,0.59,False,point,Greater Grand Crossing
guaranteed,87,20,0.721,8,0.782,4,3,0.92,True,point,Armour Square
fund,56,30,0.721,17,0.768,1,17,1.0,True,area,Loop
melrose,11,6,0.72,3,0.727,1,3,0.96,True,point,Lake View
crate,5,5,0.72,4,0.8,4,1,0.99,True,point,Near North Side
tumi,6,5,0.719,4,0.833,3,2,1.0,True,point,Loop
stefani,10,10,0.716,9,0.9,7,2,0.99,True,point,Loop
inspector,8,7,0.715,6,0.875,5,2,0.99,True,point,Loop
citadel,5,4,0.715,3,0.8,3,1,1.0,True,point,Loop
kelvyn,7,7,0.713,5,0.714,1,5,0.64,False,area,Hermosa
lunt,7,6,0.713,4,0.714,1,4,0.77,False,area,Rogers Park
yachts,7,6,0.713,4,0.714,2,2,0.61,False,point,Near South Side
injury,111,59,0.712,36,0.793,9,20,0.99,True,area,Loop
mel,5,5,0.71,4,0.8,4,1,0.96,True,point,Loop
astor,14,7,0.709,4,0.714,1,4,0.85,False,area,Near North Side
website,7,7,0.709,5,0.714,2,4,1.0,True,area,Loop
italy,14,11,0.708,8,0.786,4,3,0.98,True,point,Near North Side
harbor,62,44,0.707,31,0.79,14,6,0.91,True,area,Lake View
faculty,12,9,0.707,6,0.75,2,4,0.99,True,area,Near North Side
norton,6,6,0.706,5,0.833,5,1,1.0,True,point,Loop
studies,40,31,0.704,23,0.8,10,5,0.96,True,area,Near North Side
cym,15,14,0.704,10,0.733,7,3,0.76,False,point,South Shore
obama,6,5,0.703,4,0.833,3,2,0.74,False,point,Hyde Park
personnel,9,8,0.702,6,0.778,3,3,1.0,True,point,Loop
counsel,9,9,0.701,7,0.778,5,2,0.99,True,point,Near West Side
masonic,21,8,0.7,3,0.714,1,3,1.0,True,point,Lake View
blackstone,14,12,0.7,8,0.714,4,4,0.95,True,area,Hyde Park
indo,7,5,0.7,3,0.714,2,2,0.96,True,point,West Ridge
god,201,184,0.699,138,0.766,86,7,0.66,False,area,West Englewood
raymond,47,19,0.699,7,0.745,3,5,0.99,True,area,Near West Side
altgeld,10,9,0.699,6,0.7,3,4,0.42,False,area,Riverdale
cumberland,14,13,0.698,9,0.714,5,3,0.81,False,point,O'Hare
foster,54,38,0.697,22,0.685,11,4,0.72,False,area,Lincoln Square
blackhawks,10,5,0.697,2,0.7,1,2,0.82,False,point,Near West Side
lofts,127,97,0.696,74,0.787,27,14,0.96,True,area,Near West Side
cermak,40,27,0.695,16,0.725,8,4,0.89,False,area,South Lawndale
rate,214,27,0.694,14,0.897,9,3,0.83,False,point,Armour Square
phd,141,49,0.694,29,0.78,6,16,0.99,True,area,Near North Side
bankruptcy,13,9,0.694,6,0.769,2,5,1.0,True,area,Loop
sunglass,12,12,0.693,9,0.75,7,2,0.74,False,point,O'Hare
elm,17,7,0.692,2,0.706,1,2,0.98,True,point,Near North Side
plymouth,15,10,0.692,6,0.733,2,5,0.99,True,area,Loop
clothiers,8,7,0.692,6,0.75,2,5,1.0,True,area,Loop
medicine,549,144,0.689,46,0.709,19,10,0.98,True,area,Near North Side
leland,10,7,0.689,5,0.7,3,2,0.9,True,point,Uptown
bellevue,10,5,0.685,3,0.7,1,3,0.99,True,point,Near North Side
rosenthal,7,7,0.684,5,0.714,3,3,0.99,True,point,Near North Side
benefits,15,14,0.682,10,0.733,6,2,1.0,True,point,Loop
mighty,7,7,0.682,5,0.714,4,2,0.78,False,point,Lower West Side
mobility,7,5,0.682,3,0.714,2,2,1.0,True,point,Near North Side
ministries,303,258,0.681,193,0.752,106,9,0.71,False,area,Austin
african,182,150,0.681,113,0.769,80,8,0.8,False,area,Auburn Gresham
analytics,18,14,0.681,10,0.778,3,4,1.0,True,area,Loop
neiman,5,5,0.68,4,0.8,3,2,1.0,True,point,Loop
fs,11,11,0.679,8,0.727,5,3,0.98,True,point,Loop
duff,7,7,0.679,6,0.857,4,3,1.0,True,point,Loop
thorek,7,6,0.678,4,0.714,3,2,0.84,False,point,Lake View
advisors,117,70,0.676,43,0.769,7,34,0.99,True,area,Near North Side
armani,8,7,0.676,5,0.75,2,4,1.0,True,area,Near North Side
damen,41,30,0.674,19,0.707,7,6,0.9,False,area,West Town
dearborn,63,35,0.672,21,0.778,6,10,0.99,True,area,Loop
intercontinental,8,5,0.672,3,0.75,2,2,1.0,True,point,Near North Side
insight,31,26,0.671,20,0.806,9,6,0.99,True,area,Near North Side
weiss,19,12,0.671,8,0.737,3,4,0.97,True,area,Uptown
wentworth,23,16,0.669,12,0.696,6,4,0.72,False,area,Greater Grand Crossing
schiller,12,12,0.668,8,0.667,3,5,0.34,False,area,O'Hare
temple,194,176,0.666,125,0.727,78,6,0.7,False,area,Austin
rican,9,7,0.665,4,0.667,1,4,0.75,False,area,West Town
airline,6,6,0.665,4,0.667,2,2,0.55,False,point,O'Hare
fernwood,6,5,0.665,3,0.667,2,2,0.54,False,point,Washington Heights
granville,15,8,0.664,3,0.667,1,3,0.85,False,point,Edgewater
newman,12,10,0.664,7,0.75,3,4,1.0,True,area,Loop
kostner,9,7,0.663,5,0.667,4,2,0.66,False,point,North Lawndale
eckhart,6,4,0.663,3,0.667,1,3,0.88,False,point,West Town
stanislaus,6,4,0.663,2,0.667,1,2,0.74,False,point,West Town
tepeyac,6,4,0.663,2,0.667,1,2,0.88,False,point,South Lawndale
anmol,6,6,0.662,4,0.667,2,2,0.9,True,point,West Ridge
ani,7,6,0.66,4,0.714,2,2,1.0,True,point,Near North Side
balmoral,6,4,0.66,2,0.667,1,2,0.84,False,point,Edgewater
salle,20,17,0.659,12,0.75,5,5,0.99,True,area,Loop
tak,6,4,0.659,2,0.667,1,2,0.97,True,point,Armour Square
teloloapan,6,6,0.658,4,0.667,3,2,0.79,False,point,South Lawndale
epilepsy,8,8,0.657,5,0.625,4,2,1.0,True,point,Loop
waveland,15,10,0.656,6,0.667,1,6,0.95,True,area,Lake View
riverside,26,15,0.653,8,0.692,2,5,0.99,True,area,Near West Side
elyse,8,8,0.653,6,0.75,3,2,1.0,True,point,Lake View
costumes,6,6,0.653,4,0.667,3,2,0.89,False,point,West Lawn
weitzman,7,7,0.652,5,0.714,1,5,1.0,True,area,Near North Side
rockwell,24,16,0.651,9,0.708,4,4,0.82,False,area,North Center
division,107,69,0.65,43,0.757,12,12,0.96,True,area,Near North Side
mccormick,46,34,0.648,23,0.717,6,10,0.81,False,area,Near South Side
managed,18,16,0.648,13,0.778,10,2,0.99,True,point,Near North Side
sunlight,6,6,0.647,4,0.667,3,2,0.97,True,point,Armour Square
westside,38,33,0.646,23,0.711,19,2,0.82,False,point,Austin
lao,13,8,0.646,4,0.692,2,2,0.99,True,point,Near North Side
capital,192,93,0.645,49,0.755,10,38,0.99,True,area,Near North Side
novel,5,5,0.645,4,0.8,4,1,1.0,True,point,Loop
clark,187,104,0.644,68,0.781,12,20,0.97,True,area,Lake View
designers,8,8,0.644,6,0.75,3,2,1.0,True,point,Loop
horwitz,5,4,0.644,3,0.8,2,2,1.0,True,point,Loop
weave,6,6,0.643,4,0.667,4,1,0.85,False,point,Near South Side
marquette,38,34,0.642,22,0.658,15,5,0.66,False,area,Chicago Lawn
amtrak,14,12,0.642,7,0.643,3,4,0.86,False,area,Near West Side
westin,6,5,0.642,3,0.667,1,3,1.0,True,point,Near North Side
trade,49,39,0.641,28,0.776,8,11,1.0,True,area,Loop
homan,14,9,0.641,4,0.643,2,3,0.67,False,point,East Garfield Park
preservation,10,10,0.641,7,0.7,2,4,1.0,True,area,Loop
software,38,31,0.64,22,0.763,6,12,0.99,True,area,Loop
skinner,6,4,0.64,2,0.667,2,1,0.85,False,point,Near West Side
barnett,5,5,0.639,4,0.8,3,2,1.0,True,point,Loop
focused,7,7,0.638,5,0.714,2,3,1.0,True,point,Loop
advocates,12,9,0.637,6,0.75,3,4,1.0,True,area,Loop
th,415,317,0.636,228,0.723,103,14,0.75,False,area,Chatham
holdings,23,23,0.636,16,0.696,8,6,0.99,True,area,Near North Side
elliotw,8,8,0.636,6,0.75,6,1,0.93,True,point,Lincoln Park
faith,158,143,0.635,95,0.677,62,6,0.67,False,area,Austin
friedman,25,18,0.635,11,0.72,3,6,1.0,True,area,Loop
policy,18,16,0.635,12,0.722,7,3,0.99,True,point,Loop
calumet,38,35,0.633,22,0.658,15,3,0.42,False,point,South Deering
adler,17,15,0.633,11,0.765,8,3,0.99,True,point,Loop
oakwood,13,11,0.633,7,0.692,5,3,0.63,False,point,Oakland
haitian,6,6,0.633,4,0.667,4,1,0.93,True,point,South Chicago
mile,60,35,0.632,16,0.667,2,15,1.0,True,area,Near North Side
zhazha,15,15,0.632,10,0.667,7,2,0.97,True,point,Lake View
sandeep,6,5,0.632,3,0.667,1,3,1.0,True,point,Near North Side
pho,34,25,0.63,14,0.647,7,3,0.93,True,point,Lake View
carrectly,6,6,0.63,4,0.667,2,2,0.99,True,point,Near North Side
ascension,63,28,0.629,11,0.714,4,5,0.95,True,area,West Town
cargo,33,25,0.628,13,0.636,5,7,0.43,False,area,O'Hare
buckingham,15,11,0.628,8,0.733,3,6,0.98,True,area,Loop
laramie,11,9,0.627,6,0.636,4,2,0.76,False,point,Austin
jewelers,101,42,0.624,20,0.743,8,7,0.99,True,area,Loop
carver,8,6,0.624,3,0.625,2,2,0.44,False,point,Riverdale
tobin,5,3,0.624,2,0.8,2,1,1.0,True,point,Loop
podiatric,7,7,0.623,5,0.714,3,2,1.0,True,point,Loop
consultation,9,9,0.622,7,0.778,6,2,0.99,True,point,Near North Side
wellington,20,12,0.621,5,0.65,2,4,0.98,True,area,Lake View
vitarp,6,6,0.621,4,0.667,3,2,0.96,True,point,Lincoln Park
read,9,8,0.619,5,0.667,3,2,0.68,False,point,Dunning
gold,177,104,0.618,52,0.678,21,25,0.94,True,area,Near North Side
row,48,29,0.618,13,0.646,7,3,0.99,True,point,Loop
shawn,13,13,0.618,10,0.769,6,2,1.0,True,point,Loop
tola,8,8,0.618,5,0.625,2,3,0.86,False,point,Lake View
potty,5,5,0.617,3,0.6,1,3,1.0,True,point,Loop
washington,97,59,0.614,36,0.742,15,13,0.88,False,area,Loop
grant,54,43,0.613,26,0.685,6,14,0.97,True,area,Loop
mount,61,59,0.612,38,0.656,23,6,0.73,False,area,Mount Greenwood
associate,12,12,0.612,9,0.75,7,2,0.99,True,point,Near North Side
millennium,89,48,0.611,22,0.674,4,18,1.0,True,area,Loop
risk,17,15,0.611,10,0.706,2,8,1.0,True,area,Loop
ravi,6,5,0.61,4,0.667,2,2,0.99,True,point,Lincoln Park
lynch,24,19,0.608,13,0.75,4,4,1.0,True,area,Loop
evanston,18,12,0.607,5,0.611,2,3,0.85,False,point,Rogers Park
osteria,6,6,0.605,4,0.667,2,2,1.0,True,point,Near North Side
pilates,78,62,0.604,42,0.679,20,7,0.97,True,area,Near North Side
east,251,159,0.603,101,0.729,26,30,0.95,True,area,Near North Side
imagen,6,6,0.602,4,0.667,3,2,0.82,False,point,South Lawndale
serving,6,6,0.601,4,0.667,3,2,0.95,True,point,Loop
christ,274,229,0.6,153,0.682,95,7,0.67,False,area,Austin
willis,9,8,0.6,5,0.667,1,5,1.0,True,area,Loop
kosher,8,8,0.6,5,0.625,3,3,0.84,False,point,West Ridge
zhdwc,6,6,0.6,4,0.667,3,2,0.99,True,point,Lincoln Park
pay,8,8,0.599,6,0.75,5,2,0.98,True,point,Loop
harsh,5,5,0.599,3,0.6,1,3,0.39,False,point,Kenwood
sacrament,5,3,0.599,2,0.6,1,2,0.6,False,point,McKinley Park
wildwood,5,5,0.599,3,0.6,2,2,0.49,False,point,Forest Glen
glen,28,22,0.598,10,0.571,7,3,0.74,False,point,Edgewater
nigerian,6,6,0.598,4,0.667,3,2,0.96,True,point,Uptown
kilbourn,5,4,0.598,2,0.6,1,2,0.5,False,point,Irving Park
broadcast,8,7,0.597,5,0.75,4,2,1.0,True,point,Loop
hyman,6,6,0.597,4,0.667,1,4,1.0,True,area,Loop
southshore,5,5,0.597,3,0.6,2,2,0.75,False,point,South Shore
jail,5,5,0.596,3,0.6,2,2,0.52,False,point,South Lawndale
uso,5,5,0.596,3,0.6,2,2,0.85,False,point,O'Hare
zhou,5,4,0.596,2,0.6,1,2,0.85,False,point,Bridgeport
medico,10,8,0.595,4,0.6,1,4,0.92,True,area,South Lawndale
kayak,5,5,0.595,3,0.6,2,2,0.84,False,point,North Center
charitable,17,14,0.594,9,0.706,2,5,1.0,True,area,Loop
indio,5,5,0.594,3,0.6,2,2,0.92,True,point,South Lawndale
serene,5,4,0.594,2,0.6,1,2,0.94,True,point,Douglas
tribute,5,5,0.594,4,0.8,4,1,1.0,True,point,Loop
dim,6,6,0.593,4,0.667,3,2,0.79,False,point,Armour Square
benito,5,5,0.592,3,0.6,1,3,0.94,True,point,Lower West Side
amita,38,18,0.591,9,0.632,6,2,0.93,True,point,West Town
congregation,30,28,0.591,17,0.633,7,5,0.8,False,area,West Ridge
darbar,8,7,0.591,5,0.625,2,4,0.89,False,area,West Ridge
clifton,5,4,0.591,2,0.6,1,2,0.83,False,point,Lincoln Park
genevieve,5,4,0.591,2,0.6,2,1,0.77,False,point,Hermosa
roosevelt,52,27,0.59,17,0.654,7,7,0.92,True,area,Loop
marsh,9,9,0.59,6,0.667,4,2,0.63,False,point,South Deering
altman,5,5,0.59,4,0.8,3,2,1.0,True,point,Loop
copy,9,9,0.588,6,0.667,4,2,0.83,False,point,Austin
aspira,5,4,0.588,2,0.6,2,1,0.85,False,point,Avondale
avalon,17,13,0.586,6,0.588,4,3,0.57,False,point,Avalon Park
clinica,12,12,0.586,8,0.667,4,5,0.87,False,area,South Lawndale
cbs,6,6,0.586,4,0.667,2,3,1.0,True,point,Loop
hellenic,5,4,0.586,2,0.6,1,2,0.93,True,point,Near West Side
till,5,5,0.586,3,0.6,3,1,0.43,False,point,Woodlawn
lineage,5,5,0.585,3,0.6,2,2,0.53,False,point,Lower West Side
newport,10,7,0.584,5,0.7,4,2,0.98,True,point,Lake View
employees,8,7,0.584,5,0.75,3,3,1.0,True,point,Loop
manhattan,6,5,0.583,4,0.667,2,3,1.0,True,point,Near North Side
pedro,11,11,0.582,7,0.636,3,3,0.98,True,point,Near North Side
prayer,62,59,0.581,35,0.613,24,3,0.7,False,point,Englewood
devry,7,6,0.581,3,0.571,2,2,0.82,False,point,North Center
alphagraphics,7,6,0.58,4,0.714,3,2,1.0,True,point,Loop
ywca,7,6,0.58,4,0.714,4,1,0.92,True,point,Loop
humanities,12,10,0.579,6,0.583,3,3,0.94,True,point,Hyde Park
familiar,5,5,0.578,3,0.6,3,1,0.91,True,point,South Lawndale
tides,5,4,0.578,2,0.6,1,2,0.94,True,point,Loop
peterson,40,29,0.577,15,0.625,6,8,0.7,False,area,North Park
ama,12,8,0.577,4,0.667,2,2,1.0,True,point,Lake View
fsqytm,12,12,0.577,6,0.5,3,2,0.95,True,point,Hyde Park
parlour,6,6,0.577,4,0.667,3,2,0.98,True,point,Loop
rayan,5,5,0.577,3,0.6,2,2,0.9,True,point,Uptown
lavanderia,15,15,0.576,9,0.6,6,3,0.8,False,point,South Lawndale
auditorium,16,11,0.575,7,0.688,3,3,0.96,True,point,Loop
sheraton,8,5,0.573,2,0.625,1,2,0.94,True,point,Loop
amli,7,7,0.572,4,0.571,2,2,0.99,True,point,Loop
tickets,12,11,0.571,6,0.583,3,4,0.95,True,area,Lake View
bombay,8,7,0.57,4,0.625,2,2,0.99,True,point,Near North Side
misericordia,7,6,0.57,3,0.571,1,3,0.65,False,point,West Ridge
research,167,110,0.569,69,0.719,13,33,0.98,True,area,Near West Side
presidential,15,12,0.569,6,0.6,2,4,0.95,True,area,Near West Side
maven,9,9,0.569,6,0.667,2,5,1.0,True,area,Loop
civil,7,7,0.569,5,0.714,3,3,1.0,True,point,Loop
klm,5,4,0.569,2,0.6,2,1,0.82,False,point,O'Hare
meltzer,5,5,0.569,3,0.6,2,2,1.0,True,point,Loop
psychotherapy,79,49,0.568,26,0.633,10,7,0.97,True,area,Lake View
windsor,12,8,0.568,3,0.583,2,2,0.64,False,point,South Shore
kenmore,10,7,0.567,4,0.6,4,1,0.83,False,point,Edgewater
models,10,10,0.567,6,0.6,3,2,0.98,True,point,Near West Side
amz,5,5,0.567,3,0.6,2,2,0.97,True,point,Lincoln Park
sciences,32,28,0.566,15,0.562,6,4,0.96,True,area,Near West Side
passport,31,26,0.566,16,0.645,5,9,1.0,True,area,Loop
ffc,19,11,0.566,7,0.632,2,4,0.99,True,area,Near West Side
puerto,16,14,0.566,7,0.562,3,5,0.69,False,area,West Town
revere,7,7,0.566,4,0.571,2,2,0.71,False,point,North Center
lmft,16,9,0.565,5,0.688,3,2,1.0,True,point,Lake View
firm,180,98,0.564,43,0.683,11,29,0.99,True,area,Loop
corporate,61,53,0.563,39,0.77,16,10,0.99,True,area,Near North Side
regus,25,23,0.563,16,0.72,6,6,1.0,True,area,Loop
buena,21,15,0.563,6,0.571,1,6,0.92,True,area,Uptown
wrightwood,15,14,0.563,9,0.667,6,3,0.9,False,point,Lincoln Park
nico,5,4,0.563,2,0.6,1,2,0.99,True,point,Near North Side
ramen,53,47,0.562,30,0.679,18,4,0.98,True,area,Near West Side
dickens,7,6,0.561,3,0.571,1,3,0.94,True,point,Lincoln Park
chiquita,5,5,0.561,3,0.6,3,1,0.8,False,point,South Lawndale
clinton,18,13,0.559,7,0.611,3,4,0.96,True,area,Near West Side
seminary,18,16,0.558,10,0.667,7,2,0.94,True,point,Lincoln Park
jenner,5,4,0.558,3,0.6,2,2,0.91,True,point,Near North Side
encore,18,18,0.557,13,0.722,6,4,1.0,True,area,Near North Side
tequila,14,13,0.557,8,0.643,6,2,0.99,True,point,Near West Side
fruteria,7,7,0.557,4,0.571,3,2,0.81,False,point,South Lawndale
launchpad,5,5,0.557,3,0.6,1,3,0.99,True,point,Near North Side
airways,20,13,0.556,6,0.65,4,2,0.72,False,point,O'Hare
nutricion,16,16,0.556,11,0.688,9,2,0.89,False,point,Belmont Cragin
sailing,16,12,0.556,7,0.562,5,2,0.84,False,point,Lake View
rail,14,13,0.556,8,0.643,5,4,0.99,True,area,Near West Side
filipino,7,7,0.556,4,0.571,3,2,0.88,False,point,Albany Park
kensington,5,5,0.556,3,0.6,3,1,0.62,False,point,West Pullman
siegel,13,11,0.555,6,0.615,3,3,1.0,True,point,Near North Side
carshare,7,7,0.555,4,0.571,3,2,0.87,False,point,Rogers Park
fannie,7,7,0.555,6,0.857,6,1,1.0,True,point,Loop
hancock,17,11,0.554,5,0.588,3,2,0.99,True,point,Near North Side
familia,13,12,0.554,7,0.615,5,2,0.72,False,point,Belmont Cragin
square,209,128,0.553,53,0.565,22,16,0.8,False,area,Lincoln Square
mckinley,25,21,0.553,9,0.52,4,5,0.65,False,area,McKinley Park
ridge,66,57,0.552,32,0.545,19,6,0.79,False,area,West Ridge
crowe,8,6,0.551,4,0.75,3,2,1.0,True,point,Loop
peru,6,6,0.551,4,0.667,3,2,0.98,True,point,Loop
engineers,23,19,0.549,11,0.652,2,9,1.0,True,area,Loop
carlton,8,6,0.549,3,0.625,2,2,1.0,True,point,Near North Side
bound,5,5,0.549,3,0.6,1,3,1.0,True,point,Loop
forensic,7,7,0.548,5,0.714,5,1,1.0,True,point,Loop
md,2781,348,0.547,87,0.611,35,17,0.94,True,area,Near North Side
gate,52,45,0.547,22,0.558,12,4,0.69,False,area,O'Hare
acht,11,11,0.547,7,0.636,6,2,0.94,True,point,Lower West Side
ard,11,11,0.547,7,0.636,6,2,0.94,True,point,Lower West Side
vor,11,11,0.547,7,0.636,6,2,0.94,True,point,Lower West Side
wirtschaft,11,11,0.547,7,0.636,6,2,0.94,True,point,Lower West Side
concordia,9,8,0.546,5,0.556,3,2,0.75,False,point,Avondale
reporters,9,7,0.546,5,0.778,4,2,1.0,True,point,Loop
markets,15,13,0.545,9,0.733,7,3,0.99,True,point,Near West Side
mph,27,16,0.544,7,0.593,3,4,0.98,True,area,Near North Side
lindsey,12,10,0.544,6,0.583,4,2,1.0,True,point,Lincoln Park
finkel,5,5,0.544,3,0.6,1,3,1.0,True,point,Loop
avail,32,32,0.543,25,0.781,17,4,0.98,True,area,Loop
naf,7,7,0.543,4,0.571,2,2,1.0,True,point,Loop
lira,5,5,0.543,3,0.6,2,2,0.99,True,point,Near North Side
ping,7,5,0.542,2,0.571,2,1,0.74,False,point,Near South Side
surface,7,7,0.542,4,0.571,2,2,0.97,True,point,Near North Side
dalton,6,6,0.541,4,0.667,2,2,1.0,True,point,Loop
lake,308,199,0.54,106,0.617,31,24,0.93,True,area,Lake View
benson,14,13,0.54,8,0.643,6,2,0.98,True,point,Near West Side
espresso,7,7,0.54,4,0.571,3,2,0.98,True,point,West Town
kaplan,26,21,0.539,13,0.692,6,7,1.0,True,area,Loop
spain,5,5,0.539,3,0.6,1,3,1.0,True,point,Loop
benedict,11,6,0.538,2,0.545,1,2,0.77,False,point,North Center
jll,6,6,0.538,3,0.5,1,3,0.99,True,point,Near West Side
hustle,8,8,0.537,5,0.625,2,3,1.0,True,point,Near North Side
lester,6,6,0.537,4,0.667,3,2,0.99,True,point,Near North Side
baptiste,5,5,0.537,3,0.6,1,3,1.0,True,point,Near North Side
grantw,14,14,0.536,8,0.571,6,3,0.95,True,point,Hyde Park
clare,13,11,0.536,6,0.538,1,6,0.69,False,area,Montclare
fslf,7,7,0.536,4,0.571,3,2,0.93,True,point,Lincoln Park
due,5,4,0.536,2,0.6,2,1,1.0,True,point,Near North Side
restorative,5,5,0.536,3,0.6,1,3,1.0,True,point,Loop
vintage,59,51,0.535,31,0.644,21,4,0.93,True,area,West Town
pavilion,43,25,0.535,9,0.581,5,4,0.99,True,area,Near North Side
beacon,21,18,0.535,10,0.619,7,3,0.84,False,point,Roseland
hanson,13,10,0.535,4,0.538,2,3,0.78,False,point,Belmont Cragin
anjali,5,4,0.535,2,0.6,1,2,1.0,True,point,Near North Side
botanica,40,31,0.534,14,0.55,4,9,0.9,False,area,South Lawndale
halloween,22,19,0.534,11,0.636,7,2,0.98,True,point,Loop
skyway,13,12,0.534,7,0.538,4,2,0.43,False,point,East Side
town,242,151,0.532,57,0.57,15,17,0.93,True,area,West Town
hotels,25,24,0.532,16,0.68,5,9,1.0,True,area,Near North Side
legal,128,74,0.53,35,0.664,8,24,1.0,True,area,Loop
hubbard,32,23,0.53,11,0.594,5,5,0.93,True,area,Near North Side
douglass,11,10,0.53,5,0.545,3,2,0.56,False,point,North Lawndale
northstar,5,5,0.53,3,0.6,1,3,1.0,True,point,Loop
guadalupe,11,8,0.529,2,0.455,1,2,0.69,False,point,South Chicago
reddy,8,7,0.529,4,0.625,4,1,0.99,True,point,Near North Side
observatory,5,5,0.528,3,0.6,2,2,1.0,True,point,Near North Side
bunker,7,7,0.527,4,0.571,3,2,0.64,False,point,Forest Glen
sahara,6,6,0.527,4,0.667,4,1,0.89,False,point,West Ridge
hilton,36,24,0.526,15,0.667,5,4,0.99,True,area,Near North Side
mandell,5,5,0.526,3,0.6,1,3,1.0,True,point,Loop
wei,5,4,0.526,2,0.6,1,2,1.0,True,point,Near North Side
greater,179,164,0.525,94,0.553,52,6,0.67,False,area,North Lawndale
history,15,11,0.524,6,0.6,4,3,0.98,True,point,Loop
rooftops,6,3,0.524,2,0.833,2,1,0.97,True,point,Lake View
meat,62,52,0.523,26,0.548,10,7,0.85,False,area,West Ridge
rights,23,19,0.523,11,0.652,2,9,1.0,True,area,Loop
memorial,146,96,0.522,49,0.623,22,11,0.86,False,area,Near North Side
lesley,5,5,0.522,3,0.6,2,2,1.0,True,point,Loop
servers,5,5,0.522,3,0.6,1,3,1.0,True,point,Loop
schwartz,24,20,0.52,11,0.625,4,8,1.0,True,area,Loop
grand,126,85,0.519,43,0.635,16,8,0.8,False,area,Belmont Cragin
behavioral,67,53,0.519,33,0.687,13,6,0.98,True,area,Lake View
cemetery,30,26,0.519,15,0.533,7,4,0.32,False,area,North Park
remax,13,11,0.519,6,0.538,4,2,0.79,False,point,West Town
photographer,5,5,0.519,3,0.6,2,2,1.0,True,point,Loop
college,283,177,0.518,89,0.65,30,24,0.9,False,area,Loop
cubs,15,9,0.518,3,0.533,2,2,0.96,True,point,Lake View
kemper,5,4,0.518,2,0.6,1,2,1.0,True,point,Loop
paleteria,33,32,0.517,15,0.485,8,3,0.81,False,point,Belmont Cragin
cogic,29,27,0.516,15,0.586,12,3,0.78,False,point,Austin
vietnamese,13,12,0.516,6,0.538,3,2,0.89,False,point,Uptown
chad,9,9,0.516,5,0.556,3,2,0.98,True,point,Lincoln Park
violins,6,6,0.516,4,0.667,3,2,0.98,True,point,Loop
old,197,117,0.515,28,0.492,8,14,0.9,True,area,Near North Side
te,10,10,0.515,6,0.6,3,3,0.94,True,point,Near North Side
loganu,7,7,0.515,4,0.571,4,1,0.95,True,point,Lincoln Park
ortiz,7,7,0.515,4,0.571,3,2,0.86,False,point,Brighton Park
wishbone,5,5,0.515,3,0.6,3,1,0.99,True,point,Near West Side
ellis,26,24,0.514,14,0.577,9,3,0.91,True,point,Kenwood
newstand,5,5,0.514,3,0.6,2,2,0.99,True,point,Loop
yacht,42,35,0.513,19,0.571,12,3,0.9,True,point,Loop
walton,17,12,0.513,5,0.588,3,3,0.99,True,point,Near North Side
halo,9,9,0.513,5,0.556,1,5,1.0,True,area,Loop
stacy,8,8,0.513,5,0.625,2,3,1.0,True,point,Near North Side
lcpc,63,44,0.512,23,0.635,10,8,0.98,True,area,Loop
municipal,9,9,0.512,6,0.667,4,2,1.0,True,point,Loop
christian,252,222,0.511,134,0.579,78,8,0.66,False,area,North Lawndale
lakeshore,97,71,0.511,35,0.567,16,8,0.95,True,area,Lake View
higgins,26,23,0.511,10,0.5,5,4,0.73,False,area,Jefferson Park
lcsw,95,51,0.51,28,0.684,14,9,0.98,True,area,Loop
parkway,27,22,0.51,9,0.519,4,3,0.79,False,point,Lincoln Park
pandora,5,5,0.51,3,0.6,2,2,1.0,True,point,Near North Side
tower,175,116,0.509,63,0.634,13,21,0.97,True,area,Near North Side
goldberg,24,19,0.509,12,0.667,3,9,1.0,True,area,Loop
skydeck,6,6,0.509,3,0.5,1,3,1.0,True,point,Loop
field,154,119,0.508,54,0.526,28,8,0.67,False,area,Near South Side
casa,90,81,0.508,46,0.556,28,5,0.84,False,area,Lower West Side
condominiums,55,50,0.508,31,0.618,13,7,0.95,True,area,Near North Side
segal,10,10,0.508,6,0.6,2,5,1.0,True,area,Loop
transplant,10,10,0.508,6,0.6,3,3,0.99,True,point,Near North Side
burnham,32,26,0.507,14,0.562,8,3,0.9,True,point,Loop
zz,28,28,0.507,16,0.571,11,3,0.96,True,point,Hyde Park
gay,11,11,0.507,6,0.545,2,4,0.97,True,area,Lake View
banfield,7,7,0.507,4,0.571,4,1,0.85,False,point,Near West Side
ora,16,14,0.505,7,0.562,4,3,0.99,True,point,Near North Side
grove,64,51,0.504,29,0.609,15,4,0.87,False,area,Chatham
lp,19,18,0.504,11,0.632,6,3,0.99,True,point,Near West Side
milk,15,15,0.504,9,0.6,6,3,0.98,True,point,Near North Side
longevity,8,8,0.504,5,0.625,4,2,0.99,True,point,Near North Side
hudson,28,25,0.503,13,0.536,8,3,0.97,True,point,Lincoln Park
oncology,22,19,0.503,12,0.636,7,3,0.99,True,point,Lake View
phelps,7,7,0.503,4,0.571,2,3,0.99,True,point,Near West Side
village,250,186,0.501,89,0.568,34,16,0.86,False,area,South Lawndale
commons,44,38,0.501,19,0.568,10,3,0.91,True,point,Near West Side
tms,10,8,0.501,4,0.6,1,4,1.0,True,area,Loop
mckenna,8,7,0.5,4,0.625,2,2,1.0,True,point,Loop
petting,12,12,0.499,6,0.5,3,2,0.91,True,point,Hyde Park
belden,7,6,0.499,3,0.571,3,1,0.98,True,point,Lincoln Park
von,15,14,0.497,8,0.6,7,2,0.85,False,point,West Town
kendall,8,7,0.497,4,0.625,3,2,0.98,True,point,Loop
birchwood,6,6,0.497,3,0.5,1,3,0.76,False,point,Rogers Park
ohara,6,6,0.497,3,0.5,1,3,0.71,False,point,O'Hare
resurrection,55,32,0.496,8,0.509,2,4,0.93,True,area,West Town
breakthrough,6,5,0.495,2,0.5,2,1,0.7,False,point,East Garfield Park
romo,10,9,0.494,4,0.5,2,2,0.85,False,point,West Lawn
boots,6,5,0.494,2,0.5,1,2,0.87,False,point,South Lawndale
fbh,12,12,0.493,6,0.5,4,2,0.95,True,point,Hyde Park
provident,7,6,0.493,4,0.571,2,2,0.84,False,point,Loop
tre,7,7,0.493,4,0.571,2,3,1.0,True,point,Near North Side
cook,108,74,0.492,33,0.593,15,7,0.81,False,area,Near West Side
ddt,12,12,0.492,6,0.5,4,3,0.94,True,point,Lake View
casualty,6,5,0.492,2,0.5,1,2,0.97,True,point,O'Hare
singer,8,8,0.491,5,0.625,2,3,1.0,True,point,Loop
garland,5,4,0.491,2,0.6,1,2,1.0,True,point,Loop
stuart,25,24,0.49,13,0.56,6,4,0.99,True,area,Near North Side
oak,115,77,0.488,27,0.522,14,6,0.91,True,area,Near North Side
prairie,40,31,0.487,13,0.475,7,5,0.79,False,area,Near South Side
presence,37,27,0.486,10,0.514,7,3,0.93,True,point,Norwood Park
grocery,117,109,0.485,60,0.564,31,6,0.84,False,area,South Lawndale
anointed,13,13,0.485,7,0.538,6,2,0.77,False,point,Auburn Gresham
cruises,13,10,0.485,6,0.615,2,4,1.0,True,area,Loop
bowen,7,7,0.484,4,0.571,2,2,0.75,False,point,Loop
consulado,9,7,0.483,3,0.556,1,3,1.0,True,point,Loop
riordan,7,7,0.483,4,0.571,2,2,0.96,True,point,Loop
app,14,13,0.482,7,0.5,2,5,1.0,True,area,Loop
kara,11,10,0.482,5,0.545,1,5,1.0,True,area,Near North Side
psyd,41,28,0.481,13,0.61,2,11,1.0,True,area,Loop
gi,10,9,0.481,4,0.5,2,2,0.99,True,point,Lake View
vincennes,8,6,0.481,3,0.5,2,2,0.74,False,point,Greater Grand Crossing
goose,21,18,0.479,9,0.524,6,3,0.93,True,point,Near North Side
immaculate,16,14,0.479,7,0.562,5,2,0.66,False,point,South Chicago
hunan,8,7,0.479,3,0.5,3,1,0.82,False,point,Armour Square
lubavitch,6,6,0.479,3,0.5,2,2,0.63,False,point,West Ridge
genetics,6,5,0.478,2,0.5,1,2,0.99,True,point,Near West Side
diabetes,13,13,0.476,8,0.615,4,2,0.99,True,point,Loop
caterpillar,6,6,0.476,3,0.5,2,2,0.88,False,point,West Town
title,103,69,0.475,33,0.583,10,14,0.95,True,area,Loop
pooch,8,8,0.475,4,0.5,2,2,0.81,False,point,Loop
instituto,8,7,0.474,3,0.5,2,2,0.83,False,point,Lower West Side
thai,162,122,0.473,65,0.537,29,10,0.94,True,area,Lake View
screening,7,7,0.473,4,0.571,2,2,1.0,True,point,Loop
mangos,6,6,0.473,3,0.5,3,1,0.89,False,point,South Lawndale
packing,14,11,0.471,5,0.5,1,5,0.98,True,area,Near West Side
fischer,8,7,0.471,3,0.5,2,2,0.99,True,point,Near West Side
terminal,71,46,0.47,17,0.479,5,11,0.71,False,area,O'Hare
search,46,33,0.47,18,0.652,2,16,1.0,True,area,Loop
magnolia,16,15,0.47,8,0.562,5,3,0.86,False,point,Edgewater
himalayan,5,5,0.47,3,0.6,2,2,0.98,True,point,Loop
livery,10,9,0.469,4,0.5,4,1,0.77,False,point,Roseland
bridge,98,80,0.468,43,0.612,18,18,0.89,False,area,Loop
granite,36,35,0.468,17,0.5,8,4,0.73,False,area,Clearing
maple,13,12,0.468,5,0.385,5,1,0.77,False,point,West Pullman
chico,7,7,0.467,3,0.429,1,3,0.73,False,point,South Chicago
teaching,7,7,0.467,4,0.571,2,2,0.98,True,point,Loop
speaks,6,6,0.467,3,0.5,3,1,0.96,True,point,Near South Side
lawn,54,49,0.466,22,0.5,14,6,0.75,False,area,Chicago Lawn
joshua,33,24,0.466,10,0.515,4,5,0.99,True,area,Near North Side
strategies,25,20,0.466,10,0.6,5,3,1.0,True,point,Loop
museum,144,107,0.465,49,0.507,15,13,0.92,True,area,Near North Side
logan,35,27,0.465,10,0.457,4,6,0.81,False,area,Avondale
palmer,21,17,0.464,8,0.571,3,3,0.97,True,point,Roseland
eve,13,12,0.464,7,0.615,4,2,1.0,True,point,Loop
concrete,41,38,0.463,18,0.488,13,2,0.65,False,point,Garfield Ridge
franklin,31,23,0.463,9,0.548,2,7,1.0,True,area,Loop
drawing,7,7,0.462,4,0.571,3,2,0.98,True,point,Loop
cornelia,11,8,0.46,3,0.455,1,3,0.97,True,point,Lake View
building,282,175,0.459,67,0.55,17,26,0.96,True,area,Loop
cutler,5,5,0.459,3,0.6,2,2,1.0,True,point,Loop
nueva,22,20,0.458,10,0.5,7,3,0.82,False,point,South Lawndale
racine,18,16,0.458,8,0.556,5,2,0.92,True,point,Near West Side
chartwell,5,5,0.458,3,0.6,2,2,1.0,True,point,Loop
prosper,5,5,0.458,3,0.6,2,2,1.0,True,point,Loop
fargo,28,24,0.457,13,0.536,8,3,0.99,True,point,Near North Side
entrepreneurship,7,7,0.457,4,0.571,3,2,0.93,True,point,Loop
hilliard,7,6,0.457,2,0.429,2,1,0.83,False,point,Near South Side
lyf,7,7,0.457,4,0.571,4,1,0.97,True,point,Lake View
zs,18,18,0.456,10,0.556,6,3,0.95,True,point,Loop
sawyer,6,6,0.455,4,0.667,3,2,1.0,True,point,Loop
scholarship,5,5,0.455,3,0.6,2,2,1.0,True,point,Loop
student,64,42,0.454,24,0.562,8,6,0.94,True,area,Hyde Park
sinai,29,23,0.454,10,0.483,6,3,0.72,False,point,North Lawndale
bye,5,5,0.454,3,0.6,2,2,1.0,True,point,Loop
lawrence,70,55,0.453,23,0.471,11,5,0.92,True,area,Albany Park
call,65,65,0.453,33,0.508,16,5,0.95,True,area,Hyde Park
industry,15,15,0.453,6,0.4,3,3,0.93,True,point,West Town
tempo,6,6,0.452,3,0.5,2,2,0.92,True,point,Albany Park
muscle,8,8,0.451,4,0.5,3,2,0.96,True,point,Lake View
lextor,5,5,0.451,2,0.4,1,2,0.95,True,point,Lincoln Park
distributors,29,27,0.45,13,0.517,9,2,0.81,False,point,West Town
aaaa,10,10,0.45,4,0.4,3,2,0.9,True,point,Loop
cambridge,9,8,0.449,4,0.556,3,2,0.8,False,point,Loop
disney,9,9,0.449,5,0.556,4,2,1.0,True,point,Loop
investment,53,45,0.448,21,0.547,4,13,0.99,True,area,Loop
honore,8,8,0.448,4,0.5,2,3,0.9,False,point,West Town
planning,43,40,0.447,24,0.628,3,21,1.0,True,area,Loop
reconstructive,13,12,0.447,8,0.692,5,2,1.0,True,point,Near North Side
dual,7,6,0.447,3,0.571,3,1,0.98,True,point,Lower West Side
havana,6,5,0.447,2,0.333,2,1,0.95,True,point,Lincoln Square
zion,60,58,0.446,28,0.483,21,3,0.65,False,point,West Pullman
tamales,27,27,0.446,13,0.481,9,3,0.91,True,point,Lower West Side
farms,15,15,0.446,7,0.467,4,3,0.95,True,point,Near West Side
hospitality,64,57,0.445,26,0.5,8,10,0.99,True,area,Near North Side
traditions,6,5,0.445,2,0.5,2,1,0.98,True,point,Lake View
interest,5,5,0.445,3,0.6,2,2,1.0,True,point,Loop
ideas,10,10,0.444,5,0.5,3,3,1.0,True,point,Loop
viet,9,8,0.444,3,0.444,2,2,0.89,False,point,Uptown
bulls,8,7,0.444,3,0.5,2,2,0.88,False,point,Near West Side
cristiana,21,21,0.443,9,0.429,6,3,0.6,False,point,Brighton Park
sixty,9,9,0.443,5,0.556,3,3,0.99,True,point,Near North Side
county,103,65,0.442,25,0.398,12,5,0.78,False,area,Near West Side
recruiting,40,31,0.442,11,0.4,7,2,0.89,False,point,Near North Side
verma,7,7,0.441,4,0.571,3,2,0.99,True,point,Near North Side
birth,15,13,0.44,6,0.467,5,2,0.77,False,point,Austin
nam,9,7,0.44,3,0.444,3,1,0.94,True,point,Lower West Side
community,708,567,0.438,251,0.421,91,14,0.69,False,area,Grand Boulevard
emily,43,38,0.438,18,0.535,8,5,0.98,True,area,West Town
chili,13,12,0.438,6,0.462,3,3,0.82,False,point,O'Hare
fingerprinting,7,6,0.438,2,0.286,2,1,0.89,False,point,South Shore
gems,17,11,0.437,4,0.588,3,2,1.0,True,point,Loop
maternal,8,8,0.437,4,0.5,4,1,0.98,True,point,Lake View
mediation,8,8,0.437,4,0.5,2,2,1.0,True,point,Loop
dinner,6,6,0.437,3,0.5,1,3,1.0,True,point,Near North Side
raju,6,6,0.437,3,0.5,2,2,0.98,True,point,Lake View
shira,6,6,0.437,3,0.5,1,3,1.0,True,point,Near North Side
mt,71,63,0.436,28,0.479,20,4,0.68,False,area,North Lawndale
towers,36,29,0.436,12,0.472,8,3,0.91,True,point,Uptown
hispanic,24,22,0.436,13,0.583,7,5,0.99,True,area,Loop
grocer,18,18,0.435,12,0.667,10,2,0.97,True,point,Lake View
trusted,7,7,0.435,4,0.571,2,3,1.0,True,point,Near West Side
securities,16,14,0.434,6,0.438,1,6,1.0,True,area,Loop
hawthorne,11,7,0.434,2,0.455,1,2,0.94,True,point,Lake View
mak,8,8,0.434,4,0.5,4,1,0.91,True,point,Lincoln Park
repair,687,540,0.433,237,0.435,91,9,0.75,False,area,Belmont Cragin
holy,123,109,0.433,49,0.504,35,4,0.65,False,area,Englewood
oz,11,9,0.433,3,0.455,1,3,0.98,True,point,Lincoln Park
translations,12,10,0.432,7,0.583,3,3,1.0,True,point,Loop
orthotics,8,8,0.432,4,0.5,3,2,0.96,True,point,Near North Side
prosthetics,8,8,0.432,4,0.5,3,2,0.96,True,point,Near North Side
printers,20,12,0.431,2,0.5,1,2,0.98,True,point,Loop
safer,9,7,0.431,2,0.444,2,1,0.59,False,point,North Lawndale
aim,7,7,0.431,3,0.429,2,2,0.93,True,point,O'Hare
southwest,49,44,0.43,19,0.469,14,3,0.74,False,point,Garfield Ridge
cpas,10,10,0.43,4,0.4,2,3,1.0,True,point,Loop
fork,8,8,0.429,4,0.5,3,2,0.97,True,point,Near West Side
pixel,6,6,0.429,2,0.333,2,1,0.67,False,point,West Elsdon
technologies,81,60,0.428,29,0.556,6,19,0.99,True,area,Loop
samuelh,13,13,0.428,7,0.538,6,2,0.94,True,point,Lincoln Park
gentleman,5,5,0.428,3,0.6,2,2,1.0,True,point,Loop
literacy,17,16,0.427,6,0.353,5,2,0.73,False,point,Englewood
trailer,17,17,0.427,8,0.471,6,2,0.69,False,point,Archer Heights
chemical,8,8,0.427,4,0.5,4,1,0.6,False,point,West Lawn
morgan,161,70,0.426,38,0.304,11,15,0.7,False,area,Morgan Park
woods,49,46,0.426,21,0.429,15,4,0.32,False,area,Jefferson Park
psychological,37,26,0.426,11,0.568,2,9,1.0,True,area,Loop
suits,14,13,0.426,5,0.429,3,2,1.0,True,point,Loop
distillery,8,8,0.426,4,0.5,3,2,0.95,True,point,North Center
jacobson,7,7,0.426,4,0.571,2,2,1.0,True,point,Loop
davinci,9,9,0.425,5,0.556,3,2,1.0,True,point,Loop
taj,9,8,0.425,3,0.444,2,2,0.96,True,point,West Ridge
caray,7,5,0.425,2,0.429,1,2,0.71,False,point,Clearing
board,85,66,0.424,30,0.565,11,7,0.99,True,area,Loop
supermercado,24,24,0.424,11,0.458,10,2,0.83,False,point,South Lawndale
marcel,7,7,0.424,4,0.571,3,2,0.98,True,point,Lake View
traders,7,7,0.424,3,0.429,2,2,0.89,False,point,Loop
fishing,9,7,0.422,2,0.444,2,1,0.78,False,point,Uptown
island,98,86,0.421,38,0.469,24,3,0.75,False,point,Belmont Cragin
jewish,37,29,0.421,11,0.378,8,3,0.76,False,point,West Ridge
marcus,27,24,0.421,12,0.556,7,4,0.99,True,area,Near North Side
photography,332,241,0.42,76,0.373,22,21,0.9,True,area,Near West Side
asha,5,5,0.42,3,0.6,3,1,0.98,True,point,Near North Side
islamic,20,19,0.419,9,0.5,5,3,0.97,True,point,Loop
greene,13,12,0.419,6,0.538,3,2,0.99,True,point,Lincoln Park
ira,6,6,0.419,3,0.5,2,2,1.0,True,point,Loop
lbm,8,8,0.418,4,0.5,3,2,0.9,True,point,Lincoln Park
michoacana,52,46,0.417,21,0.462,15,2,0.84,False,point,Belmont Cragin
pcc,7,6,0.417,2,0.429,2,1,0.69,False,point,Austin
delos,5,4,0.417,2,0.6,2,1,0.95,True,point,Near North Side
rosenblum,5,4,0.417,2,0.6,2,1,0.74,False,point,South Shore
condos,38,35,0.416,14,0.447,7,6,0.98,True,area,Near North Side
six,37,28,0.416,7,0.432,3,5,0.81,False,area,Portage Park
evolved,5,5,0.416,2,0.4,1,2,0.99,True,point,Near North Side
halal,36,26,0.415,5,0.389,2,3,0.89,False,point,West Ridge
hollywood,33,25,0.415,6,0.394,3,3,0.7,False,point,Edgewater
kate,32,29,0.415,11,0.438,7,2,0.94,True,point,North Center
mag,12,11,0.415,5,0.5,3,3,1.0,True,point,Near North Side
jackson,174,150,0.414,58,0.391,24,11,0.77,False,area,Woodlawn
motor,41,37,0.414,14,0.415,8,3,0.77,False,point,South Deering
liu,7,6,0.414,2,0.429,1,2,0.91,True,point,Armour Square
steakhouse,32,25,0.413,12,0.5,3,8,0.99,True,area,Near North Side
rpm,15,14,0.413,7,0.533,3,5,0.99,True,area,Near North Side
plastic,58,40,0.412,14,0.552,5,6,0.99,True,area,Near North Side
hong,24,20,0.412,7,0.458,4,2,0.95,True,point,Armour Square
customs,23,21,0.412,10,0.478,10,1,0.8,False,point,O'Hare
ida,13,13,0.412,6,0.462,4,3,0.47,False,point,Douglas
cellar,9,9,0.412,4,0.444,3,2,0.92,True,point,Lincoln Park
awareness,6,6,0.412,3,0.5,2,2,0.99,True,point,Near North Side
roost,11,9,0.411,4,0.455,2,3,0.94,True,point,West Town
new,668,523,0.41,212,0.415,94,14,0.69,False,area,Austin
lin,16,15,0.41,6,0.438,3,3,0.99,True,point,Near North Side
marketing,214,137,0.409,55,0.537,12,33,0.99,True,area,Near North Side
elizabeth,84,65,0.409,26,0.464,10,6,0.98,True,area,Near North Side
engineering,69,57,0.409,26,0.536,10,10,0.96,True,area,Near West Side
southeast,18,17,0.409,6,0.389,4,3,0.75,False,point,South Chicago
convention,16,14,0.409,3,0.312,1,3,0.67,False,point,Near South Side
opus,8,7,0.409,3,0.375,3,1,0.99,True,point,Near West Side
sales,220,182,0.408,64,0.405,29,6,0.75,False,area,Austin
outreach,119,111,0.408,50,0.471,40,3,0.71,False,point,Austin
executive,57,44,0.408,22,0.544,5,13,1.0,True,area,Loop
buddhist,11,11,0.408,5,0.455,3,2,0.94,True,point,Lake View
architects,89,64,0.407,30,0.449,9,14,0.99,True,area,Near North Side
bagel,21,19,0.406,10,0.571,7,2,0.98,True,point,Lake View
tire,154,142,0.405,58,0.442,31,4,0.75,False,area,Belmont Cragin
investments,72,55,0.405,19,0.472,3,15,1.0,True,area,Loop
stephen,52,42,0.405,21,0.577,5,9,0.99,True,area,Loop
mural,8,8,0.405,4,0.5,4,1,0.97,True,point,West Town
technology,128,97,0.404,42,0.516,7,28,0.98,True,area,Near West Side
artistry,19,18,0.404,9,0.526,8,2,0.93,True,point,West Town
mcgrath,12,11,0.404,4,0.417,2,2,0.67,False,point,Montclare
cashing,8,8,0.404,4,0.5,4,1,0.85,False,point,Austin
water,113,78,0.403,22,0.478,11,6,0.88,False,area,Near North Side
webster,24,18,0.403,6,0.458,3,3,0.94,True,point,Lincoln Park
champagne,7,7,0.403,2,0.286,1,2,1.0,True,point,Near North Side
priya,5,4,0.403,2,0.6,2,1,1.0,True,point,Near North Side
carroll,17,16,0.402,5,0.353,2,3,0.83,False,point,East Garfield Park
haymarket,9,8,0.402,3,0.444,1,3,0.99,True,point,Near West Side
whty,9,9,0.401,4,0.444,3,2,0.94,True,point,Lake View
meyers,7,7,0.401,4,0.571,2,2,1.0,True,point,Loop
yates,6,5,0.401,2,0.5,1,2,1.0,True,point,Loop
nazareth,11,8,0.4,3,0.455,2,2,0.83,False,point,West Town
salerno,5,5,0.399,2,0.4,1,2,0.61,False,point,Douglas
scandinavian,5,5,0.399,2,0.4,1,2,0.71,False,point,O'Hare
lakefront,56,49,0.398,20,0.446,15,3,0.84,False,point,Lincoln Park
harvey,19,17,0.398,7,0.421,4,3,1.0,True,point,Loop
pearson,17,13,0.398,7,0.529,2,4,1.0,True,area,Loop
seashell,9,9,0.398,4,0.444,3,2,0.78,False,point,West Englewood
pi,8,8,0.398,4,0.5,3,2,0.9,False,point,Loop
aztec,5,5,0.398,2,0.4,1,2,0.39,False,point,Portage Park
lithuanian,5,4,0.398,2,0.4,1,2,0.61,False,point,Chicago Lawn
storagemart,5,5,0.398,2,0.4,1,2,0.63,False,point,Woodlawn
xperience,5,5,0.398,2,0.4,1,2,0.65,False,point,Auburn Gresham
moon,41,39,0.397,15,0.415,8,3,0.97,True,point,North Center
baggage,5,4,0.397,2,0.4,1,2,0.79,False,point,Garfield Ridge
chevrolet,5,4,0.397,2,0.4,1,2,0.62,False,point,Portage Park
rutherford,5,5,0.397,2,0.4,1,2,0.49,False,point,Austin
trust,69,51,0.396,20,0.493,5,11,0.99,True,area,Loop
wqfb,10,10,0.396,5,0.5,4,2,0.94,True,point,Lincoln Park
sheriff,8,7,0.396,2,0.375,1,2,0.43,False,point,South Lawndale
tanning,8,8,0.396,4,0.5,3,2,0.91,True,point,Mount Greenwood
border,7,6,0.396,3,0.429,3,1,0.71,False,point,O'Hare
dayton,6,6,0.396,3,0.5,2,2,0.98,True,point,Near North Side
hush,5,5,0.396,2,0.4,1,2,0.74,False,point,Lincoln Park
swissport,5,5,0.396,2,0.4,1,2,0.9,False,point,O'Hare
association,493,282,0.395,82,0.462,20,50,0.97,True,area,Near North Side
ford,34,29,0.395,7,0.324,6,2,0.44,False,point,South Deering
rushmypassport,24,24,0.395,10,0.417,3,6,1.0,True,area,Loop
adventure,11,10,0.395,4,0.455,4,1,0.81,False,point,Near South Side
reynolds,11,11,0.395,5,0.455,3,2,0.99,True,point,Near North Side
yu,10,9,0.395,4,0.5,2,2,0.99,True,point,Lake View
nsfw,7,7,0.395,3,0.429,2,2,0.93,True,point,Lincoln Park
bohemian,5,5,0.395,2,0.4,2,1,0.63,False,point,North Park
cyril,5,5,0.395,2,0.4,1,2,0.86,False,point,South Shore
warren,21,19,0.394,7,0.381,5,2,0.6,False,point,West Ridge
claremont,5,5,0.394,2,0.4,1,2,0.83,False,point,Near West Side
numero,5,5,0.394,2,0.4,1,2,0.75,False,point,South Lawndale
perpetual,5,5,0.394,2,0.4,1,2,0.8,False,point,Bridgeport
morena,5,5,0.393,2,0.4,1,2,0.88,False,point,South Lawndale
renewed,5,5,0.393,2,0.4,2,1,0.71,False,point,Woodlawn
prime,81,71,0.392,30,0.444,16,8,0.94,True,area,Loop
chatmet,20,20,0.392,9,0.45,7,2,0.97,True,point,Lincoln Park
keystone,9,8,0.392,3,0.444,2,2,0.82,False,point,Irving Park
maynard,7,7,0.392,3,0.429,3,1,0.83,False,point,Edgewater
medicos,5,5,0.392,2,0.4,1,2,0.92,True,point,South Lawndale
perfumes,5,5,0.392,2,0.4,1,2,0.92,True,point,Portage Park
taylor,110,82,0.391,20,0.373,11,5,0.9,False,area,Near West Side
collection,108,86,0.391,36,0.5,9,17,0.98,True,area,Near North Side
lavish,8,8,0.391,4,0.5,4,1,0.94,True,point,Near West Side
ec,5,5,0.391,2,0.4,1,2,1.0,True,point,Loop
kilpatrick,5,3,0.391,2,0.4,1,2,0.79,False,point,Portage Park
mahal,5,5,0.391,2,0.4,1,2,0.93,True,point,West Ridge
plastering,5,4,0.391,2,0.4,1,2,0.93,True,point,Edgewater
northside,71,67,0.39,31,0.451,19,4,0.87,False,area,West Ridge
pond,6,6,0.39,2,0.333,1,2,0.91,True,point,Lincoln Park
stagg,5,4,0.39,2,0.4,1,2,0.78,False,point,Hyde Park
weaves,5,5,0.39,2,0.4,2,1,0.72,False,point,Greater Grand Crossing
winners,5,5,0.39,2,0.4,2,1,0.78,False,point,Austin
moran,15,14,0.389,7,0.533,3,5,0.99,True,area,Loop
arlington,7,6,0.389,2,0.429,1,2,0.99,True,point,Lincoln Park
camille,7,7,0.389,4,0.571,3,2,0.99,True,point,Near North Side
aeropuerto,5,5,0.389,2,0.4,2,1,0.68,False,point,Garfield Ridge
giants,5,5,0.389,2,0.4,1,2,0.9,True,point,Uptown
sameer,5,5,0.389,2,0.4,1,2,0.98,True,point,Lincoln Square
sung,5,5,0.389,2,0.4,1,2,0.98,True,point,Lincoln Square
hall,256,185,0.388,51,0.359,19,7,0.84,False,area,Hyde Park
hookah,28,25,0.388,10,0.429,5,3,0.87,False,point,North Park
nuevo,23,20,0.388,8,0.435,6,2,0.92,True,point,South Lawndale
paulina,18,15,0.388,6,0.444,4,3,0.96,True,point,Lake View
august,9,9,0.388,4,0.444,3,2,0.96,True,point,Near North Side
tia,5,5,0.388,2,0.4,1,2,0.82,False,point,Near West Side
metal,69,62,0.387,25,0.406,22,2,0.71,False,point,Austin
banquet,31,29,0.387,11,0.387,7,2,0.78,False,point,West Pullman
sana,9,7,0.387,3,0.444,2,2,0.98,True,point,Lincoln Park
emirates,5,4,0.387,2,0.4,2,1,0.86,False,point,O'Hare
lillian,5,5,0.387,2,0.4,2,1,0.73,False,point,Grand Boulevard
sewerage,5,5,0.387,2,0.4,2,1,0.57,False,point,Portage Park
webber,5,5,0.387,2,0.4,2,1,0.88,False,point,Mount Greenwood
trading,88,57,0.386,13,0.42,1,13,1.0,True,area,Loop
bridal,66,54,0.386,19,0.424,12,3,0.9,True,point,South Lawndale
candace,6,6,0.386,2,0.333,1,2,0.99,True,point,Loop
sah,5,5,0.386,2,0.4,2,1,0.89,False,point,Brighton Park
lauren,33,28,0.385,9,0.424,5,4,0.99,True,area,Near North Side
catalyst,23,19,0.385,8,0.435,3,4,0.97,True,area,Near West Side
newberry,7,6,0.385,3,0.429,1,3,0.98,True,point,Near North Side
stephens,7,6,0.385,2,0.429,1,2,0.97,True,point,Lake View
exact,6,6,0.385,3,0.5,1,3,1.0,True,point,Loop
experiences,6,6,0.385,3,0.5,3,1,1.0,True,point,Near North Side
missio,5,5,0.385,2,0.4,1,2,0.92,True,point,Uptown
mayer,14,11,0.384,3,0.357,2,2,0.93,True,point,Lincoln Park
nyc,13,12,0.384,6,0.462,4,2,0.99,True,point,Near North Side
christie,9,7,0.384,3,0.444,3,1,0.99,True,point,Near North Side
rhodes,7,7,0.384,3,0.429,2,2,0.84,False,point,Greater Grand Crossing
harrison,38,30,0.383,13,0.5,4,6,0.98,True,area,Near West Side
brady,12,11,0.383,4,0.417,2,2,0.99,True,point,Lake View
fare,7,7,0.383,2,0.286,1,2,0.99,True,point,Near West Side
frazier,5,5,0.383,2,0.4,2,1,0.7,False,point,North Lawndale
textile,5,5,0.383,2,0.4,2,1,0.79,False,point,Lower West Side
camera,15,13,0.382,6,0.533,3,2,0.99,True,point,Loop
revenue,12,11,0.382,6,0.583,3,3,1.0,True,point,Loop
irma,9,9,0.382,4,0.444,3,2,0.93,True,point,Lake View
cohn,6,4,0.382,2,0.5,1,2,1.0,True,point,Near North Side
primera,6,5,0.382,2,0.5,1,2,1.0,True,point,Loop
ewa,5,5,0.382,2,0.4,2,1,0.87,False,point,Dunning
produce,68,52,0.381,12,0.368,6,5,0.7,False,area,Lower West Side
conservatory,11,10,0.381,4,0.364,3,2,0.92,True,point,Lincoln Park
nordstrom,8,5,0.381,2,0.625,2,1,1.0,True,point,Near North Side
bernstein,7,7,0.381,3,0.429,2,2,1.0,True,point,Loop
pershing,7,7,0.381,3,0.429,3,1,0.71,False,point,Grand Boulevard
bartlett,5,5,0.381,2,0.4,1,2,0.96,True,point,Hyde Park
flow,22,22,0.38,8,0.364,3,4,0.99,True,area,Near North Side
princeton,13,12,0.38,4,0.385,3,2,0.41,False,point,Fuller Park
millenium,9,9,0.38,4,0.444,2,3,1.0,True,point,Loop
anastasia,5,5,0.38,2,0.4,1,2,0.94,True,point,West Town
ayo,5,5,0.379,2,0.4,2,1,0.94,True,point,Rogers Park
friday,5,5,0.379,2,0.4,2,1,0.83,False,point,Belmont Cragin
haut,5,5,0.379,2,0.4,2,1,0.86,False,point,O'Hare
vosges,5,5,0.379,2,0.4,2,1,0.86,False,point,O'Hare
jerk,79,71,0.378,31,0.443,23,3,0.8,False,point,Chatham
aspen,15,12,0.378,3,0.4,2,2,0.99,True,point,Near West Side
arrive,7,6,0.378,2,0.286,1,2,0.89,False,point,Near South Side
orion,6,6,0.378,3,0.5,1,3,1.0,True,point,Loop
filter,5,5,0.378,2,0.4,2,1,0.83,False,point,North Center
optique,5,5,0.378,2,0.4,1,2,0.98,True,point,Near West Side
marine,55,45,0.377,15,0.4,9,4,0.8,False,area,Uptown
spaces,20,18,0.377,6,0.4,2,4,0.99,True,area,Near North Side
mansion,13,13,0.377,5,0.385,1,5,0.95,True,area,Near North Side
speakeasy,10,10,0.377,6,0.6,3,2,1.0,True,point,Loop
desk,9,9,0.377,4,0.444,3,2,0.99,True,point,Loop
glazed,7,7,0.377,2,0.286,1,2,0.97,True,point,Lincoln Park
fonseca,5,5,0.377,2,0.4,2,1,0.79,False,point,West Lawn
republican,5,5,0.377,2,0.4,1,2,1.0,True,point,Loop
deliverance,52,51,0.376,18,0.365,16,2,0.8,False,point,Austin
disorders,13,11,0.376,5,0.462,3,2,0.98,True,point,Near West Side
corinthian,5,5,0.376,2,0.4,2,1,0.78,False,point,Uptown
string,5,5,0.376,2,0.4,1,2,0.95,True,point,Near North Side
uniformes,5,4,0.376,2,0.4,2,1,0.83,False,point,Austin
chicken,326,270,0.375,101,0.368,52,6,0.76,False,area,Chatham
lot,79,76,0.375,29,0.405,19,3,0.71,False,point,Near South Side
esperanza,26,25,0.375,9,0.385,7,2,0.75,False,point,South Lawndale
pina,5,5,0.375,2,0.4,2,1,0.93,True,point,South Lawndale
sa,5,5,0.375,2,0.4,1,2,0.96,True,point,Lower West Side
landing,10,10,0.374,5,0.5,3,3,0.99,True,point,Near North Side
lt,5,5,0.374,2,0.4,1,2,0.98,True,point,Hyde Park
since,5,5,0.374,2,0.4,1,2,0.95,True,point,Near West Side
sportswear,5,5,0.374,2,0.4,2,1,0.94,True,point,Albany Park
vessel,5,5,0.374,2,0.4,1,2,0.95,True,point,Near West Side
financial,523,269,0.373,55,0.382,19,26,0.95,True,area,Loop
chiropractic,202,160,0.373,45,0.257,15,13,0.93,True,area,Lake View
diversity,14,12,0.373,5,0.357,3,3,1.0,True,point,Loop
shalom,9,9,0.373,4,0.444,3,2,0.87,False,point,Lake View
cheesesteaks,5,5,0.373,2,0.4,2,1,0.86,False,point,Avondale
picnic,13,13,0.372,5,0.385,3,2,0.7,False,point,Ashburn
marino,8,8,0.372,3,0.375,1,3,0.65,False,point,Portage Park
ecuadorian,6,5,0.372,2,0.5,2,1,0.89,False,point,Irving Park
atkins,5,5,0.372,2,0.4,1,2,0.99,True,point,Near West Side
choose,5,5,0.372,2,0.4,2,1,0.72,False,point,Near South Side
digital,160,119,0.371,36,0.356,9,10,0.99,True,area,Loop
mb,116,110,0.371,40,0.379,26,4,0.69,False,area,Austin
addams,16,13,0.371,5,0.438,4,2,0.95,True,point,Near West Side
aquarium,16,14,0.371,5,0.375,2,3,0.84,False,point,Lake View
surf,16,13,0.371,3,0.375,1,3,0.99,True,point,Lake View
galter,13,5,0.371,3,0.538,2,2,0.98,True,point,Near North Side
ireland,7,6,0.371,2,0.429,1,2,1.0,True,point,Loop
players,5,5,0.371,2,0.4,1,2,0.98,True,point,West Town
data,57,43,0.37,18,0.544,1,18,1.0,True,area,Loop
heller,9,8,0.37,4,0.556,2,2,1.0,True,point,Loop
jerome,9,8,0.37,2,0.333,1,2,0.75,False,point,Armour Square
lafayette,8,8,0.369,3,0.375,2,2,0.55,False,point,Greater Grand Crossing
der,5,5,0.369,2,0.4,1,2,0.99,True,point,Lincoln Park
tam,5,5,0.369,2,0.4,1,2,0.99,True,point,Lincoln Park
tamale,5,5,0.369,2,0.4,2,1,0.91,True,point,Lower West Side
where,5,5,0.369,2,0.4,1,2,0.98,True,point,Lincoln Park
magazine,27,24,0.368,11,0.519,5,5,0.99,True,area,Loop
panaderia,19,16,0.368,7,0.421,3,4,0.96,True,area,Lower West Side
appraisal,17,17,0.368,10,0.588,4,6,1.0,True,area,Loop
flagship,8,7,0.368,2,0.375,1,2,1.0,True,point,Near North Side
rcm,8,6,0.368,2,0.5,1,2,1.0,True,point,Near West Side
journeys,6,6,0.368,2,0.333,2,1,0.91,True,point,Near North Side
becky,5,5,0.368,2,0.4,1,2,0.99,True,point,Lincoln Park
knee,5,5,0.368,2,0.4,1,2,0.98,True,point,Lower West Side
tucker,5,5,0.368,2,0.4,1,2,0.98,True,point,Near West Side
baker,41,37,0.367,14,0.415,6,8,1.0,True,area,Loop
rheumatology,9,9,0.367,4,0.444,2,2,0.99,True,point,Near North Side
wholistic,8,7,0.367,2,0.375,1,2,0.9,False,point,Beverly
tortas,7,7,0.367,3,0.429,3,1,0.87,False,point,O'Hare
vito,5,5,0.367,2,0.4,2,1,0.91,True,point,Irving Park
dealer,171,171,0.366,71,0.415,37,4,0.73,False,area,Austin
surgery,160,92,0.366,27,0.425,9,11,0.98,True,area,Near North Side
heights,27,24,0.366,9,0.37,7,2,0.84,False,point,Archer Heights
study,22,19,0.366,5,0.364,1,5,0.83,False,area,Hyde Park
behavior,17,16,0.366,6,0.412,4,2,0.91,True,point,Avondale
torre,8,8,0.366,3,0.375,2,2,0.86,False,point,West Lawn
drink,14,13,0.365,6,0.429,4,2,0.97,True,point,Near North Side
exlsly,5,5,0.365,2,0.4,1,2,0.94,True,point,Lincoln Park
ville,5,5,0.365,2,0.4,2,1,0.95,True,point,Uptown
pier,37,28,0.364,4,0.351,2,3,0.93,True,point,Near North Side
marla,8,8,0.364,3,0.375,2,2,0.97,True,point,O'Hare
clement,5,5,0.364,2,0.4,1,2,0.98,True,point,Lincoln Park
say,5,5,0.364,2,0.4,2,1,0.96,True,point,Edison Park
genesis,32,31,0.363,10,0.344,6,3,0.88,False,point,South Lawndale
monument,29,27,0.363,10,0.414,6,3,0.73,False,point,Lincoln Park
bare,13,12,0.363,4,0.385,2,3,0.98,True,point,Near West Side
davidson,13,12,0.363,6,0.538,2,3,1.0,True,point,Loop
tip,11,10,0.363,4,0.455,3,2,0.84,False,point,Austin
kushal,5,5,0.363,2,0.4,2,1,0.89,False,point,West Ridge
evergreen,26,20,0.362,6,0.385,3,3,0.74,False,point,Beverly
touhy,17,11,0.362,4,0.235,2,3,0.73,False,point,Rogers Park
pies,10,10,0.362,4,0.4,2,2,0.89,False,point,Lake View
curated,5,5,0.362,2,0.4,1,2,0.99,True,point,West Town
herron,5,5,0.362,2,0.4,1,2,0.98,True,point,Near North Side
langley,5,5,0.362,2,0.4,2,1,0.54,False,point,Pullman
volume,5,5,0.362,2,0.4,2,1,0.86,False,point,West Town
media,228,154,0.361,44,0.368,7,24,0.99,True,area,Near North Side
resorts,14,13,0.361,6,0.5,3,3,0.99,True,point,Near North Side
grocers,13,13,0.361,5,0.385,3,2,0.73,False,point,West Ridge
rosemont,13,10,0.361,4,0.385,3,2,0.8,False,point,Edgewater
grupo,8,8,0.361,2,0.25,1,2,0.73,False,point,South Lawndale
desi,7,6,0.361,2,0.429,2,1,0.97,True,point,West Ridge
painters,25,24,0.36,9,0.4,5,3,0.94,True,point,West Town
accent,10,10,0.36,4,0.4,2,2,1.0,True,point,Loop
patient,9,8,0.36,5,0.556,4,2,1.0,True,point,Near North Side
noodle,35,31,0.359,8,0.343,3,3,0.95,True,point,Armour Square
hyatt,30,20,0.359,10,0.433,5,5,1.0,True,area,Loop
relations,25,21,0.359,8,0.48,3,4,1.0,True,area,Loop
connor,23,19,0.359,7,0.478,1,7,1.0,True,area,Loop
mariachi,11,10,0.359,4,0.364,2,2,0.94,True,point,South Lawndale
prudential,9,5,0.359,2,0.556,1,2,1.0,True,point,Loop
otolaryngology,7,7,0.359,3,0.429,1,3,1.0,True,point,Near North Side
otr,5,4,0.359,2,0.4,1,2,0.97,True,point,Lake View
bistro,81,77,0.358,24,0.321,11,4,0.95,True,area,Lake View
manor,76,69,0.358,22,0.355,11,7,0.65,False,area,Greater Grand Crossing
talent,44,40,0.358,12,0.295,6,5,0.99,True,area,Near North Side
cabrera,10,10,0.358,4,0.4,3,2,0.92,True,point,West Town
cuisine,122,106,0.357,32,0.336,14,5,0.93,True,area,Armour Square
tri,17,16,0.357,5,0.353,3,2,0.9,False,point,Near West Side
gymnastics,8,7,0.357,2,0.375,1,2,0.94,True,point,Near South Side
cosi,5,5,0.357,2,0.4,1,2,1.0,True,point,Loop
howard,87,66,0.356,12,0.31,7,5,0.8,False,area,Rogers Park
tuckpointing,48,47,0.356,17,0.354,11,3,0.64,False,point,Dunning
ming,5,5,0.356,2,0.4,1,2,0.98,True,point,Near North Side
schuler,5,5,0.356,2,0.4,1,2,0.99,True,point,Near North Side
forest,51,45,0.355,13,0.353,9,3,0.44,False,point,Forest Glen
elevator,9,9,0.355,4,0.444,3,2,0.99,True,point,West Town
betman,5,5,0.355,2,0.4,2,1,0.96,True,point,West Town
farheen,5,5,0.355,2,0.4,2,1,0.96,True,point,West Town
police,76,57,0.354,18,0.434,12,2,0.71,False,point,Near West Side
southside,35,34,0.354,14,0.4,11,2,0.74,False,point,Mount Greenwood
yale,9,9,0.354,4,0.444,3,2,0.69,False,point,Greater Grand Crossing
billiard,5,5,0.354,2,0.4,2,1,0.87,False,point,Albany Park
motors,59,52,0.353,16,0.356,10,5,0.79,False,area,Belmont Cragin
rubin,9,9,0.353,4,0.444,1,4,1.0,True,area,Loop
asian,101,88,0.351,25,0.277,14,4,0.88,False,area,West Ridge
bodywork,24,23,0.351,10,0.458,6,3,0.96,True,point,Lake View
test,19,19,0.351,4,0.211,2,2,0.88,False,point,South Lawndale
radical,17,17,0.351,6,0.353,1,6,0.98,True,area,Loop
parc,8,8,0.351,4,0.5,3,2,0.99,True,point,Near North Side
sherpa,5,5,0.351,2,0.4,2,1,0.92,True,point,Uptown
jewelry,198,111,0.35,25,0.247,10,7,0.92,True,area,Loop
impark,14,14,0.35,4,0.286,3,2,0.99,True,point,Loop
cosmopolitan,13,12,0.35,4,0.385,3,2,0.75,False,point,Washington Park
boi,8,8,0.35,3,0.375,2,2,0.97,True,point,Lake View
accident,29,25,0.349,10,0.414,2,6,1.0,True,area,Loop
residents,7,7,0.349,2,0.286,1,2,0.98,True,point,Near North Side
nextlevel,5,5,0.349,2,0.4,1,2,1.0,True,point,Loop
taxi,33,29,0.348,9,0.333,5,3,0.69,False,point,O'Hare
fountain,32,29,0.348,11,0.438,3,6,0.97,True,area,Loop
laz,31,29,0.348,11,0.355,3,5,0.99,True,area,Loop
tours,107,77,0.347,23,0.308,10,8,0.97,True,area,Loop
caldwell,11,11,0.347,4,0.364,3,2,0.26,False,point,Forest Glen
smoked,5,5,0.347,2,0.4,1,2,0.99,True,point,Near West Side
laboratory,41,37,0.346,11,0.341,4,5,0.94,True,area,Near West Side
morning,19,19,0.346,8,0.421,5,2,0.95,True,point,Lake View
hoyne,11,11,0.346,4,0.364,2,2,0.89,False,point,Rogers Park
coral,8,8,0.346,3,0.375,3,1,0.92,True,point,South Lawndale
apollo,13,13,0.345,5,0.385,4,2,0.99,True,point,Near North Side
merchandise,13,9,0.345,2,0.462,1,2,1.0,True,point,Near North Side
veterans,37,27,0.344,5,0.324,3,3,0.86,False,point,Near West Side
hunt,27,25,0.344,11,0.407,3,6,1.0,True,area,Loop
cabrini,9,7,0.344,3,0.444,3,1,0.91,True,point,Near North Side
commissary,5,5,0.344,2,0.4,2,1,0.95,True,point,Lake View
wilson,90,67,0.343,9,0.256,4,5,0.76,False,area,Uptown
recycling,55,51,0.343,20,0.382,13,2,0.54,False,point,South Deering
flight,17,16,0.343,5,0.353,3,2,0.87,False,point,Garfield Ridge
innovations,14,14,0.343,4,0.286,3,2,0.95,True,point,Near North Side
trendz,5,5,0.343,2,0.4,2,1,0.97,True,point,West Ridge
malley,11,11,0.342,6,0.545,2,4,1.0,True,area,Loop
habilitative,5,5,0.342,2,0.4,2,1,0.61,False,point,Austin
equity,30,25,0.341,7,0.333,1,7,1.0,True,area,Loop
gentlemen,17,16,0.341,5,0.294,4,2,0.65,False,point,Portage Park
teeth,8,7,0.341,2,0.25,1,2,0.98,True,point,Lake View
sacks,5,5,0.341,2,0.4,1,2,1.0,True,point,Near North Side
marina,36,31,0.34,12,0.333,9,2,0.91,True,point,Lake View
float,5,5,0.34,2,0.4,1,2,0.99,True,point,Near North Side
nami,5,5,0.34,2,0.4,2,1,0.91,True,point,Lincoln Square
vibez,5,5,0.34,2,0.4,1,2,0.99,True,point,Near North Side
futures,24,17,0.339,4,0.458,2,2,0.99,True,point,Loop
potter,7,7,0.339,3,0.429,2,2,0.99,True,point,Near North Side
brennan,10,9,0.338,3,0.4,1,3,1.0,True,point,Loop
bottega,7,6,0.338,2,0.429,1,2,1.0,True,point,Near North Side
noble,38,34,0.337,10,0.368,5,5,0.9,True,area,West Town
commission,30,21,0.337,7,0.5,1,7,1.0,True,area,Loop
asia,20,20,0.337,7,0.35,3,4,0.95,True,area,Uptown
consumer,20,13,0.337,4,0.5,1,4,1.0,True,area,Loop
manager,13,12,0.337,5,0.385,2,3,0.99,True,point,Near North Side
inpatient,11,10,0.337,4,0.364,2,2,0.75,False,point,Near West Side
duty,8,8,0.337,3,0.375,3,1,0.74,False,point,O'Hare
spices,5,5,0.337,2,0.4,2,1,0.87,False,point,Near West Side
automotive,87,86,0.335,31,0.368,24,4,0.8,False,area,Norwood Park
representative,58,30,0.335,12,0.397,6,3,0.94,True,point,Near South Side
calvary,20,19,0.335,6,0.35,4,2,0.57,False,point,South Chicago
dependable,5,5,0.335,2,0.4,2,1,0.47,False,point,Chicago Lawn
counseling,275,147,0.334,30,0.305,16,8,0.97,True,area,Loop
luxury,106,79,0.334,17,0.302,4,9,0.99,True,area,Near North Side
executives,10,9,0.334,2,0.2,1,2,0.99,True,point,Near West Side
meetings,5,5,0.334,2,0.4,2,1,0.99,True,point,Near North Side
sydney,5,5,0.334,2,0.4,2,1,0.94,True,point,Near North Side
air,127,109,0.333,30,0.315,15,3,0.7,False,point,O'Hare
terrace,68,61,0.333,22,0.353,13,3,0.81,False,point,Englewood
owens,6,6,0.333,2,0.333,1,2,0.32,False,point,West Pullman
studios,293,234,0.332,53,0.27,14,17,0.87,False,area,West Town
condo,99,80,0.332,25,0.374,9,8,0.95,True,area,Near North Side
interiors,71,64,0.332,17,0.296,8,5,0.9,True,area,Near North Side
gregory,34,30,0.332,7,0.235,3,3,0.98,True,point,Edgewater
jesse,21,21,0.332,8,0.381,5,3,0.95,True,point,Near West Side
goodman,19,17,0.332,6,0.421,2,4,1.0,True,area,Loop
galleria,15,14,0.332,5,0.333,4,2,0.97,True,point,Near North Side
juarez,9,9,0.332,3,0.333,1,3,0.94,True,point,Lower West Side
joanne,8,8,0.332,4,0.5,3,2,0.98,True,point,Near North Side
mi,60,55,0.331,24,0.417,17,3,0.9,False,point,South Lawndale
supportive,11,11,0.331,4,0.364,3,2,0.85,False,point,South Shore
sherwood,6,6,0.331,2,0.333,1,2,0.39,False,point,Englewood
outer,5,5,0.331,2,0.4,2,1,0.68,False,point,Loop
professor,5,5,0.331,2,0.4,2,1,0.96,True,point,Near West Side
appliances,24,23,0.33,8,0.375,6,2,0.83,False,point,South Lawndale
government,21,19,0.33,8,0.381,3,4,1.0,True,area,Loop
brands,20,19,0.33,7,0.35,5,2,0.83,False,point,Near North Side
comer,9,8,0.33,2,0.333,1,2,0.42,False,point,Greater Grand Crossing
hoagie,9,9,0.33,3,0.333,1,3,0.54,False,point,Auburn Gresham
casimir,6,6,0.33,2,0.333,1,2,0.58,False,point,Chicago Lawn
florian,9,8,0.329,4,0.444,2,2,0.96,True,point,Lake View
pottery,8,8,0.329,3,0.375,2,2,0.97,True,point,North Center
kaile,7,7,0.329,3,0.429,3,1,0.95,True,point,Hyde Park
endodontic,6,6,0.329,2,0.333,1,2,0.77,False,point,Beverly
exhibits,6,6,0.329,2,0.333,1,2,0.63,False,point,Lower West Side
featherfist,5,5,0.329,2,0.4,2,1,0.77,False,point,South Shore
ministry,122,117,0.328,43,0.361,25,4,0.69,False,area,West Englewood
plastics,12,12,0.328,4,0.333,2,2,0.58,False,point,Pullman
juliana,9,8,0.328,2,0.333,1,2,0.49,False,point,Edison Park
rodgers,6,6,0.328,2,0.333,1,2,0.76,False,point,Austin
bounce,31,26,0.327,9,0.323,3,5,0.98,True,area,Loop
path,28,28,0.327,10,0.357,5,2,0.89,False,point,Lincoln Park
moody,22,12,0.327,3,0.591,2,2,0.96,True,point,Near North Side
han,10,10,0.327,4,0.4,3,2,0.97,True,point,Near North Side
boundary,6,6,0.327,2,0.333,1,2,0.6,False,point,West Ridge
seaway,6,5,0.327,2,0.333,1,2,0.85,False,point,Chatham
mexico,46,41,0.326,13,0.348,5,5,0.89,False,area,Lower West Side
material,11,11,0.326,4,0.364,3,2,0.58,False,point,South Lawndale
plumbers,11,9,0.326,2,0.364,1,2,0.94,True,point,Near West Side
copernicus,6,6,0.326,2,0.333,2,1,0.62,False,point,Near South Side
cycling,6,6,0.326,2,0.333,1,2,0.82,False,point,Portage Park
mozart,6,6,0.326,2,0.333,1,2,0.87,False,point,Albany Park
yg,5,5,0.326,2,0.4,2,1,0.95,True,point,Lake View
adams,46,37,0.325,9,0.304,4,4,0.99,True,area,Near West Side
envision,8,8,0.325,2,0.25,1,2,0.45,False,point,Auburn Gresham
excellent,6,6,0.325,2,0.333,1,2,0.82,False,point,Grand Boulevard
thaddeus,6,5,0.325,2,0.333,2,1,0.51,False,point,Jefferson Park
wet,6,6,0.325,2,0.333,1,2,0.69,False,point,Bridgeport
burlesque,5,5,0.325,2,0.4,2,1,0.96,True,point,Lake View
holiness,29,26,0.324,8,0.345,5,3,0.64,False,point,Washington Heights
bicycle,19,19,0.324,9,0.474,6,2,0.97,True,point,Lake View
cupidr,5,5,0.324,2,0.4,2,1,0.95,True,point,Lake View
head,48,46,0.323,15,0.312,9,2,0.95,True,point,Lake View
concierge,27,24,0.323,8,0.296,4,4,0.97,True,area,Near North Side
judge,6,6,0.323,2,0.333,2,1,0.59,False,point,Oakland
shan,6,6,0.323,2,0.333,1,2,0.99,True,point,Near North Side
sovereign,6,5,0.323,2,0.333,1,2,0.9,True,point,Edgewater
pigao,5,5,0.323,2,0.4,2,1,0.88,False,point,Uptown
mediterranean,63,51,0.322,16,0.302,9,7,0.96,True,area,Near West Side
greenberg,17,17,0.322,8,0.471,1,8,1.0,True,area,Loop
bobby,12,10,0.322,3,0.333,2,2,0.72,False,point,East Garfield Park
justicia,9,7,0.322,2,0.333,1,2,0.89,False,point,West Lawn
meadows,6,6,0.322,2,0.333,2,1,0.57,False,point,Douglas
love,150,146,0.321,48,0.327,28,3,0.72,False,point,Austin
phi,18,15,0.321,4,0.389,3,2,0.88,False,point,Hyde Park
kutz,12,12,0.321,4,0.333,2,2,0.84,False,point,Austin
mariam,6,6,0.321,2,0.333,1,2,0.7,False,point,Norwood Park
psychotherapist,6,5,0.321,2,0.5,1,2,1.0,True,point,Loop
nationwide,18,16,0.32,6,0.444,1,6,1.0,True,area,Loop
salem,16,12,0.32,3,0.438,2,2,0.46,False,point,Pullman
dorado,6,6,0.32,2,0.333,1,2,0.93,True,point,Albany Park
divvy,143,143,0.319,32,0.224,11,5,0.9,True,area,Lake View
loft,85,76,0.319,21,0.259,5,8,0.95,True,area,Near West Side
tesla,10,10,0.319,4,0.4,3,2,0.94,True,point,Lake View
sp,256,242,0.318,46,0.188,20,9,0.66,False,area,Near South Side
pls,27,22,0.318,5,0.333,4,2,0.84,False,point,Brighton Park
anti,19,19,0.318,7,0.368,3,3,0.99,True,point,Near North Side
pie,17,16,0.318,6,0.353,6,1,0.93,True,point,West Town
economy,15,14,0.318,5,0.333,4,2,0.37,False,point,Garfield Ridge
knuq,11,11,0.318,4,0.364,3,2,0.96,True,point,Lower West Side
cho,6,6,0.318,2,0.333,1,2,0.98,True,point,Lincoln Square
serena,6,6,0.318,2,0.333,1,2,0.97,True,point,West Ridge
abacus,5,5,0.318,2,0.4,1,2,0.99,True,point,Near North Side
feather,5,5,0.318,2,0.4,2,1,0.93,True,point,Near West Side
food,721,559,0.317,122,0.208,52,12,0.71,False,area,Austin
dollar,241,212,0.317,65,0.299,37,3,0.79,False,point,Belmont Cragin
van,66,52,0.317,14,0.348,5,9,0.99,True,area,Loop
barry,36,30,0.317,8,0.361,2,7,0.97,True,area,Lake View
solar,28,28,0.317,6,0.214,3,3,0.94,True,point,West Town
bottle,18,18,0.317,5,0.278,4,2,0.93,True,point,West Town
revelation,12,11,0.317,4,0.333,3,2,0.67,False,point,Roseland
romero,9,8,0.317,2,0.333,1,2,0.91,True,point,Jefferson Park
displays,6,6,0.317,2,0.333,1,2,0.93,True,point,West Town
pass,5,5,0.317,2,0.4,1,2,0.98,True,point,Loop
powder,5,5,0.317,2,0.4,2,1,0.98,True,point,West Town
ai,32,30,0.316,8,0.281,5,2,0.96,True,point,Lincoln Park
locs,10,10,0.316,4,0.4,4,1,0.76,False,point,Chatham
tide,9,9,0.316,4,0.444,3,2,0.97,True,point,Lake View
mitch,5,5,0.316,2,0.4,2,1,0.99,True,point,Lake View
optimization,5,5,0.316,2,0.4,1,2,1.0,True,point,Loop
commonwealth,15,13,0.315,3,0.333,1,3,0.98,True,point,Lake View
theological,13,10,0.315,4,0.385,3,2,0.96,True,point,Hyde Park
jain,10,9,0.315,5,0.5,4,2,0.99,True,point,Near North Side
travels,9,9,0.315,4,0.444,3,2,0.98,True,point,Near North Side
springboard,8,8,0.315,4,0.5,2,2,1.0,True,point,Loop
gotcha,6,5,0.315,2,0.333,2,1,0.73,False,point,West Garfield Park
shanghai,6,6,0.315,2,0.333,1,2,0.92,True,point,Armour Square
winter,6,6,0.315,2,0.333,1,2,0.98,True,point,Near North Side
chirp,5,5,0.315,2,0.4,1,2,0.99,True,point,Near West Side
ethanw,11,11,0.314,4,0.364,3,2,0.98,True,point,Lake View
smyth,6,6,0.314,2,0.333,1,2,0.72,False,point,Near West Side
costello,5,5,0.314,2,0.4,2,1,0.96,True,point,Near West Side
country,94,51,0.313,17,0.351,9,5,0.86,False,area,Lincoln Square
hq,35,32,0.313,8,0.257,3,4,0.95,True,area,Near North Side
lumber,18,18,0.313,7,0.389,5,3,0.71,False,point,Riverdale
int,13,11,0.313,3,0.231,2,2,0.87,False,point,O'Hare
divas,8,8,0.313,3,0.375,3,1,0.77,False,point,Chicago Lawn
colibri,6,6,0.313,2,0.333,1,2,0.96,True,point,Uptown
gender,6,6,0.313,2,0.333,1,2,0.91,True,point,Near West Side
greenleaf,9,8,0.312,2,0.222,1,2,0.78,False,point,Rogers Park
relational,7,7,0.312,3,0.429,1,3,1.0,True,point,Loop
cinnabon,6,6,0.312,2,0.333,1,2,0.84,False,point,Near West Side
daly,6,6,0.312,2,0.333,1,2,0.95,True,point,Lincoln Square
multisport,6,6,0.312,2,0.333,1,2,0.87,False,point,Near North Side
woodworks,6,6,0.312,2,0.333,2,1,0.71,False,point,Austin
bluhm,5,5,0.312,2,0.4,1,2,0.98,True,point,Near North Side
caffe,20,20,0.311,4,0.2,2,2,0.99,True,point,Loop
cole,13,12,0.311,4,0.308,2,2,0.96,True,point,Near South Side
depression,12,11,0.311,2,0.25,1,2,0.98,True,point,Lake View
bai,6,6,0.311,2,0.333,1,2,0.96,True,point,Lake View
tandem,6,6,0.311,2,0.333,1,2,0.92,True,point,Lake View
nightclub,19,17,0.31,7,0.368,5,2,0.97,True,point,Lake View
congress,16,15,0.31,4,0.312,1,4,0.99,True,area,Loop
cara,12,10,0.31,3,0.333,2,2,0.98,True,point,Near West Side
sonrisa,12,11,0.31,4,0.333,2,2,0.9,True,point,South Lawndale
chimney,18,18,0.309,6,0.333,4,3,0.51,False,point,West Lawn
colleges,16,16,0.309,6,0.375,3,4,1.0,True,area,Loop
optimal,12,12,0.309,4,0.333,2,3,0.99,True,point,Near North Side
otis,9,8,0.309,2,0.333,1,2,0.87,False,point,West Town
wingz,5,5,0.309,2,0.4,2,1,0.78,False,point,Grand Boulevard
ethiopian,19,16,0.308,4,0.316,2,2,0.86,False,point,Edgewater
scout,16,14,0.308,4,0.312,2,3,0.94,True,point,Near West Side
elderly,11,11,0.308,4,0.364,3,2,0.91,True,point,Near West Side
flood,6,6,0.308,2,0.333,2,1,0.82,False,point,Irving Park
mathematics,6,6,0.308,2,0.333,1,2,0.96,True,point,Hyde Park
preparation,6,6,0.308,2,0.333,2,1,0.91,True,point,Bridgeport
xpert,6,6,0.308,2,0.333,2,1,0.82,False,point,Irving Park
truck,203,174,0.307,47,0.291,28,3,0.63,False,point,Austin
parts,151,140,0.307,47,0.344,26,3,0.76,False,point,Belmont Cragin
side,114,103,0.307,25,0.281,12,6,0.7,False,area,East Side
lighting,39,37,0.307,11,0.308,8,2,0.88,False,point,Bridgeport
captain,21,19,0.307,6,0.333,4,2,0.87,False,point,Chatham
dna,12,10,0.307,3,0.25,2,2,0.81,False,point,Loop
xx,11,11,0.307,4,0.364,3,2,0.94,True,point,Lincoln Park
capitol,10,10,0.307,4,0.4,3,2,0.95,True,point,Near West Side
remote,6,6,0.307,2,0.333,1,2,0.99,True,point,Near West Side
formerly,17,15,0.306,6,0.471,1,6,1.0,True,area,Loop
medill,6,5,0.306,2,0.333,1,2,0.94,True,point,Near West Side
agua,5,5,0.306,2,0.4,2,1,0.73,False,point,East Side
bus,312,289,0.305,62,0.212,21,7,0.87,False,area,Uptown
julius,10,10,0.305,3,0.3,3,1,0.89,False,point,Lake View
haul,182,179,0.304,59,0.324,29,4,0.71,False,area,Austin
patricia,40,32,0.304,8,0.325,6,3,0.98,True,point,Lincoln Park
fields,33,32,0.304,9,0.303,4,3,0.72,False,point,Uptown
flor,17,16,0.304,5,0.294,2,3,0.86,False,point,Lower West Side
pak,12,12,0.304,4,0.333,2,3,0.92,True,point,West Ridge
brazil,7,7,0.304,3,0.429,1,3,1.0,True,point,Near North Side
walnut,6,4,0.304,2,0.5,1,2,1.0,True,point,Loop
foreman,5,5,0.304,2,0.4,2,1,0.8,False,point,Portage Park
refine,5,4,0.304,2,0.4,2,1,0.84,False,point,Lincoln Park
architecture,52,46,0.303,14,0.288,6,5,0.97,True,area,Loop
regional,37,31,0.303,5,0.189,3,2,0.95,True,point,Near West Side
herbal,17,17,0.303,4,0.235,2,2,0.88,False,point,West Town
advising,6,6,0.303,2,0.333,1,2,0.89,False,point,Lincoln Park
artesanias,6,6,0.303,2,0.333,1,2,0.97,True,point,Lower West Side
dugout,6,6,0.303,2,0.333,1,2,0.95,True,point,Lake View
visionary,6,5,0.303,2,0.5,1,2,1.0,True,point,Loop
cardenas,17,17,0.301,6,0.353,3,4,0.88,False,area,South Lawndale
roberto,17,16,0.301,4,0.294,3,2,0.74,False,point,Belmont Cragin
translation,14,13,0.301,4,0.286,2,3,0.99,True,point,Near North Side
clever,5,5,0.301,2,0.4,2,1,0.98,True,point,West Town
sather,5,5,0.301,2,0.4,2,1,0.98,True,point,Lake View
gray,28,26,0.3,9,0.321,3,6,1.0,True,area,Loop
envios,25,21,0.3,7,0.36,7,1,0.92,True,scattered,South Lawndale
softball,15,15,0.3,6,0.4,5,2,0.91,True,scattered,Lake View
gamma,10,10,0.3,3,0.3,2,2,0.96,True,point,Hyde Park
pilot,7,7,0.3,2,0.286,2,1,0.92,True,scattered,Uptown
berwyn,6,5,0.3,2,0.333,2,1,0.68,False,scattered,Lincoln Square
central,185,142,0.299,25,0.238,11,8,0.76,False,scattered,Belmont Cragin
karen,41,38,0.299,8,0.195,5,2,0.98,True,scattered,Lincoln Park
xavier,20,16,0.299,4,0.3,1,4,0.51,False,scattered,Mount Greenwood
fantasy,14,13,0.299,4,0.286,2,2,0.77,False,scattered,Lake View
manuel,13,12,0.299,4,0.308,3,2,0.91,True,scattered,South Lawndale
hacienda,10,10,0.299,3,0.3,3,1,0.59,False,scattered,Lower West Side
loves,8,8,0.299,3,0.375,3,1,0.71,False,scattered,Douglas
jungle,5,5,0.299,2,0.4,1,2,0.99,True,scattered,Near North Side
dan,44,42,0.298,12,0.295,8,2,0.62,False,scattered,Ashburn
wash,204,185,0.297,50,0.299,22,5,0.78,False,scattered,Irving Park
hope,128,116,0.297,34,0.297,21,3,0.67,False,scattered,Englewood
pa,102,42,0.297,11,0.353,4,4,0.92,True,scattered,West Town
oriental,34,33,0.297,7,0.235,2,6,0.86,False,scattered,Armour Square
orange,28,23,0.297,6,0.25,3,3,0.95,True,scattered,North Center
talman,6,6,0.297,2,0.333,1,2,1.0,True,scattered,Loop
morganu,5,5,0.297,1,0.2,1,1,0.84,False,scattered,Loop
midwestern,9,9,0.296,2,0.222,2,1,0.59,False,scattered,Clearing
rodney,6,6,0.296,2,0.333,1,2,0.99,True,scattered,Near West Side
shane,6,6,0.296,2,0.333,1,2,0.97,True,scattered,Near West Side
fish,177,164,0.295,43,0.266,28,3,0.72,False,scattered,Austin
headquarters,37,34,0.295,10,0.297,4,4,0.97,True,scattered,Near West Side
guerrero,22,21,0.295,8,0.364,7,2,0.87,False,scattered,South Lawndale
range,11,11,0.295,4,0.364,2,2,0.95,True,scattered,Near West Side
kristen,9,9,0.295,3,0.333,2,2,1.0,True,scattered,Lake View
illinois,781,413,0.294,34,0.111,5,12,0.78,False,scattered,Near West Side
information,35,31,0.294,11,0.4,3,7,1.0,True,scattered,Loop
facial,23,21,0.294,7,0.391,3,4,0.99,True,scattered,Near North Side
kong,21,19,0.294,4,0.286,2,3,0.82,False,scattered,Armour Square
muslim,9,8,0.294,2,0.222,1,2,0.93,True,scattered,West Ridge
corridor,7,7,0.294,2,0.286,2,1,0.96,True,scattered,Lake View
bri,6,6,0.294,2,0.333,1,2,0.96,True,scattered,Lake View
cocktail,30,29,0.293,9,0.3,6,3,0.87,False,scattered,Auburn Gresham
neveria,17,17,0.293,6,0.353,6,1,0.85,False,scattered,South Lawndale
saigon,9,9,0.293,3,0.333,3,1,0.96,True,scattered,Lake View
healthworks,5,5,0.293,2,0.4,2,1,0.97,True,scattered,Lincoln Park
loss,43,43,0.292,17,0.395,9,6,0.98,True,scattered,Lake View
directors,7,7,0.292,3,0.429,1,3,1.0,True,scattered,Near North Side
blink,51,50,0.291,15,0.294,6,5,0.97,True,scattered,Near West Side
steel,41,36,0.291,12,0.317,10,2,0.64,False,scattered,North Lawndale
hospice,19,16,0.291,4,0.316,2,2,0.84,False,scattered,Chicago Lawn
katz,15,15,0.291,5,0.333,3,3,1.0,True,scattered,Loop
www,13,13,0.291,4,0.308,3,2,0.96,True,scattered,Lake View
held,7,7,0.291,3,0.429,1,3,1.0,True,scattered,Loop
sum,7,7,0.291,2,0.286,2,1,0.84,False,scattered,Armour Square
fina,5,5,0.291,2,0.4,2,1,0.86,False,scattered,Belmont Cragin
theatre,172,126,0.29,26,0.186,11,5,0.89,False,scattered,Edgewater
gymnasium,10,10,0.29,4,0.4,3,2,0.96,True,scattered,West Town
anthropologie,7,7,0.29,2,0.286,1,2,0.98,True,scattered,Near North Side
jude,18,16,0.289,5,0.278,2,3,0.79,False,scattered,Austin
luggage,44,34,0.288,10,0.295,4,4,0.97,True,scattered,Loop
gynecology,24,21,0.288,7,0.417,3,3,0.99,True,scattered,Near West Side
polk,12,10,0.288,4,0.417,4,1,0.89,False,scattered,Near West Side
hole,8,8,0.288,2,0.25,1,2,0.61,False,scattered,Near West Side
fung,6,6,0.288,2,0.333,2,1,0.9,True,scattered,Armour Square
buffet,17,17,0.287,6,0.353,5,2,0.84,False,scattered,Avondale
ccc,17,14,0.287,3,0.294,2,2,0.99,True,scattered,Loop
fastsigns,9,9,0.287,2,0.222,2,1,0.7,False,scattered,O'Hare
amo,7,7,0.287,2,0.286,1,2,0.84,False,scattered,Armour Square
electronics,59,53,0.286,13,0.288,6,3,0.87,False,scattered,Albany Park
tabernacle,56,54,0.286,15,0.286,11,2,0.68,False,scattered,West Englewood
antojitos,10,10,0.286,3,0.3,2,2,0.89,False,scattered,Albany Park
turnaround,5,5,0.286,2,0.4,1,2,0.99,True,scattered,Loop
benefit,24,21,0.285,6,0.333,3,3,1.0,True,scattered,Loop
nguyen,15,15,0.285,4,0.267,3,2,0.9,True,scattered,West Ridge
funding,14,14,0.285,5,0.357,3,2,1.0,True,scattered,Near North Side
gage,10,8,0.285,2,0.2,1,2,0.82,False,scattered,Chicago Lawn
colonial,7,7,0.285,2,0.286,1,2,0.31,False,scattered,West Pullman
bilingual,7,7,0.284,2,0.286,1,2,0.39,False,scattered,Ashburn
suzuki,7,7,0.284,2,0.286,1,2,0.94,True,scattered,Hyde Park
columbus,24,19,0.283,5,0.25,3,2,0.58,False,scattered,Austin
flats,11,11,0.283,4,0.364,4,1,0.85,False,scattered,Rogers Park
foxtrot,10,10,0.283,2,0.2,1,2,0.97,True,scattered,Lincoln Park
mercadito,8,8,0.283,3,0.375,2,2,0.99,True,scattered,Near North Side
cullerton,6,6,0.283,2,0.333,2,1,0.84,False,scattered,Near South Side
wright,57,44,0.282,8,0.263,6,2,0.75,False,scattered,East Garfield Park
worship,43,41,0.282,13,0.302,6,4,0.73,False,scattered,Austin
rosebud,12,11,0.282,2,0.167,2,1,0.81,False,scattered,Greater Grand Crossing
sandy,10,10,0.282,2,0.2,2,1,0.38,False,scattered,Ashburn
hs,7,7,0.282,2,0.286,2,1,0.46,False,scattered,Mount Greenwood
bad,18,17,0.281,5,0.333,3,2,0.97,True,scattered,North Center
burton,15,14,0.281,3,0.267,2,2,0.98,True,scattered,Near North Side
secretary,15,8,0.281,3,0.467,1,3,1.0,True,scattered,Loop
leavitt,13,13,0.281,2,0.154,1,2,0.48,False,scattered,North Center
roti,13,13,0.281,4,0.308,2,3,1.0,True,scattered,Near West Side
atproperties,12,10,0.281,3,0.25,2,2,0.99,True,scattered,Near North Side
clair,11,6,0.281,1,0.091,1,1,1.0,True,scattered,Near North Side
margarita,10,10,0.281,4,0.4,3,2,0.93,True,scattered,Chicago Lawn
tang,10,9,0.281,3,0.3,1,3,0.95,True,scattered,Uptown
univ,9,8,0.281,2,0.333,1,2,0.97,True,scattered,Near North Side
fortune,8,8,0.281,2,0.25,2,1,0.79,False,scattered,Armour Square
mandel,6,6,0.281,2,0.333,2,1,0.94,True,scattered,Woodlawn
poppin,6,6,0.281,2,0.333,2,1,0.73,False,scattered,Washington Heights
workplace,5,5,0.281,0,0.0,0,0,,False,scattered,
masonry,56,56,0.28,14,0.25,8,3,0.71,False,scattered,Dunning
ventures,32,31,0.28,5,0.156,3,3,0.98,True,scattered,Near West Side
branding,11,11,0.28,3,0.273,1,3,0.99,True,scattered,Near North Side
silvia,9,9,0.28,3,0.333,1,3,1.0,True,scattered,Lake View
esquina,7,7,0.28,2,0.286,1,2,0.58,False,scattered,Chicago Lawn
catering,134,112,0.279,24,0.276,10,8,0.86,False,scattered,Near West Side
accounting,115,110,0.279,32,0.287,16,4,0.88,False,scattered,West Ridge
true,93,86,0.279,22,0.269,17,2,0.7,False,scattered,Austin
cross,48,39,0.279,9,0.292,5,3,0.72,False,scattered,Chicago Lawn
ticket,10,10,0.279,3,0.3,3,1,0.95,True,scattered,Lake View
noodles,39,36,0.278,6,0.231,4,3,0.93,True,scattered,Armour Square
films,33,33,0.278,7,0.212,4,2,0.65,False,scattered,Near West Side
india,28,23,0.278,3,0.286,2,2,0.97,True,scattered,West Ridge
ame,20,20,0.278,6,0.3,4,2,0.64,False,scattered,Grand Boulevard
valor,9,8,0.278,2,0.222,2,1,0.61,False,scattered,South Lawndale
rafa,7,7,0.278,2,0.286,1,2,0.71,False,scattered,Brighton Park
vietnam,6,5,0.278,2,0.333,2,1,0.78,False,scattered,Uptown
da,38,37,0.277,8,0.237,4,2,0.87,False,scattered,Lincoln Park
speech,19,18,0.277,3,0.211,3,1,0.97,True,scattered,Lincoln Square
drake,18,14,0.277,5,0.333,3,3,0.7,False,scattered,Albany Park
investigations,17,14,0.277,4,0.235,2,2,1.0,True,scattered,Loop
afro,6,6,0.277,2,0.333,2,1,0.95,True,scattered,Uptown
bnsf,6,6,0.277,2,0.333,2,1,0.47,False,scattered,Brighton Park
toastmasters,6,6,0.277,2,0.333,1,2,1.0,True,scattered,Loop
chain,5,5,0.277,2,0.4,1,2,1.0,True,scattered,Loop
collective,108,96,0.276,23,0.25,8,6,0.94,True,scattered,Near West Side
historic,36,32,0.276,7,0.222,3,3,0.85,False,scattered,Pullman
harry,27,23,0.276,7,0.333,3,3,0.98,True,scattered,Near North Side
medspa,26,24,0.276,9,0.346,7,2,0.91,True,scattered,Lincoln Park
waste,16,16,0.276,5,0.312,3,2,0.96,True,scattered,Near West Side
homesmart,12,7,0.276,2,0.25,1,2,0.97,True,scattered,West Town
polonia,7,7,0.276,2,0.286,1,2,0.9,True,scattered,Avondale
moto,6,6,0.276,2,0.333,2,1,0.95,True,scattered,West Town
mufflers,49,48,0.275,17,0.367,13,2,0.8,False,scattered,Ashburn
psychic,46,45,0.275,9,0.196,5,3,0.82,False,scattered,Belmont Cragin
centro,41,39,0.275,9,0.268,5,5,0.87,False,scattered,South Lawndale
interactive,22,21,0.275,3,0.136,1,3,0.98,True,scattered,Near West Side
defender,7,7,0.275,2,0.286,1,2,0.89,False,scattered,Douglas
latinos,7,7,0.275,2,0.286,1,2,0.9,False,scattered,South Lawndale
siding,7,7,0.275,2,0.286,1,2,0.78,False,scattered,North Center
keep,9,9,0.274,4,0.444,1,4,1.0,True,scattered,Loop
xi,6,6,0.274,2,0.333,1,2,0.97,True,scattered,Near West Side
mandi,5,5,0.274,2,0.4,2,1,0.83,False,scattered,Albany Park
smoque,5,5,0.274,2,0.4,1,2,1.0,True,scattered,Loop
towing,108,105,0.273,29,0.296,18,4,0.67,False,scattered,Austin
polish,51,46,0.273,13,0.333,8,3,0.86,False,scattered,Belmont Cragin
thompson,42,33,0.273,6,0.167,4,2,1.0,True,scattered,Loop
fzlbm,13,13,0.273,3,0.231,3,1,0.95,True,scattered,Hyde Park
wolcott,11,10,0.273,3,0.364,3,1,0.93,True,scattered,Lincoln Square
progress,10,10,0.273,2,0.2,1,2,0.72,False,scattered,Bridgeport
appeal,10,10,0.272,3,0.3,2,2,0.99,True,scattered,Lake View
aero,7,7,0.272,2,0.286,2,1,0.48,False,scattered,Greater Grand Crossing
restorations,7,7,0.272,2,0.286,1,2,0.91,True,scattered,Irving Park
car,453,339,0.271,56,0.174,23,6,0.71,False,scattered,Belmont Cragin
pub,119,105,0.271,20,0.21,9,3,0.86,False,scattered,Lincoln Square
bible,87,82,0.271,25,0.287,16,3,0.66,False,scattered,Austin
cake,23,22,0.271,6,0.304,5,2,0.82,False,scattered,West Town
judy,10,10,0.271,4,0.4,3,2,0.97,True,scattered,Near North Side
kindred,7,7,0.271,2,0.286,1,2,0.58,False,scattered,Lincoln Square
ro,5,5,0.271,2,0.4,2,1,0.97,True,scattered,Near North Side
japan,17,15,0.27,1,0.059,1,1,1.0,True,scattered,Near North Side
anxiety,14,14,0.27,4,0.286,2,3,0.97,True,scattered,Lake View
casey,14,14,0.27,4,0.286,2,2,0.84,False,scattered,Near West Side
chocolat,12,11,0.27,4,0.333,3,2,0.92,True,scattered,Lower West Side
midland,10,9,0.27,3,0.3,2,2,1.0,True,scattered,Loop
coyne,6,6,0.27,2,0.333,1,2,1.0,True,scattered,Loop
apostolic,63,59,0.269,19,0.317,15,2,0.75,False,scattered,Austin
franciscan,10,10,0.269,3,0.3,3,1,0.69,False,scattered,East Garfield Park
lssi,7,7,0.269,2,0.286,1,2,0.86,False,scattered,Portage Park
aleman,5,5,0.269,2,0.4,1,2,1.0,True,scattered,Near North Side
eyelashes,5,5,0.269,2,0.4,2,1,0.97,True,scattered,Near West Side
brow,31,29,0.268,9,0.355,4,3,0.95,True,scattered,Near North Side
picture,20,20,0.268,5,0.25,4,2,0.92,True,scattered,West Town
ranch,11,10,0.268,4,0.364,2,2,0.99,True,scattered,Lake View
fingers,9,9,0.268,3,0.333,2,2,0.93,True,scattered,Near North Side
year,8,8,0.268,2,0.25,1,2,0.98,True,scattered,Loop
weaving,7,7,0.268,2,0.286,2,1,0.73,False,scattered,South Shore
mai,7,7,0.267,2,0.286,2,1,0.79,False,scattered,South Shore
renew,7,7,0.267,2,0.286,1,2,1.0,True,scattered,Near North Side
wildlife,6,6,0.267,2,0.333,2,1,0.93,True,scattered,Lincoln Park
heals,5,5,0.267,2,0.4,2,1,0.97,True,scattered,Hyde Park
haven,44,43,0.266,14,0.318,8,3,0.79,False,scattered,Near West Side
brakes,33,33,0.266,11,0.333,9,2,0.82,False,scattered,Ashburn
vida,33,28,0.266,8,0.273,4,2,0.75,False,scattered,South Lawndale
levine,18,17,0.266,2,0.111,1,2,1.0,True,scattered,Near North Side
framing,15,15,0.266,5,0.333,3,3,0.92,True,scattered,West Town
kappa,12,10,0.266,2,0.25,2,1,0.79,False,scattered,Douglas
eunice,7,7,0.266,2,0.286,1,2,0.98,True,scattered,Lincoln Square
ludwig,7,7,0.266,2,0.286,1,2,0.98,True,scattered,Lincoln Square
points,6,6,0.266,2,0.333,2,1,0.93,True,scattered,Lake View
brian,82,68,0.265,13,0.22,4,5,0.96,True,scattered,Near West Side
erie,67,51,0.265,14,0.299,5,4,0.85,False,scattered,West Town
opera,20,15,0.265,3,0.3,2,2,0.99,True,scattered,Lincoln Park
dept,17,16,0.265,5,0.353,4,2,0.77,False,scattered,Near West Side
rev,13,13,0.265,4,0.308,3,2,0.97,True,scattered,Loop
between,8,7,0.265,2,0.375,1,2,0.99,True,scattered,Near North Side
romance,7,7,0.265,2,0.286,2,1,0.83,False,scattered,Edison Park
martens,6,6,0.265,2,0.333,2,1,0.96,True,scattered,Lake View
advocate,115,48,0.264,9,0.33,4,4,0.94,True,scattered,Lake View
sean,34,30,0.264,10,0.294,5,3,0.96,True,scattered,Near West Side
salvage,8,8,0.264,2,0.25,1,2,0.91,True,scattered,West Town
kin,7,7,0.264,2,0.286,1,2,0.96,True,scattered,West Town
blade,5,5,0.264,2,0.4,2,1,0.95,True,scattered,Loop
show,39,36,0.263,7,0.205,4,3,0.74,False,scattered,Near South Side
cleaner,15,15,0.263,4,0.267,3,2,0.86,False,scattered,Lake View
kingdom,95,88,0.262,23,0.263,14,3,0.73,False,scattered,Roseland
teachers,8,7,0.262,2,0.25,1,2,0.96,True,scattered,Near West Side
faded,7,7,0.262,2,0.286,2,1,0.73,False,scattered,West Garfield Park
renewal,7,7,0.262,3,0.429,1,3,1.0,True,scattered,Loop
realtor,225,105,0.261,16,0.222,10,5,0.97,True,scattered,Lincoln Park
elaine,11,11,0.261,4,0.364,2,2,0.98,True,scattered,Lake View
lite,10,10,0.261,2,0.2,1,2,0.93,True,scattered,Bridgeport
shot,8,8,0.261,2,0.25,2,1,0.95,True,scattered,Near West Side
teamsters,7,6,0.261,2,0.286,1,2,0.88,False,scattered,Near West Side
carole,6,6,0.261,2,0.333,2,1,0.81,False,scattered,Near West Side
ewing,6,6,0.261,2,0.333,1,2,1.0,True,scattered,Loop
floss,6,6,0.261,2,0.333,2,1,0.91,True,scattered,West Town
robertson,6,6,0.261,2,0.333,2,1,0.81,False,scattered,Near West Side
chronic,5,5,0.261,2,0.4,1,2,1.0,True,scattered,Near North Side
travel,240,174,0.26,25,0.146,11,9,0.88,False,scattered,West Ridge
administration,28,26,0.26,6,0.214,4,2,0.99,True,scattered,Loop
bethlehem,14,14,0.26,4,0.286,3,2,0.76,False,scattered,Near West Side
toyota,9,8,0.26,2,0.333,2,1,0.92,True,scattered,Lake View
banking,8,7,0.26,3,0.375,2,2,0.99,True,scattered,Near North Side
kkk,6,6,0.26,2,0.333,2,1,0.96,True,scattered,Kenwood
osaka,5,5,0.26,2,0.4,2,1,0.53,False,scattered,Woodlawn
indian,61,56,0.259,11,0.23,7,3,0.89,False,scattered,West Ridge
watch,32,24,0.259,5,0.406,1,5,1.0,True,scattered,Loop
morrison,7,7,0.259,2,0.286,2,1,0.69,False,scattered,Auburn Gresham
darrell,6,6,0.259,2,0.333,1,2,1.0,True,scattered,Lake View
mart,245,212,0.258,37,0.163,23,4,0.71,False,scattered,Austin
tech,147,123,0.258,22,0.218,10,6,0.73,False,scattered,Douglas
marc,29,23,0.258,5,0.241,2,4,1.0,True,scattered,Near North Side
antique,20,18,0.258,6,0.3,4,2,0.93,True,scattered,Irving Park
acorn,9,9,0.258,3,0.333,3,1,0.93,True,scattered,West Town
tran,9,9,0.258,3,0.333,3,1,0.98,True,scattered,Near North Side
cckk,7,7,0.258,2,0.286,2,1,0.97,True,scattered,Lincoln Park
va,7,7,0.258,2,0.286,1,2,0.84,False,scattered,Near West Side
delivered,5,5,0.258,2,0.4,2,1,0.89,False,scattered,Greater Grand Crossing
robert,199,133,0.257,18,0.116,9,5,0.66,False,scattered,Near West Side
brewing,47,38,0.257,8,0.255,4,4,0.84,False,scattered,Near West Side
brazilian,24,22,0.257,4,0.25,1,4,0.99,True,scattered,Near North Side
purpose,17,16,0.257,4,0.294,4,1,0.85,False,scattered,West Garfield Park
luther,13,13,0.257,4,0.308,4,1,0.73,False,scattered,East Garfield Park
massage,230,172,0.256,12,0.074,6,5,0.88,False,scattered,Lake View
scott,101,80,0.256,11,0.129,5,6,0.96,True,scattered,Near West Side
fireplace,7,7,0.256,2,0.286,2,1,0.78,False,scattered,Lower West Side
marsha,6,6,0.256,2,0.333,2,1,0.94,True,scattered,Hyde Park
guzman,5,5,0.256,2,0.4,2,1,0.67,False,scattered,Lower West Side
modeling,5,4,0.256,2,0.4,1,2,1.0,True,scattered,Near North Side
products,105,97,0.255,25,0.238,16,3,0.66,False,scattered,Austin
heavy,21,21,0.255,6,0.286,3,2,0.91,True,scattered,Hyde Park
berger,14,12,0.255,2,0.214,1,2,0.9,True,scattered,Edgewater
lyons,12,12,0.255,4,0.333,3,2,0.99,True,scattered,Lake View
feng,6,6,0.255,2,0.333,2,1,0.82,False,scattered,Armour Square
mon,12,11,0.254,4,0.333,3,2,0.98,True,scattered,Lincoln Park
bridges,11,11,0.254,2,0.182,2,1,0.51,False,scattered,Greater Grand Crossing
lby,8,8,0.254,2,0.25,1,2,0.98,True,scattered,Lake View
enchanted,5,5,0.254,2,0.4,1,2,1.0,True,scattered,Near West Side
morelia,5,5,0.254,2,0.4,2,1,0.81,False,scattered,Belmont Cragin
hospital,296,187,0.253,26,0.182,9,7,0.86,False,scattered,Uptown
neighborhood,252,244,0.253,54,0.218,28,4,0.69,False,scattered,Austin
wear,32,32,0.253,8,0.25,4,2,0.82,False,scattered,South Lawndale
shapiro,22,20,0.253,5,0.273,2,4,0.99,True,scattered,Near North Side
container,17,15,0.253,3,0.176,3,1,0.52,False,scattered,South Lawndale
huang,8,7,0.253,1,0.125,1,1,0.99,True,scattered,Near North Side
circa,7,7,0.253,2,0.286,2,1,0.9,False,scattered,Near West Side
neill,6,6,0.253,2,0.333,2,1,0.97,True,scattered,North Center
homes,101,85,0.252,17,0.208,12,2,0.82,False,scattered,South Deering
guild,22,20,0.252,6,0.273,3,3,0.87,False,scattered,Lincoln Square
fletcher,15,12,0.252,3,0.267,1,3,0.71,False,scattered,West Town
tapestry,15,14,0.252,6,0.4,6,1,0.75,False,scattered,Edgewater
cummings,6,6,0.252,2,0.333,2,1,0.98,True,scattered,Near West Side
sze,6,6,0.252,2,0.333,2,1,0.81,False,scattered,Armour Square
optimus,5,5,0.252,2,0.4,1,2,1.0,True,scattered,Near North Side
aaaq,7,7,0.251,2,0.286,2,1,0.95,True,scattered,Hyde Park
gang,7,7,0.251,2,0.286,1,2,0.96,True,scattered,West Town
rancho,7,7,0.251,2,0.286,2,1,0.73,False,scattered,Belmont Cragin
ari,5,5,0.251,2,0.4,1,2,1.0,True,scattered,Loop
little,288,257,0.25,42,0.201,20,10,0.69,False,scattered,South Lawndale
tattoo,135,110,0.25,18,0.193,8,4,0.88,False,scattered,West Town
motion,32,30,0.25,8,0.25,5,2,0.91,True,scattered,West Town
sage,26,25,0.25,10,0.385,4,3,0.99,True,scattered,Lincoln Park
nathan,25,21,0.25,5,0.2,2,3,0.98,True,scattered,North Center
bottom,8,8,0.25,2,0.25,1,2,1.0,True,scattered,Loop
loomis,7,7,0.25,2,0.286,1,2,0.94,True,scattered,Near West Side
theater,104,81,0.249,14,0.212,6,4,0.92,True,scattered,Lake View
shoes,45,43,0.249,11,0.267,5,3,0.93,True,scattered,West Town
jill,18,18,0.249,7,0.389,2,5,1.0,True,scattered,Near North Side
matter,14,14,0.249,2,0.143,1,2,0.81,False,scattered,West Town
vaccine,5,5,0.249,2,0.4,1,2,1.0,True,scattered,Loop
mac,51,47,0.248,6,0.118,3,2,0.79,False,scattered,Near West Side
protein,26,24,0.248,2,0.115,1,2,0.94,True,scattered,Lincoln Park
endocrinology,14,12,0.248,3,0.214,2,2,0.99,True,scattered,Norwood Park
penthouse,9,9,0.248,2,0.222,1,2,0.94,True,scattered,Near South Side
playpen,8,7,0.248,2,0.25,1,2,0.61,False,scattered,Douglas
department,313,210,0.247,30,0.169,12,8,0.79,False,scattered,Hyde Park
leadership,49,45,0.247,6,0.122,3,4,1.0,True,scattered,Loop
cathedral,42,37,0.247,9,0.238,5,4,0.67,False,scattered,West Town
psychiatry,38,31,0.247,3,0.079,3,1,0.99,True,scattered,Near West Side
ahmed,22,21,0.247,6,0.318,3,2,0.99,True,scattered,Lake View
perspectives,12,10,0.247,2,0.25,2,1,0.87,False,scattered,Near South Side
boating,8,8,0.247,2,0.25,2,1,0.71,False,scattered,Near South Side
primecare,6,4,0.247,1,0.167,1,1,0.83,False,scattered,West Town
publishing,29,25,0.246,4,0.138,4,1,0.97,True,scattered,Loop
saints,24,22,0.246,4,0.25,3,2,0.63,False,scattered,Bridgeport
welding,23,22,0.246,7,0.304,6,2,0.71,False,scattered,West Pullman
facog,10,9,0.246,2,0.3,1,2,0.99,True,scattered,Lincoln Park
birch,6,6,0.246,2,0.333,2,1,0.95,True,scattered,Lincoln Park
enrichment,5,5,0.246,2,0.4,2,1,0.97,True,scattered,Hyde Park
jeffrey,79,63,0.245,8,0.114,5,2,0.83,False,scattered,South Deering
ship,38,36,0.245,7,0.184,4,3,0.97,True,scattered,Loop
psy,31,26,0.245,5,0.161,4,2,0.99,True,scattered,Lake View
montgomery,14,11,0.245,2,0.214,1,2,0.89,False,scattered,Near North Side
olson,13,13,0.245,2,0.154,1,2,0.98,True,scattered,Lincoln Square
darren,8,8,0.245,2,0.25,1,2,1.0,True,scattered,Near North Side
jcc,8,7,0.245,2,0.25,1,2,0.67,False,scattered,West Ridge
brilliant,7,6,0.245,2,0.429,1,2,1.0,True,scattered,Loop
tori,5,5,0.245,2,0.4,1,2,1.0,True,scattered,Loop
james,276,168,0.244,7,0.051,4,2,0.93,True,scattered,Near West Side
fc,6,6,0.244,2,0.333,2,1,0.86,False,scattered,Near South Side
hours,6,6,0.244,2,0.333,2,1,0.87,False,scattered,Near North Side
poi,6,6,0.244,2,0.333,2,1,0.93,True,scattered,Hyde Park
local,83,72,0.243,9,0.193,3,5,0.9,True,scattered,Near West Side
ocean,20,19,0.243,5,0.25,2,3,0.99,True,scattered,Near North Side
winston,17,12,0.243,3,0.176,3,1,0.75,False,scattered,Washington Heights
elder,11,11,0.243,2,0.182,1,2,0.81,False,scattered,Washington Heights
coverings,8,8,0.243,2,0.25,1,2,0.93,True,scattered,North Center
priscilla,8,8,0.243,2,0.25,1,2,0.62,False,scattered,Dunning
bait,7,7,0.243,2,0.286,2,1,0.78,False,scattered,Uptown
global,213,153,0.242,5,0.047,2,3,0.99,True,scattered,Near West Side
christina,29,25,0.242,3,0.172,2,2,0.43,False,scattered,Mount Greenwood
mei,15,14,0.242,3,0.2,2,2,0.96,True,scattered,Armour Square
jackpot,11,11,0.242,3,0.273,2,2,0.96,True,scattered,Lake View
pickle,11,11,0.242,2,0.182,1,2,0.97,True,scattered,Lincoln Park
queens,11,11,0.242,2,0.182,1,2,0.83,False,scattered,Austin
walkers,10,10,0.242,2,0.2,2,1,0.93,True,scattered,West Town
hennessy,7,6,0.242,2,0.286,1,2,0.99,True,scattered,Near West Side
violet,7,7,0.242,2,0.286,2,1,0.91,True,scattered,Lake View
forte,6,5,0.242,2,0.333,1,2,0.99,True,scattered,Near West Side
throat,6,6,0.242,2,0.333,1,2,0.99,True,scattered,Near North Side
oooh,5,5,0.242,2,0.4,2,1,0.9,False,scattered,Burnside
supply,299,266,0.241,45,0.161,22,4,0.67,False,scattered,Greater Grand Crossing
gardens,69,67,0.241,15,0.217,8,4,0.64,False,scattered,Riverdale
fm,35,23,0.241,2,0.086,1,2,0.99,True,scattered,Loop
chen,30,25,0.241,7,0.333,2,5,0.99,True,scattered,Near North Side
summit,23,23,0.241,4,0.174,3,2,0.76,False,scattered,Garfield Ridge
detail,22,22,0.241,6,0.273,4,2,0.78,False,scattered,Austin
italiana,10,10,0.241,2,0.2,1,2,0.93,True,scattered,Norwood Park
eclipse,7,7,0.241,2,0.286,1,2,0.97,True,scattered,North Center
kit,7,7,0.241,2,0.286,1,2,0.97,True,scattered,Lake View
strand,5,5,0.241,2,0.4,1,2,1.0,True,scattered,Loop
unity,34,32,0.24,10,0.294,5,3,0.71,False,scattered,Near North Side
surgeons,26,21,0.24,6,0.269,4,3,0.98,True,scattered,Near West Side
carniceria,19,18,0.24,5,0.263,4,2,0.93,True,scattered,Lower West Side
vault,19,19,0.24,3,0.158,1,3,0.95,True,scattered,Lake View
holiday,15,15,0.24,4,0.267,2,2,0.95,True,scattered,West Lawn
carey,7,7,0.24,3,0.429,1,3,1.0,True,scattered,Loop
kern,6,5,0.24,1,0.167,1,1,0.99,True,scattered,Near North Side
institute,532,295,0.239,14,0.053,3,7,0.81,False,scattered,Douglas
run,31,30,0.239,7,0.226,4,2,0.89,False,scattered,Garfield Ridge
merchants,10,10,0.239,2,0.2,1,2,0.98,True,scattered,Near North Side
cdc,8,8,0.239,2,0.25,1,2,0.84,False,scattered,Austin
delicious,8,8,0.239,2,0.25,1,2,0.88,False,scattered,Albany Park
marek,8,8,0.239,2,0.25,1,2,0.88,False,scattered,Norwood Park
puerta,8,8,0.239,2,0.25,1,2,0.8,False,scattered,Belmont Cragin
connell,7,7,0.239,2,0.286,2,1,0.98,True,scattered,Near West Side
lynn,34,31,0.238,4,0.176,2,2,0.99,True,scattered,Lake View
sabor,18,18,0.238,5,0.278,4,2,0.94,True,scattered,Lower West Side
boy,16,16,0.238,5,0.312,2,3,0.98,True,scattered,Near West Side
arnold,11,11,0.238,2,0.182,1,2,0.87,False,scattered,Edgewater
yp,6,6,0.238,2,0.333,2,1,0.95,True,scattered,Lincoln Park
msm,5,4,0.238,2,0.4,1,2,1.0,True,scattered,Loop
riverfront,5,5,0.238,2,0.4,1,2,1.0,True,scattered,Loop
rolling,5,5,0.238,2,0.4,1,2,1.0,True,scattered,Loop
citizens,19,19,0.237,3,0.158,3,1,0.88,False,scattered,Bridgeport
down,18,18,0.237,5,0.278,3,2,0.91,True,scattered,Near North Side
katie,18,17,0.237,4,0.278,2,2,0.96,True,scattered,Lincoln Park
transformation,14,13,0.237,4,0.286,3,2,0.79,False,scattered,Ashburn
pacific,29,28,0.236,6,0.207,4,2,0.93,True,scattered,Bridgeport
evolve,20,19,0.236,4,0.2,2,2,0.96,True,scattered,Near West Side
legends,17,16,0.236,3,0.235,2,2,0.7,False,scattered,Grand Boulevard
kwon,8,8,0.236,2,0.25,1,2,0.9,True,scattered,South Lawndale
lg,11,11,0.235,3,0.273,3,1,0.64,False,scattered,Archer Heights
yee,11,11,0.235,3,0.273,2,2,0.86,False,scattered,Armour Square
minghin,6,6,0.235,2,0.333,1,2,0.99,True,scattered,Loop
acupuncture,112,80,0.234,5,0.045,5,1,0.89,False,scattered,Lake View
disease,21,19,0.234,4,0.286,2,3,0.98,True,scattered,Near West Side
henderson,9,9,0.234,2,0.222,1,2,1.0,True,scattered,Loop
oro,8,8,0.234,2,0.25,1,2,0.85,False,scattered,South Lawndale
slp,6,5,0.234,2,0.333,1,2,1.0,True,scattered,Near North Side
salt,21,20,0.233,5,0.238,3,2,0.98,True,scattered,Lincoln Park
floors,16,16,0.233,4,0.25,4,1,0.63,False,scattered,Belmont Cragin
sonder,11,11,0.233,2,0.182,1,2,0.93,True,scattered,Near West Side
linens,8,8,0.233,2,0.25,2,1,0.61,False,scattered,Avalon Park
kehoe,6,6,0.233,2,0.333,2,1,0.98,True,scattered,Near West Side
daycare,223,215,0.232,29,0.13,17,3,0.44,False,scattered,Auburn Gresham
near,47,46,0.232,9,0.213,6,4,0.9,True,scattered,Near North Side
israel,30,29,0.232,6,0.2,4,2,0.81,False,scattered,West Ridge
reyes,21,21,0.232,6,0.286,5,2,0.84,False,scattered,Lower West Side
residency,9,9,0.232,3,0.333,1,3,1.0,True,scattered,Near North Side
thread,9,8,0.232,1,0.111,1,1,0.97,True,scattered,Near West Side
beginning,8,8,0.232,2,0.25,2,1,0.67,False,scattered,West Englewood
dispensers,6,6,0.232,2,0.333,1,2,0.99,True,scattered,Near North Side
contemporary,37,33,0.231,7,0.189,3,3,0.94,True,scattered,Near South Side
napa,33,31,0.231,10,0.333,9,2,0.79,False,scattered,Belmont Cragin
corral,7,7,0.231,2,0.286,2,1,0.91,True,scattered,South Lawndale
parenting,6,6,0.231,2,0.333,2,1,0.93,True,scattered,Lincoln Square
gabriella,5,5,0.231,1,0.2,1,1,0.99,True,scattered,Near North Side
jeanette,5,5,0.231,1,0.2,1,1,0.99,True,scattered,Near North Side
krol,5,5,0.231,2,0.4,1,2,1.0,True,scattered,Loop
bethel,41,39,0.23,10,0.268,7,2,0.67,False,scattered,Roseland
carol,29,27,0.23,6,0.241,3,3,0.94,True,scattered,Lake View
jw,9,7,0.229,1,0.111,1,1,1.0,True,scattered,Loop
eastside,7,7,0.229,2,0.286,1,2,0.94,True,scattered,Loop
wisconsin,5,5,0.229,0,0.0,0,0,,False,scattered,
hqfb,8,8,0.228,2,0.25,1,2,0.98,True,scattered,Lincoln Park
riley,8,8,0.228,3,0.375,3,1,0.96,True,scattered,Uptown
alpine,7,7,0.228,2,0.286,2,1,0.9,False,scattered,Albany Park
nepal,5,5,0.228,1,0.2,1,1,0.97,True,scattered,Near South Side
pt,78,34,0.227,4,0.064,4,1,0.89,False,scattered,Garfield Ridge
moving,74,65,0.227,9,0.189,4,3,0.82,False,scattered,Austin
british,20,19,0.227,4,0.2,2,2,0.98,True,scattered,Near North Side
gaming,16,15,0.227,4,0.25,2,2,0.81,False,scattered,Avondale
product,11,10,0.227,2,0.182,1,2,0.94,True,scattered,West Town
goldstein,10,10,0.227,2,0.2,1,2,1.0,True,scattered,Loop
noor,8,8,0.227,2,0.25,1,2,0.96,True,scattered,West Ridge
tortilleria,7,7,0.227,2,0.286,2,1,0.71,False,scattered,South Lawndale
oliver,21,19,0.226,5,0.286,2,3,0.99,True,scattered,Lake View
joan,15,15,0.226,4,0.267,2,2,0.99,True,scattered,Lake View
therapist,11,11,0.226,4,0.364,3,2,0.97,True,scattered,Near West Side
grub,6,6,0.226,2,0.333,2,1,0.97,True,scattered,Lake View
obstetrics,14,12,0.225,2,0.143,1,2,0.94,True,scattered,Near West Side
bhhs,8,5,0.225,2,0.25,1,2,0.85,False,scattered,Lincoln Park
lots,8,8,0.225,2,0.25,2,1,0.8,False,scattered,Auburn Gresham
cta,412,360,0.224,14,0.034,8,4,0.77,False,scattered,Rogers Park
pollo,31,28,0.224,8,0.29,6,2,0.79,False,scattered,South Lawndale
tag,8,8,0.224,2,0.25,1,2,0.99,True,scattered,Near West Side
orlando,7,7,0.224,2,0.286,2,1,0.88,False,scattered,Edgewater
innovation,35,32,0.223,3,0.086,2,2,0.89,False,scattered,Near West Side
arms,17,17,0.223,4,0.235,3,2,0.76,False,scattered,Albany Park
chateau,8,8,0.223,2,0.25,1,2,0.91,True,scattered,Uptown
tacos,137,130,0.222,21,0.182,9,4,0.82,False,scattered,Chicago Lawn
jesus,43,43,0.222,12,0.279,9,2,0.79,False,scattered,Austin
katherine,34,27,0.222,4,0.206,2,2,0.97,True,scattered,West Town
toys,24,23,0.222,5,0.25,2,3,0.91,True,scattered,West Lawn
castro,7,6,0.222,1,0.143,1,1,1.0,True,scattered,Loop
paragon,13,12,0.221,2,0.231,1,2,0.97,True,scattered,Near South Side
bronze,9,9,0.221,2,0.222,2,1,0.78,False,scattered,Grand Boulevard
stock,22,21,0.22,3,0.136,1,3,0.86,False,scattered,Near West Side
beeshort,7,7,0.22,2,0.286,2,1,0.94,True,scattered,Kenwood
dermatology,59,46,0.219,6,0.119,4,2,0.98,True,scattered,Lincoln Square
josh,18,17,0.219,4,0.222,2,2,0.97,True,scattered,Lincoln Park
foundation,381,242,0.218,9,0.024,5,3,0.58,False,scattered,North Lawndale
aesthetics,85,75,0.218,5,0.082,4,2,0.96,True,scattered,Near North Side
staffing,82,64,0.218,8,0.098,4,2,0.84,False,scattered,Near North Side
federal,71,52,0.218,9,0.169,6,2,0.89,False,scattered,Loop
hearing,35,32,0.218,2,0.057,2,1,0.77,False,scattered,Near North Side
elmwood,13,10,0.218,2,0.154,1,2,0.8,False,scattered,Montclare
chung,8,8,0.218,2,0.25,1,2,0.96,True,scattered,Uptown
wooden,8,8,0.218,2,0.25,1,2,0.8,False,scattered,West Town
bienestar,5,5,0.218,2,0.4,2,1,0.98,True,scattered,Lower West Side
lakeside,47,42,0.217,10,0.234,4,4,0.96,True,scattered,Near South Side
forum,29,28,0.217,2,0.069,1,2,0.83,False,scattered,Rogers Park
banquets,18,16,0.217,4,0.222,2,2,0.73,False,scattered,Belmont Cragin
willow,17,14,0.217,4,0.294,2,3,0.92,True,scattered,Lincoln Park
onyx,13,12,0.217,4,0.308,2,2,0.92,True,scattered,Near North Side
jeweler,7,6,0.217,1,0.143,1,1,1.0,True,scattered,Loop
summers,7,7,0.217,2,0.286,1,2,1.0,True,scattered,Loop
watches,6,5,0.217,2,0.333,1,2,0.99,True,scattered,Near North Side
aviation,30,24,0.216,4,0.233,3,2,0.55,False,scattered,O'Hare
goat,24,19,0.216,1,0.042,1,1,0.99,True,scattered,Near West Side
ramirez,23,22,0.216,4,0.217,3,2,0.68,False,scattered,Brighton Park
celestial,13,11,0.216,2,0.231,1,2,0.83,False,scattered,Rogers Park
customer,11,9,0.216,1,0.182,1,1,1.0,True,scattered,Loop
facilities,10,9,0.216,1,0.1,1,1,0.81,False,scattered,Armour Square
goodwill,10,10,0.216,2,0.2,1,2,0.69,False,scattered,Chicago Lawn
cielo,9,9,0.216,2,0.222,1,2,0.57,False,scattered,McKinley Park
bridgeview,8,8,0.216,2,0.25,1,2,0.96,True,scattered,Lincoln Square
wearhouse,8,8,0.216,2,0.25,1,2,0.95,True,scattered,Near West Side
sinus,7,7,0.216,2,0.286,1,2,1.0,True,scattered,Near North Side
ugly,6,6,0.216,2,0.333,2,1,0.85,False,scattered,Portage Park
decision,5,5,0.216,2,0.4,1,2,1.0,True,scattered,Loop
systems,139,116,0.215,12,0.086,8,2,0.65,False,scattered,Roseland
wholesale,60,58,0.215,11,0.183,7,3,0.6,False,scattered,Lower West Side
tailors,19,16,0.215,4,0.316,2,2,0.99,True,scattered,Near North Side
preparatory,14,12,0.215,2,0.214,1,2,0.68,False,scattered,Roseland
vide,10,10,0.215,2,0.2,1,2,0.94,True,scattered,Lincoln Park
languages,8,8,0.215,2,0.25,1,2,0.87,False,scattered,Hyde Park
fashion,115,97,0.214,21,0.226,10,3,0.84,False,scattered,South Lawndale
eating,13,13,0.214,3,0.231,2,2,1.0,True,scattered,Near North Side
ultra,11,11,0.214,2,0.182,1,2,0.86,False,scattered,North Center
aries,7,7,0.214,2,0.286,2,1,0.56,False,scattered,West Garfield Park
pathway,6,6,0.214,2,0.333,2,1,0.98,True,scattered,Near West Side
heartland,37,32,0.213,6,0.189,2,4,0.95,True,scattered,Uptown
poke,26,23,0.213,2,0.077,2,1,1.0,True,scattered,Loop
masjid,21,20,0.213,6,0.286,4,2,0.82,False,scattered,West Ridge
ahq,10,10,0.213,2,0.2,1,2,0.94,True,scattered,Lincoln Park
tk,8,8,0.213,2,0.25,1,2,0.93,True,scattered,Lincoln Park
stratford,7,6,0.213,1,0.143,1,1,0.98,True,scattered,Lincoln Park
kennedy,35,32,0.212,6,0.229,4,2,0.67,False,scattered,Englewood
brain,28,25,0.212,3,0.143,2,2,0.99,True,scattered,Near West Side
fiesta,26,26,0.212,7,0.269,4,2,0.89,False,scattered,West Town
seva,10,9,0.212,2,0.2,1,2,1.0,True,scattered,Loop
blooming,7,7,0.212,2,0.286,2,1,0.93,True,scattered,West Ridge
case,7,7,0.212,0,0.0,0,0,,False,scattered,
jl,5,5,0.212,2,0.4,1,2,1.0,True,scattered,Loop
crossfit,43,40,0.211,8,0.209,5,3,0.88,False,scattered,West Town
feet,17,17,0.211,3,0.176,1,3,0.98,True,scattered,Near West Side
nine,17,16,0.211,5,0.353,3,3,0.99,True,scattered,Lake View
romanian,16,15,0.211,4,0.25,4,1,0.77,False,scattered,Irving Park
paramount,14,14,0.211,3,0.214,2,2,0.97,True,scattered,Loop
zimmerman,10,10,0.211,0,0.0,0,0,,False,scattered,
galore,9,9,0.211,2,0.222,1,2,0.78,False,scattered,Greater Grand Crossing
rm,7,7,0.211,2,0.286,1,2,0.99,True,scattered,Near West Side
stitch,7,7,0.211,2,0.286,1,2,0.99,True,scattered,Near West Side
marie,64,56,0.21,9,0.188,5,3,0.94,True,scattered,Near West Side
ymca,22,21,0.21,5,0.227,2,3,0.69,False,scattered,East Garfield Park
cycles,19,19,0.21,4,0.211,3,2,0.79,False,scattered,Uptown
jackie,14,13,0.21,2,0.214,1,2,0.39,False,scattered,Washington Heights
sanford,8,7,0.21,1,0.125,1,1,1.0,True,scattered,Loop
film,47,42,0.209,4,0.085,2,2,0.84,False,scattered,Near South Side
marble,17,16,0.209,4,0.294,3,2,0.86,False,scattered,Near West Side
rovieron,7,7,0.209,2,0.286,1,2,0.97,True,scattered,West Town
garrett,26,25,0.208,2,0.115,2,1,0.86,False,scattered,O'Hare
processing,10,10,0.208,2,0.2,1,2,0.94,True,scattered,O'Hare
regular,9,9,0.208,2,0.222,1,2,0.78,False,scattered,Albany Park
intellectual,5,5,0.208,1,0.2,1,1,1.0,True,scattered,Loop
skincare,41,38,0.207,7,0.171,4,2,0.94,True,scattered,Lake View
maids,22,22,0.207,4,0.182,2,2,0.94,True,scattered,Near North Side
scholars,22,21,0.207,4,0.227,3,2,0.71,False,scattered,Morgan Park
freshii,15,15,0.207,0,0.0,0,0,,False,scattered,
flawless,9,9,0.207,2,0.222,1,2,0.91,True,scattered,Grand Boulevard
gallerie,5,5,0.207,1,0.2,1,1,0.99,True,scattered,Near North Side
mercy,60,46,0.206,7,0.133,4,2,0.79,False,scattered,Mount Greenwood
jane,36,32,0.206,3,0.111,2,2,0.49,False,scattered,Garfield Ridge
ds,13,12,0.206,2,0.154,1,2,0.55,False,scattered,Avalon Park
fuller,9,8,0.206,2,0.222,2,1,0.59,False,scattered,Fuller Park
wellspring,7,7,0.206,2,0.286,1,2,0.99,True,scattered,Near West Side
sap,5,5,0.206,1,0.2,1,1,0.96,True,scattered,Near West Side
electrical,52,51,0.205,13,0.25,5,4,0.85,False,scattered,Portage Park
residences,40,36,0.205,4,0.1,3,2,0.73,False,scattered,Near West Side
parker,35,32,0.205,3,0.114,2,2,0.6,False,scattered,Portage Park
mariscos,32,28,0.205,6,0.188,5,2,0.81,False,scattered,West Lawn
english,25,24,0.205,4,0.16,2,2,0.83,False,scattered,Near West Side
horizons,23,23,0.205,3,0.13,2,2,0.94,True,scattered,Lake View
sears,21,16,0.205,3,0.19,1,3,0.93,True,scattered,Lincoln Square
icon,13,12,0.205,2,0.154,1,2,0.54,False,scattered,North Lawndale
cal,12,12,0.205,3,0.25,1,3,0.95,True,scattered,Near North Side
np,107,47,0.204,7,0.14,4,2,0.81,False,scattered,Lake View
fedex,90,58,0.204,5,0.089,3,2,0.37,False,scattered,O'Hare
covenant,67,57,0.204,7,0.224,4,3,0.8,False,scattered,Lincoln Square
view,64,58,0.204,12,0.203,5,4,0.96,True,scattered,Lake View
timothy,44,37,0.204,6,0.182,3,3,0.98,True,scattered,Near West Side
ivy,34,30,0.204,5,0.235,2,3,0.95,True,scattered,Lake View
mindful,24,23,0.204,4,0.167,2,3,0.96,True,scattered,Lincoln Square
sg,19,19,0.204,2,0.105,1,2,0.94,True,scattered,Lincoln Park
cajun,15,15,0.204,3,0.2,3,1,0.89,False,scattered,East Garfield Park
salsa,14,13,0.204,2,0.214,2,1,0.89,False,scattered,West Town
goldman,12,12,0.204,0,0.0,0,0,,False,scattered,
millie,9,9,0.204,2,0.222,1,2,0.99,True,scattered,Lincoln Park
ethos,7,7,0.204,2,0.286,1,2,0.99,True,scattered,Near North Side
nia,5,5,0.204,1,0.2,1,1,0.99,True,scattered,Near West Side
goddess,25,24,0.203,3,0.12,2,2,0.67,False,scattered,West Garfield Park
wallace,18,17,0.203,2,0.167,1,2,0.76,False,scattered,Bridgeport
ensemble,17,17,0.203,4,0.235,3,2,0.79,False,scattered,Edgewater
cris,8,8,0.203,2,0.25,2,1,0.75,False,scattered,South Lawndale
groove,6,6,0.203,2,0.333,2,1,0.95,True,scattered,West Town
mentor,6,6,0.203,1,0.167,1,1,1.0,True,scattered,Loop
spotlight,6,6,0.203,2,0.333,2,1,0.92,True,scattered,West Town
navy,49,37,0.202,5,0.224,3,3,0.84,False,scattered,Near North Side
carmen,22,21,0.202,5,0.273,4,2,0.86,False,scattered,Uptown
bridget,12,11,0.202,2,0.167,1,2,0.96,True,scattered,West Town
tango,11,11,0.202,2,0.182,1,2,0.82,False,scattered,Portage Park
archives,9,9,0.202,2,0.222,1,2,0.9,True,scattered,Rogers Park
athlete,7,7,0.202,2,0.286,2,1,0.93,True,scattered,West Town
kingston,5,5,0.202,1,0.2,1,1,0.83,False,scattered,South Chicago
learning,291,262,0.201,27,0.1,16,4,0.62,False,scattered,Auburn Gresham
level,51,48,0.201,7,0.137,3,3,0.78,False,scattered,West Ridge
luis,36,35,0.201,8,0.25,4,3,0.85,False,scattered,South Lawndale
champions,17,16,0.201,4,0.235,2,2,0.9,True,scattered,Near South Side
strings,12,12,0.201,2,0.167,1,2,0.94,True,scattered,Lincoln Park
seoul,7,7,0.201,2,0.286,1,2,0.99,True,scattered,West Town
cleaning,268,230,0.2,29,0.116,14,4,0.53,False,scattered,Belmont Cragin
triangle,20,17,0.2,4,0.25,3,2,0.83,False,scattered,O'Hare
diesel,10,10,0.2,2,0.2,1,2,0.51,False,scattered,Clearing
palliative,9,9,0.2,2,0.222,1,2,0.92,True,scattered,O'Hare
fantastic,7,7,0.2,2,0.286,2,1,0.64,False,scattered,South Lawndale
kai,7,7,0.2,2,0.286,2,1,0.88,False,scattered,Lake View
orr,5,5,0.2,1,0.2,1,1,1.0,True,scattered,Loop
business,206,147,0.199,7,0.034,3,3,0.64,False,scattered,Garfield Ridge
regency,17,14,0.199,4,0.235,2,2,0.87,False,scattered,Belmont Cragin
through,15,13,0.199,2,0.133,1,2,0.81,False,scattered,Austin
melanie,12,12,0.199,0,0.0,0,0,,False,scattered,
onion,11,11,0.199,3,0.273,3,1,0.94,True,scattered,Rogers Park
abercrombie,5,5,0.199,1,0.2,1,1,0.97,True,scattered,Near North Side
storm,5,5,0.199,1,0.2,1,1,1.0,True,scattered,Loop
fat,24,23,0.198,4,0.167,2,2,0.84,False,scattered,Armour Square
diagnostic,21,20,0.198,4,0.19,3,2,0.89,False,scattered,Jefferson Park
male,15,14,0.198,3,0.267,1,3,0.99,True,scattered,Near North Side
stem,15,15,0.198,4,0.267,4,1,0.69,False,scattered,Near West Side
mirza,11,11,0.198,2,0.182,1,2,0.81,False,scattered,West Ridge
intermodal,10,10,0.198,2,0.2,1,2,0.33,False,scattered,South Lawndale
publications,10,10,0.198,3,0.3,1,3,0.99,True,scattered,Near North Side
nmls,235,43,0.197,3,0.047,3,1,0.9,False,scattered,North Center
society,182,134,0.197,3,0.016,2,2,0.71,False,scattered,Hyde Park
diagnostics,25,23,0.197,2,0.12,1,2,0.89,False,scattered,West Ridge
talk,15,15,0.197,2,0.133,1,2,0.95,True,scattered,West Town
ibji,11,6,0.197,2,0.273,1,2,0.99,True,scattered,Lake View
montclare,9,8,0.197,2,0.222,2,1,0.7,False,scattered,Montclare
fishel,6,6,0.197,0,0.0,0,0,,False,scattered,
ryan,87,74,0.196,11,0.138,6,2,0.63,False,scattered,Ashburn
fox,59,50,0.196,2,0.034,1,2,0.96,True,scattered,Lincoln Square
gary,47,41,0.196,5,0.128,3,2,0.87,False,scattered,Greater Grand Crossing
deep,22,21,0.196,4,0.182,3,2,0.76,False,scattered,Avondale
ristorante,22,22,0.196,4,0.182,2,3,0.82,False,scattered,Lower West Side
apts,15,15,0.196,4,0.267,3,2,0.82,False,scattered,Lake View
kumar,10,9,0.196,2,0.3,1,2,1.0,True,scattered,Lake View
niles,10,7,0.196,2,0.2,1,2,0.75,False,scattered,Forest Glen
paige,9,8,0.196,2,0.222,1,2,0.9,False,scattered,North Center
pllc,115,74,0.195,0,0.0,0,0,,False,scattered,
cash,65,64,0.195,15,0.231,9,2,0.77,False,scattered,Austin
communities,12,12,0.195,3,0.25,1,3,0.88,False,scattered,Near West Side
fz,9,9,0.195,2,0.222,1,2,0.95,True,scattered,Lower West Side
saint,167,131,0.194,17,0.144,9,4,0.71,False,scattered,West Town
campus,94,82,0.194,11,0.149,6,3,0.82,False,scattered,Bridgeport
classic,44,41,0.194,8,0.182,4,3,0.76,False,scattered,Avondale
delta,30,28,0.194,6,0.233,5,2,0.93,True,scattered,O'Hare
london,19,16,0.194,2,0.158,1,2,0.59,False,scattered,Pullman
slice,17,17,0.194,4,0.235,3,2,0.83,False,scattered,Edgewater
journal,11,10,0.194,0,0.0,0,0,,False,scattered,
beatrix,10,10,0.194,0,0.0,0,0,,False,scattered,
sk,10,10,0.194,2,0.2,2,1,0.93,True,scattered,Near North Side
osf,7,4,0.194,1,0.143,1,1,0.84,False,scattered,Mount Greenwood
chinese,104,91,0.193,10,0.173,4,4,0.82,False,scattered,Armour Square
personal,98,79,0.193,6,0.071,3,2,0.78,False,scattered,Austin
plating,10,9,0.193,2,0.2,1,2,0.68,False,scattered,North Lawndale
berlin,7,6,0.193,0,0.0,0,0,,False,scattered,
cs,7,7,0.193,2,0.286,2,1,0.59,False,scattered,West Englewood
connelly,5,5,0.193,0,0.0,0,0,,False,scattered,
magdalena,5,5,0.193,1,0.2,1,1,0.99,True,scattered,Near North Side
wireless,192,161,0.192,13,0.089,7,4,0.86,False,scattered,South Lawndale
stage,24,23,0.192,3,0.125,2,2,0.91,True,scattered,North Park
lost,15,15,0.192,2,0.133,1,2,0.85,False,scattered,Avondale
vfw,10,10,0.192,2,0.2,1,2,0.57,False,scattered,Montclare
rocks,9,9,0.192,2,0.222,2,1,0.9,True,scattered,Edgewater
italian,103,86,0.191,5,0.068,3,2,0.91,True,scattered,Near West Side
yard,29,29,0.191,6,0.207,4,2,0.7,False,scattered,West Town
claim,10,10,0.191,2,0.2,1,2,0.79,False,scattered,Garfield Ridge
im,9,9,0.191,2,0.222,2,1,0.75,False,scattered,Belmont Cragin
fetal,7,6,0.191,2,0.286,2,1,0.97,True,scattered,Lake View
tavern,160,133,0.19,6,0.05,5,2,0.88,False,scattered,Lake View
plumbing,152,146,0.19,18,0.138,8,3,0.76,False,scattered,Brighton Park
precision,49,47,0.19,10,0.204,5,3,0.8,False,scattered,Belmont Cragin
psychology,41,33,0.19,0,0.0,0,0,,False,scattered,
vivian,15,15,0.19,3,0.2,1,3,0.39,False,scattered,Kenwood
stein,14,12,0.19,1,0.071,1,1,1.0,True,scattered,Loop
psychiatric,12,12,0.19,2,0.167,2,1,0.87,False,scattered,Morgan Park
croatian,9,9,0.19,2,0.222,1,2,0.91,True,scattered,Kenwood
moda,9,9,0.19,2,0.222,1,2,0.96,True,scattered,Edgewater
tuesday,8,8,0.19,2,0.25,1,2,0.98,True,scattered,Lincoln Park
design,647,453,0.189,6,0.022,2,5,0.91,True,scattered,West Town
bao,20,20,0.189,4,0.2,3,2,0.86,False,scattered,Near West Side
families,18,18,0.189,4,0.222,2,2,0.82,False,scattered,Near South Side
norman,16,16,0.189,1,0.062,1,1,1.0,True,scattered,Loop
su,15,13,0.189,2,0.2,1,2,0.7,False,scattered,West Elsdon
corcoran,11,10,0.189,2,0.273,1,2,0.91,True,scattered,Loop
counter,10,10,0.189,2,0.2,2,1,0.79,False,scattered,O'Hare
fatima,10,9,0.189,2,0.2,1,2,0.81,False,scattered,Austin
yummy,9,9,0.189,2,0.222,1,2,0.97,True,scattered,Armour Square
alliance,153,122,0.188,3,0.026,2,2,0.47,False,scattered,O'Hare
liquors,126,121,0.188,17,0.143,11,2,0.76,False,scattered,Austin
platinum,31,28,0.188,4,0.129,2,2,0.75,False,scattered,Ashburn
cell,30,30,0.188,7,0.233,4,3,0.88,False,scattered,West Ridge
sharp,14,14,0.188,2,0.143,1,2,0.81,False,scattered,Bridgeport
cotton,9,9,0.188,2,0.222,1,2,0.89,False,scattered,Near South Side
aikido,7,7,0.188,2,0.286,2,1,0.93,True,scattered,Lincoln Square
celeste,7,7,0.188,2,0.286,1,2,1.0,True,scattered,Lake View
peoples,28,27,0.187,6,0.214,5,2,0.59,False,scattered,West Town
emporium,23,22,0.187,4,0.217,3,2,0.93,True,scattered,Douglas
servpro,12,12,0.187,2,0.167,1,2,0.46,False,scattered,West Lawn
moorish,10,10,0.187,2,0.2,1,2,0.88,False,scattered,Grand Boulevard
shirts,10,10,0.187,2,0.2,1,2,0.89,False,scattered,Lincoln Square
meta,6,6,0.187,2,0.333,2,1,0.82,False,scattered,Near North Side
therapy,619,368,0.186,1,0.003,1,1,0.93,True,scattered,Lincoln Park
soul,102,94,0.186,13,0.157,6,4,0.86,False,scattered,Greater Grand Crossing
uncle,30,30,0.186,7,0.233,4,2,0.87,False,scattered,Chatham
mars,18,16,0.186,2,0.167,1,2,0.54,False,scattered,Austin
tinting,10,10,0.186,2,0.2,1,2,0.78,False,scattered,West Town
latina,9,9,0.186,2,0.222,2,1,0.77,False,scattered,West Lawn
nv,5,5,0.186,1,0.2,1,1,0.96,True,scattered,Near North Side
records,82,78,0.185,7,0.085,4,2,0.78,False,scattered,Morgan Park
residential,64,48,0.185,2,0.031,2,1,0.95,True,scattered,Lincoln Park
wheels,28,26,0.185,5,0.179,3,3,0.76,False,scattered,Belmont Cragin
statue,21,15,0.185,2,0.095,1,2,0.53,False,scattered,Woodlawn
democratic,16,13,0.185,3,0.188,2,2,0.9,False,scattered,Albany Park
rr,16,16,0.185,3,0.188,1,3,0.95,True,scattered,Near West Side
aj,11,10,0.185,2,0.182,1,2,0.5,False,scattered,Clearing
enhancement,9,9,0.185,2,0.222,2,1,0.82,False,scattered,West Lawn
greens,8,8,0.185,2,0.25,1,2,0.99,True,scattered,Near North Side
navarro,8,8,0.185,2,0.25,2,1,0.91,True,scattered,Irving Park
furniture,233,193,0.184,17,0.073,12,3,0.77,False,scattered,Roseland
logistics,82,67,0.184,4,0.049,3,2,0.24,False,scattered,South Deering
juan,35,35,0.184,5,0.143,4,2,0.74,False,scattered,South Chicago
gomez,30,30,0.184,5,0.167,3,2,0.78,False,scattered,Brighton Park
cohen,28,25,0.184,0,0.0,0,0,,False,scattered,
murray,20,20,0.184,2,0.1,2,1,0.45,False,scattered,South Deering
lion,19,19,0.184,5,0.263,3,3,0.96,True,scattered,Lincoln Park
manny,15,15,0.184,3,0.2,1,3,0.76,False,scattered,Belmont Cragin
pup,12,11,0.184,1,0.083,1,1,0.98,True,scattered,West Town
events,185,152,0.183,6,0.032,4,3,0.75,False,scattered,Grand Boulevard
richard,115,90,0.183,3,0.026,2,2,0.58,False,scattered,West Lawn
iron,55,51,0.183,9,0.2,7,2,0.65,False,scattered,Austin
drug,27,25,0.183,2,0.074,2,1,0.92,True,scattered,Loop
florence,18,17,0.183,4,0.222,3,2,0.78,False,scattered,Hyde Park
kramer,18,14,0.183,2,0.167,1,2,0.92,True,scattered,North Park
engagement,11,9,0.183,1,0.091,1,1,1.0,True,scattered,Loop
polska,10,10,0.183,2,0.2,1,2,0.66,False,scattered,Belmont Cragin
copper,9,9,0.183,2,0.222,1,2,0.99,True,scattered,West Town
grey,7,7,0.183,2,0.286,2,1,0.97,True,scattered,West Town
panel,5,5,0.183,0,0.0,0,0,,False,scattered,
assembly,44,41,0.182,9,0.205,7,2,0.54,False,scattered,Austin
sweets,36,31,0.182,4,0.222,2,2,0.84,False,scattered,West Ridge
dragon,29,28,0.182,4,0.172,1,4,0.89,False,scattered,Armour Square
lashes,27,27,0.182,4,0.148,2,2,0.93,True,scattered,Lake View
stand,24,24,0.182,3,0.125,2,2,0.94,True,scattered,Lake View
gelato,16,15,0.182,3,0.188,2,2,0.87,False,scattered,North Center
hand,98,92,0.181,16,0.184,7,3,0.8,False,scattered,Irving Park
affairs,26,20,0.181,2,0.077,1,2,0.8,False,scattered,Hyde Park
tae,10,10,0.181,2,0.2,1,2,0.9,True,scattered,South Lawndale
barker,9,9,0.181,2,0.222,1,2,0.96,True,scattered,Lincoln Park
powered,7,7,0.181,2,0.286,1,2,0.99,True,scattered,Near North Side
strip,7,7,0.181,2,0.286,1,2,0.99,True,scattered,Near North Side
recording,51,43,0.18,8,0.196,5,2,0.87,False,scattered,Lake View
hip,14,14,0.18,2,0.143,2,1,0.92,True,scattered,Rogers Park
diego,9,9,0.18,2,0.222,2,1,0.84,False,scattered,South Lawndale
mechat,9,9,0.18,2,0.222,1,2,0.94,True,scattered,Hyde Park
remodeling,104,95,0.179,10,0.106,6,2,0.62,False,scattered,Belmont Cragin
charter,86,81,0.179,11,0.128,6,2,0.57,False,scattered,North Lawndale
web,55,48,0.179,3,0.055,2,2,0.73,False,scattered,Portage Park
monica,26,26,0.179,5,0.192,4,2,0.94,True,scattered,Norwood Park
stop,373,338,0.178,0,0.0,0,0,,False,scattered,
program,86,65,0.178,4,0.047,3,2,0.85,False,scattered,Near West Side
superior,61,50,0.178,4,0.066,2,2,0.74,False,scattered,Near North Side
manufacturing,50,47,0.178,8,0.16,5,3,0.66,False,scattered,Austin
wood,48,46,0.178,6,0.146,2,5,0.98,True,scattered,Near West Side
breast,15,14,0.178,0,0.0,0,0,,False,scattered,
rest,10,10,0.178,2,0.2,2,1,0.67,False,scattered,Englewood
twist,10,10,0.178,2,0.2,2,1,0.78,False,scattered,Auburn Gresham
derma,6,6,0.178,2,0.333,2,1,0.98,True,scattered,Near North Side
tax,439,351,0.177,9,0.021,8,2,0.71,False,scattered,Morgan Park
commercial,85,66,0.177,2,0.035,1,2,0.83,False,scattered,South Chicago
wild,42,41,0.177,7,0.167,4,3,0.91,True,scattered,Irving Park
asset,37,30,0.177,0,0.0,0,0,,False,scattered,
mfg,13,13,0.177,2,0.154,1,2,0.86,False,scattered,Lower West Side
russian,12,12,0.177,2,0.167,1,2,0.66,False,scattered,West Ridge
juicery,8,8,0.177,2,0.25,1,2,0.98,True,scattered,Near West Side
rouge,7,7,0.177,2,0.286,2,1,0.97,True,scattered,Lincoln Park
melissa,37,33,0.176,4,0.108,2,2,0.96,True,scattered,Near West Side
aaa,36,36,0.176,6,0.167,4,2,0.38,False,scattered,Mount Greenwood
herbalife,10,10,0.176,2,0.2,1,2,0.92,True,scattered,Belmont Cragin
hungry,8,8,0.176,2,0.25,2,1,0.93,True,scattered,Rogers Park
lilia,6,6,0.176,0,0.0,0,0,,False,scattered,
joyce,18,16,0.175,2,0.111,1,2,1.0,True,scattered,Loop
cave,10,10,0.175,2,0.2,1,2,0.93,True,scattered,Jefferson Park
sophia,10,10,0.175,2,0.2,1,2,0.98,True,scattered,Lake View
oven,7,7,0.175,1,0.143,1,1,0.99,True,scattered,Near West Side
pentecostal,52,51,0.174,8,0.154,5,2,0.58,False,scattered,Morgan Park
word,45,45,0.174,10,0.222,6,2,0.65,False,scattered,Austin
strength,42,37,0.174,4,0.19,2,3,0.99,True,scattered,Near North Side
birrieria,19,19,0.174,4,0.211,4,1,0.87,False,scattered,South Lawndale
lanes,10,10,0.174,2,0.2,2,1,0.69,False,scattered,Hegewisch
ambulatory,9,9,0.174,0,0.0,0,0,,False,scattered,
swiss,7,7,0.174,2,0.286,2,1,0.84,False,scattered,O'Hare
hogar,6,6,0.174,2,0.333,2,1,0.98,True,scattered,Lower West Side
douglas,42,37,0.173,4,0.095,3,2,0.54,False,scattered,North Lawndale
richardson,18,17,0.173,2,0.111,2,1,0.7,False,scattered,West Lawn
endeavor,14,12,0.173,2,0.214,1,2,0.98,True,scattered,Lincoln Square
gt,14,14,0.173,2,0.143,1,2,0.91,True,scattered,West Town
acero,10,8,0.173,2,0.2,2,1,0.54,False,scattered,Brighton Park
happiness,8,8,0.173,1,0.125,1,1,0.82,False,scattered,Lake View
our,76,66,0.172,12,0.197,7,2,0.69,False,scattered,South Lawndale
rebuilders,39,38,0.172,8,0.205,5,3,0.67,False,scattered,Austin
fuel,24,23,0.172,4,0.208,2,2,0.86,False,scattered,Lake View
michele,20,18,0.172,5,0.25,4,2,0.98,True,scattered,Lake View
lll,12,12,0.172,2,0.167,1,2,0.96,True,scattered,Lower West Side
heating,139,131,0.171,12,0.101,7,2,0.68,False,scattered,Roseland
housing,104,90,0.171,8,0.087,5,2,0.57,False,scattered,Austin
korean,49,42,0.171,6,0.122,3,3,0.86,False,scattered,Irving Park
juice,48,44,0.171,5,0.104,4,2,0.87,False,scattered,Greater Grand Crossing
nancy,45,40,0.171,4,0.089,2,2,0.85,False,scattered,Chicago Lawn
macy,11,4,0.171,1,0.091,1,1,1.0,True,scattered,Near North Side
corps,33,28,0.17,4,0.182,2,2,0.84,False,scattered,North Center
pallet,14,14,0.17,2,0.143,1,2,0.61,False,scattered,North Lawndale
lines,13,13,0.17,2,0.154,2,1,0.58,False,scattered,O'Hare
ian,9,8,0.17,2,0.222,2,1,0.85,False,scattered,West Town
kenny,8,8,0.17,2,0.25,2,1,0.95,True,scattered,Uptown
movement,54,47,0.169,6,0.111,3,3,0.88,False,scattered,Beverly
is,42,42,0.169,7,0.167,6,2,0.74,False,scattered,Englewood
dios,28,26,0.169,3,0.143,1,3,0.81,False,scattered,Belmont Cragin
pc,305,200,0.168,2,0.007,1,2,0.59,False,scattered,Mount Greenwood
installation,86,85,0.168,11,0.128,5,3,0.74,False,scattered,Belmont Cragin
rachel,42,32,0.168,4,0.119,3,2,0.97,True,scattered,Lincoln Square
gem,27,19,0.168,2,0.148,1,2,1.0,True,scattered,Loop
au,18,18,0.168,0,0.0,0,0,,False,scattered,
aka,15,15,0.168,1,0.067,1,1,0.71,False,scattered,South Chicago
creamery,10,10,0.168,2,0.2,1,2,0.98,True,scattered,Lincoln Square
salud,9,9,0.168,2,0.222,2,1,0.89,False,scattered,Belmont Cragin
lady,68,60,0.167,10,0.191,6,2,0.72,False,scattered,South Lawndale
leaders,26,25,0.167,3,0.115,2,2,0.76,False,scattered,Auburn Gresham
mercado,19,17,0.167,4,0.211,3,2,0.7,False,scattered,Brighton Park
nu,19,19,0.167,2,0.105,1,2,0.57,False,scattered,O'Hare
bethany,15,14,0.167,2,0.2,1,2,0.88,False,scattered,Uptown
tribune,15,7,0.167,2,0.2,1,2,0.79,False,scattered,West Town
bowman,7,7,0.167,2,0.286,2,1,0.93,True,scattered,North Center
qq,7,7,0.167,2,0.286,2,1,0.96,True,scattered,Kenwood
loftus,6,6,0.167,0,0.0,0,0,,False,scattered,
acre,5,5,0.167,1,0.2,1,1,0.64,False,scattered,Lincoln Square
poetry,5,5,0.167,0,0.0,0,0,,False,scattered,
second,67,58,0.166,5,0.09,2,3,0.85,False,scattered,Irving Park
edge,66,60,0.166,7,0.106,4,2,0.89,False,scattered,Garfield Ridge
transport,57,54,0.166,4,0.07,3,2,0.39,False,scattered,South Lawndale
working,13,13,0.166,0,0.0,0,0,,False,scattered,
exohdr,12,12,0.166,2,0.167,1,2,0.95,True,scattered,Lake View
alta,10,10,0.166,2,0.2,1,2,0.77,False,scattered,Lake View
bow,10,10,0.166,2,0.2,1,2,0.97,True,scattered,Lake View
sanders,10,10,0.166,2,0.2,1,2,0.97,True,scattered,Lower West Side
hurley,7,7,0.166,2,0.286,1,2,0.99,True,scattered,Near North Side
nose,7,7,0.166,2,0.286,1,2,0.99,True,scattered,Near North Side
terri,5,5,0.166,1,0.2,1,1,0.95,True,scattered,Near North Side
salvation,39,30,0.165,2,0.179,1,2,0.6,False,scattered,Albany Park
mechanical,34,31,0.165,4,0.147,2,2,0.75,False,scattered,Garfield Ridge
tutoring,34,30,0.165,6,0.176,4,2,0.95,True,scattered,Lake View
patio,22,22,0.165,4,0.182,2,2,0.85,False,scattered,Lincoln Park
balanced,14,14,0.165,3,0.214,1,3,0.99,True,scattered,Near North Side
shoreline,13,12,0.165,2,0.154,1,2,0.7,False,scattered,Uptown
stella,12,12,0.165,2,0.167,1,2,0.88,False,scattered,North Center
desserts,9,9,0.165,2,0.222,1,2,0.96,True,scattered,West Town
nuts,9,9,0.165,2,0.222,2,1,0.86,False,scattered,O'Hare
pinky,9,9,0.165,2,0.222,1,2,0.95,True,scattered,Near West Side
chatme,8,8,0.165,2,0.25,2,1,0.93,True,scattered,Lake View
transportation,119,93,0.164,8,0.067,6,3,0.37,False,scattered,O'Hare
lisa,68,59,0.164,2,0.029,1,2,0.72,False,scattered,Armour Square
bear,34,32,0.164,4,0.118,3,2,0.9,False,scattered,Irving Park
blessed,17,15,0.164,2,0.176,1,2,0.6,False,scattered,McKinley Park
spicy,12,11,0.164,2,0.167,2,1,0.91,True,scattered,Bridgeport
arco,9,8,0.164,2,0.222,2,1,0.88,False,scattered,South Lawndale
pour,9,8,0.164,2,0.222,1,2,0.95,True,scattered,Near North Side
bianca,8,8,0.164,1,0.125,1,1,0.99,True,scattered,Near North Side
taverna,6,6,0.164,0,0.0,0,0,,False,scattered,
km,5,5,0.164,0,0.0,0,0,,False,scattered,
golf,59,55,0.163,8,0.153,4,3,0.83,False,scattered,West Town
justice,43,32,0.163,1,0.023,1,1,0.66,False,scattered,Woodlawn
production,36,35,0.163,3,0.083,2,2,0.73,False,scattered,Near West Side
tour,33,30,0.163,0,0.0,0,0,,False,scattered,
ava,13,13,0.163,2,0.154,2,1,0.83,False,scattered,Morgan Park
sheldon,12,12,0.163,2,0.167,1,2,0.8,False,scattered,Morgan Park
lindo,11,11,0.163,2,0.182,1,2,0.77,False,scattered,South Lawndale
thornton,8,8,0.163,0,0.0,0,0,,False,scattered,
prep,66,59,0.162,8,0.136,5,2,0.65,False,scattered,North Center
susan,56,39,0.162,4,0.089,1,4,1.0,True,scattered,Near North Side
sanchez,29,28,0.162,4,0.138,4,1,0.8,False,scattered,North Lawndale
pine,19,15,0.162,2,0.211,1,2,0.96,True,scattered,Lake View
neo,10,10,0.162,2,0.2,1,2,0.89,False,scattered,Edgewater
council,102,77,0.161,3,0.029,3,1,0.56,False,scattered,East Garfield Park
olive,44,40,0.161,5,0.136,4,2,0.67,False,scattered,Pullman
pita,26,24,0.161,5,0.192,3,2,0.93,True,scattered,West Ridge
autocare,22,22,0.161,5,0.227,5,1,0.76,False,scattered,Beverly
fade,18,17,0.161,4,0.222,3,2,0.87,False,scattered,Portage Park
refrigeration,12,12,0.161,2,0.167,2,1,0.37,False,scattered,South Lawndale
salas,5,5,0.161,0,0.0,0,0,,False,scattered,
violence,5,5,0.161,0,0.0,0,0,,False,scattered,
rainbow,67,65,0.16,13,0.194,5,6,0.64,False,scattered,South Shore
be,47,45,0.16,8,0.17,5,2,0.83,False,scattered,Albany Park
nicholas,43,39,0.16,4,0.116,2,2,0.47,False,scattered,West Town
vincent,23,20,0.16,0,0.0,0,0,,False,scattered,
herman,8,8,0.16,1,0.125,1,1,0.92,True,scattered,Woodlawn
io,8,7,0.16,0,0.0,0,0,,False,scattered,
optimum,6,6,0.16,0,0.0,0,0,,False,scattered,
industrial,43,43,0.159,5,0.116,4,2,0.57,False,scattered,Austin
trucking,37,36,0.159,6,0.162,4,2,0.4,False,scattered,Chicago Lawn
infinity,22,22,0.159,4,0.182,2,2,0.82,False,scattered,Clearing
cupcakes,11,10,0.159,2,0.182,1,2,0.97,True,scattered,Lake View
para,10,10,0.159,2,0.2,2,1,0.66,False,scattered,West Lawn
holmes,9,9,0.159,0,0.0,0,0,,False,scattered,
nurses,9,6,0.159,2,0.222,1,2,0.97,True,scattered,Near West Side
hull,8,8,0.159,2,0.25,2,1,0.92,True,scattered,Uptown
reggio,8,6,0.159,1,0.125,1,1,0.85,False,scattered,O'Hare
communications,117,92,0.158,0,0.0,0,0,,False,scattered,
radio,55,50,0.158,4,0.073,2,2,0.87,False,scattered,West Town
signature,41,35,0.158,2,0.098,1,2,0.44,False,scattered,Garfield Ridge
harvest,35,33,0.158,8,0.229,6,2,0.76,False,scattered,Austin
chabad,15,15,0.158,4,0.267,2,2,0.97,True,scattered,Lincoln Park
life,422,326,0.157,7,0.017,5,2,0.55,False,scattered,Austin
destiny,19,19,0.157,4,0.211,3,2,0.62,False,scattered,South Shore
elegance,11,11,0.157,2,0.182,1,2,0.9,True,scattered,Edgewater
canopy,8,8,0.157,0,0.0,0,0,,False,scattered,
sparrow,8,8,0.157,2,0.25,2,1,0.95,True,scattered,West Town
anesthesiology,6,6,0.157,1,0.167,1,1,1.0,True,scattered,Near North Side
bio,6,6,0.157,1,0.167,1,1,0.9,True,scattered,Near West Side
healthcare,199,155,0.156,4,0.02,3,2,0.89,False,scattered,West Ridge
joseph,162,115,0.156,5,0.043,4,2,0.69,False,scattered,Lincoln Park
unique,44,44,0.156,10,0.227,7,2,0.78,False,scattered,Morgan Park
victoria,44,41,0.156,5,0.114,3,2,0.87,False,scattered,Chicago Lawn
phil,17,15,0.156,2,0.176,2,1,0.93,True,scattered,Bridgeport
mexicana,16,16,0.156,3,0.188,2,2,0.95,True,scattered,Uptown
rocket,16,15,0.156,3,0.188,2,2,0.98,True,scattered,Lake View
dark,15,15,0.156,2,0.133,1,2,0.81,False,scattered,West Town
banh,14,12,0.156,0,0.0,0,0,,False,scattered,
collections,13,13,0.156,0,0.0,0,0,,False,scattered,
non,12,10,0.156,2,0.167,1,2,0.69,False,scattered,Englewood
dignity,6,6,0.156,1,0.167,1,1,0.96,True,scattered,Lincoln Park
maurice,6,6,0.156,1,0.167,1,1,0.63,False,scattered,Portage Park
high,279,231,0.155,15,0.065,9,3,0.52,False,scattered,Mount Greenwood
builders,71,71,0.155,8,0.113,4,2,0.71,False,scattered,Austin
limousine,61,58,0.155,6,0.098,3,3,0.81,False,scattered,O'Hare
ignition,54,44,0.155,7,0.167,4,3,0.9,False,scattered,South Lawndale
interlock,54,44,0.155,7,0.167,4,3,0.9,False,scattered,South Lawndale
maxwell,38,31,0.155,2,0.079,1,2,0.82,False,scattered,Near West Side
tattoos,33,32,0.155,5,0.152,3,2,0.83,False,scattered,Brighton Park
renee,22,21,0.155,2,0.091,1,2,0.94,True,scattered,Lincoln Square
mma,15,15,0.155,3,0.2,2,2,0.73,False,scattered,Near West Side
tierra,15,15,0.155,2,0.133,2,1,0.86,False,scattered,Irving Park
ella,14,14,0.155,3,0.214,1,3,0.97,True,scattered,Lincoln Park
boutique,369,284,0.154,5,0.019,4,2,0.86,False,scattered,Grand Boulevard
roofing,130,120,0.154,13,0.1,6,3,0.67,False,scattered,Irving Park
start,49,49,0.154,6,0.122,4,2,0.74,False,scattered,Austin
bird,33,32,0.154,4,0.121,3,2,0.75,False,scattered,Near South Side
neurology,21,19,0.154,1,0.048,1,1,1.0,True,scattered,Near North Side
rx,21,21,0.154,2,0.095,1,2,0.94,True,scattered,Bridgeport
machinery,10,9,0.154,2,0.2,2,1,0.72,False,scattered,Armour Square
nino,10,10,0.154,1,0.1,1,1,0.6,False,scattered,South Lawndale
irish,36,32,0.153,4,0.111,3,2,0.89,False,scattered,Edison Park
escape,24,24,0.153,1,0.042,1,1,0.52,False,scattered,Portage Park
footwear,17,17,0.153,2,0.118,1,2,0.83,False,scattered,West Lawn
palm,17,17,0.153,4,0.235,1,4,0.99,True,scattered,Lake View
pepper,16,16,0.153,2,0.125,1,2,0.96,True,scattered,Lake View
edgar,12,12,0.153,2,0.167,1,2,0.87,False,scattered,Garfield Ridge
inspiration,10,9,0.153,2,0.2,1,2,0.96,True,scattered,Uptown
mrbeast,9,9,0.153,2,0.222,2,1,0.83,False,scattered,East Garfield Park
boards,6,6,0.153,0,0.0,0,0,,False,scattered,
click,6,6,0.153,0,0.0,0,0,,False,scattered,
omakase,6,6,0.153,0,0.0,0,0,,False,scattered,
house,891,642,0.152,4,0.006,2,3,0.53,False,scattered,West Pullman
northwest,76,63,0.152,10,0.145,6,2,0.81,False,scattered,Edison Park
banana,15,14,0.152,2,0.133,1,2,0.65,False,scattered,Lower West Side
employee,12,11,0.152,0,0.0,0,0,,False,scattered,
orchid,8,7,0.152,2,0.25,2,1,0.95,True,scattered,Lake View
synagogue,6,6,0.152,0,0.0,0,0,,False,scattered,
hut,52,50,0.151,8,0.154,4,2,0.67,False,scattered,O'Hare
collins,26,25,0.151,4,0.192,3,2,0.66,False,scattered,North Lawndale
caring,12,12,0.151,2,0.167,1,2,0.85,False,scattered,Greater Grand Crossing
gigi,12,12,0.151,2,0.167,2,1,0.94,True,scattered,Norwood Park
chuan,10,10,0.151,1,0.1,1,1,0.76,False,scattered,Armour Square
callahan,7,6,0.151,0,0.0,0,0,,False,scattered,
intentions,6,6,0.151,0,0.0,0,0,,False,scattered,
naughty,6,6,0.151,1,0.167,1,1,0.99,True,scattered,Loop
carlos,27,27,0.15,3,0.111,1,3,0.65,False,scattered,Avondale
styling,14,14,0.15,2,0.143,1,2,0.79,False,scattered,Greater Grand Crossing
petsmart,11,10,0.15,2,0.182,2,1,0.69,False,scattered,Belmont Cragin
brooke,10,10,0.15,2,0.2,1,2,0.86,False,scattered,Near West Side
workshop,38,38,0.149,0,0.0,0,0,,False,scattered,
clara,13,13,0.149,2,0.154,2,1,0.7,False,scattered,West Englewood
ge,12,10,0.149,1,0.083,1,1,0.96,True,scattered,Near West Side
strike,7,7,0.149,1,0.143,1,1,0.57,False,scattered,Lake View
gifts,48,46,0.148,8,0.167,5,3,0.67,False,scattered,West Ridge
defense,38,29,0.148,0,0.0,0,0,,False,scattered,
academic,19,18,0.148,4,0.211,2,2,0.98,True,scattered,Near West Side
marias,10,10,0.148,2,0.2,2,1,0.8,False,scattered,South Lawndale
radiology,14,12,0.147,0,0.0,0,0,,False,scattered,
muller,7,7,0.147,2,0.286,1,2,0.98,True,scattered,Near North Side
king,227,196,0.146,13,0.07,7,4,0.66,False,scattered,Douglas
glass,157,139,0.146,11,0.07,6,3,0.68,False,scattered,Belmont Cragin
pawn,31,29,0.146,4,0.129,2,2,0.87,False,scattered,Garfield Ridge
laurel,8,7,0.146,1,0.125,1,1,0.99,True,scattered,Near North Side
jacobs,18,16,0.145,2,0.167,1,2,0.95,True,scattered,Uptown
junction,12,12,0.145,2,0.167,2,1,0.66,False,scattered,Englewood
weinberg,11,11,0.145,2,0.182,1,2,0.98,True,scattered,Lincoln Park
miller,91,76,0.144,1,0.011,1,1,0.72,False,scattered,Near West Side
unisex,54,53,0.144,7,0.13,5,2,0.74,False,scattered,Brighton Park
jamaican,15,15,0.144,2,0.133,1,2,0.62,False,scattered,Auburn Gresham
iv,14,14,0.144,2,0.143,2,1,0.83,False,scattered,Jefferson Park
spectrum,10,10,0.144,0,0.0,0,0,,False,scattered,
achievement,6,6,0.144,1,0.167,1,1,0.99,True,scattered,Near West Side
construction,405,348,0.143,14,0.035,5,4,0.49,False,scattered,Norwood Park
location,176,173,0.143,7,0.04,4,3,0.67,False,scattered,Auburn Gresham
centers,170,137,0.143,4,0.053,2,3,0.91,True,scattered,West Lawn
safety,49,48,0.143,5,0.102,2,3,0.82,False,scattered,Douglas
heaven,32,32,0.143,4,0.125,3,2,0.65,False,scattered,Auburn Gresham
crane,15,15,0.143,2,0.133,1,2,0.7,False,scattered,Near West Side
classical,12,12,0.143,2,0.167,2,1,0.6,False,scattered,Grand Boulevard
palette,8,8,0.143,2,0.25,1,2,0.98,True,scattered,Near North Side
jennifer,89,68,0.142,0,0.0,0,0,,False,scattered,
process,77,76,0.142,7,0.091,3,3,0.74,False,scattered,Belmont Cragin
anne,69,61,0.142,0,0.0,0,0,,False,scattered,
garcia,62,59,0.142,6,0.097,3,2,0.8,False,scattered,Belmont Cragin
brook,12,12,0.142,1,0.083,1,1,0.97,True,scattered,Near North Side
steam,8,8,0.142,2,0.25,2,1,0.66,False,scattered,McKinley Park
fan,6,6,0.142,0,0.0,0,0,,False,scattered,
destination,5,5,0.142,0,0.0,0,0,,False,scattered,
madeline,5,5,0.142,0,0.0,0,0,,False,scattered,
clear,32,30,0.141,3,0.094,1,3,0.75,False,scattered,Clearing
bay,10,10,0.141,2,0.2,1,2,0.99,True,scattered,Near West Side
rocky,10,10,0.141,2,0.2,2,1,0.51,False,scattered,South Chicago
dutch,8,8,0.141,1,0.125,1,1,0.71,False,scattered,O'Hare
door,167,152,0.14,8,0.054,4,3,0.67,False,scattered,Bridgeport
industries,68,68,0.14,7,0.103,4,2,0.72,False,scattered,Hermosa
gourmet,52,43,0.14,5,0.115,3,2,0.77,False,scattered,Woodlawn
jon,15,15,0.14,2,0.133,1,2,0.98,True,scattered,Hyde Park
rosati,13,13,0.14,2,0.154,1,2,0.85,False,scattered,Garfield Ridge
license,12,12,0.14,2,0.167,2,1,0.88,False,scattered,O'Hare
palace,57,56,0.139,7,0.123,4,2,0.85,False,scattered,Austin
cpa,42,38,0.139,3,0.071,3,1,0.87,False,scattered,West Ridge
azteca,30,28,0.139,4,0.167,2,2,0.88,False,scattered,South Lawndale
therapeutic,26,26,0.139,1,0.038,1,1,0.97,True,scattered,Lincoln Square
christmas,14,12,0.139,2,0.143,1,2,0.96,True,scattered,Lake View
butterfly,13,13,0.139,1,0.077,1,1,0.93,True,scattered,West Town
merchant,13,13,0.139,2,0.154,1,2,0.79,False,scattered,Irving Park
religious,13,11,0.139,2,0.231,1,2,0.97,True,scattered,Hyde Park
passion,11,11,0.139,2,0.182,2,1,0.75,False,scattered,South Shore
bldg,9,8,0.139,2,0.222,1,2,0.96,True,scattered,Near North Side
luna,43,42,0.138,6,0.14,3,2,0.76,False,scattered,Portage Park
immigration,41,35,0.138,0,0.0,0,0,,False,scattered,
jewels,18,17,0.138,2,0.167,1,2,0.96,True,scattered,West Ridge
egg,17,17,0.138,0,0.0,0,0,,False,scattered,
vernon,17,13,0.138,2,0.118,2,1,0.83,False,scattered,Ashburn
cafeteria,15,15,0.138,2,0.133,1,2,0.98,True,scattered,Near West Side
legion,13,13,0.138,2,0.154,1,2,0.33,False,scattered,Lincoln Square
grow,10,10,0.138,2,0.2,2,1,0.79,False,scattered,Avondale
disabilities,6,6,0.138,0,0.0,0,0,,False,scattered,
getaway,6,6,0.138,0,0.0,0,0,,False,scattered,
game,69,66,0.137,2,0.029,1,2,0.74,False,scattered,Grand Boulevard
nursing,53,47,0.137,3,0.075,2,2,0.84,False,scattered,Rogers Park
cabinets,28,28,0.137,2,0.071,1,2,0.76,False,scattered,Irving Park
outdoor,24,24,0.137,2,0.083,1,2,0.48,False,scattered,Oakland
drip,10,10,0.137,2,0.2,2,1,0.82,False,scattered,Austin
slots,10,10,0.137,2,0.2,1,2,0.96,True,scattered,Lower West Side
bookstore,42,41,0.136,3,0.071,2,2,0.92,True,scattered,Avondale
amc,16,16,0.136,2,0.125,1,2,0.8,False,scattered,West Lawn
mehta,16,15,0.136,0,0.0,0,0,,False,scattered,
refuge,13,13,0.136,2,0.154,1,2,0.67,False,scattered,Austin
flooring,76,67,0.135,8,0.118,4,3,0.79,False,scattered,Irving Park
cut,49,47,0.135,5,0.102,3,2,0.67,False,scattered,Portage Park
rebecca,31,28,0.135,0,0.0,0,0,,False,scattered,
sea,19,17,0.135,2,0.158,2,1,0.61,False,scattered,West Lawn
brass,12,12,0.135,2,0.167,1,2,0.95,True,scattered,West Town
rick,12,12,0.135,2,0.167,1,2,0.96,True,scattered,Near North Side
medina,9,9,0.135,2,0.222,2,1,0.88,False,scattered,Uptown
fresco,8,8,0.135,0,0.0,0,0,,False,scattered,
wsjxpz,7,7,0.135,0,0.0,0,0,,False,scattered,
shay,6,6,0.135,0,0.0,0,0,,False,scattered,
mattress,110,99,0.134,9,0.1,5,2,0.76,False,scattered,Archer Heights
collision,73,66,0.134,6,0.096,5,2,0.64,False,scattered,Ashburn
kim,68,57,0.134,2,0.044,2,1,0.93,True,scattered,Uptown
joy,59,59,0.134,3,0.051,3,1,0.47,False,scattered,Morgan Park
snap,18,18,0.134,2,0.111,1,2,0.7,False,scattered,Near West Side
sos,10,10,0.134,1,0.1,1,1,0.99,True,scattered,Near West Side
ruben,8,8,0.134,1,0.125,1,1,0.67,False,scattered,Lower West Side
home,864,631,0.133,2,0.003,2,1,0.6,False,scattered,Jefferson Park
touch,90,87,0.133,9,0.1,4,3,0.84,False,scattered,Austin
paradise,49,47,0.133,7,0.143,4,2,0.58,False,scattered,North Lawndale
torres,29,29,0.133,2,0.069,1,2,0.98,True,scattered,Lincoln Square
historical,23,22,0.133,2,0.087,1,2,0.6,False,scattered,Roseland
brokerage,19,17,0.133,0,0.0,0,0,,False,scattered,
before,14,14,0.133,2,0.143,1,2,0.75,False,scattered,Roseland
sue,14,12,0.133,1,0.071,1,1,1.0,True,scattered,Lake View
knowledge,13,13,0.133,0,0.0,0,0,,False,scattered,
crash,12,11,0.133,2,0.167,1,2,0.97,True,scattered,Near South Side
balloon,10,9,0.133,2,0.2,2,1,0.81,False,scattered,South Lawndale
csi,6,6,0.133,0,0.0,0,0,,False,scattered,
credit,123,106,0.132,6,0.049,4,2,0.6,False,scattered,Englewood
urology,16,14,0.132,2,0.125,1,2,0.85,False,scattered,Near West Side
cristo,15,15,0.132,2,0.133,1,2,0.67,False,scattered,Belmont Cragin
frontier,12,12,0.132,2,0.167,2,1,0.81,False,scattered,O'Hare
anglican,9,8,0.132,0,0.0,0,0,,False,scattered,
vs,7,7,0.132,0,0.0,0,0,,False,scattered,
mini,76,74,0.131,5,0.066,4,2,0.79,False,scattered,Albany Park
well,49,45,0.131,1,0.02,1,1,0.95,True,scattered,Near West Side
karaoke,20,17,0.131,2,0.1,1,2,0.75,False,scattered,Armour Square
grossman,6,6,0.131,0,0.0,0,0,,False,scattered,
nutrition,121,107,0.13,2,0.017,1,2,0.74,False,scattered,Ashburn
jose,47,45,0.13,4,0.085,2,2,0.87,False,scattered,Irving Park
orthopedics,17,17,0.13,2,0.118,1,2,0.91,True,scattered,Uptown
cics,15,14,0.13,2,0.133,1,2,0.48,False,scattered,Riverdale
dame,13,9,0.13,2,0.154,1,2,0.66,False,scattered,Belmont Cragin
resolution,9,7,0.13,0,0.0,0,0,,False,scattered,
ultrasound,8,8,0.13,1,0.125,1,1,0.94,True,scattered,Lake View
mendez,6,6,0.13,0,0.0,0,0,,False,scattered,
athletic,58,52,0.129,3,0.052,2,2,0.71,False,scattered,North Center
weight,45,44,0.129,1,0.022,1,1,0.81,False,scattered,Beverly
carwash,17,17,0.129,2,0.118,1,2,0.52,False,scattered,Auburn Gresham
final,15,15,0.129,2,0.133,1,2,0.43,False,scattered,Near South Side
same,7,7,0.129,0,0.0,0,0,,False,scattered,
donahue,6,6,0.129,0,0.0,0,0,,False,scattered,
harley,6,6,0.129,0,0.0,0,0,,False,scattered,
june,6,6,0.129,0,0.0,0,0,,False,scattered,
american,637,400,0.128,10,0.02,6,2,0.38,False,scattered,O'Hare
fast,55,53,0.128,4,0.073,2,2,0.74,False,scattered,Irving Park
minute,29,29,0.128,4,0.138,3,2,0.73,False,scattered,Montclare
friendly,26,25,0.128,4,0.154,4,1,0.69,False,scattered,Edison Park
renovation,17,17,0.128,2,0.118,1,2,0.75,False,scattered,Rogers Park
running,15,15,0.128,2,0.133,1,2,0.93,True,scattered,Lake View
sunnyside,12,11,0.128,0,0.0,0,0,,False,scattered,
ritual,8,8,0.128,1,0.125,1,1,0.98,True,scattered,West Town
beads,5,5,0.128,0,0.0,0,0,,False,scattered,
general,162,122,0.127,1,0.006,1,1,0.88,False,scattered,Jefferson Park
complete,63,60,0.127,4,0.063,3,2,0.78,False,scattered,Dunning
marshall,42,36,0.127,4,0.095,2,2,0.8,False,scattered,Near North Side
ph,36,31,0.127,0,0.0,0,0,,False,scattered,
marketplace,17,16,0.127,3,0.176,1,3,0.87,False,scattered,Near West Side
barrett,12,12,0.127,2,0.167,1,2,0.94,True,scattered,Lincoln Square
hansa,11,11,0.127,2,0.182,1,2,0.98,True,scattered,Lincoln Square
woodrow,11,11,0.127,0,0.0,0,0,,False,scattered,
davis,79,70,0.126,7,0.114,3,3,0.83,False,scattered,Beverly
cancer,64,47,0.126,0,0.0,0,0,,False,scattered,
cutting,14,14,0.126,2,0.143,1,2,0.93,True,scattered,North Center
rao,11,10,0.126,0,0.0,0,0,,False,scattered,
access,257,236,0.125,1,0.004,1,1,0.67,False,scattered,Jefferson Park
liquor,175,161,0.125,2,0.011,2,1,0.72,False,scattered,Austin
med,85,76,0.125,2,0.024,1,2,0.85,False,scattered,Mount Greenwood
anderson,71,66,0.125,4,0.056,3,2,0.66,False,scattered,Douglas
ali,36,33,0.125,5,0.139,3,3,0.89,False,scattered,West Ridge
disability,19,19,0.125,0,0.0,0,0,,False,scattered,
mm,17,17,0.125,3,0.176,2,2,0.97,True,scattered,Lincoln Park
edwards,15,14,0.125,2,0.133,1,2,0.82,False,scattered,Roseland
therapies,14,14,0.125,2,0.143,1,2,0.88,False,scattered,Edgewater
aerial,12,12,0.125,2,0.167,1,2,0.95,True,scattered,Lincoln Park
marriage,8,7,0.125,0,0.0,0,0,,False,scattered,
unlimited,57,53,0.124,4,0.07,2,2,0.52,False,scattered,Austin
bernard,25,23,0.124,2,0.12,1,2,0.74,False,scattered,Englewood
craft,23,22,0.124,3,0.13,1,3,0.97,True,scattered,West Town
programs,17,16,0.124,2,0.118,1,2,0.66,False,scattered,Washington Park
wonder,14,14,0.124,2,0.143,1,2,0.77,False,scattered,South Shore
aisha,8,8,0.124,1,0.125,1,1,0.56,False,scattered,Beverly
vibra,8,8,0.124,0,0.0,0,0,,False,scattered,
plaza,167,127,0.123,3,0.018,2,2,0.68,False,scattered,Morgan Park
oral,38,31,0.123,3,0.079,1,3,0.81,False,scattered,North Park
ab,11,11,0.123,2,0.182,1,2,0.98,True,scattered,Near North Side
aurora,9,9,0.123,1,0.111,1,1,0.88,False,scattered,Near West Side
caspian,7,6,0.123,0,0.0,0,0,,False,scattered,
state,380,274,0.122,2,0.011,1,2,0.55,False,scattered,Roseland
locker,232,210,0.122,6,0.026,3,4,0.76,False,scattered,Belmont Cragin
rental,144,117,0.122,6,0.076,3,2,0.38,False,scattered,Garfield Ridge
fisher,22,19,0.122,0,0.0,0,0,,False,scattered,
crawford,21,20,0.122,3,0.143,3,1,0.44,False,scattered,South Lawndale
band,18,18,0.122,2,0.111,1,2,0.66,False,scattered,Grand Boulevard
cg,17,16,0.122,2,0.118,1,2,0.88,False,scattered,Edgewater
tu,15,15,0.122,2,0.133,1,2,0.64,False,scattered,South Lawndale
proper,13,11,0.122,2,0.154,1,2,0.92,True,scattered,Irving Park
contractors,65,62,0.121,7,0.123,4,2,0.71,False,scattered,Dunning
walmart,29,13,0.121,2,0.138,1,2,0.68,False,scattered,Chatham
billy,27,25,0.121,2,0.074,1,2,0.26,False,scattered,Forest Glen
eats,22,21,0.121,4,0.182,2,2,0.9,False,scattered,Near West Side
antiques,20,20,0.121,2,0.1,1,2,0.96,True,scattered,Lincoln Square
absolute,17,16,0.121,0,0.0,0,0,,False,scattered,
providence,16,15,0.121,3,0.188,3,1,0.66,False,scattered,East Garfield Park
diane,15,15,0.121,0,0.0,0,0,,False,scattered,
shiloh,13,11,0.121,2,0.154,2,1,0.56,False,scattered,Grand Boulevard
fraternity,7,7,0.121,0,0.0,0,0,,False,scattered,
china,96,89,0.12,6,0.062,4,2,0.74,False,scattered,O'Hare
nfp,74,69,0.12,7,0.095,3,3,0.68,False,scattered,Roseland
imports,57,49,0.12,5,0.105,2,3,0.73,False,scattered,Lower West Side
premium,36,36,0.12,4,0.111,2,2,0.75,False,scattered,Woodlawn
diner,34,33,0.12,2,0.059,1,2,0.89,False,scattered,Near West Side
seo,34,31,0.12,0,0.0,0,0,,False,scattered,
certification,16,16,0.12,2,0.125,1,2,0.97,True,scattered,Uptown
preserve,15,15,0.12,2,0.133,1,2,0.39,False,scattered,North Park
promise,9,9,0.12,1,0.111,1,1,0.26,False,scattered,Washington Heights
yards,7,7,0.12,0,0.0,0,0,,False,scattered,
preston,6,6,0.12,0,0.0,0,0,,False,scattered,
nosh,5,4,0.12,0,0.0,0,0,,False,scattered,
dance,214,181,0.119,1,0.009,1,1,0.88,False,scattered,Albany Park
sc,127,91,0.119,2,0.016,2,1,0.56,False,scattered,Roseland
hill,66,59,0.119,6,0.091,3,2,0.63,False,scattered,Brighton Park
junk,62,60,0.119,8,0.129,3,4,0.83,False,scattered,Austin
laura,57,51,0.119,0,0.0,0,0,,False,scattered,
mc,39,38,0.119,4,0.103,2,2,0.77,False,scattered,West Pullman
swim,23,23,0.119,2,0.087,1,2,0.9,False,scattered,Lincoln Park
immanuel,11,11,0.119,2,0.182,1,2,0.79,False,scattered,Near West Side
watchers,9,9,0.119,1,0.111,1,1,0.99,True,scattered,Near North Side
alarms,7,7,0.119,0,0.0,0,0,,False,scattered,
lighthouse,24,19,0.118,1,0.042,1,1,0.74,False,scattered,Grand Boulevard
twisted,17,17,0.118,2,0.118,2,1,0.65,False,scattered,Greater Grand Crossing
blood,14,14,0.118,2,0.143,1,2,0.73,False,scattered,Near West Side
private,72,59,0.117,0,0.0,0,0,,False,scattered,
heritage,53,51,0.117,4,0.094,2,2,0.76,False,scattered,Austin
closed,25,24,0.117,0,0.0,0,0,,False,scattered,
alexis,19,19,0.117,2,0.105,1,2,0.94,True,scattered,Lincoln Park
prism,17,14,0.117,2,0.118,2,1,0.63,False,scattered,Garfield Ridge
jamaica,12,12,0.117,0,0.0,0,0,,False,scattered,
fur,6,6,0.117,0,0.0,0,0,,False,scattered,
arise,5,5,0.117,0,0.0,0,0,,False,scattered,
eritrean,5,4,0.117,0,0.0,0,0,,False,scattered,
art,391,277,0.116,0,0.0,0,0,,False,scattered,
express,372,307,0.116,3,0.008,3,1,0.39,False,scattered,O'Hare
electric,137,132,0.116,5,0.036,3,3,0.77,False,scattered,Norwood Park
advisor,99,56,0.116,0,0.0,0,0,,False,scattered,
dialysis,42,38,0.116,4,0.119,2,2,0.82,False,scattered,Englewood
repairs,23,22,0.116,1,0.043,1,1,0.77,False,scattered,Chicago Lawn
pan,22,22,0.116,4,0.182,2,2,0.95,True,scattered,West Ridge
curr,18,18,0.116,2,0.111,2,1,0.88,False,scattered,Austin
aligned,14,14,0.116,0,0.0,0,0,,False,scattered,
mena,14,13,0.116,2,0.143,1,2,0.81,False,scattered,South Lawndale
chakra,8,7,0.116,0,0.0,0,0,,False,scattered,
kaufman,5,5,0.116,0,0.0,0,0,,False,scattered,
mobile,401,331,0.115,0,0.0,0,0,,False,scattered,
en,50,44,0.115,4,0.1,2,2,0.86,False,scattered,Brighton Park
hannah,14,14,0.115,0,0.0,0,0,,False,scattered,
alchemy,12,12,0.115,2,0.167,1,2,0.97,True,scattered,West Town
stevens,12,12,0.115,2,0.167,1,2,0.99,True,scattered,Near West Side
motto,11,9,0.115,2,0.182,1,2,0.98,True,scattered,Near West Side
ryder,6,4,0.115,0,0.0,0,0,,False,scattered,
pure,70,64,0.114,0,0.0,0,0,,False,scattered,
companies,39,34,0.114,1,0.026,1,1,0.64,False,scattered,Austin
technical,24,23,0.114,2,0.083,2,1,0.52,False,scattered,West Englewood
gould,8,7,0.114,0,0.0,0,0,,False,scattered,
toni,8,7,0.114,0,0.0,0,0,,False,scattered,
puri,5,5,0.114,0,0.0,0,0,,False,scattered,
sarah,82,69,0.113,0,0.0,0,0,,False,scattered,
worldwide,40,35,0.113,0,0.0,0,0,,False,scattered,
bagels,27,27,0.113,0,0.0,0,0,,False,scattered,
hampton,19,18,0.113,0,0.0,0,0,,False,scattered,
delights,12,12,0.113,2,0.167,1,2,0.96,True,scattered,Near West Side
pathways,12,12,0.113,2,0.167,2,1,0.62,False,scattered,Brighton Park
hoagy,7,7,0.113,0,0.0,0,0,,False,scattered,
egan,6,6,0.113,0,0.0,0,0,,False,scattered,
empowered,6,6,0.113,0,0.0,0,0,,False,scattered,
cleaners,235,204,0.112,0,0.0,0,0,,False,scattered,
laundry,106,100,0.112,5,0.047,3,2,0.65,False,scattered,Ashburn
ward,87,80,0.112,4,0.057,2,2,0.78,False,scattered,West Englewood
materials,25,24,0.112,1,0.04,1,1,0.82,False,scattered,West Town
eternal,9,9,0.112,1,0.111,1,1,0.87,False,scattered,North Park
uni,9,9,0.112,1,0.111,1,1,0.99,True,scattered,West Town
decks,5,5,0.112,0,0.0,0,0,,False,scattered,
original,71,66,0.111,4,0.056,2,2,0.66,False,scattered,Austin
metra,57,57,0.111,4,0.07,3,2,0.39,False,scattered,Washington Heights
made,30,29,0.111,2,0.067,2,1,0.91,True,scattered,West Town
simon,30,29,0.111,0,0.0,0,0,,False,scattered,
lloyd,25,21,0.111,0,0.0,0,0,,False,scattered,
growth,24,24,0.111,0,0.0,0,0,,False,scattered,
galileo,13,12,0.111,2,0.154,1,2,0.57,False,scattered,Near West Side
united,380,297,0.11,8,0.029,4,3,0.7,False,scattered,O'Hare
all,256,236,0.11,6,0.031,3,3,0.26,False,scattered,Forest Glen
tea,109,94,0.11,1,0.009,1,1,0.91,True,scattered,West Lawn
ink,68,63,0.11,5,0.074,3,2,0.88,False,scattered,Garfield Ridge
pediatric,58,47,0.11,4,0.069,2,2,0.89,False,scattered,North Center
dmd,47,41,0.11,0,0.0,0,0,,False,scattered,
orthodox,46,38,0.11,3,0.065,2,2,0.87,False,scattered,Irving Park
buy,35,35,0.11,2,0.057,1,2,0.85,False,scattered,Albany Park
berry,18,18,0.11,2,0.111,1,2,0.98,True,scattered,Near West Side
initiatives,17,15,0.11,0,0.0,0,0,,False,scattered,
emmanuel,16,16,0.11,2,0.125,1,2,0.68,False,scattered,Roseland
auntie,14,14,0.11,2,0.143,1,2,0.84,False,scattered,Near West Side
equinox,9,9,0.11,1,0.111,1,1,0.99,True,scattered,Near West Side
gretchen,9,9,0.11,0,0.0,0,0,,False,scattered,
dds,382,207,0.109,1,0.003,1,1,0.77,False,scattered,Portage Park
green,228,199,0.109,4,0.018,2,3,0.53,False,scattered,Auburn Gresham
smoke,84,77,0.109,4,0.048,2,2,0.8,False,scattered,Garfield Ridge
peace,53,51,0.109,4,0.094,2,2,0.75,False,scattered,Austin
sharks,40,39,0.109,5,0.125,3,2,0.73,False,scattered,Portage Park
sunshine,31,30,0.109,4,0.129,2,2,0.68,False,scattered,North Lawndale
supermarket,30,29,0.108,2,0.067,2,1,0.82,False,scattered,Greater Grand Crossing
sterling,28,24,0.108,0,0.0,0,0,,False,scattered,
arthur,24,22,0.108,1,0.042,1,1,0.65,False,scattered,West Ridge
productions,146,122,0.107,1,0.007,1,1,0.81,False,scattered,North Lawndale
funeral,136,106,0.107,7,0.051,7,1,0.7,False,scattered,Clearing
jewel,125,60,0.107,5,0.056,4,2,0.64,False,scattered,Morgan Park
adam,54,49,0.107,0,0.0,0,0,,False,scattered,
army,47,36,0.107,2,0.149,1,2,0.6,False,scattered,Albany Park
potbelly,46,44,0.107,1,0.022,1,1,0.68,False,scattered,West Lawn
sammy,13,13,0.107,2,0.154,1,2,0.94,True,scattered,Near South Side
snacks,13,13,0.107,2,0.154,1,2,0.97,True,scattered,West Ridge
dei,12,12,0.107,2,0.167,1,2,0.92,True,scattered,Uptown
experts,138,135,0.106,1,0.007,1,1,0.6,False,scattered,Belmont Cragin
victory,65,61,0.106,6,0.092,3,2,0.71,False,scattered,North Center
preferred,31,29,0.106,2,0.065,1,2,0.57,False,scattered,Lower West Side
muffler,28,28,0.106,2,0.071,1,2,0.82,False,scattered,West Garfield Park
ballet,25,25,0.106,2,0.08,1,2,0.95,True,scattered,Portage Park
move,20,20,0.106,2,0.1,2,1,0.87,False,scattered,Grand Boulevard
dean,18,17,0.106,2,0.111,1,2,0.87,False,scattered,Garfield Ridge
ancient,15,14,0.106,2,0.133,1,2,0.9,False,scattered,Hyde Park
blinds,13,12,0.106,0,0.0,0,0,,False,scattered,
smith,125,97,0.105,3,0.024,2,2,0.62,False,scattered,Englewood
gas,96,91,0.105,6,0.073,3,2,0.66,False,scattered,Austin
gospel,58,55,0.105,6,0.103,4,2,0.59,False,scattered,Washington Heights
courts,28,28,0.105,4,0.143,2,2,0.82,False,scattered,Rogers Park
fil,21,21,0.105,2,0.095,1,2,0.67,False,scattered,Portage Park
zipcar,16,15,0.105,0,0.0,0,0,,False,scattered,
kathy,15,15,0.105,2,0.133,1,2,0.72,False,scattered,Edgewater
pack,9,9,0.105,1,0.111,1,1,0.32,False,scattered,Bridgeport
season,7,7,0.105,0,0.0,0,0,,False,scattered,
sheep,6,6,0.105,0,0.0,0,0,,False,scattered,
helen,29,28,0.104,4,0.138,2,2,0.69,False,scattered,West Town
amanda,27,24,0.104,0,0.0,0,0,,False,scattered,
communication,22,21,0.104,2,0.091,1,2,0.85,False,scattered,Albany Park
aging,21,21,0.104,2,0.095,1,2,0.94,True,scattered,Near South Side
hero,17,17,0.104,2,0.118,1,2,0.92,True,scattered,South Lawndale
mosaic,14,13,0.104,2,0.143,2,1,0.87,False,scattered,Rogers Park
gates,13,13,0.104,2,0.154,2,1,0.7,False,scattered,Washington Heights
electrolysis,12,12,0.104,2,0.167,1,2,0.92,True,scattered,Lake View
noghreyan,12,12,0.104,2,0.167,1,2,0.96,True,scattered,Lower West Side
neck,11,10,0.104,2,0.182,1,2,0.97,True,scattered,Near West Side
wellness,513,340,0.103,0,0.0,0,0,,False,scattered,
national,292,190,0.103,0,0.0,0,0,,False,scattered,
professional,126,100,0.103,1,0.008,1,1,0.77,False,scattered,Portage Park
factory,118,109,0.103,2,0.017,2,1,0.28,False,scattered,South Deering
chi,97,88,0.103,0,0.0,0,0,,False,scattered,
tennis,33,33,0.103,0,0.0,0,0,,False,scattered,
industrious,8,8,0.103,0,0.0,0,0,,False,scattered,
outlet,65,63,0.102,5,0.092,2,3,0.9,False,scattered,Brighton Park
loans,55,51,0.102,3,0.055,3,1,0.88,False,scattered,West Town
coldwell,52,14,0.102,2,0.038,2,1,0.89,False,scattered,Kenwood
shops,52,45,0.102,3,0.058,2,2,0.78,False,scattered,Chatham
voice,35,32,0.102,2,0.057,2,1,0.65,False,scattered,North Center
alumni,27,25,0.102,1,0.037,1,1,0.62,False,scattered,Calumet Heights
accessories,25,25,0.102,2,0.08,2,1,0.76,False,scattered,Chicago Lawn
friend,21,21,0.102,2,0.095,1,2,0.72,False,scattered,Woodlawn
pups,12,12,0.102,2,0.167,1,2,0.96,True,scattered,Uptown
me,137,130,0.101,0,0.0,0,0,,False,scattered,
face,29,27,0.101,0,0.0,0,0,,False,scattered,
momentum,16,16,0.101,0,0.0,0,0,,False,scattered,
his,11,10,0.101,2,0.182,2,1,0.77,False,scattered,Belmont Cragin
orchard,11,11,0.101,2,0.182,1,2,0.9,False,scattered,Lincoln Park
news,61,54,0.1,2,0.033,1,2,0.77,False,scattered,Rogers Park
tires,49,49,0.1,3,0.061,2,2,0.8,False,scattered,Belmont Cragin
nest,18,18,0.1,2,0.111,1,2,0.57,False,scattered,North Park
here,17,15,0.1,0,0.0,0,0,,False,scattered,
fertility,16,16,0.1,0,0.0,0,0,,False,scattered,
jo,12,12,0.1,0,0.0,0,0,,False,scattered,
style,87,85,0.099,3,0.034,1,3,0.87,False,scattered,West Garfield Park
taste,53,49,0.099,2,0.038,1,2,0.64,False,scattered,McKinley Park
robinson,43,37,0.099,2,0.07,1,2,0.39,False,scattered,Washington Heights
regal,17,15,0.099,2,0.118,2,1,0.81,False,scattered,Jefferson Park
parties,16,16,0.099,2,0.125,1,2,0.84,False,scattered,Calumet Heights
baguette,15,15,0.099,2,0.133,1,2,0.93,True,scattered,Irving Park
lamb,13,13,0.099,2,0.154,1,2,0.97,True,scattered,Armour Square
theodore,10,10,0.099,1,0.1,1,1,0.97,True,scattered,Lincoln Park
tap,80,78,0.098,1,0.013,1,1,0.39,False,scattered,South Deering
choice,61,57,0.098,1,0.016,1,1,0.65,False,scattered,West Ridge
don,54,51,0.098,4,0.093,2,2,0.72,False,scattered,Brighton Park
latino,34,32,0.098,2,0.059,1,2,0.8,False,scattered,Hermosa
body,348,283,0.097,0,0.0,0,0,,False,scattered,
mary,162,123,0.097,4,0.031,3,2,0.71,False,scattered,Roseland
shack,55,54,0.097,4,0.073,2,2,0.81,False,scattered,Ashburn
plan,22,21,0.097,0,0.0,0,0,,False,scattered,
fancy,13,12,0.097,2,0.154,1,2,0.94,True,scattered,Lincoln Park
lift,10,10,0.097,0,0.0,0,0,,False,scattered,
norris,5,5,0.097,0,0.0,0,0,,False,scattered,
storage,274,210,0.096,2,0.007,2,1,0.34,False,scattered,Garfield Ridge
young,86,77,0.096,2,0.023,2,1,0.48,False,scattered,Near West Side
julia,29,28,0.096,2,0.069,1,2,0.95,True,scattered,West Town
accurate,24,24,0.096,2,0.083,1,2,0.92,True,scattered,North Park
ho,19,16,0.096,2,0.105,1,2,0.74,False,scattered,Armour Square
treasures,18,18,0.096,2,0.111,1,2,0.97,True,scattered,Armour Square
fernandez,15,13,0.096,2,0.133,1,2,0.97,True,scattered,Near West Side
servicios,9,9,0.096,0,0.0,0,0,,False,scattered,
laneh,7,7,0.096,0,0.0,0,0,,False,scattered,
thermal,6,6,0.096,0,0.0,0,0,,False,scattered,
george,112,95,0.095,2,0.018,1,2,0.47,False,scattered,Riverdale
beef,42,40,0.095,2,0.048,1,2,0.88,False,scattered,Near West Side
luke,28,27,0.095,0,0.0,0,0,,False,scattered,
emerald,26,24,0.095,2,0.077,1,2,0.88,False,scattered,Douglas
leasing,18,18,0.095,2,0.111,1,2,0.84,False,scattered,Irving Park
andrews,15,15,0.095,0,0.0,0,0,,False,scattered,
bentley,14,14,0.095,2,0.143,1,2,0.97,True,scattered,Near North Side
dixon,13,12,0.095,1,0.077,1,1,0.97,True,scattered,Near West Side
doug,13,12,0.095,2,0.154,2,1,0.87,False,scattered,Morgan Park
yellow,11,11,0.095,2,0.182,1,2,0.96,True,scattered,North Center
insights,10,10,0.095,0,0.0,0,0,,False,scattered,
alejandro,9,9,0.095,0,0.0,0,0,,False,scattered,
score,6,5,0.095,0,0.0,0,0,,False,scattered,
beer,46,44,0.094,0,0.0,0,0,,False,scattered,
gyros,46,46,0.094,2,0.043,1,2,0.38,False,scattered,Fuller Park
check,36,33,0.094,3,0.083,2,2,0.8,False,scattered,Brighton Park
advertising,32,29,0.094,0,0.0,0,0,,False,scattered,
vegan,24,24,0.094,2,0.083,2,1,0.84,False,scattered,Clearing
sandwiches,22,21,0.094,0,0.0,0,0,,False,scattered,
brunch,9,9,0.094,0,0.0,0,0,,False,scattered,
cooling,87,87,0.093,2,0.023,2,1,0.8,False,scattered,West Ridge
linda,49,46,0.093,0,0.0,0,0,,False,scattered,
prestige,44,42,0.093,3,0.068,2,2,0.76,False,scattered,Auburn Gresham
brooks,24,22,0.093,2,0.083,1,2,0.67,False,scattered,South Shore
generation,21,21,0.093,2,0.095,2,1,0.73,False,scattered,West Englewood
michoacan,13,13,0.093,0,0.0,0,0,,False,scattered,
mz,12,12,0.093,1,0.083,1,1,0.67,False,scattered,Auburn Gresham
martinez,48,44,0.092,4,0.104,2,3,0.9,True,scattered,South Lawndale
aesthetic,31,27,0.092,0,0.0,0,0,,False,scattered,
yes,13,13,0.092,0,0.0,0,0,,False,scattered,
abm,12,12,0.092,0,0.0,0,0,,False,scattered,
publishers,9,9,0.092,0,0.0,0,0,,False,scattered,
promotion,5,5,0.092,0,0.0,0,0,,False,scattered,
day,244,223,0.091,1,0.004,1,1,0.44,False,scattered,Auburn Gresham
surgical,50,39,0.091,0,0.0,0,0,,False,scattered,
rodriguez,43,41,0.091,0,0.0,0,0,,False,scattered,
shipping,34,32,0.091,2,0.059,1,2,0.81,False,scattered,O'Hare
initiative,31,28,0.091,0,0.0,0,0,,False,scattered,
alicia,14,14,0.091,1,0.071,1,1,0.65,False,scattered,Edgewater
sprout,9,8,0.091,0,0.0,0,0,,False,scattered,
fitch,8,8,0.091,0,0.0,0,0,,False,scattered,
gggg,6,6,0.091,0,0.0,0,0,,False,scattered,
laundromat,76,73,0.09,2,0.026,1,2,0.76,False,scattered,Hermosa
adult,37,35,0.09,2,0.054,1,2,0.58,False,scattered,Auburn Gresham
shrimp,28,27,0.09,4,0.143,2,2,0.92,True,scattered,Garfield Ridge
kings,24,22,0.09,2,0.083,1,2,0.83,False,scattered,West Lawn
clubhouse,16,16,0.09,2,0.125,1,2,0.86,False,scattered,Albany Park
intelligence,9,9,0.09,0,0.0,0,0,,False,scattered,
gunn,6,5,0.09,0,0.0,0,0,,False,scattered,
line,153,130,0.089,1,0.007,1,1,0.64,False,scattered,Rogers Park
physicians,79,65,0.089,0,0.0,0,0,,False,scattered,
dogs,75,75,0.089,4,0.053,2,2,0.78,False,scattered,O'Hare
castle,54,53,0.089,2,0.037,2,1,0.85,False,scattered,Montclare
core,42,38,0.089,0,0.0,0,0,,False,scattered,
clinics,41,38,0.089,1,0.024,1,1,0.85,False,scattered,West Town
republic,38,36,0.089,2,0.053,1,2,0.53,False,scattered,Woodlawn
childhood,31,30,0.089,2,0.065,2,1,0.49,False,scattered,Clearing
restaurante,17,17,0.089,2,0.118,1,2,0.91,True,scattered,Albany Park
wee,11,11,0.089,1,0.091,1,1,0.91,True,scattered,Burnside
fairy,9,9,0.089,0,0.0,0,0,,False,scattered,
beehive,6,6,0.089,0,0.0,0,0,,False,scattered,
niche,5,5,0.089,0,0.0,0,0,,False,scattered,
ms,60,48,0.088,1,0.017,1,1,0.98,True,scattered,Near West Side
fridge,49,49,0.088,1,0.02,1,1,0.75,False,scattered,Near West Side
long,32,31,0.088,2,0.062,2,1,0.78,False,scattered,Belmont Cragin
mariano,23,19,0.088,2,0.087,1,2,0.6,False,scattered,Grand Boulevard
maid,22,22,0.088,2,0.091,1,2,0.82,False,scattered,West Town
solo,13,12,0.088,1,0.077,1,1,0.95,True,scattered,Near West Side
channel,9,8,0.088,0,0.0,0,0,,False,scattered,
grace,157,138,0.086,4,0.025,2,3,0.56,False,scattered,South Chicago
cars,66,64,0.086,5,0.076,3,2,0.75,False,scattered,Chicago Lawn
system,48,45,0.086,2,0.042,1,2,0.53,False,scattered,O'Hare
hughes,23,22,0.086,0,0.0,0,0,,False,scattered,
complex,22,22,0.086,2,0.091,1,2,0.79,False,scattered,North Lawndale
sip,19,18,0.086,2,0.105,1,2,0.88,False,scattered,Grand Boulevard
lessons,14,13,0.086,2,0.143,1,2,0.85,False,scattered,Uptown
sight,11,10,0.086,0,0.0,0,0,,False,scattered,
mcdermott,6,5,0.086,0,0.0,0,0,,False,scattered,
seating,5,5,0.086,0,0.0,0,0,,False,scattered,
education,163,136,0.085,0,0.0,0,0,,False,scattered,
early,88,84,0.085,0,0.0,0,0,,False,scattered,
rock,86,80,0.085,2,0.023,1,2,0.43,False,scattered,West Pullman
solution,27,27,0.085,0,0.0,0,0,,False,scattered,
philly,25,24,0.085,0,0.0,0,0,,False,scattered,
notre,17,13,0.085,2,0.118,1,2,0.66,False,scattered,Belmont Cragin
blow,12,11,0.085,1,0.083,1,1,0.93,True,scattered,West Town
olga,12,12,0.085,0,0.0,0,0,,False,scattered,
land,61,61,0.084,5,0.082,3,2,0.85,False,scattered,West Lawn
banker,55,17,0.084,2,0.036,2,1,0.89,False,scattered,Kenwood
elegant,18,18,0.084,2,0.111,1,2,0.79,False,scattered,Austin
clock,11,10,0.084,1,0.091,1,1,0.96,True,scattered,West Town
courier,9,9,0.084,0,0.0,0,0,,False,scattered,
slate,9,9,0.084,0,0.0,0,0,,False,scattered,
philanthropy,6,6,0.084,0,0.0,0,0,,False,scattered,
eo,5,5,0.084,0,0.0,0,0,,False,scattered,
gents,5,5,0.084,0,0.0,0,0,,False,scattered,
dentistry,121,95,0.083,0,0.0,0,0,,False,scattered,
off,38,35,0.083,1,0.026,1,1,0.94,True,scattered,Near North Side
roasters,22,20,0.083,1,0.045,1,1,0.85,False,scattered,Near West Side
lower,6,6,0.083,0,0.0,0,0,,False,scattered,
daniel,125,93,0.082,0,0.0,0,0,,False,scattered,
discount,73,70,0.082,1,0.014,1,1,0.87,False,scattered,South Lawndale
target,39,33,0.082,2,0.103,1,2,0.77,False,scattered,Avondale
caribbean,24,24,0.082,2,0.083,2,1,0.7,False,scattered,Greater Grand Crossing
mri,20,18,0.082,2,0.1,1,2,0.91,True,scattered,Brighton Park
shepherd,17,16,0.082,1,0.059,1,1,0.5,False,scattered,Washington Park
chess,16,16,0.082,2,0.125,1,2,0.86,False,scattered,Near South Side
closets,10,9,0.082,0,0.0,0,0,,False,scattered,
care,1305,806,0.081,0,0.0,0,0,,False,scattered,
western,539,474,0.081,0,0.0,0,0,,False,scattered,
red,215,193,0.081,1,0.005,1,1,0.56,False,scattered,Fuller Park
diamond,84,62,0.081,0,0.0,0,0,,False,scattered,
mission,55,53,0.081,2,0.036,1,2,0.67,False,scattered,Chatham
starbucks,191,186,0.08,4,0.021,1,4,0.62,False,scattered,O'Hare
fine,129,106,0.08,1,0.008,1,1,0.69,False,scattered,North Park
stewart,32,29,0.08,1,0.031,1,1,0.57,False,scattered,Chatham
joel,29,26,0.08,0,0.0,0,0,,False,scattered,
fence,22,21,0.08,2,0.091,1,2,0.82,False,scattered,Hermosa
bailey,14,14,0.08,0,0.0,0,0,,False,scattered,
aldo,8,8,0.08,0,0.0,0,0,,False,scattered,
killer,5,5,0.08,0,0.0,0,0,,False,scattered,
big,199,176,0.079,3,0.015,2,2,0.26,False,scattered,South Deering
energy,95,81,0.079,0,0.0,0,0,,False,scattered,
landscaping,58,56,0.079,2,0.034,1,2,0.71,False,scattered,Brighton Park
kidz,19,19,0.079,2,0.105,1,2,0.8,False,scattered,Auburn Gresham
banner,17,17,0.079,2,0.118,1,2,0.89,False,scattered,North Center
amigo,14,14,0.079,0,0.0,0,0,,False,scattered,
sola,13,13,0.079,1,0.077,1,1,0.85,False,scattered,North Center
thresholds,10,10,0.079,0,0.0,0,0,,False,scattered,
hometown,7,5,0.079,0,0.0,0,0,,False,scattered,
serrano,6,6,0.079,0,0.0,0,0,,False,scattered,
pink,51,45,0.078,0,0.0,0,0,,False,scattered,
bella,50,49,0.078,1,0.02,1,1,0.57,False,scattered,Portage Park
gateway,36,35,0.078,0,0.0,0,0,,False,scattered,
wing,31,29,0.078,1,0.032,1,1,0.96,True,scattered,Armour Square
citywide,30,24,0.078,1,0.033,1,1,0.97,True,scattered,North Center
decor,26,26,0.078,2,0.077,1,2,0.74,False,scattered,Avondale
ruiz,18,17,0.078,1,0.056,1,1,0.74,False,scattered,Lower West Side
levin,17,13,0.078,0,0.0,0,0,,False,scattered,
ascend,15,14,0.078,0,0.0,0,0,,False,scattered,
starr,15,13,0.078,0,0.0,0,0,,False,scattered,
elevated,13,12,0.078,0,0.0,0,0,,False,scattered,
nash,12,12,0.078,1,0.083,1,1,0.91,True,scattered,Burnside
colleen,10,8,0.078,0,0.0,0,0,,False,scattered,
planners,10,9,0.078,0,0.0,0,0,,False,scattered,
white,89,81,0.077,1,0.011,1,1,0.66,False,scattered,Armour Square
whole,36,34,0.077,0,0.0,0,0,,False,scattered,
wic,20,16,0.077,2,0.1,1,2,0.75,False,scattered,Englewood
days,12,12,0.077,0,0.0,0,0,,False,scattered,
tai,12,11,0.077,0,0.0,0,0,,False,scattered,
equilibrium,7,7,0.077,0,0.0,0,0,,False,scattered,
garden,215,198,0.076,1,0.005,1,1,0.43,False,scattered,Woodlawn
universal,83,77,0.076,2,0.024,1,2,0.54,False,scattered,West Pullman
event,68,63,0.076,0,0.0,0,0,,False,scattered,
parlor,41,40,0.076,2,0.049,1,2,0.81,False,scattered,Calumet Heights
athletics,26,26,0.076,0,0.0,0,0,,False,scattered,
contractor,21,21,0.076,1,0.048,1,1,0.6,False,scattered,O'Hare
cab,14,13,0.076,0,0.0,0,0,,False,scattered,
astrology,11,11,0.076,0,0.0,0,0,,False,scattered,
ghost,10,9,0.076,0,0.0,0,0,,False,scattered,
stylez,10,9,0.076,0,0.0,0,0,,False,scattered,
video,115,98,0.075,0,0.0,0,0,,False,scattered,
bright,72,68,0.075,3,0.056,3,1,0.62,False,scattered,South Deering
signs,55,54,0.075,1,0.018,1,1,0.5,False,scattered,Belmont Cragin
less,50,49,0.075,0,0.0,0,0,,False,scattered,
sub,36,35,0.075,0,0.0,0,0,,False,scattered,
doctors,35,33,0.075,1,0.029,1,1,0.93,True,scattered,Avondale
podiatry,26,23,0.075,2,0.077,1,2,0.9,True,scattered,North Park
theory,16,16,0.075,1,0.062,1,1,0.97,True,scattered,West Town
provisions,11,11,0.075,0,0.0,0,0,,False,scattered,
fresh,144,136,0.074,2,0.014,1,2,0.47,False,scattered,Hegewisch
broker,120,60,0.074,0,0.0,0,0,,False,scattered,
ride,26,26,0.074,2,0.077,1,2,0.92,True,scattered,Rogers Park
reach,23,22,0.074,2,0.087,1,2,0.76,False,scattered,South Lawndale
claire,22,20,0.074,0,0.0,0,0,,False,scattered,
les,17,17,0.074,1,0.059,1,1,0.72,False,scattered,Near West Side
authority,67,63,0.073,1,0.015,1,1,0.59,False,scattered,Fuller Park
oil,67,55,0.073,4,0.075,3,2,0.58,False,scattered,Archer Heights
benjamin,55,47,0.073,0,0.0,0,0,,False,scattered,
northern,46,42,0.073,1,0.022,1,1,0.49,False,scattered,Norwood Park
lurie,26,14,0.073,0,0.0,0,0,,False,scattered,
amazing,24,24,0.073,2,0.083,1,2,0.6,False,scattered,South Shore
exhibit,11,11,0.073,0,0.0,0,0,,False,scattered,
martini,10,9,0.073,0,0.0,0,0,,False,scattered,
outpost,10,10,0.073,0,0.0,0,0,,False,scattered,
vca,8,8,0.073,0,0.0,0,0,,False,scattered,
queen,69,62,0.072,2,0.058,1,2,0.42,False,scattered,Forest Glen
resources,56,52,0.072,0,0.0,0,0,,False,scattered,
cosmetic,46,43,0.072,0,0.0,0,0,,False,scattered,
greek,36,32,0.072,1,0.028,1,1,0.95,True,scattered,Near West Side
baseball,33,27,0.072,1,0.03,1,1,0.72,False,scattered,Near West Side
amber,19,18,0.072,0,0.0,0,0,,False,scattered,
exit,18,11,0.072,2,0.111,1,2,0.88,False,scattered,Rogers Park
herb,14,12,0.072,0,0.0,0,0,,False,scattered,
flash,13,13,0.072,0,0.0,0,0,,False,scattered,
abbott,11,11,0.071,0,0.0,0,0,,False,scattered,
burns,11,10,0.071,0,0.0,0,0,,False,scattered,
kohn,7,4,0.071,0,0.0,0,0,,False,scattered,
debra,14,14,0.07,0,0.0,0,0,,False,scattered,
skate,11,11,0.07,0,0.0,0,0,,False,scattered,
blooms,10,10,0.07,0,0.0,0,0,,False,scattered,
lounge,427,336,0.069,1,0.002,1,1,0.6,False,scattered,O'Hare
back,44,42,0.069,0,0.0,0,0,,False,scattered,
driving,44,42,0.069,2,0.045,1,2,0.87,False,scattered,Dunning
spiritual,42,42,0.069,2,0.048,1,2,0.75,False,scattered,North Lawndale
boss,36,30,0.069,0,0.0,0,0,,False,scattered,
fame,14,14,0.069,0,0.0,0,0,,False,scattered,
wamq,10,10,0.069,0,0.0,0,0,,False,scattered,
chavez,7,7,0.069,0,0.0,0,0,,False,scattered,
chile,6,6,0.069,0,0.0,0,0,,False,scattered,
cynthia,40,37,0.068,2,0.05,1,2,0.81,False,scattered,Albany Park
handyman,27,27,0.068,2,0.074,1,2,0.72,False,scattered,North Park
valet,18,18,0.068,0,0.0,0,0,,False,scattered,
levinson,6,6,0.068,0,0.0,0,0,,False,scattered,
sun,41,41,0.067,0,0.0,0,0,,False,scattered,
rosa,22,21,0.067,2,0.091,1,2,0.78,False,scattered,Belmont Cragin
karlin,6,6,0.067,0,0.0,0,0,,False,scattered,
physical,306,249,0.066,0,0.0,0,0,,False,scattered,
harris,87,73,0.066,0,0.0,0,0,,False,scattered,
festival,41,37,0.066,0,0.0,0,0,,False,scattered,
episcopal,33,29,0.066,2,0.061,1,2,0.67,False,scattered,Grand Boulevard
restore,19,19,0.066,2,0.105,2,1,0.68,False,scattered,North Park
porter,13,13,0.066,0,0.0,0,0,,False,scattered,
ophthalmology,11,10,0.066,0,0.0,0,0,,False,scattered,
graphics,61,59,0.065,2,0.033,2,1,0.4,False,scattered,Brighton Park
lakes,55,48,0.065,0,0.0,0,0,,False,scattered,
trail,41,40,0.065,2,0.049,1,2,0.32,False,scattered,Near South Side
end,23,23,0.065,2,0.087,1,2,0.69,False,scattered,Austin
cardiology,22,19,0.065,0,0.0,0,0,,False,scattered,
mercer,8,8,0.065,0,0.0,0,0,,False,scattered,
pain,94,83,0.064,0,0.0,0,0,,False,scattered,
ground,28,25,0.064,2,0.071,1,2,0.6,False,scattered,O'Hare
jerry,27,27,0.064,2,0.074,1,2,0.74,False,scattered,Englewood
physician,24,21,0.064,2,0.083,1,2,0.87,False,scattered,Garfield Ridge
aloha,18,18,0.064,0,0.0,0,0,,False,scattered,
wines,9,9,0.064,0,0.0,0,0,,False,scattered,
custom,156,139,0.063,1,0.006,1,1,0.57,False,scattered,Belmont Cragin
specialty,54,49,0.063,0,0.0,0,0,,False,scattered,
sandwich,53,53,0.063,0,0.0,0,0,,False,scattered,
control,40,40,0.063,0,0.0,0,0,,False,scattered,
dairy,18,17,0.063,0,0.0,0,0,,False,scattered,
abbey,15,14,0.063,0,0.0,0,0,,False,scattered,
regina,9,9,0.063,0,0.0,0,0,,False,scattered,
family,730,563,0.062,0,0.0,0,0,,False,scattered,
project,148,121,0.062,0,0.0,0,0,,False,scattered,
williams,108,93,0.062,0,0.0,0,0,,False,scattered,
direct,56,52,0.062,0,0.0,0,0,,False,scattered,
presbyterian,43,41,0.062,0,0.0,0,0,,False,scattered,
spanish,26,24,0.062,0,0.0,0,0,,False,scattered,
arrangements,18,17,0.062,2,0.111,1,2,0.94,True,scattered,Lincoln Park
tiger,18,17,0.062,0,0.0,0,0,,False,scattered,
raw,16,16,0.062,0,0.0,0,0,,False,scattered,
petco,15,13,0.062,0,0.0,0,0,,False,scattered,
tall,7,7,0.062,0,0.0,0,0,,False,scattered,
music,233,190,0.061,1,0.004,1,1,0.29,False,scattered,Near South Side
support,47,41,0.061,0,0.0,0,0,,False,scattered,
brand,43,38,0.061,0,0.0,0,0,,False,scattered,
ambulance,29,29,0.061,2,0.069,1,2,0.48,False,scattered,Near West Side
perez,28,26,0.061,0,0.0,0,0,,False,scattered,
fu,21,20,0.061,2,0.095,1,2,0.89,False,scattered,North Center
carnitas,15,15,0.061,0,0.0,0,0,,False,scattered,
burlington,9,9,0.061,0,0.0,0,0,,False,scattered,
william,111,89,0.06,0,0.0,0,0,,False,scattered,
friends,74,67,0.06,0,0.0,0,0,,False,scattered,
keller,19,18,0.06,0,0.0,0,0,,False,scattered,
estrella,13,12,0.06,0,0.0,0,0,,False,scattered,
kasia,5,5,0.06,0,0.0,0,0,,False,scattered,
inn,127,111,0.059,1,0.008,1,1,0.54,False,scattered,Garfield Ridge
area,60,52,0.059,2,0.033,1,2,0.61,False,scattered,Beverly
huntington,47,44,0.059,2,0.043,1,2,0.76,False,scattered,Chatham
balance,41,37,0.059,0,0.0,0,0,,False,scattered,
margaret,38,34,0.059,2,0.053,1,2,0.52,False,scattered,Washington Heights
nursery,23,23,0.059,2,0.087,1,2,0.62,False,scattered,Greater Grand Crossing
select,21,17,0.059,0,0.0,0,0,,False,scattered,
belly,15,15,0.059,0,0.0,0,0,,False,scattered,
dirty,14,13,0.059,0,0.0,0,0,,False,scattered,
freeman,12,12,0.059,0,0.0,0,0,,False,scattered,
blocks,9,9,0.059,0,0.0,0,0,,False,scattered,
health,1202,587,0.058,0,0.0,0,0,,False,scattered,
dress,34,34,0.058,2,0.059,1,2,0.76,False,scattered,Chatham
forever,31,30,0.058,2,0.065,1,2,0.57,False,scattered,Washington Heights
ww,30,30,0.058,0,0.0,0,0,,False,scattered,
gerald,22,20,0.058,0,0.0,0,0,,False,scattered,
recreation,17,16,0.058,1,0.059,1,1,0.89,False,scattered,Lake View
german,16,13,0.058,0,0.0,0,0,,False,scattered,
bc,10,9,0.058,0,0.0,0,0,,False,scattered,
felix,10,10,0.058,0,0.0,0,0,,False,scattered,
adjusters,8,8,0.058,0,0.0,0,0,,False,scattered,
window,72,70,0.057,0,0.0,0,0,,False,scattered,
upholstery,43,43,0.057,1,0.023,1,1,0.64,False,scattered,Brighton Park
save,37,36,0.057,2,0.054,1,2,0.54,False,scattered,West Lawn
outpatient,33,31,0.057,0,0.0,0,0,,False,scattered,
cremation,28,25,0.057,2,0.071,1,2,0.73,False,scattered,Jefferson Park
stadium,23,22,0.057,1,0.043,1,1,0.68,False,scattered,Near West Side
jazz,19,18,0.057,0,0.0,0,0,,False,scattered,
allison,18,15,0.057,1,0.056,1,1,0.86,False,scattered,Near West Side
amor,14,13,0.057,0,0.0,0,0,,False,scattered,
bone,13,13,0.057,0,0.0,0,0,,False,scattered,
simpson,9,9,0.057,0,0.0,0,0,,False,scattered,
revue,7,6,0.057,0,0.0,0,0,,False,scattered,
arts,330,266,0.056,0,0.0,0,0,,False,scattered,
grooming,82,75,0.056,0,0.0,0,0,,False,scattered,
resource,80,74,0.056,0,0.0,0,0,,False,scattered,
aid,46,44,0.056,0,0.0,0,0,,False,scattered,
brokers,42,39,0.056,0,0.0,0,0,,False,scattered,
brows,29,27,0.056,0,0.0,0,0,,False,scattered,
secure,22,22,0.056,0,0.0,0,0,,False,scattered,
leather,19,18,0.056,0,0.0,0,0,,False,scattered,
speed,19,19,0.056,0,0.0,0,0,,False,scattered,
chiro,16,15,0.056,0,0.0,0,0,,False,scattered,
dominguez,13,13,0.056,0,0.0,0,0,,False,scattered,
yy,13,13,0.056,0,0.0,0,0,,False,scattered,
trophy,8,8,0.056,0,0.0,0,0,,False,scattered,
current,5,5,0.056,0,0.0,0,0,,False,scattered,
foods,197,168,0.055,0,0.0,0,0,,False,scattered,
mr,131,127,0.055,0,0.0,0,0,,False,scattered,
hour,35,33,0.055,2,0.057,1,2,0.49,False,scattered,Jefferson Park
baron,8,8,0.055,0,0.0,0,0,,False,scattered,
development,250,199,0.054,0,0.0,0,0,,False,scattered,
pro,152,139,0.054,0,0.0,0,0,,False,scattered,
movers,64,64,0.054,0,0.0,0,0,,False,scattered,
practice,48,45,0.054,0,0.0,0,0,,False,scattered,
charities,31,31,0.054,2,0.065,1,2,0.71,False,scattered,Grand Boulevard
valley,27,26,0.054,2,0.074,2,1,0.52,False,scattered,Fuller Park
sanctuary,26,26,0.054,2,0.077,2,1,0.49,False,scattered,Near South Side
que,22,22,0.054,2,0.091,1,2,0.75,False,scattered,South Lawndale
vine,17,17,0.054,0,0.0,0,0,,False,scattered,
depot,100,89,0.053,1,0.01,1,1,0.96,True,scattered,North Park
al,91,86,0.053,0,0.0,0,0,,False,scattered,
matthew,64,49,0.053,0,0.0,0,0,,False,scattered,
booth,35,30,0.053,0,0.0,0,0,,False,scattered,
after,30,30,0.053,2,0.067,1,2,0.75,False,scattered,Roseland
getcoins,26,26,0.053,2,0.077,1,2,0.71,False,scattered,Pullman
rugs,17,16,0.053,0,0.0,0,0,,False,scattered,
smart,100,95,0.052,0,0.0,0,0,,False,scattered,
hub,71,58,0.052,0,0.0,0,0,,False,scattered,
chapel,51,50,0.052,2,0.039,1,2,0.51,False,scattered,South Shore
evangelical,38,38,0.052,2,0.053,1,2,0.71,False,scattered,Austin
bikes,24,23,0.052,2,0.083,1,2,0.85,False,scattered,Avondale
eva,24,24,0.052,2,0.083,1,2,0.81,False,scattered,Belmont Cragin
ted,23,22,0.052,1,0.043,1,1,0.26,False,scattered,Jefferson Park
always,19,19,0.052,0,0.0,0,0,,False,scattered,
mechanic,17,17,0.052,1,0.059,1,1,0.41,False,scattered,North Lawndale
roger,14,14,0.052,0,0.0,0,0,,False,scattered,
floral,50,48,0.051,0,0.0,0,0,,False,scattered,
hvac,37,36,0.051,0,0.0,0,0,,False,scattered,
sandra,31,27,0.051,2,0.065,1,2,0.7,False,scattered,West Elsdon
nicky,15,15,0.051,0,0.0,0,0,,False,scattered,
mimi,13,13,0.051,0,0.0,0,0,,False,scattered,
gardner,11,11,0.051,0,0.0,0,0,,False,scattered,
frankie,10,10,0.051,0,0.0,0,0,,False,scattered,
sachs,6,5,0.051,0,0.0,0,0,,False,scattered,
key,67,64,0.05,0,0.0,0,0,,False,scattered,
immediate,52,47,0.05,0,0.0,0,0,,False,scattered,
steve,47,41,0.05,0,0.0,0,0,,False,scattered,
aura,17,17,0.05,0,0.0,0,0,,False,scattered,
cardiovascular,7,7,0.05,0,0.0,0,0,,False,scattered,
plus,180,167,0.049,0,0.0,0,0,,False,scattered,
healing,129,109,0.049,0,0.0,0,0,,False,scattered,
vinted,94,94,0.049,0,0.0,0,0,,False,scattered,
re,54,43,0.049,1,0.019,1,1,0.84,False,scattered,West Elsdon
audio,44,44,0.049,0,0.0,0,0,,False,scattered,
latin,37,35,0.049,1,0.027,1,1,0.74,False,scattered,Chicago Lawn
kathleen,25,24,0.049,0,0.0,0,0,,False,scattered,
sbarro,11,11,0.049,0,0.0,0,0,,False,scattered,
political,6,6,0.049,0,0.0,0,0,,False,scattered,
bitcoin,490,410,0.048,0,0.0,0,0,,False,scattered,
living,170,150,0.048,0,0.0,0,0,,False,scattered,
print,77,65,0.048,0,0.0,0,0,,False,scattered,
hewitt,76,76,0.048,0,0.0,0,0,,False,scattered,
painting,67,65,0.048,0,0.0,0,0,,False,scattered,
hairstyling,9,9,0.048,0,0.0,0,0,,False,scattered,
science,99,88,0.047,0,0.0,0,0,,False,scattered,
cultural,61,54,0.047,0,0.0,0,0,,False,scattered,
planet,49,48,0.047,0,0.0,0,0,,False,scattered,
praise,23,23,0.047,0,0.0,0,0,,False,scattered,
sunrise,18,16,0.047,0,0.0,0,0,,False,scattered,
formula,14,13,0.047,0,0.0,0,0,,False,scattered,
ex,7,7,0.047,0,0.0,0,0,,False,scattered,
comedy,27,23,0.046,0,0.0,0,0,,False,scattered,
thrive,20,20,0.046,0,0.0,0,0,,False,scattered,
bryant,19,18,0.046,0,0.0,0,0,,False,scattered,
retirement,17,17,0.046,0,0.0,0,0,,False,scattered,
shaw,17,17,0.046,0,0.0,0,0,,False,scattered,
teresa,17,15,0.046,0,0.0,0,0,,False,scattered,
mixed,7,6,0.046,0,0.0,0,0,,False,scattered,
messenger,6,6,0.046,0,0.0,0,0,,False,scattered,
catholic,167,146,0.045,0,0.0,0,0,,False,scattered,
warehouse,49,46,0.045,0,0.0,0,0,,False,scattered,
conference,30,27,0.045,0,0.0,0,0,,False,scattered,
jc,28,27,0.045,0,0.0,0,0,,False,scattered,
bunny,11,11,0.045,0,0.0,0,0,,False,scattered,
good,111,105,0.044,0,0.0,0,0,,False,scattered,
postal,64,60,0.044,2,0.031,1,2,0.45,False,scattered,O'Hare
bros,58,54,0.044,0,0.0,0,0,,False,scattered,
carter,42,39,0.044,2,0.048,1,2,0.57,False,scattered,Washington Park
online,42,40,0.044,0,0.0,0,0,,False,scattered,
machine,33,30,0.044,0,0.0,0,0,,False,scattered,
guitar,22,22,0.044,0,0.0,0,0,,False,scattered,
ralph,19,16,0.044,0,0.0,0,0,,False,scattered,
primerica,18,12,0.044,0,0.0,0,0,,False,scattered,
salad,16,16,0.044,0,0.0,0,0,,False,scattered,
pet,171,161,0.043,0,0.0,0,0,,False,scattered,
vision,113,104,0.043,0,0.0,0,0,,False,scattered,
lucky,68,64,0.043,0,0.0,0,0,,False,scattered,
packaging,31,28,0.043,0,0.0,0,0,,False,scattered,
wok,23,23,0.043,0,0.0,0,0,,False,scattered,
pets,21,21,0.043,0,0.0,0,0,,False,scattered,
tao,11,10,0.043,0,0.0,0,0,,False,scattered,
my,179,152,0.042,0,0.0,0,0,,False,scattered,
security,157,134,0.042,0,0.0,0,0,,False,scattered,
parcel,95,95,0.042,0,0.0,0,0,,False,scattered,
gordon,54,47,0.042,0,0.0,0,0,,False,scattered,
pop,39,38,0.042,0,0.0,0,0,,False,scattered,
guy,30,29,0.042,0,0.0,0,0,,False,scattered,
dispensary,28,28,0.042,0,0.0,0,0,,False,scattered,
hearts,26,24,0.042,0,0.0,0,0,,False,scattered,
residence,26,26,0.042,0,0.0,0,0,,False,scattered,
agape,12,12,0.042,0,0.0,0,0,,False,scattered,
darryl,10,6,0.042,0,0.0,0,0,,False,scattered,
midwest,255,220,0.041,0,0.0,0,0,,False,scattered,
color,49,45,0.041,0,0.0,0,0,,False,scattered,
sport,47,43,0.041,1,0.021,1,1,0.81,False,scattered,Lincoln Park
glory,28,28,0.041,2,0.071,1,2,0.56,False,scattered,Greater Grand Crossing
jj,28,28,0.041,2,0.071,1,2,0.7,False,scattered,South Shore
edible,20,19,0.041,0,0.0,0,0,,False,scattered,
firehouse,17,17,0.041,0,0.0,0,0,,False,scattered,
carmel,11,10,0.041,0,0.0,0,0,,False,scattered,
dine,8,8,0.041,0,0.0,0,0,,False,scattered,
child,128,117,0.04,0,0.0,0,0,,False,scattered,
modern,111,103,0.04,0,0.0,0,0,,False,scattered,
anthony,75,66,0.04,0,0.0,0,0,,False,scattered,
five,68,68,0.04,0,0.0,0,0,,False,scattered,
holistic,64,60,0.04,1,0.016,1,1,0.52,False,scattered,Mount Greenwood
angels,54,50,0.04,1,0.019,1,1,0.68,False,scattered,Oakland
perfect,53,51,0.04,0,0.0,0,0,,False,scattered,
villa,53,48,0.04,0,0.0,0,0,,False,scattered,
haus,36,34,0.04,0,0.0,0,0,,False,scattered,
collaborative,34,31,0.04,0,0.0,0,0,,False,scattered,
restaurants,30,28,0.04,0,0.0,0,0,,False,scattered,
burke,25,24,0.04,0,0.0,0,0,,False,scattered,
doc,17,17,0.04,0,0.0,0,0,,False,scattered,
liz,14,14,0.04,0,0.0,0,0,,False,scattered,
bonnie,8,8,0.04,0,0.0,0,0,,False,scattered,
rentals,70,67,0.039,1,0.014,1,1,0.54,False,scattered,East Side
cuts,64,62,0.039,0,0.0,0,0,,False,scattered,
concepts,48,48,0.039,0,0.0,0,0,,False,scattered,
roots,42,37,0.039,0,0.0,0,0,,False,scattered,
jim,26,26,0.039,0,0.0,0,0,,False,scattered,
moe,19,19,0.039,0,0.0,0,0,,False,scattered,
aveda,15,15,0.039,0,0.0,0,0,,False,scattered,
delicias,14,14,0.039,0,0.0,0,0,,False,scattered,
tone,13,13,0.039,0,0.0,0,0,,False,scattered,
structural,8,8,0.039,0,0.0,0,0,,False,scattered,
richmond,6,6,0.039,0,0.0,0,0,,False,scattered,
stress,6,6,0.039,0,0.0,0,0,,False,scattered,
district,164,152,0.038,0,0.0,0,0,,False,scattered,
seventh,33,31,0.038,0,0.0,0,0,,False,scattered,
printwithme,22,22,0.038,0,0.0,0,0,,False,scattered,
muhammad,13,12,0.038,0,0.0,0,0,,False,scattered,
reese,12,10,0.038,0,0.0,0,0,,False,scattered,
estilo,8,8,0.038,0,0.0,0,0,,False,scattered,
it,179,147,0.037,0,0.0,0,0,,False,scattered,
performance,91,83,0.037,0,0.0,0,0,,False,scattered,
styles,55,49,0.037,1,0.018,1,1,0.73,False,scattered,Greater Grand Crossing
ed,31,31,0.037,0,0.0,0,0,,False,scattered,
fieldhouse,30,30,0.037,2,0.067,1,2,0.52,False,scattered,East Garfield Park
tyler,15,15,0.037,0,0.0,0,0,,False,scattered,
brandon,13,13,0.037,0,0.0,0,0,,False,scattered,
writers,8,8,0.037,0,0.0,0,0,,False,scattered,
cobb,6,4,0.037,0,0.0,0,0,,False,scattered,
golden,123,114,0.036,0,0.0,0,0,,False,scattered,
treatment,56,49,0.036,0,0.0,0,0,,False,scattered,
instant,31,31,0.036,2,0.065,1,2,0.8,False,scattered,Morgan Park
crab,28,24,0.036,0,0.0,0,0,,False,scattered,
jerusalem,22,22,0.036,0,0.0,0,0,,False,scattered,
workers,18,16,0.036,0,0.0,0,0,,False,scattered,
baking,15,14,0.036,0,0.0,0,0,,False,scattered,
equipment,51,47,0.035,0,0.0,0,0,,False,scattered,
help,42,41,0.035,0,0.0,0,0,,False,scattered,
extensions,37,36,0.035,0,0.0,0,0,,False,scattered,
spring,32,30,0.035,0,0.0,0,0,,False,scattered,
cooperative,29,29,0.035,0,0.0,0,0,,False,scattered,
pamela,16,16,0.035,0,0.0,0,0,,False,scattered,
wave,16,16,0.035,0,0.0,0,0,,False,scattered,
yogurt,16,15,0.035,0,0.0,0,0,,False,scattered,
dick,9,8,0.035,0,0.0,0,0,,False,scattered,
fitzgerald,8,8,0.035,0,0.0,0,0,,False,scattered,
primary,93,70,0.034,0,0.0,0,0,,False,scattered,
sons,69,66,0.034,0,0.0,0,0,,False,scattered,
jessica,49,39,0.034,0,0.0,0,0,,False,scattered,
eric,48,40,0.034,0,0.0,0,0,,False,scattered,
act,17,17,0.034,0,0.0,0,0,,False,scattered,
azul,12,12,0.034,0,0.0,0,0,,False,scattered,
jobs,12,10,0.034,0,0.0,0,0,,False,scattered,
dawgs,9,9,0.034,0,0.0,0,0,,False,scattered,
skin,176,143,0.033,0,0.0,0,0,,False,scattered,
fellowship,70,69,0.033,0,0.0,0,0,,False,scattered,
spirits,59,55,0.033,0,0.0,0,0,,False,scattered,
integrated,38,34,0.033,0,0.0,0,0,,False,scattered,
meats,28,27,0.033,0,0.0,0,0,,False,scattered,
dining,22,19,0.033,0,0.0,0,0,,False,scattered,
lord,20,20,0.033,0,0.0,0,0,,False,scattered,
sporting,12,11,0.033,0,0.0,0,0,,False,scattered,
knight,10,10,0.033,0,0.0,0,0,,False,scattered,
mmm,8,8,0.033,0,0.0,0,0,,False,scattered,
space,166,154,0.032,0,0.0,0,0,,False,scattered,
cornerstone,39,37,0.032,0,0.0,0,0,,False,scattered,
catherine,34,30,0.032,0,0.0,0,0,,False,scattered,
santa,24,23,0.032,0,0.0,0,0,,False,scattered,
silva,18,18,0.032,0,0.0,0,0,,False,scattered,
abraham,13,13,0.032,0,0.0,0,0,,False,scattered,
crypto,9,9,0.032,0,0.0,0,0,,False,scattered,
rice,44,42,0.031,0,0.0,0,0,,False,scattered,
hello,21,21,0.031,0,0.0,0,0,,False,scattered,
kane,14,13,0.031,0,0.0,0,0,,False,scattered,
krishna,7,7,0.031,0,0.0,0,0,,False,scattered,
reproductive,7,7,0.031,0,0.0,0,0,,False,scattered,
eyebrows,6,6,0.031,0,0.0,0,0,,False,scattered,
boost,121,120,0.03,0,0.0,0,0,,False,scattered,
men,78,74,0.03,0,0.0,0,0,,False,scattered,
shoe,66,58,0.03,0,0.0,0,0,,False,scattered,
coaching,52,48,0.03,0,0.0,0,0,,False,scattered,
tailor,39,35,0.03,0,0.0,0,0,,False,scattered,
danielle,20,18,0.03,0,0.0,0,0,,False,scattered,
telecom,14,14,0.03,0,0.0,0,0,,False,scattered,
no,88,82,0.029,0,0.0,0,0,,False,scattered,
waxing,39,37,0.029,0,0.0,0,0,,False,scattered,
wall,29,26,0.029,0,0.0,0,0,,False,scattered,
yum,8,8,0.029,0,0.0,0,0,,False,scattered,
library,203,153,0.028,0,0.0,0,0,,False,scattered,
kids,142,134,0.028,0,0.0,0,0,,False,scattered,
super,93,88,0.028,0,0.0,0,0,,False,scattered,
smile,80,70,0.028,0,0.0,0,0,,False,scattered,
parish,78,71,0.028,0,0.0,0,0,,False,scattered,
standard,47,42,0.028,0,0.0,0,0,,False,scattered,
mama,26,26,0.028,0,0.0,0,0,,False,scattered,
wang,13,12,0.028,0,0.0,0,0,,False,scattered,
elementary,309,293,0.027,0,0.0,0,0,,False,scattered,
animal,106,100,0.027,0,0.0,0,0,,False,scattered,
rockitcoin,36,36,0.027,0,0.0,0,0,,False,scattered,
cutz,29,28,0.027,0,0.0,0,0,,False,scattered,
vera,11,11,0.027,0,0.0,0,0,,False,scattered,
scientific,7,7,0.027,0,0.0,0,0,,False,scattered,
stone,89,78,0.026,0,0.0,0,0,,False,scattered,
jr,87,78,0.026,0,0.0,0,0,,False,scattered,
christopher,84,69,0.026,0,0.0,0,0,,False,scattered,
leo,29,29,0.026,0,0.0,0,0,,False,scattered,
virtual,27,23,0.026,0,0.0,0,0,,False,scattered,
angela,25,24,0.026,0,0.0,0,0,,False,scattered,
quest,25,25,0.026,0,0.0,0,0,,False,scattered,
piercing,16,15,0.026,0,0.0,0,0,,False,scattered,
casino,14,14,0.026,0,0.0,0,0,,False,scattered,
keys,14,14,0.026,0,0.0,0,0,,False,scattered,
france,11,10,0.026,0,0.0,0,0,,False,scattered,
brenda,10,9,0.026,0,0.0,0,0,,False,scattered,
optical,74,71,0.025,0,0.0,0,0,,False,scattered,
fades,29,28,0.025,0,0.0,0,0,,False,scattered,
hardwood,27,25,0.025,0,0.0,0,0,,False,scattered,
comics,20,20,0.025,0,0.0,0,0,,False,scattered,
omar,16,15,0.025,0,0.0,0,0,,False,scattered,
patisserie,15,14,0.025,0,0.0,0,0,,False,scattered,
quantum,15,15,0.025,0,0.0,0,0,,False,scattered,
colony,7,7,0.025,0,0.0,0,0,,False,scattered,
harvard,7,6,0.025,0,0.0,0,0,,False,scattered,
club,693,459,0.024,0,0.0,0,0,,False,scattered,
pharmacy,331,274,0.024,0,0.0,0,0,,False,scattered,
david,247,169,0.024,0,0.0,0,0,,False,scattered,
schools,92,85,0.024,0,0.0,0,0,,False,scattered,
cc,26,24,0.024,0,0.0,0,0,,False,scattered,
brite,21,21,0.024,0,0.0,0,0,,False,scattered,
neon,16,16,0.024,0,0.0,0,0,,False,scattered,
traffic,12,10,0.024,0,0.0,0,0,,False,scattered,
acting,7,7,0.024,0,0.0,0,0,,False,scattered,
star,222,199,0.023,0,0.0,0,0,,False,scattered,
windy,179,160,0.023,0,0.0,0,0,,False,scattered,
chamber,100,87,0.023,0,0.0,0,0,,False,scattered,
labs,59,54,0.023,0,0.0,0,0,,False,scattered,
interior,55,52,0.023,0,0.0,0,0,,False,scattered,
bike,47,46,0.023,0,0.0,0,0,,False,scattered,
barbara,42,34,0.023,0,0.0,0,0,,False,scattered,
nova,34,32,0.023,0,0.0,0,0,,False,scattered,
dynamic,28,28,0.023,0,0.0,0,0,,False,scattered,
pleasant,21,20,0.023,0,0.0,0,0,,False,scattered,
solid,20,18,0.023,0,0.0,0,0,,False,scattered,
guest,13,13,0.023,0,0.0,0,0,,False,scattered,
finer,12,12,0.023,0,0.0,0,0,,False,scattered,
milano,9,9,0.023,0,0.0,0,0,,False,scattered,
parent,8,8,0.023,0,0.0,0,0,,False,scattered,
eleven,137,129,0.022,1,0.007,1,1,0.49,False,scattered,O'Hare
bbq,95,89,0.022,0,0.0,0,0,,False,scattered,
childcare,40,40,0.022,0,0.0,0,0,,False,scattered,
leslie,22,21,0.022,0,0.0,0,0,,False,scattered,
casting,11,9,0.022,0,0.0,0,0,,False,scattered,
city,773,545,0.021,0,0.0,0,0,,False,scattered,
artisan,23,22,0.021,0,0.0,0,0,,False,scattered,
ellen,21,21,0.021,0,0.0,0,0,,False,scattered,
bon,18,18,0.021,0,0.0,0,0,,False,scattered,
klein,17,15,0.021,0,0.0,0,0,,False,scattered,
novacare,17,17,0.021,0,0.0,0,0,,False,scattered,
relax,17,17,0.021,0,0.0,0,0,,False,scattered,
about,14,14,0.021,0,0.0,0,0,,False,scattered,
cares,12,12,0.021,0,0.0,0,0,,False,scattered,
strauss,6,6,0.021,0,0.0,0,0,,False,scattered,
chicago,8554,2205,0.02,0,0.0,0,0,,False,scattered,
america,381,276,0.02,0,0.0,0,0,,False,scattered,
you,114,105,0.02,0,0.0,0,0,,False,scattered,
lewis,40,37,0.02,0,0.0,0,0,,False,scattered,
rooftop,40,30,0.02,0,0.0,0,0,,False,scattered,
ada,29,25,0.02,0,0.0,0,0,,False,scattered,
have,12,12,0.02,0,0.0,0,0,,False,scattered,
kabob,12,12,0.02,0,0.0,0,0,,False,scattered,
bride,10,10,0.02,0,0.0,0,0,,False,scattered,
urban,238,202,0.019,0,0.0,0,0,,False,scattered,
il,227,193,0.019,0,0.0,0,0,,False,scattered,
pizzeria,153,137,0.019,0,0.0,0,0,,False,scattered,
happy,89,83,0.019,0,0.0,0,0,,False,scattered,
aldi,42,42,0.019,0,0.0,0,0,,False,scattered,
clips,28,28,0.019,0,0.0,0,0,,False,scattered,
exclusive,22,22,0.019,0,0.0,0,0,,False,scattered,
cold,20,19,0.019,0,0.0,0,0,,False,scattered,
duke,11,11,0.019,0,0.0,0,0,,False,scattered,
luv,9,8,0.019,0,0.0,0,0,,False,scattered,
ritz,7,5,0.019,0,0.0,0,0,,False,scattered,
available,6,6,0.019,0,0.0,0,0,,False,scattered,
commerce,93,81,0.018,0,0.0,0,0,,False,scattered,
authorized,66,65,0.018,0,0.0,0,0,,False,scattered,
coin,58,57,0.018,0,0.0,0,0,,False,scattered,
legacy,57,54,0.018,0,0.0,0,0,,False,scattered,
caesars,27,27,0.018,0,0.0,0,0,,False,scattered,
jacob,27,25,0.018,0,0.0,0,0,,False,scattered,
bean,26,23,0.018,0,0.0,0,0,,False,scattered,
planned,13,12,0.018,0,0.0,0,0,,False,scattered,
carpenter,12,12,0.018,0,0.0,0,0,,False,scattered,
butter,11,11,0.018,0,0.0,0,0,,False,scattered,
foundry,10,9,0.018,0,0.0,0,0,,False,scattered,
courtney,7,7,0.018,0,0.0,0,0,,False,scattered,
efficiency,7,7,0.018,0,0.0,0,0,,False,scattered,
stacey,7,7,0.018,0,0.0,0,0,,False,scattered,
station,453,361,0.017,0,0.0,0,0,,False,scattered,
creative,174,147,0.017,0,0.0,0,0,,False,scattered,
wine,145,125,0.017,0,0.0,0,0,,False,scattered,
edward,87,67,0.017,0,0.0,0,0,,False,scattered,
easy,38,38,0.017,0,0.0,0,0,,False,scattered,
louis,32,30,0.017,0,0.0,0,0,,False,scattered,
transmission,26,26,0.017,0,0.0,0,0,,False,scattered,
gloria,20,20,0.017,0,0.0,0,0,,False,scattered,
dynamics,16,16,0.017,0,0.0,0,0,,False,scattered,
ana,15,12,0.017,0,0.0,0,0,,False,scattered,
pre,12,12,0.017,0,0.0,0,0,,False,scattered,
cruise,10,9,0.017,0,0.0,0,0,,False,scattered,
quench,7,7,0.017,0,0.0,0,0,,False,scattered,
john,408,287,0.016,0,0.0,0,0,,False,scattered,
nail,332,279,0.016,0,0.0,0,0,,False,scattered,
esthetics,47,45,0.016,0,0.0,0,0,,False,scattered,
crystal,39,39,0.016,0,0.0,0,0,,False,scattered,
drs,13,13,0.016,0,0.0,0,0,,False,scattered,
tapas,13,13,0.016,0,0.0,0,0,,False,scattered,
raven,9,9,0.016,0,0.0,0,0,,False,scattered,
idof,5,5,0.016,0,0.0,0,0,,False,scattered,
quality,90,87,0.015,0,0.0,0,0,,False,scattered,
premier,89,78,0.015,0,0.0,0,0,,False,scattered,
pros,49,47,0.015,0,0.0,0,0,,False,scattered,
brewery,35,34,0.015,0,0.0,0,0,,False,scattered,
strategic,26,23,0.015,0,0.0,0,0,,False,scattered,
cpr,24,22,0.015,0,0.0,0,0,,False,scattered,
treasure,18,18,0.015,0,0.0,0,0,,False,scattered,
civic,15,13,0.015,0,0.0,0,0,,False,scattered,
spins,5,5,0.015,0,0.0,0,0,,False,scattered,
dog,179,159,0.014,0,0.0,0,0,,False,scattered,
cvs,101,94,0.014,0,0.0,0,0,,False,scattered,
seafood,89,83,0.014,0,0.0,0,0,,False,scattered,
liberty,79,76,0.014,0,0.0,0,0,,False,scattered,
farmer,63,61,0.014,0,0.0,0,0,,False,scattered,
now,56,53,0.014,0,0.0,0,0,,False,scattered,
truth,43,42,0.014,0,0.0,0,0,,False,scattered,
environmental,38,34,0.014,0,0.0,0,0,,False,scattered,
lights,20,19,0.014,0,0.0,0,0,,False,scattered,
far,11,11,0.014,0,0.0,0,0,,False,scattered,
admiral,6,6,0.014,0,0.0,0,0,,False,scattered,
steinberg,5,5,0.014,0,0.0,0,0,,False,scattered,
union,606,536,0.013,0,0.0,0,0,,False,scattered,
agency,348,274,0.013,0,0.0,0,0,,False,scattered,
ups,248,233,0.013,0,0.0,0,0,,False,scattered,
paul,137,109,0.013,0,0.0,0,0,,False,scattered,
suites,121,109,0.013,0,0.0,0,0,,False,scattered,
max,79,65,0.013,0,0.0,0,0,,False,scattered,
steven,75,65,0.013,0,0.0,0,0,,False,scattered,
century,51,44,0.013,0,0.0,0,0,,False,scattered,
famous,45,45,0.013,0,0.0,0,0,,False,scattered,
boys,42,39,0.013,0,0.0,0,0,,False,scattered,
floor,35,34,0.013,0,0.0,0,0,,False,scattered,
bruce,34,26,0.013,0,0.0,0,0,,False,scattered,
distribution,28,27,0.013,0,0.0,0,0,,False,scattered,
phillip,17,17,0.013,0,0.0,0,0,,False,scattered,
mills,14,13,0.013,0,0.0,0,0,,False,scattered,
julian,11,11,0.013,0,0.0,0,0,,False,scattered,
wellbeing,10,10,0.013,0,0.0,0,0,,False,scattered,
michael,302,176,0.012,0,0.0,0,0,,False,scattered,
women,164,115,0.012,0,0.0,0,0,,False,scattered,
youth,153,144,0.012,0,0.0,0,0,,False,scattered,
lopez,50,49,0.012,0,0.0,0,0,,False,scattered,
internal,27,23,0.012,0,0.0,0,0,,False,scattered,
shopping,23,22,0.012,0,0.0,0,0,,False,scattered,
cabinet,19,19,0.012,0,0.0,0,0,,False,scattered,
mas,18,18,0.012,0,0.0,0,0,,False,scattered,
dolce,12,12,0.012,0,0.0,0,0,,False,scattered,
psychiatrists,8,8,0.012,0,0.0,0,0,,False,scattered,
arlene,7,7,0.012,0,0.0,0,0,,False,scattered,
amazon,206,189,0.011,0,0.0,0,0,,False,scattered,
children,182,144,0.011,0,0.0,0,0,,False,scattered,
joe,81,74,0.011,0,0.0,0,0,,False,scattered,
power,76,73,0.011,0,0.0,0,0,,False,scattered,
european,55,54,0.011,0,0.0,0,0,,False,scattered,
hernandez,53,50,0.011,0,0.0,0,0,,False,scattered,
khan,50,44,0.011,0,0.0,0,0,,False,scattered,
sale,30,30,0.011,0,0.0,0,0,,False,scattered,
bark,26,26,0.011,0,0.0,0,0,,False,scattered,
arc,23,22,0.011,0,0.0,0,0,,False,scattered,
kiosk,22,22,0.011,0,0.0,0,0,,False,scattered,
orthopaedic,17,14,0.011,0,0.0,0,0,,False,scattered,
louisiana,14,14,0.011,0,0.0,0,0,,False,scattered,
bespoke,13,13,0.011,0,0.0,0,0,,False,scattered,
able,11,10,0.011,0,0.0,0,0,,False,scattered,
qdoba,9,8,0.011,0,0.0,0,0,,False,scattered,
brookfield,7,7,0.011,0,0.0,0,0,,False,scattered,
bank,914,537,0.01,0,0.0,0,0,,False,scattered,
do,211,113,0.01,0,0.0,0,0,,False,scattered,
flowers,100,91,0.01,0,0.0,0,0,,False,scattered,
printing,79,75,0.01,0,0.0,0,0,,False,scattered,
methodist,72,66,0.01,0,0.0,0,0,,False,scattered,
preschool,61,59,0.01,0,0.0,0,0,,False,scattered,
couture,39,34,0.01,0,0.0,0,0,,False,scattered,
childrens,31,27,0.01,0,0.0,0,0,,False,scattered,
continental,23,20,0.01,0,0.0,0,0,,False,scattered,
alice,22,21,0.01,0,0.0,0,0,,False,scattered,
envy,16,16,0.01,0,0.0,0,0,,False,scattered,
nichols,8,7,0.01,0,0.0,0,0,,False,scattered,
kerr,7,7,0.01,0,0.0,0,0,,False,scattered,
trip,5,5,0.01,0,0.0,0,0,,False,scattered,
blue,294,251,0.009,0,0.0,0,0,,False,scattered,
black,165,137,0.009,0,0.0,0,0,,False,scattered,
party,78,71,0.009,0,0.0,0,0,,False,scattered,
wings,70,67,0.009,0,0.0,0,0,,False,scattered,
retailer,55,55,0.009,0,0.0,0,0,,False,scattered,
beverage,39,37,0.009,0,0.0,0,0,,False,scattered,
chocolate,36,29,0.009,0,0.0,0,0,,False,scattered,
assoc,32,29,0.009,0,0.0,0,0,,False,scattered,
deborah,31,30,0.009,0,0.0,0,0,,False,scattered,
francesca,16,15,0.009,0,0.0,0,0,,False,scattered,
blair,15,14,0.009,0,0.0,0,0,,False,scattered,
glaze,8,7,0.009,0,0.0,0,0,,False,scattered,
joi,7,7,0.009,0,0.0,0,0,,False,scattered,
marquee,6,6,0.009,0,0.0,0,0,,False,scattered,
atm,800,598,0.008,0,0.0,0,0,,False,scattered,
point,295,254,0.008,0,0.0,0,0,,False,scattered,
eye,164,127,0.008,0,0.0,0,0,,False,scattered,
cricket,81,79,0.008,0,0.0,0,0,,False,scattered,
quick,54,54,0.008,0,0.0,0,0,,False,scattered,
nicole,52,48,0.008,0,0.0,0,0,,False,scattered,
murphy,43,36,0.008,0,0.0,0,0,,False,scattered,
spine,42,39,0.008,0,0.0,0,0,,False,scattered,
mid,41,39,0.008,0,0.0,0,0,,False,scattered,
artist,40,40,0.008,0,0.0,0,0,,False,scattered,
cloud,39,35,0.008,0,0.0,0,0,,False,scattered,
victor,38,38,0.008,0,0.0,0,0,,False,scattered,
glam,35,34,0.008,0,0.0,0,0,,False,scattered,
tiny,29,28,0.008,0,0.0,0,0,,False,scattered,
bradley,23,19,0.008,0,0.0,0,0,,False,scattered,
northshore,21,20,0.008,0,0.0,0,0,,False,scattered,
clarke,17,16,0.008,0,0.0,0,0,,False,scattered,
becker,12,10,0.008,0,0.0,0,0,,False,scattered,
iris,12,12,0.008,0,0.0,0,0,,False,scattered,
barr,10,10,0.008,0,0.0,0,0,,False,scattered,
fairway,10,9,0.008,0,0.0,0,0,,False,scattered,
roth,6,6,0.008,0,0.0,0,0,,False,scattered,
mcnamara,5,5,0.008,0,0.0,0,0,,False,scattered,
one,333,258,0.007,0,0.0,0,0,,False,scattered,
first,312,247,0.007,0,0.0,0,0,,False,scattered,
sports,268,227,0.007,0,0.0,0,0,,False,scattered,
mortgage,265,141,0.007,0,0.0,0,0,,False,scattered,
senior,114,111,0.007,0,0.0,0,0,,False,scattered,
photo,76,70,0.007,0,0.0,0,0,,False,scattered,
crown,59,51,0.007,0,0.0,0,0,,False,scattered,
am,50,50,0.007,0,0.0,0,0,,False,scattered,
reilly,39,39,0.007,0,0.0,0,0,,False,scattered,
popcorn,36,34,0.007,0,0.0,0,0,,False,scattered,
specialist,36,35,0.007,0,0.0,0,0,,False,scattered,
vein,28,26,0.007,0,0.0,0,0,,False,scattered,
vista,24,24,0.007,0,0.0,0,0,,False,scattered,
review,20,18,0.007,0,0.0,0,0,,False,scattered,
visual,16,16,0.007,0,0.0,0,0,,False,scattered,
platform,15,14,0.007,0,0.0,0,0,,False,scattered,
addiction,13,13,0.007,0,0.0,0,0,,False,scattered,
lmt,13,12,0.007,0,0.0,0,0,,False,scattered,
lr,7,7,0.007,0,0.0,0,0,,False,scattered,
oppenheimer,5,4,0.007,0,0.0,0,0,,False,scattered,
public,315,264,0.006,0,0.0,0,0,,False,scattered,
team,149,119,0.006,0,0.0,0,0,,False,scattered,
stanley,106,27,0.006,0,0.0,0,0,,False,scattered,
recovery,102,88,0.006,0,0.0,0,0,,False,scattered,
rose,89,83,0.006,0,0.0,0,0,,False,scattered,
spot,77,76,0.006,0,0.0,0,0,,False,scattered,
martin,73,65,0.006,0,0.0,0,0,,False,scattered,
martial,66,65,0.006,0,0.0,0,0,,False,scattered,
alex,56,45,0.006,0,0.0,0,0,,False,scattered,
limo,54,50,0.006,0,0.0,0,0,,False,scattered,
work,46,43,0.006,0,0.0,0,0,,False,scattered,
discovery,29,28,0.006,0,0.0,0,0,,False,scattered,
classes,18,16,0.006,0,0.0,0,0,,False,scattered,
fly,17,17,0.006,0,0.0,0,0,,False,scattered,
genius,14,14,0.006,0,0.0,0,0,,False,scattered,
advocacy,12,12,0.006,0,0.0,0,0,,False,scattered,
brave,8,8,0.006,0,0.0,0,0,,False,scattered,
training,257,214,0.005,0,0.0,0,0,,False,scattered,
mark,163,119,0.005,0,0.0,0,0,,False,scattered,
rehabilitation,150,132,0.005,0,0.0,0,0,,False,scattered,
brothers,119,117,0.005,0,0.0,0,0,,False,scattered,
dream,86,72,0.005,0,0.0,0,0,,False,scattered,
camp,80,75,0.005,0,0.0,0,0,,False,scattered,
rehab,77,71,0.005,0,0.0,0,0,,False,scattered,
marathon,62,60,0.005,0,0.0,0,0,,False,scattered,
image,58,56,0.005,0,0.0,0,0,,False,scattered,
mental,55,52,0.005,0,0.0,0,0,,False,scattered,
montessori,52,51,0.005,0,0.0,0,0,,False,scattered,
cosmetics,49,42,0.005,0,0.0,0,0,,False,scattered,
comprehensive,39,35,0.005,0,0.0,0,0,,False,scattered,
wolf,35,28,0.005,0,0.0,0,0,,False,scattered,
cookies,32,31,0.005,0,0.0,0,0,,False,scattered,
johnny,25,25,0.005,0,0.0,0,0,,False,scattered,
magnet,25,25,0.005,0,0.0,0,0,,False,scattered,
spin,25,23,0.005,0,0.0,0,0,,False,scattered,
robin,23,19,0.005,0,0.0,0,0,,False,scattered,
spice,23,22,0.005,0,0.0,0,0,,False,scattered,
revival,22,22,0.005,0,0.0,0,0,,False,scattered,
step,22,21,0.005,0,0.0,0,0,,False,scattered,
neil,21,21,0.005,0,0.0,0,0,,False,scattered,
butler,18,16,0.005,0,0.0,0,0,,False,scattered,
promotions,18,18,0.005,0,0.0,0,0,,False,scattered,
screen,15,15,0.005,0,0.0,0,0,,False,scattered,
above,13,13,0.005,0,0.0,0,0,,False,scattered,
shining,12,11,0.005,0,0.0,0,0,,False,scattered,
abrams,8,8,0.005,0,0.0,0,0,,False,scattered,
marcia,8,8,0.005,0,0.0,0,0,,False,scattered,
teatro,8,8,0.005,0,0.0,0,0,,False,scattered,
colors,7,7,0.005,0,0.0,0,0,,False,scattered,
room,223,177,0.004,0,0.0,0,0,,False,scattered,
enterprise,112,98,0.004,0,0.0,0,0,,False,scattered,
fit,64,58,0.004,0,0.0,0,0,,False,scattered,
source,62,54,0.004,0,0.0,0,0,,False,scattered,
lash,60,49,0.004,0,0.0,0,0,,False,scattered,
full,58,55,0.004,0,0.0,0,0,,False,scattered,
omega,31,31,0.004,0,0.0,0,0,,False,scattered,
sherwin,29,27,0.004,0,0.0,0,0,,False,scattered,
eastern,28,26,0.004,0,0.0,0,0,,False,scattered,
jeff,28,26,0.004,0,0.0,0,0,,False,scattered,
advisory,26,26,0.004,0,0.0,0,0,,False,scattered,
megan,25,22,0.004,0,0.0,0,0,,False,scattered,
under,18,17,0.004,0,0.0,0,0,,False,scattered,
mae,15,15,0.004,0,0.0,0,0,,False,scattered,
molly,15,15,0.004,0,0.0,0,0,,False,scattered,
starlight,10,10,0.004,0,0.0,0,0,,False,scattered,
evgo,9,9,0.004,0,0.0,0,0,,False,scattered,
liquid,9,9,0.004,0,0.0,0,0,,False,scattered,
lululemon,9,9,0.004,0,0.0,0,0,,False,scattered,
boxes,8,7,0.004,0,0.0,0,0,,False,scattered,
cullen,8,8,0.004,0,0.0,0,0,,False,scattered,
melvin,7,7,0.004,0,0.0,0,0,,False,scattered,
libraries,6,5,0.004,0,0.0,0,0,,False,scattered,
network,195,152,0.003,0,0.0,0,0,,False,scattered,
taco,169,143,0.003,0,0.0,0,0,,False,scattered,
lab,166,133,0.003,0,0.0,0,0,,False,scattered,
thomas,155,123,0.003,0,0.0,0,0,,False,scattered,
chicagoland,120,111,0.003,0,0.0,0,0,,False,scattered,
self,114,98,0.003,0,0.0,0,0,,False,scattered,
rent,107,96,0.003,0,0.0,0,0,,False,scattered,
propane,100,100,0.003,0,0.0,0,0,,False,scattered,
tcf,84,84,0.003,0,0.0,0,0,,False,scattered,
patel,79,62,0.003,0,0.0,0,0,,False,scattered,
live,78,75,0.003,0,0.0,0,0,,False,scattered,
people,78,74,0.003,0,0.0,0,0,,False,scattered,
flower,74,71,0.003,0,0.0,0,0,,False,scattered,
harold,74,68,0.003,0,0.0,0,0,,False,scattered,
dba,69,62,0.003,0,0.0,0,0,,False,scattered,
tan,54,54,0.003,0,0.0,0,0,,False,scattered,
gonzalez,48,45,0.003,0,0.0,0,0,,False,scattered,
skyline,47,42,0.003,0,0.0,0,0,,False,scattered,
sara,46,42,0.003,0,0.0,0,0,,False,scattered,
labor,25,22,0.003,0,0.0,0,0,,False,scattered,
flat,24,22,0.003,0,0.0,0,0,,False,scattered,
today,21,21,0.003,0,0.0,0,0,,False,scattered,
barbecue,20,19,0.003,0,0.0,0,0,,False,scattered,
ark,19,18,0.003,0,0.0,0,0,,False,scattered,
away,16,15,0.003,0,0.0,0,0,,False,scattered,
left,16,15,0.003,0,0.0,0,0,,False,scattered,
jan,13,12,0.003,0,0.0,0,0,,False,scattered,
squared,12,11,0.003,0,0.0,0,0,,False,scattered,
raj,11,10,0.003,0,0.0,0,0,,False,scattered,
against,10,10,0.003,0,0.0,0,0,,False,scattered,
char,9,9,0.003,0,0.0,0,0,,False,scattered,
flavor,9,9,0.003,0,0.0,0,0,,False,scattered,
feldman,8,8,0.003,0,0.0,0,0,,False,scattered,
lpc,8,3,0.003,0,0.0,0,0,,False,scattered,
polo,8,8,0.003,0,0.0,0,0,,False,scattered,
thrifty,8,8,0.003,0,0.0,0,0,,False,scattered,
scheck,5,5,0.003,0,0.0,0,0,,False,scattered,
siress,5,5,0.003,0,0.0,0,0,,False,scattered,
brown,165,125,0.002,0,0.0,0,0,,False,scattered,
works,126,117,0.002,0,0.0,0,0,,False,scattered,
locksmiths,116,116,0.002,0,0.0,0,0,,False,scattered,
hot,114,104,0.002,0,0.0,0,0,,False,scattered,
com,108,96,0.002,0,0.0,0,0,,False,scattered,
rhino,106,104,0.002,0,0.0,0,0,,False,scattered,
just,88,82,0.002,0,0.0,0,0,,False,scattered,
michelle,71,66,0.002,0,0.0,0,0,,False,scattered,
appliance,66,65,0.002,0,0.0,0,0,,False,scattered,
play,65,62,0.002,0,0.0,0,0,,False,scattered,
imaging,62,52,0.002,0,0.0,0,0,,False,scattered,
press,57,54,0.002,0,0.0,0,0,,False,scattered,
career,55,52,0.002,0,0.0,0,0,,False,scattered,
mitchell,52,46,0.002,0,0.0,0,0,,False,scattered,
patrick,52,45,0.002,0,0.0,0,0,,False,scattered,
jason,47,39,0.002,0,0.0,0,0,,False,scattered,
ross,47,42,0.002,0,0.0,0,0,,False,scattered,
coalition,46,43,0.002,0,0.0,0,0,,False,scattered,
breakfast,42,41,0.002,0,0.0,0,0,,False,scattered,
affordable,41,39,0.002,0,0.0,0,0,,False,scattered,
domino,40,40,0.002,0,0.0,0,0,,False,scattered,
value,40,36,0.002,0,0.0,0,0,,False,scattered,
lifestyle,34,30,0.002,0,0.0,0,0,,False,scattered,
committee,29,29,0.002,0,0.0,0,0,,False,scattered,
phone,29,28,0.002,0,0.0,0,0,,False,scattered,
russell,27,26,0.002,0,0.0,0,0,,False,scattered,
coleman,25,25,0.002,0,0.0,0,0,,False,scattered,
adventist,22,21,0.002,0,0.0,0,0,,False,scattered,
kent,21,18,0.002,0,0.0,0,0,,False,scattered,
meeting,19,18,0.002,0,0.0,0,0,,False,scattered,
vigo,18,18,0.002,0,0.0,0,0,,False,scattered,
inspired,16,15,0.002,0,0.0,0,0,,False,scattered,
stern,16,15,0.002,0,0.0,0,0,,False,scattered,
myeyedr,15,15,0.002,0,0.0,0,0,,False,scattered,
paula,15,15,0.002,0,0.0,0,0,,False,scattered,
charlotte,14,13,0.002,0,0.0,0,0,,False,scattered,
clarity,14,14,0.002,0,0.0,0,0,,False,scattered,
maxx,12,12,0.002,0,0.0,0,0,,False,scattered,
perkins,12,11,0.002,0,0.0,0,0,,False,scattered,
uber,12,12,0.002,0,0.0,0,0,,False,scattered,
fry,11,11,0.002,0,0.0,0,0,,False,scattered,
pulmonary,11,11,0.002,0,0.0,0,0,,False,scattered,
randall,11,11,0.002,0,0.0,0,0,,False,scattered,
bug,10,10,0.002,0,0.0,0,0,,False,scattered,
chgo,10,10,0.002,0,0.0,0,0,,False,scattered,
wonderland,9,8,0.002,0,0.0,0,0,,False,scattered,
map,8,7,0.002,0,0.0,0,0,,False,scattered,
neha,8,8,0.002,0,0.0,0,0,,False,scattered,
sole,8,8,0.002,0,0.0,0,0,,False,scattered,
economic,6,5,0.002,0,0.0,0,0,,False,scattered,
accountability,5,5,0.002,0,0.0,0,0,,False,scattered,
ads,5,5,0.002,0,0.0,0,0,,False,scattered,
alcohol,5,5,0.002,0,0.0,0,0,,False,scattered,
tofu,5,5,0.002,0,0.0,0,0,,False,scattered,
world,236,208,0.001,0,0.0,0,0,,False,scattered,
mexican,183,159,0.001,0,0.0,0,0,,False,scattered,
up,175,157,0.001,0,0.0,0,0,,False,scattered,
social,158,132,0.001,0,0.0,0,0,,False,scattered,
farmers,130,119,0.001,0,0.0,0,0,,False,scattered,
designs,127,114,0.001,0,0.0,0,0,,False,scattered,
lee,115,99,0.001,0,0.0,0,0,,False,scattered,
advanced,111,93,0.001,0,0.0,0,0,,False,scattered,
peter,107,88,0.001,0,0.0,0,0,,False,scattered,
ii,97,93,0.001,0,0.0,0,0,,False,scattered,
charles,93,78,0.001,0,0.0,0,0,,False,scattered,
allstate,87,80,0.001,0,0.0,0,0,,False,scattered,
playground,87,85,0.001,0,0.0,0,0,,False,scattered,
free,83,77,0.001,0,0.0,0,0,,False,scattered,
andrew,79,66,0.001,0,0.0,0,0,,False,scattered,
organization,72,72,0.001,0,0.0,0,0,,False,scattered,
alpha,68,65,0.001,0,0.0,0,0,,False,scattered,
computer,68,63,0.001,0,0.0,0,0,,False,scattered,
shah,60,43,0.001,0,0.0,0,0,,False,scattered,
apparel,58,56,0.001,0,0.0,0,0,,False,scattered,
sound,58,55,0.001,0,0.0,0,0,,False,scattered,
maintenance,57,56,0.001,0,0.0,0,0,,False,scattered,
master,57,54,0.001,0,0.0,0,0,,False,scattered,
metropolis,57,57,0.001,0,0.0,0,0,,False,scattered,
better,56,51,0.001,0,0.0,0,0,,False,scattered,
dry,56,53,0.001,0,0.0,0,0,,False,scattered,
tom,55,47,0.001,0,0.0,0,0,,False,scattered,
sky,54,50,0.001,0,0.0,0,0,,False,scattered,
laser,48,42,0.001,0,0.0,0,0,,False,scattered,
ma,44,41,0.001,0,0.0,0,0,,False,scattered,
paws,40,39,0.001,0,0.0,0,0,,False,scattered,
wax,40,40,0.001,0,0.0,0,0,,False,scattered,
cnm,36,11,0.001,0,0.0,0,0,,False,scattered,
york,36,26,0.001,0,0.0,0,0,,False,scattered,
apple,35,34,0.001,0,0.0,0,0,,False,scattered,
wedding,34,29,0.001,0,0.0,0,0,,False,scattered,
cooper,33,28,0.001,0,0.0,0,0,,False,scattered,
middle,33,32,0.001,0,0.0,0,0,,False,scattered,
revolution,33,31,0.001,0,0.0,0,0,,False,scattered,
sugar,32,31,0.001,0,0.0,0,0,,False,scattered,
kimberly,29,27,0.001,0,0.0,0,0,,False,scattered,
roll,29,28,0.001,0,0.0,0,0,,False,scattered,
innovative,27,22,0.001,0,0.0,0,0,,False,scattered,
front,25,24,0.001,0,0.0,0,0,,False,scattered,
inspection,23,23,0.001,0,0.0,0,0,,False,scattered,
mutual,23,19,0.001,0,0.0,0,0,,False,scattered,
staffed,23,23,0.001,0,0.0,0,0,,False,scattered,
designer,22,20,0.001,0,0.0,0,0,,False,scattered,
sonia,22,22,0.001,0,0.0,0,0,,False,scattered,
stuff,22,21,0.001,0,0.0,0,0,,False,scattered,
paris,20,20,0.001,0,0.0,0,0,,False,scattered,
caroline,19,19,0.001,0,0.0,0,0,,False,scattered,
rooms,19,18,0.001,0,0.0,0,0,,False,scattered,
tank,19,19,0.001,0,0.0,0,0,,False,scattered,
fleet,18,18,0.001,0,0.0,0,0,,False,scattered,
elena,16,16,0.001,0,0.0,0,0,,False,scattered,
arrow,15,15,0.001,0,0.0,0,0,,False,scattered,
mccarthy,15,14,0.001,0,0.0,0,0,,False,scattered,
alvarez,14,14,0.001,0,0.0,0,0,,False,scattered,
lobster,14,12,0.001,0,0.0,0,0,,False,scattered,
shield,14,13,0.001,0,0.0,0,0,,False,scattered,
eyewear,13,13,0.001,0,0.0,0,0,,False,scattered,
gill,13,10,0.001,0,0.0,0,0,,False,scattered,
resume,13,11,0.001,0,0.0,0,0,,False,scattered,
shirley,13,13,0.001,0,0.0,0,0,,False,scattered,
tlc,12,12,0.001,0,0.0,0,0,,False,scattered,
wind,12,12,0.001,0,0.0,0,0,,False,scattered,
content,11,11,0.001,0,0.0,0,0,,False,scattered,
jimenez,11,10,0.001,0,0.0,0,0,,False,scattered,
method,11,11,0.001,0,0.0,0,0,,False,scattered,
priority,11,11,0.001,0,0.0,0,0,,False,scattered,
woman,11,11,0.001,0,0.0,0,0,,False,scattered,
petcare,10,10,0.001,0,0.0,0,0,,False,scattered,
tokyo,10,10,0.001,0,0.0,0,0,,False,scattered,
zumba,10,10,0.001,0,0.0,0,0,,False,scattered,
ariel,8,8,0.001,0,0.0,0,0,,False,scattered,
cfp,8,7,0.001,0,0.0,0,0,,False,scattered,
eight,8,8,0.001,0,0.0,0,0,,False,scattered,
led,8,8,0.001,0,0.0,0,0,,False,scattered,
pumping,8,8,0.001,0,0.0,0,0,,False,scattered,
rowe,8,6,0.001,0,0.0,0,0,,False,scattered,
shake,8,8,0.001,0,0.0,0,0,,False,scattered,
sugaring,8,6,0.001,0,0.0,0,0,,False,scattered,
edelman,7,7,0.001,0,0.0,0,0,,False,scattered,
gotham,7,7,0.001,0,0.0,0,0,,False,scattered,
isabella,7,7,0.001,0,0.0,0,0,,False,scattered,
abroad,6,5,0.001,0,0.0,0,0,,False,scattered,
trendy,6,6,0.001,0,0.0,0,0,,False,scattered,
biomedical,5,5,0.001,0,0.0,0,0,,False,scattered,
blonde,5,5,0.001,0,0.0,0,0,,False,scattered,
christies,5,4,0.001,0,0.0,0,0,,False,scattered,
danish,5,5,0.001,0,0.0,0,0,,False,scattered,
duet,5,5,0.001,0,0.0,0,0,,False,scattered,
garvey,5,5,0.001,0,0.0,0,0,,False,scattered,
paradigm,5,4,0.001,0,0.0,0,0,,False,scattered,
exchange,285,239,0.0,0,0.0,0,0,,False,scattered,
libertyx,239,236,0.0,0,0.0,0,0,,False,scattered,
redbox,238,238,0.0,0,0.0,0,0,,False,scattered,
subway,224,221,0.0,0,0.0,0,0,,False,scattered,
dunkin,222,216,0.0,0,0.0,0,0,,False,scattered,
agent,217,172,0.0,0,0.0,0,0,,False,scattered,
farm,215,198,0.0,0,0.0,0,0,,False,scattered,
metro,204,188,0.0,0,0.0,0,0,,False,scattered,
go,192,182,0.0,0,0.0,0,0,,False,scattered,
walgreens,192,136,0.0,0,0.0,0,0,,False,scattered,
best,181,169,0.0,0,0.0,0,0,,False,scattered,
chase,173,125,0.0,0,0.0,0,0,,False,scattered,
fire,157,142,0.0,0,0.0,0,0,,False,scattered,
great,157,138,0.0,0,0.0,0,0,,False,scattered,
foot,148,119,0.0,0,0.0,0,0,,False,scattered,
branch,141,130,0.0,0,0.0,0,0,,False,scattered,
burger,141,126,0.0,0,0.0,0,0,,False,scattered,
tree,139,133,0.0,0,0.0,0,0,,False,scattered,
bp,132,131,0.0,0,0.0,0,0,,False,scattered,
block,127,113,0.0,0,0.0,0,0,,False,scattered,
jones,127,100,0.0,0,0.0,0,0,,False,scattered,
shell,127,119,0.0,0,0.0,0,0,,False,scattered,
currency,126,107,0.0,0,0.0,0,0,,False,scattered,
specialists,124,104,0.0,0,0.0,0,0,,False,scattered,
johnson,120,98,0.0,0,0.0,0,0,,False,scattered,
elite,119,104,0.0,0,0.0,0,0,,False,scattered,
ice,117,107,0.0,0,0.0,0,0,,False,scattered,
barbershop,114,108,0.0,0,0.0,0,0,,False,scattered,
your,114,106,0.0,0,0.0,0,0,,False,scattered,
restoration,113,100,0.0,0,0.0,0,0,,False,scattered,
keyme,112,111,0.0,0,0.0,0,0,,False,scattered,
mcdonald,112,109,0.0,0,0.0,0,0,,False,scattered,
total,112,108,0.0,0,0.0,0,0,,False,scattered,
robbins,108,105,0.0,0,0.0,0,0,,False,scattered,
sweet,106,96,0.0,0,0.0,0,0,,False,scattered,
third,106,85,0.0,0,0.0,0,0,,False,scattered,
lutheran,104,99,0.0,0,0.0,0,0,,False,scattered,
top,104,98,0.0,0,0.0,0,0,,False,scattered,
baskin,103,101,0.0,0,0.0,0,0,,False,scattered,
entertainment,103,89,0.0,0,0.0,0,0,,False,scattered,
royal,103,94,0.0,0,0.0,0,0,,False,scattered,
heart,98,91,0.0,0,0.0,0,0,,False,scattered,
maria,97,89,0.0,0,0.0,0,0,,False,scattered,
citgo,96,88,0.0,0,0.0,0,0,,False,scattered,
corner,96,92,0.0,0,0.0,0,0,,False,scattered,
time,96,82,0.0,0,0.0,0,0,,False,scattered,
dpm,92,65,0.0,0,0.0,0,0,,False,scattered,
engine,91,82,0.0,0,0.0,0,0,,False,scattered,
trinity,90,66,0.0,0,0.0,0,0,,False,scattered,
bell,89,84,0.0,0,0.0,0,0,,False,scattered,
circle,88,79,0.0,0,0.0,0,0,,False,scattered,
post,88,79,0.0,0,0.0,0,0,,False,scattered,
natural,87,82,0.0,0,0.0,0,0,,False,scattered,
metropolitan,86,73,0.0,0,0.0,0,0,,False,scattered,
clean,84,78,0.0,0,0.0,0,0,,False,scattered,
more,84,81,0.0,0,0.0,0,0,,False,scattered,
nations,84,78,0.0,0,0.0,0,0,,False,scattered,
states,84,77,0.0,0,0.0,0,0,,False,scattered,
warner,81,21,0.0,0,0.0,0,0,,False,scattered,
light,80,77,0.0,0,0.0,0,0,,False,scattered,
magic,80,75,0.0,0,0.0,0,0,,False,scattered,
jimmy,79,79,0.0,0,0.0,0,0,,False,scattered,
compass,78,30,0.0,0,0.0,0,0,,False,scattered,
frank,78,69,0.0,0,0.0,0,0,,False,scattered,
ace,77,72,0.0,0,0.0,0,0,,False,scattered,
baird,77,16,0.0,0,0.0,0,0,,False,scattered,
mike,77,72,0.0,0,0.0,0,0,,False,scattered,
hardware,74,69,0.0,0,0.0,0,0,,False,scattered,
athletico,73,71,0.0,0,0.0,0,0,,False,scattered,
box,73,69,0.0,0,0.0,0,0,,False,scattered,
crosscountry,73,6,0.0,0,0.0,0,0,,False,scattered,
fifth,73,56,0.0,0,0.0,0,0,,False,scattered,
kelly,73,61,0.0,0,0.0,0,0,,False,scattered,
hands,72,70,0.0,0,0.0,0,0,,False,scattered,
out,71,67,0.0,0,0.0,0,0,,False,scattered,
ankle,70,58,0.0,0,0.0,0,0,,False,scattered,
ann,70,57,0.0,0,0.0,0,0,,False,scattered,
mobil,70,65,0.0,0,0.0,0,0,,False,scattered,
osco,69,43,0.0,0,0.0,0,0,,False,scattered,
books,67,61,0.0,0,0.0,0,0,,False,scattered,
cream,67,64,0.0,0,0.0,0,0,,False,scattered,
tony,67,63,0.0,0,0.0,0,0,,False,scattered,
smiles,66,57,0.0,0,0.0,0,0,,False,scattered,
carpet,65,63,0.0,0,0.0,0,0,,False,scattered,
change,65,60,0.0,0,0.0,0,0,,False,scattered,
donuts,65,62,0.0,0,0.0,0,0,,False,scattered,
healthy,65,63,0.0,0,0.0,0,0,,False,scattered,
language,65,52,0.0,0,0.0,0,0,,False,scattered,
league,65,61,0.0,0,0.0,0,0,,False,scattered,
henry,63,60,0.0,0,0.0,0,0,,False,scattered,
od,63,32,0.0,0,0.0,0,0,,False,scattered,
steak,63,55,0.0,0,0.0,0,0,,False,scattered,
supplies,63,62,0.0,0,0.0,0,0,,False,scattered,
two,63,61,0.0,0,0.0,0,0,,False,scattered,
connection,62,60,0.0,0,0.0,0,0,,False,scattered,
human,62,58,0.0,0,0.0,0,0,,False,scattered,
pool,62,60,0.0,0,0.0,0,0,,False,scattered,
spirit,62,60,0.0,0,0.0,0,0,,False,scattered,
we,62,59,0.0,0,0.0,0,0,,False,scattered,
loan,61,50,0.0,0,0.0,0,0,,False,scattered,
action,60,56,0.0,0,0.0,0,0,,False,scattered,
clothing,60,58,0.0,0,0.0,0,0,,False,scattered,
girls,60,58,0.0,0,0.0,0,0,,False,scattered,
pnc,60,48,0.0,0,0.0,0,0,,False,scattered,
chris,58,48,0.0,0,0.0,0,0,,False,scattered,
experience,58,55,0.0,0,0.0,0,0,,False,scattered,
extra,58,57,0.0,0,0.0,0,0,,False,scattered,
kevin,58,50,0.0,0,0.0,0,0,,False,scattered,
sam,58,56,0.0,0,0.0,0,0,,False,scattered,
soccer,58,51,0.0,0,0.0,0,0,,False,scattered,
zone,58,57,0.0,0,0.0,0,0,,False,scattered,
bmo,57,53,0.0,0,0.0,0,0,,False,scattered,
divine,57,56,0.0,0,0.0,0,0,,False,scattered,
gift,57,55,0.0,0,0.0,0,0,,False,scattered,
anna,56,54,0.0,0,0.0,0,0,,False,scattered,
dc,56,50,0.0,0,0.0,0,0,,False,scattered,
incorporated,56,53,0.0,0,0.0,0,0,,False,scattered,
advance,55,53,0.0,0,0.0,0,0,,False,scattered,
get,55,54,0.0,0,0.0,0,0,,False,scattered,
three,55,54,0.0,0,0.0,0,0,,False,scattered,
creations,54,51,0.0,0,0.0,0,0,,False,scattered,
jack,54,52,0.0,0,0.0,0,0,,False,scattered,
open,54,53,0.0,0,0.0,0,0,,False,scattered,
shred,54,54,0.0,0,0.0,0,0,,False,scattered,
testing,54,47,0.0,0,0.0,0,0,,False,scattered,
beyond,53,52,0.0,0,0.0,0,0,,False,scattered,
florist,53,53,0.0,0,0.0,0,0,,False,scattered,
jordan,53,48,0.0,0,0.0,0,0,,False,scattered,
professionals,53,49,0.0,0,0.0,0,0,,False,scattered,
angel,52,49,0.0,0,0.0,0,0,,False,scattered,
facility,52,42,0.0,0,0.0,0,0,,False,scattered,
four,52,47,0.0,0,0.0,0,0,,False,scattered,
lending,52,42,0.0,0,0.0,0,0,,False,scattered,
locksmith,52,50,0.0,0,0.0,0,0,,False,scattered,
vip,52,52,0.0,0,0.0,0,0,,False,scattered,
abc,51,46,0.0,0,0.0,0,0,,False,scattered,
burrito,51,46,0.0,0,0.0,0,0,,False,scattered,
clinical,51,45,0.0,0,0.0,0,0,,False,scattered,
coinme,51,51,0.0,0,0.0,0,0,,False,scattered,
paint,51,47,0.0,0,0.0,0,0,,False,scattered,
removal,51,48,0.0,0,0.0,0,0,,False,scattered,
stephanie,51,49,0.0,0,0.0,0,0,,False,scattered,
cellular,50,49,0.0,0,0.0,0,0,,False,scattered,
chef,50,48,0.0,0,0.0,0,0,,False,scattered,
integrative,50,43,0.0,0,0.0,0,0,,False,scattered,
joint,50,46,0.0,0,0.0,0,0,,False,scattered,
makeup,50,41,0.0,0,0.0,0,0,,False,scattered,
mind,50,48,0.0,0,0.0,0,0,,False,scattered,
emergency,49,44,0.0,0,0.0,0,0,,False,scattered,
luxe,49,48,0.0,0,0.0,0,0,,False,scattered,
moore,49,44,0.0,0,0.0,0,0,,False,scattered,
suite,49,46,0.0,0,0.0,0,0,,False,scattered,
tv,49,49,0.0,0,0.0,0,0,,False,scattered,
amy,48,43,0.0,0,0.0,0,0,,False,scattered,
boxing,48,47,0.0,0,0.0,0,0,,False,scattered,
ecoatm,48,48,0.0,0,0.0,0,0,,False,scattered,
next,48,45,0.0,0,0.0,0,0,,False,scattered,
pantry,48,47,0.0,0,0.0,0,0,,False,scattered,
aaron,47,42,0.0,0,0.0,0,0,,False,scattered,
culture,47,43,0.0,0,0.0,0,0,,False,scattered,
chop,46,44,0.0,0,0.0,0,0,,False,scattered,
kidney,46,44,0.0,0,0.0,0,0,,False,scattered,
right,46,45,0.0,0,0.0,0,0,,False,scattered,
silver,46,46,0.0,0,0.0,0,0,,False,scattered,
educational,45,44,0.0,0,0.0,0,0,,False,scattered,
bread,44,44,0.0,0,0.0,0,0,,False,scattered,
chipotle,44,44,0.0,0,0.0,0,0,,False,scattered,
lodge,44,28,0.0,0,0.0,0,0,,False,scattered,
main,44,40,0.0,0,0.0,0,0,,False,scattered,
mall,44,40,0.0,0,0.0,0,0,,False,scattered,
son,44,40,0.0,0,0.0,0,0,,False,scattered,
urgent,44,43,0.0,0,0.0,0,0,,False,scattered,
limited,43,40,0.0,0,0.0,0,0,,False,scattered,
orthodontics,43,36,0.0,0,0.0,0,0,,False,scattered,
alexander,42,41,0.0,0,0.0,0,0,,False,scattered,
baby,42,40,0.0,0,0.0,0,0,,False,scattered,
doctor,42,40,0.0,0,0.0,0,0,,False,scattered,
ray,42,37,0.0,0,0.0,0,0,,False,scattered,
sewer,42,41,0.0,0,0.0,0,0,,False,scattered,
transit,42,39,0.0,0,0.0,0,0,,False,scattered,
autozone,41,41,0.0,0,0.0,0,0,,False,scattered,
man,41,40,0.0,0,0.0,0,0,,False,scattered,
oasis,41,39,0.0,0,0.0,0,0,,False,scattered,
progressive,41,39,0.0,0,0.0,0,0,,False,scattered,
wintrust,41,37,0.0,0,0.0,0,0,,False,scattered,
comfort,40,39,0.0,0,0.0,0,0,,False,scattered,
fred,40,39,0.0,0,0.0,0,0,,False,scattered,
nd,40,39,0.0,0,0.0,0,0,,False,scattered,
pediatrics,40,32,0.0,0,0.0,0,0,,False,scattered,
popeyes,40,37,0.0,0,0.0,0,0,,False,scattered,
southern,40,38,0.0,0,0.0,0,0,,False,scattered,
threading,40,38,0.0,0,0.0,0,0,,False,scattered,
ashley,39,36,0.0,0,0.0,0,0,,False,scattered,
eagle,39,39,0.0,0,0.0,0,0,,False,scattered,
may,39,38,0.0,0,0.0,0,0,,False,scattered,
payless,39,39,0.0,0,0.0,0,0,,False,scattered,
simply,39,38,0.0,0,0.0,0,0,,False,scattered,
sleep,39,31,0.0,0,0.0,0,0,,False,scattered,
sullivan,39,34,0.0,0,0.0,0,0,,False,scattered,
allen,38,33,0.0,0,0.0,0,0,,False,scattered,
book,38,35,0.0,0,0.0,0,0,,False,scattered,
finance,38,34,0.0,0,0.0,0,0,,False,scattered,
future,38,36,0.0,0,0.0,0,0,,False,scattered,
girl,38,34,0.0,0,0.0,0,0,,False,scattered,
page,38,36,0.0,0,0.0,0,0,,False,scattered,
pest,38,38,0.0,0,0.0,0,0,,False,scattered,
stars,38,37,0.0,0,0.0,0,0,,False,scattered,
ubs,38,1,0.0,0,0.0,0,0,,False,scattered,
veterinary,38,37,0.0,0,0.0,0,0,,False,scattered,
andrea,37,34,0.0,0,0.0,0,0,,False,scattered,
class,37,35,0.0,0,0.0,0,0,,False,scattered,
closet,37,36,0.0,0,0.0,0,0,,False,scattered,
coinflip,37,37,0.0,0,0.0,0,0,,False,scattered,
lock,37,34,0.0,0,0.0,0,0,,False,scattered,
math,37,37,0.0,0,0.0,0,0,,False,scattered,
only,37,33,0.0,0,0.0,0,0,,False,scattered,
plant,37,34,0.0,0,0.0,0,0,,False,scattered,
walk,37,37,0.0,0,0.0,0,0,,False,scattered,
alan,36,31,0.0,0,0.0,0,0,,False,scattered,
bath,36,33,0.0,0,0.0,0,0,,False,scattered,
budget,36,33,0.0,0,0.0,0,0,,False,scattered,
chapter,36,36,0.0,0,0.0,0,0,,False,scattered,
coach,36,34,0.0,0,0.0,0,0,,False,scattered,
eyecare,36,34,0.0,0,0.0,0,0,,False,scattered,
jean,36,32,0.0,0,0.0,0,0,,False,scattered,
lux,36,33,0.0,0,0.0,0,0,,False,scattered,
nature,36,35,0.0,0,0.0,0,0,,False,scattered,
partnership,36,29,0.0,0,0.0,0,0,,False,scattered,
safe,36,35,0.0,0,0.0,0,0,,False,scattered,
verizon,36,36,0.0,0,0.0,0,0,,False,scattered,
wendy,36,35,0.0,0,0.0,0,0,,False,scattered,
windows,36,35,0.0,0,0.0,0,0,,False,scattered,
cat,35,34,0.0,0,0.0,0,0,,False,scattered,
christine,35,32,0.0,0,0.0,0,0,,False,scattered,
daily,35,33,0.0,0,0.0,0,0,,False,scattered,
doors,35,33,0.0,0,0.0,0,0,,False,scattered,
eatery,35,35,0.0,0,0.0,0,0,,False,scattered,
french,35,28,0.0,0,0.0,0,0,,False,scattered,
fresenius,35,34,0.0,0,0.0,0,0,,False,scattered,
gnc,35,35,0.0,0,0.0,0,0,,False,scattered,
goods,35,34,0.0,0,0.0,0,0,,False,scattered,
guys,35,34,0.0,0,0.0,0,0,,False,scattered,
jay,35,35,0.0,0,0.0,0,0,,False,scattered,
kfc,35,35,0.0,0,0.0,0,0,,False,scattered,
leon,35,30,0.0,0,0.0,0,0,,False,scattered,
maya,35,34,0.0,0,0.0,0,0,,False,scattered,
papa,35,34,0.0,0,0.0,0,0,,False,scattered,
paper,35,35,0.0,0,0.0,0,0,,False,scattered,
performing,35,33,0.0,0,0.0,0,0,,False,scattered,
piano,35,32,0.0,0,0.0,0,0,,False,scattered,
pretty,35,32,0.0,0,0.0,0,0,,False,scattered,
renaissance,35,32,0.0,0,0.0,0,0,,False,scattered,
seven,35,35,0.0,0,0.0,0,0,,False,scattered,
small,35,33,0.0,0,0.0,0,0,,False,scattered,
sol,35,35,0.0,0,0.0,0,0,,False,scattered,
table,35,34,0.0,0,0.0,0,0,,False,scattered,
cantina,34,29,0.0,0,0.0,0,0,,False,scattered,
cycle,34,33,0.0,0,0.0,0,0,,False,scattered,
davita,34,28,0.0,0,0.0,0,0,,False,scattered,
honey,34,32,0.0,0,0.0,0,0,,False,scattered,
nick,34,33,0.0,0,0.0,0,0,,False,scattered,
night,34,33,0.0,0,0.0,0,0,,False,scattered,
price,34,33,0.0,0,0.0,0,0,,False,scattered,
radioshack,34,34,0.0,0,0.0,0,0,,False,scattered,
ultimate,34,33,0.0,0,0.0,0,0,,False,scattered,
active,33,33,0.0,0,0.0,0,0,,False,scattered,
atlas,33,31,0.0,0,0.0,0,0,,False,scattered,
bowl,33,33,0.0,0,0.0,0,0,,False,scattered,
digitalmint,33,33,0.0,0,0.0,0,0,,False,scattered,
expert,33,32,0.0,0,0.0,0,0,,False,scattered,
imperial,33,28,0.0,0,0.0,0,0,,False,scattered,
japanese,33,32,0.0,0,0.0,0,0,,False,scattered,
jitsu,33,31,0.0,0,0.0,0,0,,False,scattered,
jiu,33,31,0.0,0,0.0,0,0,,False,scattered,
levy,33,31,0.0,0,0.0,0,0,,False,scattered,
mohammed,33,24,0.0,0,0.0,0,0,,False,scattered,
money,33,29,0.0,0,0.0,0,0,,False,scattered,
wingstop,33,33,0.0,0,0.0,0,0,,False,scattered,
beautiful,32,30,0.0,0,0.0,0,0,,False,scattered,
detailing,32,31,0.0,0,0.0,0,0,,False,scattered,
diana,32,31,0.0,0,0.0,0,0,,False,scattered,
fusion,32,31,0.0,0,0.0,0,0,,False,scattered,
glow,32,30,0.0,0,0.0,0,0,,False,scattered,
julie,32,28,0.0,0,0.0,0,0,,False,scattered,
kenneth,32,28,0.0,0,0.0,0,0,,False,scattered,
lotus,32,31,0.0,0,0.0,0,0,,False,scattered,
pasta,32,32,0.0,0,0.0,0,0,,False,scattered,
reliable,32,30,0.0,0,0.0,0,0,,False,scattered,
see,32,30,0.0,0,0.0,0,0,,False,scattered,
tropical,32,29,0.0,0,0.0,0,0,,False,scattered,
walker,32,30,0.0,0,0.0,0,0,,False,scattered,
associated,31,30,0.0,0,0.0,0,0,,False,scattered,
bloom,31,29,0.0,0,0.0,0,0,,False,scattered,
conditioning,31,31,0.0,0,0.0,0,0,,False,scattered,
earth,31,31,0.0,0,0.0,0,0,,False,scattered,
empire,31,29,0.0,0,0.0,0,0,,False,scattered,
fix,31,29,0.0,0,0.0,0,0,,False,scattered,
hi,31,31,0.0,0,0.0,0,0,,False,scattered,
horizon,31,31,0.0,0,0.0,0,0,,False,scattered,
impact,31,31,0.0,0,0.0,0,0,,False,scattered,
independent,31,28,0.0,0,0.0,0,0,,False,scattered,
panda,31,31,0.0,0,0.0,0,0,,False,scattered,
phoenix,31,30,0.0,0,0.0,0,0,,False,scattered,
pride,31,30,0.0,0,0.0,0,0,,False,scattered,
servicemaster,31,23,0.0,0,0.0,0,0,,False,scattered,
shine,31,30,0.0,0,0.0,0,0,,False,scattered,
sisters,31,27,0.0,0,0.0,0,0,,False,scattered,
witnesses,31,30,0.0,0,0.0,0,0,,False,scattered,
advantage,30,30,0.0,0,0.0,0,0,,False,scattered,
andy,30,29,0.0,0,0.0,0,0,,False,scattered,
bed,30,29,0.0,0,0.0,0,0,,False,scattered,
bee,30,30,0.0,0,0.0,0,0,,False,scattered,
bob,30,29,0.0,0,0.0,0,0,,False,scattered,
burgers,30,29,0.0,0,0.0,0,0,,False,scattered,
candy,30,30,0.0,0,0.0,0,0,,False,scattered,
craig,30,27,0.0,0,0.0,0,0,,False,scattered,
dennis,30,28,0.0,0,0.0,0,0,,False,scattered,
donald,30,27,0.0,0,0.0,0,0,,False,scattered,
fair,30,28,0.0,0,0.0,0,0,,False,scattered,
francis,30,25,0.0,0,0.0,0,0,,False,scattered,
grille,30,30,0.0,0,0.0,0,0,,False,scattered,
harmony,30,28,0.0,0,0.0,0,0,,False,scattered,
hertz,30,29,0.0,0,0.0,0,0,,False,scattered,
jet,30,30,0.0,0,0.0,0,0,,False,scattered,
jonathan,30,28,0.0,0,0.0,0,0,,False,scattered,
seasons,30,28,0.0,0,0.0,0,0,,False,scattered,
secret,30,28,0.0,0,0.0,0,0,,False,scattered,
shoppe,30,30,0.0,0,0.0,0,0,,False,scattered,
supreme,30,28,0.0,0,0.0,0,0,,False,scattered,
alderman,29,29,0.0,0,0.0,0,0,,False,scattered,
chitown,29,26,0.0,0,0.0,0,0,,False,scattered,
delivery,29,26,0.0,0,0.0,0,0,,False,scattered,
freedom,29,28,0.0,0,0.0,0,0,,False,scattered,
graham,29,28,0.0,0,0.0,0,0,,False,scattered,
iii,29,26,0.0,0,0.0,0,0,,False,scattered,
implant,29,24,0.0,0,0.0,0,0,,False,scattered,
jehovah,29,28,0.0,0,0.0,0,0,,False,scattered,
lucy,29,28,0.0,0,0.0,0,0,,False,scattered,
nelson,29,29,0.0,0,0.0,0,0,,False,scattered,
nephrology,29,26,0.0,0,0.0,0,0,,False,scattered,
number,29,29,0.0,0,0.0,0,0,,False,scattered,
pioneer,29,26,0.0,0,0.0,0,0,,False,scattered,
rise,29,28,0.0,0,0.0,0,0,,False,scattered,
shoesource,29,29,0.0,0,0.0,0,0,,False,scattered,
strategy,29,21,0.0,0,0.0,0,0,,False,scattered,
summer,29,28,0.0,0,0.0,0,0,,False,scattered,
tool,29,29,0.0,0,0.0,0,0,,False,scattered,
alternative,28,28,0.0,0,0.0,0,0,,False,scattered,
autism,28,28,0.0,0,0.0,0,0,,False,scattered,
beginnings,28,27,0.0,0,0.0,0,0,,False,scattered,
cocina,28,27,0.0,0,0.0,0,0,,False,scattered,
connect,28,24,0.0,0,0.0,0,0,,False,scattered,
connections,28,27,0.0,0,0.0,0,0,,False,scattered,
eat,28,27,0.0,0,0.0,0,0,,False,scattered,
employment,28,27,0.0,0,0.0,0,0,,False,scattered,
empowerment,28,28,0.0,0,0.0,0,0,,False,scattered,
inner,28,28,0.0,0,0.0,0,0,,False,scattered,
pearl,28,26,0.0,0,0.0,0,0,,False,scattered,
rescue,28,26,0.0,0,0.0,0,0,,False,scattered,
samuel,28,27,0.0,0,0.0,0,0,,False,scattered,
special,28,26,0.0,0,0.0,0,0,,False,scattered,
suey,28,28,0.0,0,0.0,0,0,,False,scattered,
thrift,28,28,0.0,0,0.0,0,0,,False,scattered,
usps,28,27,0.0,0,0.0,0,0,,False,scattered,
bureau,27,25,0.0,0,0.0,0,0,,False,scattered,
code,27,25,0.0,0,0.0,0,0,,False,scattered,
dave,27,27,0.0,0,0.0,0,0,,False,scattered,
di,27,26,0.0,0,0.0,0,0,,False,scattered,
fest,27,27,0.0,0,0.0,0,0,,False,scattered,
force,27,26,0.0,0,0.0,0,0,,False,scattered,
hayes,27,23,0.0,0,0.0,0,0,,False,scattered,
homecare,27,25,0.0,0,0.0,0,0,,False,scattered,
income,27,27,0.0,0,0.0,0,0,,False,scattered,
infusion,27,23,0.0,0,0.0,0,0,,False,scattered,
jameson,27,6,0.0,0,0.0,0,0,,False,scattered,
kay,27,27,0.0,0,0.0,0,0,,False,scattered,
lily,27,26,0.0,0,0.0,0,0,,False,scattered,
nation,27,25,0.0,0,0.0,0,0,,False,scattered,
orthopedic,27,24,0.0,0,0.0,0,0,,False,scattered,
pancake,27,27,0.0,0,0.0,0,0,,False,scattered,
philip,27,27,0.0,0,0.0,0,0,,False,scattered,
relief,27,27,0.0,0,0.0,0,0,,False,scattered,
roberts,27,24,0.0,0,0.0,0,0,,False,scattered,
roman,27,26,0.0,0,0.0,0,0,,False,scattered,
roof,27,26,0.0,0,0.0,0,0,,False,scattered,
sally,27,26,0.0,0,0.0,0,0,,False,scattered,
savings,27,22,0.0,0,0.0,0,0,,False,scattered,
sign,27,26,0.0,0,0.0,0,0,,False,scattered,
submarine,27,27,0.0,0,0.0,0,0,,False,scattered,
things,27,26,0.0,0,0.0,0,0,,False,scattered,
tobacco,27,27,0.0,0,0.0,0,0,,False,scattered,
venue,27,27,0.0,0,0.0,0,0,,False,scattered,
walter,27,23,0.0,0,0.0,0,0,,False,scattered,
aba,26,16,0.0,0,0.0,0,0,,False,scattered,
build,26,26,0.0,0,0.0,0,0,,False,scattered,
cbd,26,25,0.0,0,0.0,0,0,,False,scattered,
fried,26,26,0.0,0,0.0,0,0,,False,scattered,
fun,26,26,0.0,0,0.0,0,0,,False,scattered,
galleries,26,22,0.0,0,0.0,0,0,,False,scattered,
glamour,26,26,0.0,0,0.0,0,0,,False,scattered,
karate,26,25,0.0,0,0.0,0,0,,False,scattered,
larry,26,26,0.0,0,0.0,0,0,,False,scattered,
lou,26,26,0.0,0,0.0,0,0,,False,scattered,
low,26,26,0.0,0,0.0,0,0,,False,scattered,
metals,26,26,0.0,0,0.0,0,0,,False,scattered,
options,26,24,0.0,0,0.0,0,0,,False,scattered,
oxford,26,25,0.0,0,0.0,0,0,,False,scattered,
resale,26,26,0.0,0,0.0,0,0,,False,scattered,
rey,26,25,0.0,0,0.0,0,0,,False,scattered,
ronald,26,21,0.0,0,0.0,0,0,,False,scattered,
she,26,26,0.0,0,0.0,0,0,,False,scattered,
stan,26,25,0.0,0,0.0,0,0,,False,scattered,
wow,26,26,0.0,0,0.0,0,0,,False,scattered,
age,25,24,0.0,0,0.0,0,0,,False,scattered,
amp,25,23,0.0,0,0.0,0,0,,False,scattered,
ati,25,25,0.0,0,0.0,0,0,,False,scattered,
barnes,25,22,0.0,0,0.0,0,0,,False,scattered,
beth,25,23,0.0,0,0.0,0,0,,False,scattered,
braids,25,25,0.0,0,0.0,0,0,,False,scattered,
byline,25,25,0.0,0,0.0,0,0,,False,scattered,
campbell,25,24,0.0,0,0.0,0,0,,False,scattered,
citibank,25,25,0.0,0,0.0,0,0,,False,scattered,
dana,25,23,0.0,0,0.0,0,0,,False,scattered,
deck,25,23,0.0,0,0.0,0,0,,False,scattered,
eyes,25,24,0.0,0,0.0,0,0,,False,scattered,
justin,25,23,0.0,0,0.0,0,0,,False,scattered,
landmark,25,23,0.0,0,0.0,0,0,,False,scattered,
lemonade,25,25,0.0,0,0.0,0,0,,False,scattered,
lube,25,25,0.0,0,0.0,0,0,,False,scattered,
martha,25,23,0.0,0,0.0,0,0,,False,scattered,
mountain,25,25,0.0,0,0.0,0,0,,False,scattered,
paving,25,24,0.0,0,0.0,0,0,,False,scattered,
permanent,25,23,0.0,0,0.0,0,0,,False,scattered,
pete,25,25,0.0,0,0.0,0,0,,False,scattered,
retail,25,24,0.0,0,0.0,0,0,,False,scattered,
shannon,25,20,0.0,0,0.0,0,0,,False,scattered,
suburban,25,20,0.0,0,0.0,0,0,,False,scattered,
success,25,22,0.0,0,0.0,0,0,,False,scattered,
terry,25,24,0.0,0,0.0,0,0,,False,scattered,
trattoria,25,25,0.0,0,0.0,0,0,,False,scattered,
vape,25,24,0.0,0,0.0,0,0,,False,scattered,
africa,24,24,0.0,0,0.0,0,0,,False,scattered,
allied,24,24,0.0,0,0.0,0,0,,False,scattered,
artists,24,21,0.0,0,0.0,0,0,,False,scattered,
ballroom,24,22,0.0,0,0.0,0,0,,False,scattered,
betty,24,24,0.0,0,0.0,0,0,,False,scattered,
bill,24,24,0.0,0,0.0,0,0,,False,scattered,
bites,24,24,0.0,0,0.0,0,0,,False,scattered,
cakes,24,23,0.0,0,0.0,0,0,,False,scattered,
canine,24,24,0.0,0,0.0,0,0,,False,scattered,
elements,24,23,0.0,0,0.0,0,0,,False,scattered,
epic,24,24,0.0,0,0.0,0,0,,False,scattered,
flores,24,24,0.0,0,0.0,0,0,,False,scattered,
focus,24,23,0.0,0,0.0,0,0,,False,scattered,
id,24,22,0.0,0,0.0,0,0,,False,scattered,
indiana,24,22,0.0,0,0.0,0,0,,False,scattered,
intoxalock,24,24,0.0,0,0.0,0,0,,False,scattered,
masters,24,24,0.0,0,0.0,0,0,,False,scattered,
matt,24,20,0.0,0,0.0,0,0,,False,scattered,
miracle,24,23,0.0,0,0.0,0,0,,False,scattered,
mother,24,23,0.0,0,0.0,0,0,,False,scattered,
notary,24,24,0.0,0,0.0,0,0,,False,scattered,
officer,24,17,0.0,0,0.0,0,0,,False,scattered,
over,24,24,0.0,0,0.0,0,0,,False,scattered,
rivera,24,23,0.0,0,0.0,0,0,,False,scattered,
singh,24,23,0.0,0,0.0,0,0,,False,scattered,
take,24,23,0.0,0,0.0,0,0,,False,scattered,
tiffany,24,24,0.0,0,0.0,0,0,,False,scattered,
underground,24,23,0.0,0,0.0,0,0,,False,scattered,
vehicle,24,23,0.0,0,0.0,0,0,,False,scattered,
weddings,24,24,0.0,0,0.0,0,0,,False,scattered,
alley,23,21,0.0,0,0.0,0,0,,False,scattered,
apex,23,23,0.0,0,0.0,0,0,,False,scattered,
assistance,23,22,0.0,0,0.0,0,0,,False,scattered,
bankers,23,7,0.0,0,0.0,0,0,,False,scattered,
brien,23,20,0.0,0,0.0,0,0,,False,scattered,
cheese,23,21,0.0,0,0.0,0,0,,False,scattered,
coinhub,23,23,0.0,0,0.0,0,0,,False,scattered,
crew,23,23,0.0,0,0.0,0,0,,False,scattered,
danny,23,23,0.0,0,0.0,0,0,,False,scattered,
doyle,23,22,0.0,0,0.0,0,0,,False,scattered,
gamestop,23,23,0.0,0,0.0,0,0,,False,scattered,
gupta,23,23,0.0,0,0.0,0,0,,False,scattered,
hamilton,23,22,0.0,0,0.0,0,0,,False,scattered,
images,23,23,0.0,0,0.0,0,0,,False,scattered,
inside,23,22,0.0,0,0.0,0,0,,False,scattered,
internet,23,22,0.0,0,0.0,0,0,,False,scattered,
leaf,23,23,0.0,0,0.0,0,0,,False,scattered,
leonard,23,22,0.0,0,0.0,0,0,,False,scattered,
not,23,22,0.0,0,0.0,0,0,,False,scattered,
organic,23,23,0.0,0,0.0,0,0,,False,scattered,
peak,23,21,0.0,0,0.0,0,0,,False,scattered,
phillips,23,20,0.0,0,0.0,0,0,,False,scattered,
root,23,23,0.0,0,0.0,0,0,,False,scattered,
sigma,23,22,0.0,0,0.0,0,0,,False,scattered,
simple,23,22,0.0,0,0.0,0,0,,False,scattered,
site,23,23,0.0,0,0.0,0,0,,False,scattered,
acceptance,22,22,0.0,0,0.0,0,0,,False,scattered,
albert,22,22,0.0,0,0.0,0,0,,False,scattered,
apn,22,16,0.0,0,0.0,0,0,,False,scattered,
atelier,22,20,0.0,0,0.0,0,0,,False,scattered,
athena,22,22,0.0,0,0.0,0,0,,False,scattered,
barre,22,22,0.0,0,0.0,0,0,,False,scattered,
ben,22,20,0.0,0,0.0,0,0,,False,scattered,
berkshire,22,12,0.0,0,0.0,0,0,,False,scattered,
bowls,22,20,0.0,0,0.0,0,0,,False,scattered,
can,22,22,0.0,0,0.0,0,0,,False,scattered,
chick,22,22,0.0,0,0.0,0,0,,False,scattered,
deals,22,22,0.0,0,0.0,0,0,,False,scattered,
dee,22,21,0.0,0,0.0,0,0,,False,scattered,
dreams,22,21,0.0,0,0.0,0,0,,False,scattered,
giordano,22,21,0.0,0,0.0,0,0,,False,scattered,
griffin,22,20,0.0,0,0.0,0,0,,False,scattered,
helping,22,21,0.0,0,0.0,0,0,,False,scattered,
kale,22,6,0.0,0,0.0,0,0,,False,scattered,
mario,22,21,0.0,0,0.0,0,0,,False,scattered,
reading,22,22,0.0,0,0.0,0,0,,False,scattered,
reed,22,20,0.0,0,0.0,0,0,,False,scattered,
region,22,21,0.0,0,0.0,0,0,,False,scattered,
ron,22,22,0.0,0,0.0,0,0,,False,scattered,
roy,22,20,0.0,0,0.0,0,0,,False,scattered,
smoothie,22,22,0.0,0,0.0,0,0,,False,scattered,
snow,22,21,0.0,0,0.0,0,0,,False,scattered,
sotheby,22,3,0.0,0,0.0,0,0,,False,scattered,
track,22,22,0.0,0,0.0,0,0,,False,scattered,
unit,22,19,0.0,0,0.0,0,0,,False,scattered,
vascular,22,20,0.0,0,0.0,0,0,,False,scattered,
walking,22,21,0.0,0,0.0,0,0,,False,scattered,
wayne,22,19,0.0,0,0.0,0,0,,False,scattered,
allergy,21,16,0.0,0,0.0,0,0,,False,scattered,
alterations,21,20,0.0,0,0.0,0,0,,False,scattered,
amoco,21,21,0.0,0,0.0,0,0,,False,scattered,
antonio,21,21,0.0,0,0.0,0,0,,False,scattered,
around,21,21,0.0,0,0.0,0,0,,False,scattered,
barrel,21,21,0.0,0,0.0,0,0,,False,scattered,
blake,21,21,0.0,0,0.0,0,0,,False,scattered,
blossom,21,20,0.0,0,0.0,0,0,,False,scattered,
certified,21,21,0.0,0,0.0,0,0,,False,scattered,
citi,21,20,0.0,0,0.0,0,0,,False,scattered,
coco,21,21,0.0,0,0.0,0,0,,False,scattered,
den,21,19,0.0,0,0.0,0,0,,False,scattered,
doll,21,21,0.0,0,0.0,0,0,,False,scattered,
dtlr,21,21,0.0,0,0.0,0,0,,False,scattered,
excellence,21,21,0.0,0,0.0,0,0,,False,scattered,
ez,21,21,0.0,0,0.0,0,0,,False,scattered,
forward,21,20,0.0,0,0.0,0,0,,False,scattered,
freeway,21,21,0.0,0,0.0,0,0,,False,scattered,
gutter,21,19,0.0,0,0.0,0,0,,False,scattered,
landscape,21,19,0.0,0,0.0,0,0,,False,scattered,
look,21,20,0.0,0,0.0,0,0,,False,scattered,
major,21,20,0.0,0,0.0,0,0,,False,scattered,
meditation,21,20,0.0,0,0.0,0,0,,False,scattered,
morris,21,18,0.0,0,0.0,0,0,,False,scattered,
neal,21,18,0.0,0,0.0,0,0,,False,scattered,
pepe,21,20,0.0,0,0.0,0,0,,False,scattered,
precious,21,21,0.0,0,0.0,0,0,,False,scattered,
rich,21,21,0.0,0,0.0,0,0,,False,scattered,
rite,21,21,0.0,0,0.0,0,0,,False,scattered,
so,21,21,0.0,0,0.0,0,0,,False,scattered,
spencer,21,21,0.0,0,0.0,0,0,,False,scattered,
squad,21,19,0.0,0,0.0,0,0,,False,scattered,
subs,21,20,0.0,0,0.0,0,0,,False,scattered,
sunny,21,20,0.0,0,0.0,0,0,,False,scattered,
swift,21,18,0.0,0,0.0,0,0,,False,scattered,
ten,21,21,0.0,0,0.0,0,0,,False,scattered,
todd,21,19,0.0,0,0.0,0,0,,False,scattered,
train,21,20,0.0,0,0.0,0,0,,False,scattered,
wise,21,19,0.0,0,0.0,0,0,,False,scattered,
xpress,21,20,0.0,0,0.0,0,0,,False,scattered,
ac,20,19,0.0,0,0.0,0,0,,False,scattered,
architectural,20,19,0.0,0,0.0,0,0,,False,scattered,
belle,20,18,0.0,0,0.0,0,0,,False,scattered,
brick,20,20,0.0,0,0.0,0,0,,False,scattered,
busy,20,20,0.0,0,0.0,0,0,,False,scattered,
carry,20,20,0.0,0,0.0,0,0,,False,scattered,
chic,20,20,0.0,0,0.0,0,0,,False,scattered,
common,20,15,0.0,0,0.0,0,0,,False,scattered,
contracting,20,20,0.0,0,0.0,0,0,,False,scattered,
diaz,20,20,0.0,0,0.0,0,0,,False,scattered,
dj,20,18,0.0,0,0.0,0,0,,False,scattered,
dorothy,20,18,0.0,0,0.0,0,0,,False,scattered,
eddie,20,20,0.0,0,0.0,0,0,,False,scattered,
eden,20,20,0.0,0,0.0,0,0,,False,scattered,
einstein,20,20,0.0,0,0.0,0,0,,False,scattered,
ent,20,20,0.0,0,0.0,0,0,,False,scattered,
era,20,20,0.0,0,0.0,0,0,,False,scattered,
erin,20,20,0.0,0,0.0,0,0,,False,scattered,
evans,20,19,0.0,0,0.0,0,0,,False,scattered,
exotic,20,20,0.0,0,0.0,0,0,,False,scattered,
exp,20,8,0.0,0,0.0,0,0,,False,scattered,
fashions,20,18,0.0,0,0.0,0,0,,False,scattered,
freight,20,20,0.0,0,0.0,0,0,,False,scattered,
games,20,19,0.0,0,0.0,0,0,,False,scattered,
half,20,20,0.0,0,0.0,0,0,,False,scattered,
handcrafted,20,20,0.0,0,0.0,0,0,,False,scattered,
hard,20,19,0.0,0,0.0,0,0,,False,scattered,
jasmine,20,20,0.0,0,0.0,0,0,,False,scattered,
ken,20,20,0.0,0,0.0,0,0,,False,scattered,
meyer,20,19,0.0,0,0.0,0,0,,False,scattered,
minds,20,18,0.0,0,0.0,0,0,,False,scattered,
nurse,20,20,0.0,0,0.0,0,0,,False,scattered,
panera,20,20,0.0,0,0.0,0,0,,False,scattered,
protection,20,18,0.0,0,0.0,0,0,,False,scattered,
purple,20,19,0.0,0,0.0,0,0,,False,scattered,
record,20,20,0.0,0,0.0,0,0,,False,scattered,
saloon,20,20,0.0,0,0.0,0,0,,False,scattered,
sharma,20,18,0.0,0,0.0,0,0,,False,scattered,
shear,20,20,0.0,0,0.0,0,0,,False,scattered,
symphony,20,17,0.0,0,0.0,0,0,,False,scattered,
that,20,20,0.0,0,0.0,0,0,,False,scattered,
tina,20,20,0.0,0,0.0,0,0,,False,scattered,
tracy,20,19,0.0,0,0.0,0,0,,False,scattered,
vital,20,20,0.0,0,0.0,0,0,,False,scattered,
wide,20,20,0.0,0,0.0,0,0,,False,scattered,
will,20,18,0.0,0,0.0,0,0,,False,scattered,
adventures,19,19,0.0,0,0.0,0,0,,False,scattered,
are,19,19,0.0,0,0.0,0,0,,False,scattered,
barbers,19,19,0.0,0,0.0,0,0,,False,scattered,
bedding,19,18,0.0,0,0.0,0,0,,False,scattered,
bodega,19,18,0.0,0,0.0,0,0,,False,scattered,
brew,19,17,0.0,0,0.0,0,0,,False,scattered,
buffalo,19,19,0.0,0,0.0,0,0,,False,scattered,
chance,19,18,0.0,0,0.0,0,0,,False,scattered,
cruz,19,18,0.0,0,0.0,0,0,,False,scattered,
curtis,19,18,0.0,0,0.0,0,0,,False,scattered,
dolex,19,18,0.0,0,0.0,0,0,,False,scattered,
eco,19,19,0.0,0,0.0,0,0,,False,scattered,
elevate,19,19,0.0,0,0.0,0,0,,False,scattered,
excel,19,18,0.0,0,0.0,0,0,,False,scattered,
finest,19,19,0.0,0,0.0,0,0,,False,scattered,
indoor,19,19,0.0,0,0.0,0,0,,False,scattered,
jiffy,19,19,0.0,0,0.0,0,0,,False,scattered,
leah,19,18,0.0,0,0.0,0,0,,False,scattered,
lil,19,18,0.0,0,0.0,0,0,,False,scattered,
loya,19,18,0.0,0,0.0,0,0,,False,scattered,
magnum,19,19,0.0,0,0.0,0,0,,False,scattered,
mix,19,19,0.0,0,0.0,0,0,,False,scattered,
occupational,19,19,0.0,0,0.0,0,0,,False,scattered,
official,19,18,0.0,0,0.0,0,0,,False,scattered,
op,19,19,0.0,0,0.0,0,0,,False,scattered,
orangetheory,19,19,0.0,0,0.0,0,0,,False,scattered,
penske,19,19,0.0,0,0.0,0,0,,False,scattered,
perry,19,17,0.0,0,0.0,0,0,,False,scattered,
pinnacle,19,19,0.0,0,0.0,0,0,,False,scattered,
pot,19,18,0.0,0,0.0,0,0,,False,scattered,
prevention,19,19,0.0,0,0.0,0,0,,False,scattered,
prince,19,17,0.0,0,0.0,0,0,,False,scattered,
rising,19,19,0.0,0,0.0,0,0,,False,scattered,
serenity,19,19,0.0,0,0.0,0,0,,False,scattered,
sprint,19,19,0.0,0,0.0,0,0,,False,scattered,
supercuts,19,19,0.0,0,0.0,0,0,,False,scattered,
this,19,19,0.0,0,0.0,0,0,,False,scattered,
thru,19,18,0.0,0,0.0,0,0,,False,scattered,
times,19,19,0.0,0,0.0,0,0,,False,scattered,
turkish,19,17,0.0,0,0.0,0,0,,False,scattered,
bag,18,18,0.0,0,0.0,0,0,,False,scattered,
bliss,18,18,0.0,0,0.0,0,0,,False,scattered,
blu,18,15,0.0,0,0.0,0,0,,False,scattered,
cannabis,18,18,0.0,0,0.0,0,0,,False,scattered,
carlson,18,18,0.0,0,0.0,0,0,,False,scattered,
chan,18,16,0.0,0,0.0,0,0,,False,scattered,
cinema,18,17,0.0,0,0.0,0,0,,False,scattered,
clubs,18,17,0.0,0,0.0,0,0,,False,scattered,
course,18,18,0.0,0,0.0,0,0,,False,scattered,
ctr,18,17,0.0,0,0.0,0,0,,False,scattered,
donation,18,18,0.0,0,0.0,0,0,,False,scattered,
engel,18,4,0.0,0,0.0,0,0,,False,scattered,
evolution,18,17,0.0,0,0.0,0,0,,False,scattered,
falcon,18,18,0.0,0,0.0,0,0,,False,scattered,
fort,18,18,0.0,0,0.0,0,0,,False,scattered,
gina,18,17,0.0,0,0.0,0,0,,False,scattered,
haircuts,18,18,0.0,0,0.0,0,0,,False,scattered,
hathaway,18,9,0.0,0,0.0,0,0,,False,scattered,
keith,18,17,0.0,0,0.0,0,0,,False,scattered,
kiss,18,17,0.0,0,0.0,0,0,,False,scattered,
kristin,18,17,0.0,0,0.0,0,0,,False,scattered,
kung,18,16,0.0,0,0.0,0,0,,False,scattered,
link,18,18,0.0,0,0.0,0,0,,False,scattered,
make,18,18,0.0,0,0.0,0,0,,False,scattered,
mia,18,18,0.0,0,0.0,0,0,,False,scattered,
mirror,18,18,0.0,0,0.0,0,0,,False,scattered,
mk,18,18,0.0,0,0.0,0,0,,False,scattered,
monarch,18,18,0.0,0,0.0,0,0,,False,scattered,
natasha,18,16,0.0,0,0.0,0,0,,False,scattered,
networks,18,15,0.0,0,0.0,0,0,,False,scattered,
pointe,18,16,0.0,0,0.0,0,0,,False,scattered,
provider,18,16,0.0,0,0.0,0,0,,False,scattered,
realtors,18,17,0.0,0,0.0,0,0,,False,scattered,
renovations,18,18,0.0,0,0.0,0,0,,False,scattered,
reserve,18,16,0.0,0,0.0,0,0,,False,scattered,
sausage,18,18,0.0,0,0.0,0,0,,False,scattered,
sir,18,18,0.0,0,0.0,0,0,,False,scattered,
tools,18,17,0.0,0,0.0,0,0,,False,scattered,
used,18,18,0.0,0,0.0,0,0,,False,scattered,
warrior,18,18,0.0,0,0.0,0,0,,False,scattered,
wheel,18,18,0.0,0,0.0,0,0,,False,scattered,
workforce,18,18,0.0,0,0.0,0,0,,False,scattered,
xfinity,18,17,0.0,0,0.0,0,0,,False,scattered,
zen,18,18,0.0,0,0.0,0,0,,False,scattered,
aa,17,17,0.0,0,0.0,0,0,,False,scattered,
americas,17,16,0.0,0,0.0,0,0,,False,scattered,
branches,17,17,0.0,0,0.0,0,0,,False,scattered,
bravo,17,16,0.0,0,0.0,0,0,,False,scattered,
butcher,17,16,0.0,0,0.0,0,0,,False,scattered,
carrie,17,16,0.0,0,0.0,0,0,,False,scattered,
chosen,17,16,0.0,0,0.0,0,0,,False,scattered,
comcast,17,16,0.0,0,0.0,0,0,,False,scattered,
computers,17,17,0.0,0,0.0,0,0,,False,scattered,
conrad,17,16,0.0,0,0.0,0,0,,False,scattered,
consultant,17,16,0.0,0,0.0,0,0,,False,scattered,
covid,17,17,0.0,0,0.0,0,0,,False,scattered,
daley,17,12,0.0,0,0.0,0,0,,False,scattered,
dawn,17,17,0.0,0,0.0,0,0,,False,scattered,
dojo,17,17,0.0,0,0.0,0,0,,False,scattered,
dollop,17,17,0.0,0,0.0,0,0,,False,scattered,
dos,17,16,0.0,0,0.0,0,0,,False,scattered,
dulce,17,16,0.0,0,0.0,0,0,,False,scattered,
erica,17,17,0.0,0,0.0,0,0,,False,scattered,
exteriors,17,15,0.0,0,0.0,0,0,,False,scattered,
federation,17,15,0.0,0,0.0,0,0,,False,scattered,
fidelity,17,15,0.0,0,0.0,0,0,,False,scattered,
fmc,17,17,0.0,0,0.0,0,0,,False,scattered,
frame,17,17,0.0,0,0.0,0,0,,False,scattered,
gabriel,17,16,0.0,0,0.0,0,0,,False,scattered,
greg,17,17,0.0,0,0.0,0,0,,False,scattered,
herbs,17,17,0.0,0,0.0,0,0,,False,scattered,
hunter,17,17,0.0,0,0.0,0,0,,False,scattered,
integrity,17,16,0.0,0,0.0,0,0,,False,scattered,
irene,17,16,0.0,0,0.0,0,0,,False,scattered,
jalisco,17,17,0.0,0,0.0,0,0,,False,scattered,
jb,17,17,0.0,0,0.0,0,0,,False,scattered,
jenny,17,17,0.0,0,0.0,0,0,,False,scattered,
jersey,17,17,0.0,0,0.0,0,0,,False,scattered,
jorge,17,16,0.0,0,0.0,0,0,,False,scattered,
kitchens,17,17,0.0,0,0.0,0,0,,False,scattered,
learn,17,14,0.0,0,0.0,0,0,,False,scattered,
maggie,17,17,0.0,0,0.0,0,0,,False,scattered,
marco,17,17,0.0,0,0.0,0,0,,False,scattered,
mason,17,16,0.0,0,0.0,0,0,,False,scattered,
olivia,17,17,0.0,0,0.0,0,0,,False,scattered,
origin,17,4,0.0,0,0.0,0,0,,False,scattered,
oscar,17,17,0.0,0,0.0,0,0,,False,scattered,
pit,17,17,0.0,0,0.0,0,0,,False,scattered,
port,17,17,0.0,0,0.0,0,0,,False,scattered,
powell,17,17,0.0,0,0.0,0,0,,False,scattered,
primo,17,17,0.0,0,0.0,0,0,,False,scattered,
projects,17,16,0.0,0,0.0,0,0,,False,scattered,
rita,17,15,0.0,0,0.0,0,0,,False,scattered,
samantha,17,17,0.0,0,0.0,0,0,,False,scattered,
schneider,17,17,0.0,0,0.0,0,0,,False,scattered,
sharon,17,15,0.0,0,0.0,0,0,,False,scattered,
shoulders,17,16,0.0,0,0.0,0,0,,False,scattered,
sims,17,16,0.0,0,0.0,0,0,,False,scattered,
spark,17,17,0.0,0,0.0,0,0,,False,scattered,
spoon,17,17,0.0,0,0.0,0,0,,False,scattered,
stores,17,17,0.0,0,0.0,0,0,,False,scattered,
story,17,17,0.0,0,0.0,0,0,,False,scattered,
syed,17,16,0.0,0,0.0,0,0,,False,scattered,
synergy,17,16,0.0,0,0.0,0,0,,False,scattered,
tile,17,16,0.0,0,0.0,0,0,,False,scattered,
via,17,17,0.0,0,0.0,0,0,,False,scattered,
viva,17,17,0.0,0,0.0,0,0,,False,scattered,
whitney,17,14,0.0,0,0.0,0,0,,False,scattered,
win,17,16,0.0,0,0.0,0,0,,False,scattered,
ambassador,16,10,0.0,0,0.0,0,0,,False,scattered,
anita,16,14,0.0,0,0.0,0,0,,False,scattered,
ap,16,16,0.0,0,0.0,0,0,,False,scattered,
april,16,16,0.0,0,0.0,0,0,,False,scattered,
arbor,16,13,0.0,0,0.0,0,0,,False,scattered,
bond,16,15,0.0,0,0.0,0,0,,False,scattered,
brother,16,16,0.0,0,0.0,0,0,,False,scattered,
bubble,16,16,0.0,0,0.0,0,0,,False,scattered,
buddy,16,16,0.0,0,0.0,0,0,,False,scattered,
castillo,16,14,0.0,0,0.0,0,0,,False,scattered,
charging,16,16,0.0,0,0.0,0,0,,False,scattered,
cigar,16,16,0.0,0,0.0,0,0,,False,scattered,
cool,16,16,0.0,0,0.0,0,0,,False,scattered,
cubesmart,16,8,0.0,0,0.0,0,0,,False,scattered,
deluxe,16,16,0.0,0,0.0,0,0,,False,scattered,
double,16,15,0.0,0,0.0,0,0,,False,scattered,
drain,16,16,0.0,0,0.0,0,0,,False,scattered,
drop,16,16,0.0,0,0.0,0,0,,False,scattered,
eugene,16,14,0.0,0,0.0,0,0,,False,scattered,
ferguson,16,15,0.0,0,0.0,0,0,,False,scattered,
frances,16,16,0.0,0,0.0,0,0,,False,scattered,
fruit,16,16,0.0,0,0.0,0,0,,False,scattered,
gerber,16,16,0.0,0,0.0,0,0,,False,scattered,
heather,16,15,0.0,0,0.0,0,0,,False,scattered,
holly,16,15,0.0,0,0.0,0,0,,False,scattered,
journey,16,16,0.0,0,0.0,0,0,,False,scattered,
kathryn,16,15,0.0,0,0.0,0,0,,False,scattered,
kiddie,16,16,0.0,0,0.0,0,0,,False,scattered,
krispy,16,16,0.0,0,0.0,0,0,,False,scattered,
ladies,16,16,0.0,0,0.0,0,0,,False,scattered,
lovely,16,16,0.0,0,0.0,0,0,,False,scattered,
loving,16,16,0.0,0,0.0,0,0,,False,scattered,
lowe,16,15,0.0,0,0.0,0,0,,False,scattered,
majestic,16,16,0.0,0,0.0,0,0,,False,scattered,
maxillofacial,16,12,0.0,0,0.0,0,0,,False,scattered,
model,16,15,0.0,0,0.0,0,0,,False,scattered,
oakley,16,14,0.0,0,0.0,0,0,,False,scattered,
onemain,16,16,0.0,0,0.0,0,0,,False,scattered,
org,16,16,0.0,0,0.0,0,0,,False,scattered,
orthopaedics,16,13,0.0,0,0.0,0,0,,False,scattered,
partner,16,16,0.0,0,0.0,0,0,,False,scattered,
pastry,16,16,0.0,0,0.0,0,0,,False,scattered,
pick,16,16,0.0,0,0.0,0,0,,False,scattered,
playhouse,16,16,0.0,0,0.0,0,0,,False,scattered,
porch,16,16,0.0,0,0.0,0,0,,False,scattered,
puppies,16,16,0.0,0,0.0,0,0,,False,scattered,
refinishing,16,16,0.0,0,0.0,0,0,,False,scattered,
revive,16,15,0.0,0,0.0,0,0,,False,scattered,
ribs,16,16,0.0,0,0.0,0,0,,False,scattered,
sells,16,14,0.0,0,0.0,0,0,,False,scattered,
sister,16,15,0.0,0,0.0,0,0,,False,scattered,
tasty,16,15,0.0,0,0.0,0,0,,False,scattered,
taxes,16,16,0.0,0,0.0,0,0,,False,scattered,
teller,16,16,0.0,0,0.0,0,0,,False,scattered,
therapeutics,16,16,0.0,0,0.0,0,0,,False,scattered,
too,16,16,0.0,0,0.0,0,0,,False,scattered,
tres,16,15,0.0,0,0.0,0,0,,False,scattered,
turner,16,14,0.0,0,0.0,0,0,,False,scattered,
writing,16,15,0.0,0,0.0,0,0,,False,scattered,
adrian,15,15,0.0,0,0.0,0,0,,False,scattered,
affiliated,15,15,0.0,0,0.0,0,0,,False,scattered,
alexandra,15,13,0.0,0,0.0,0,0,,False,scattered,
alternatives,15,14,0.0,0,0.0,0,0,,False,scattered,
anesthesia,15,13,0.0,0,0.0,0,0,,False,scattered,
angelo,15,14,0.0,0,0.0,0,0,,False,scattered,
anytime,15,15,0.0,0,0.0,0,0,,False,scattered,
apothecary,15,15,0.0,0,0.0,0,0,,False,scattered,
aqua,15,13,0.0,0,0.0,0,0,,False,scattered,
authentic,15,14,0.0,0,0.0,0,0,,False,scattered,
base,15,14,0.0,0,0.0,0,0,,False,scattered,
bb,15,14,0.0,0,0.0,0,0,,False,scattered,
bennett,15,15,0.0,0,0.0,0,0,,False,scattered,
berman,15,14,0.0,0,0.0,0,0,,False,scattered,
blues,15,14,0.0,0,0.0,0,0,,False,scattered,
boot,15,15,0.0,0,0.0,0,0,,False,scattered,
carson,15,15,0.0,0,0.0,0,0,,False,scattered,
cdl,15,11,0.0,0,0.0,0,0,,False,scattered,
concept,15,15,0.0,0,0.0,0,0,,False,scattered,
costa,15,13,0.0,0,0.0,0,0,,False,scattered,
crossroads,15,14,0.0,0,0.0,0,0,,False,scattered,
curry,15,15,0.0,0,0.0,0,0,,False,scattered,
decorating,15,15,0.0,0,0.0,0,0,,False,scattered,
dessert,15,15,0.0,0,0.0,0,0,,False,scattered,
diva,15,15,0.0,0,0.0,0,0,,False,scattered,
dona,15,14,0.0,0,0.0,0,0,,False,scattered,
donna,15,15,0.0,0,0.0,0,0,,False,scattered,
driver,15,15,0.0,0,0.0,0,0,,False,scattered,
dynasty,15,15,0.0,0,0.0,0,0,,False,scattered,
essex,15,10,0.0,0,0.0,0,0,,False,scattered,
flamingo,15,12,0.0,0,0.0,0,0,,False,scattered,
found,15,14,0.0,0,0.0,0,0,,False,scattered,
guard,15,13,0.0,0,0.0,0,0,,False,scattered,
gutters,15,14,0.0,0,0.0,0,0,,False,scattered,
handmade,15,14,0.0,0,0.0,0,0,,False,scattered,
hat,15,15,0.0,0,0.0,0,0,,False,scattered,
hop,15,15,0.0,0,0.0,0,0,,False,scattered,
horn,15,13,0.0,0,0.0,0,0,,False,scattered,
ideal,15,15,0.0,0,0.0,0,0,,False,scattered,
inspections,15,15,0.0,0,0.0,0,0,,False,scattered,
jacqueline,15,15,0.0,0,0.0,0,0,,False,scattered,
jamie,15,15,0.0,0,0.0,0,0,,False,scattered,
jeremy,15,15,0.0,0,0.0,0,0,,False,scattered,
last,15,14,0.0,0,0.0,0,0,,False,scattered,
lola,15,14,0.0,0,0.0,0,0,,False,scattered,
lucas,15,14,0.0,0,0.0,0,0,,False,scattered,
luz,15,13,0.0,0,0.0,0,0,,False,scattered,
mad,15,15,0.0,0,0.0,0,0,,False,scattered,
mar,15,14,0.0,0,0.0,0,0,,False,scattered,
mega,15,15,0.0,0,0.0,0,0,,False,scattered,
midtown,15,13,0.0,0,0.0,0,0,,False,scattered,
mom,15,14,0.0,0,0.0,0,0,,False,scattered,
nice,15,14,0.0,0,0.0,0,0,,False,scattered,
order,15,15,0.0,0,0.0,0,0,,False,scattered,
organics,15,15,0.0,0,0.0,0,0,,False,scattered,
osteopathic,15,8,0.0,0,0.0,0,0,,False,scattered,
railroad,15,15,0.0,0,0.0,0,0,,False,scattered,
ready,15,14,0.0,0,0.0,0,0,,False,scattered,
rene,15,13,0.0,0,0.0,0,0,,False,scattered,
rob,15,15,0.0,0,0.0,0,0,,False,scattered,
royalty,15,15,0.0,0,0.0,0,0,,False,scattered,
ruby,15,15,0.0,0,0.0,0,0,,False,scattered,
rug,15,13,0.0,0,0.0,0,0,,False,scattered,
sacred,15,14,0.0,0,0.0,0,0,,False,scattered,
satellite,15,15,0.0,0,0.0,0,0,,False,scattered,
scholastic,15,13,0.0,0,0.0,0,0,,False,scattered,
siam,15,15,0.0,0,0.0,0,0,,False,scattered,
skills,15,15,0.0,0,0.0,0,0,,False,scattered,
snack,15,13,0.0,0,0.0,0,0,,False,scattered,
speedy,15,15,0.0,0,0.0,0,0,,False,scattered,
sweetgreen,15,15,0.0,0,0.0,0,0,,False,scattered,
tatiana,15,15,0.0,0,0.0,0,0,,False,scattered,
terra,15,14,0.0,0,0.0,0,0,,False,scattered,
tim,15,15,0.0,0,0.0,0,0,,False,scattered,
trader,15,14,0.0,0,0.0,0,0,,False,scattered,
uniform,15,15,0.0,0,0.0,0,0,,False,scattered,
vanessa,15,15,0.0,0,0.0,0,0,,False,scattered,
velvet,15,15,0.0,0,0.0,0,0,,False,scattered,
vibes,15,14,0.0,0,0.0,0,0,,False,scattered,
visions,15,15,0.0,0,0.0,0,0,,False,scattered,
volkers,15,1,0.0,0,0.0,0,0,,False,scattered,
walsh,15,12,0.0,0,0.0,0,0,,False,scattered,
watson,15,15,0.0,0,0.0,0,0,,False,scattered,
zenshi,15,15,0.0,0,0.0,0,0,,False,scattered,
allure,14,14,0.0,0,0.0,0,0,,False,scattered,
appraisals,14,13,0.0,0,0.0,0,0,,False,scattered,
arch,14,14,0.0,0,0.0,0,0,,False,scattered,
argo,14,14,0.0,0,0.0,0,0,,False,scattered,
artistic,14,14,0.0,0,0.0,0,0,,False,scattered,
as,14,14,0.0,0,0.0,0,0,,False,scattered,
bake,14,14,0.0,0,0.0,0,0,,False,scattered,
basketball,14,14,0.0,0,0.0,0,0,,False,scattered,
bautista,14,14,0.0,0,0.0,0,0,,False,scattered,
billing,14,14,0.0,0,0.0,0,0,,False,scattered,
bishop,14,14,0.0,0,0.0,0,0,,False,scattered,
boba,14,14,0.0,0,0.0,0,0,,False,scattered,
candle,14,14,0.0,0,0.0,0,0,,False,scattered,
carl,14,14,0.0,0,0.0,0,0,,False,scattered,
carolyn,14,13,0.0,0,0.0,0,0,,False,scattered,
chang,14,13,0.0,0,0.0,0,0,,False,scattered,
charlie,14,14,0.0,0,0.0,0,0,,False,scattered,
chez,14,13,0.0,0,0.0,0,0,,False,scattered,
cindy,14,13,0.0,0,0.0,0,0,,False,scattered,
coinstar,14,14,0.0,0,0.0,0,0,,False,scattered,
cooking,14,13,0.0,0,0.0,0,0,,False,scattered,
corepower,14,14,0.0,0,0.0,0,0,,False,scattered,
cup,14,13,0.0,0,0.0,0,0,,False,scattered,
daniels,14,11,0.0,0,0.0,0,0,,False,scattered,
desai,14,14,0.0,0,0.0,0,0,,False,scattered,
developmental,14,14,0.0,0,0.0,0,0,,False,scattered,
dock,14,14,0.0,0,0.0,0,0,,False,scattered,
doggy,14,14,0.0,0,0.0,0,0,,False,scattered,
duct,14,13,0.0,0,0.0,0,0,,False,scattered,
element,14,14,0.0,0,0.0,0,0,,False,scattered,
essential,14,14,0.0,0,0.0,0,0,,False,scattered,
evangelistic,14,14,0.0,0,0.0,0,0,,False,scattered,
evelyn,14,13,0.0,0,0.0,0,0,,False,scattered,
exch,14,14,0.0,0,0.0,0,0,,False,scattered,
expo,14,11,0.0,0,0.0,0,0,,False,scattered,
exquisite,14,14,0.0,0,0.0,0,0,,False,scattered,
exterior,14,14,0.0,0,0.0,0,0,,False,scattered,
flying,14,14,0.0,0,0.0,0,0,,False,scattered,
fries,14,13,0.0,0,0.0,0,0,,False,scattered,
frog,14,13,0.0,0,0.0,0,0,,False,scattered,
gap,14,14,0.0,0,0.0,0,0,,False,scattered,
gear,14,13,0.0,0,0.0,0,0,,False,scattered,
graduate,14,13,0.0,0,0.0,0,0,,False,scattered,
hart,14,14,0.0,0,0.0,0,0,,False,scattered,
homeservices,14,6,0.0,0,0.0,0,0,,False,scattered,
hood,14,13,0.0,0,0.0,0,0,,False,scattered,
ignite,14,13,0.0,0,0.0,0,0,,False,scattered,
inter,14,13,0.0,0,0.0,0,0,,False,scattered,
jaime,14,14,0.0,0,0.0,0,0,,False,scattered,
jenkins,14,13,0.0,0,0.0,0,0,,False,scattered,
joanna,14,14,0.0,0,0.0,0,0,,False,scattered,
judith,14,11,0.0,0,0.0,0,0,,False,scattered,
jump,14,13,0.0,0,0.0,0,0,,False,scattered,
kyle,14,12,0.0,0,0.0,0,0,,False,scattered,
let,14,14,0.0,0,0.0,0,0,,False,scattered,
lori,14,11,0.0,0,0.0,0,0,,False,scattered,
maison,14,14,0.0,0,0.0,0,0,,False,scattered,
marilyn,14,13,0.0,0,0.0,0,0,,False,scattered,
maureen,14,11,0.0,0,0.0,0,0,,False,scattered,
military,14,14,0.0,0,0.0,0,0,,False,scattered,
miss,14,14,0.0,0,0.0,0,0,,False,scattered,
monique,14,14,0.0,0,0.0,0,0,,False,scattered,
musical,14,12,0.0,0,0.0,0,0,,False,scattered,
noah,14,14,0.0,0,0.0,0,0,,False,scattered,
orchestra,14,12,0.0,0,0.0,0,0,,False,scattered,
ortho,14,13,0.0,0,0.0,0,0,,False,scattered,
outfitters,14,14,0.0,0,0.0,0,0,,False,scattered,
parks,14,14,0.0,0,0.0,0,0,,False,scattered,
playlot,14,14,0.0,0,0.0,0,0,,False,scattered,
quinn,14,13,0.0,0,0.0,0,0,,False,scattered,
rapid,14,14,0.0,0,0.0,0,0,,False,scattered,
resort,14,13,0.0,0,0.0,0,0,,False,scattered,
roche,14,14,0.0,0,0.0,0,0,,False,scattered,
rooter,14,14,0.0,0,0.0,0,0,,False,scattered,
ruth,14,14,0.0,0,0.0,0,0,,False,scattered,
sawlani,14,12,0.0,0,0.0,0,0,,False,scattered,
scrap,14,14,0.0,0,0.0,0,0,,False,scattered,
seal,14,14,0.0,0,0.0,0,0,,False,scattered,
specialties,14,14,0.0,0,0.0,0,0,,False,scattered,
ss,14,14,0.0,0,0.0,0,0,,False,scattered,
supper,14,13,0.0,0,0.0,0,0,,False,scattered,
texas,14,14,0.0,0,0.0,0,0,,False,scattered,
together,14,14,0.0,0,0.0,0,0,,False,scattered,
trans,14,14,0.0,0,0.0,0,0,,False,scattered,
transfer,14,14,0.0,0,0.0,0,0,,False,scattered,
trends,14,14,0.0,0,0.0,0,0,,False,scattered,
trio,14,11,0.0,0,0.0,0,0,,False,scattered,
triple,14,13,0.0,0,0.0,0,0,,False,scattered,
uno,14,14,0.0,0,0.0,0,0,,False,scattered,
vita,14,14,0.0,0,0.0,0,0,,False,scattered,
washing,14,14,0.0,0,0.0,0,0,,False,scattered,
waters,14,12,0.0,0,0.0,0,0,,False,scattered,
alamo,13,13,0.0,0,0.0,0,0,,False,scattered,
allan,13,13,0.0,0,0.0,0,0,,False,scattered,
annex,13,13,0.0,0,0.0,0,0,,False,scattered,
ash,13,12,0.0,0,0.0,0,0,,False,scattered,
asthma,13,13,0.0,0,0.0,0,0,,False,scattered,
atlantic,13,12,0.0,0,0.0,0,0,,False,scattered,
based,13,13,0.0,0,0.0,0,0,,False,scattered,
basil,13,11,0.0,0,0.0,0,0,,False,scattered,
below,13,12,0.0,0,0.0,0,0,,False,scattered,
bryan,13,12,0.0,0,0.0,0,0,,False,scattered,
card,13,13,0.0,0,0.0,0,0,,False,scattered,
cardinal,13,13,0.0,0,0.0,0,0,,False,scattered,
careers,13,13,0.0,0,0.0,0,0,,False,scattered,
ce,13,13,0.0,0,0.0,0,0,,False,scattered,
cedar,13,8,0.0,0,0.0,0,0,,False,scattered,
charity,13,12,0.0,0,0.0,0,0,,False,scattered,
costume,13,13,0.0,0,0.0,0,0,,False,scattered,
coworking,13,12,0.0,0,0.0,0,0,,False,scattered,
creation,13,13,0.0,0,0.0,0,0,,False,scattered,
cu,13,13,0.0,0,0.0,0,0,,False,scattered,
culinary,13,13,0.0,0,0.0,0,0,,False,scattered,
damage,13,12,0.0,0,0.0,0,0,,False,scattered,
drum,13,12,0.0,0,0.0,0,0,,False,scattered,
dui,13,13,0.0,0,0.0,0,0,,False,scattered,
ear,13,12,0.0,0,0.0,0,0,,False,scattered,
elephant,13,13,0.0,0,0.0,0,0,,False,scattered,
eli,13,13,0.0,0,0.0,0,0,,False,scattered,
embassy,13,13,0.0,0,0.0,0,0,,False,scattered,
empanadas,13,12,0.0,0,0.0,0,0,,False,scattered,
endodontics,13,11,0.0,0,0.0,0,0,,False,scattered,
essence,13,13,0.0,0,0.0,0,0,,False,scattered,
etc,13,13,0.0,0,0.0,0,0,,False,scattered,
fabrication,13,13,0.0,0,0.0,0,0,,False,scattered,
feed,13,12,0.0,0,0.0,0,0,,False,scattered,
fencing,13,12,0.0,0,0.0,0,0,,False,scattered,
fifty,13,13,0.0,0,0.0,0,0,,False,scattered,
flex,13,13,0.0,0,0.0,0,0,,False,scattered,
football,13,13,0.0,0,0.0,0,0,,False,scattered,
franco,13,12,0.0,0,0.0,0,0,,False,scattered,
frozen,13,13,0.0,0,0.0,0,0,,False,scattered,
gale,13,10,0.0,0,0.0,0,0,,False,scattered,
gastroenterology,13,10,0.0,0,0.0,0,0,,False,scattered,
gino,13,12,0.0,0,0.0,0,0,,False,scattered,
guide,13,12,0.0,0,0.0,0,0,,False,scattered,
gus,13,12,0.0,0,0.0,0,0,,False,scattered,
heavenly,13,13,0.0,0,0.0,0,0,,False,scattered,
higher,13,13,0.0,0,0.0,0,0,,False,scattered,
horse,13,13,0.0,0,0.0,0,0,,False,scattered,
hypnosis,13,9,0.0,0,0.0,0,0,,False,scattered,
imagine,13,13,0.0,0,0.0,0,0,,False,scattered,
improvement,13,13,0.0,0,0.0,0,0,,False,scattered,
izakaya,13,13,0.0,0,0.0,0,0,,False,scattered,
janet,13,11,0.0,0,0.0,0,0,,False,scattered,
kid,13,13,0.0,0,0.0,0,0,,False,scattered,
kindergarten,13,13,0.0,0,0.0,0,0,,False,scattered,
lang,13,13,0.0,0,0.0,0,0,,False,scattered,
lo,13,13,0.0,0,0.0,0,0,,False,scattered,
logic,13,12,0.0,0,0.0,0,0,,False,scattered,
lu,13,12,0.0,0,0.0,0,0,,False,scattered,
malnati,13,13,0.0,0,0.0,0,0,,False,scattered,
mango,13,13,0.0,0,0.0,0,0,,False,scattered,
manufacturer,13,13,0.0,0,0.0,0,0,,False,scattered,
marshalls,13,13,0.0,0,0.0,0,0,,False,scattered,
matters,13,13,0.0,0,0.0,0,0,,False,scattered,
mbc,13,12,0.0,0,0.0,0,0,,False,scattered,
mode,13,12,0.0,0,0.0,0,0,,False,scattered,
monkey,13,13,0.0,0,0.0,0,0,,False,scattered,
morton,13,13,0.0,0,0.0,0,0,,False,scattered,
multi,13,11,0.0,0,0.0,0,0,,False,scattered,
munoz,13,13,0.0,0,0.0,0,0,,False,scattered,
nina,13,13,0.0,0,0.0,0,0,,False,scattered,
orbit,13,13,0.0,0,0.0,0,0,,False,scattered,
orthodontic,13,12,0.0,0,0.0,0,0,,False,scattered,
pearle,13,12,0.0,0,0.0,0,0,,False,scattered,
penny,13,12,0.0,0,0.0,0,0,,False,scattered,
plates,13,13,0.0,0,0.0,0,0,,False,scattered,
polished,13,13,0.0,0,0.0,0,0,,False,scattered,
pr,13,12,0.0,0,0.0,0,0,,False,scattered,
prints,13,13,0.0,0,0.0,0,0,,False,scattered,
pritzker,13,11,0.0,0,0.0,0,0,,False,scattered,
pueblo,13,12,0.0,0,0.0,0,0,,False,scattered,
rare,13,12,0.0,0,0.0,0,0,,False,scattered,
relationship,13,12,0.0,0,0.0,0,0,,False,scattered,
rio,13,12,0.0,0,0.0,0,0,,False,scattered,
rosin,13,12,0.0,0,0.0,0,0,,False,scattered,
route,13,11,0.0,0,0.0,0,0,,False,scattered,
salvador,13,12,0.0,0,0.0,0,0,,False,scattered,
santiago,13,13,0.0,0,0.0,0,0,,False,scattered,
saving,13,13,0.0,0,0.0,0,0,,False,scattered,
section,13,8,0.0,0,0.0,0,0,,False,scattered,
sergio,13,13,0.0,0,0.0,0,0,,False,scattered,
shark,13,13,0.0,0,0.0,0,0,,False,scattered,
shirt,13,13,0.0,0,0.0,0,0,,False,scattered,
sierra,13,13,0.0,0,0.0,0,0,,False,scattered,
singing,13,13,0.0,0,0.0,0,0,,False,scattered,
sounds,13,12,0.0,0,0.0,0,0,,False,scattered,
sr,13,13,0.0,0,0.0,0,0,,False,scattered,
stylist,13,13,0.0,0,0.0,0,0,,False,scattered,
tailoring,13,13,0.0,0,0.0,0,0,,False,scattered,
tails,13,12,0.0,0,0.0,0,0,,False,scattered,
tee,13,13,0.0,0,0.0,0,0,,False,scattered,
thrivent,13,2,0.0,0,0.0,0,0,,False,scattered,
timeless,13,13,0.0,0,0.0,0,0,,False,scattered,
trauma,13,11,0.0,0,0.0,0,0,,False,scattered,
trend,13,13,0.0,0,0.0,0,0,,False,scattered,
vaccination,13,13,0.0,0,0.0,0,0,,False,scattered,
vet,13,13,0.0,0,0.0,0,0,,False,scattered,
virgin,13,12,0.0,0,0.0,0,0,,False,scattered,
weber,13,12,0.0,0,0.0,0,0,,False,scattered,
welcome,13,13,0.0,0,0.0,0,0,,False,scattered,
wigs,13,13,0.0,0,0.0,0,0,,False,scattered,
within,13,13,0.0,0,0.0,0,0,,False,scattered,
wong,13,11,0.0,0,0.0,0,0,,False,scattered,
adolescent,12,12,0.0,0,0.0,0,0,,False,scattered,
ahmad,12,11,0.0,0,0.0,0,0,,False,scattered,
analysis,12,11,0.0,0,0.0,0,0,,False,scattered,
andres,12,12,0.0,0,0.0,0,0,,False,scattered,
angie,12,12,0.0,0,0.0,0,0,,False,scattered,
another,12,12,0.0,0,0.0,0,0,,False,scattered,
arena,12,12,0.0,0,0.0,0,0,,False,scattered,
armando,12,12,0.0,0,0.0,0,0,,False,scattered,
auction,12,12,0.0,0,0.0,0,0,,False,scattered,
av,12,12,0.0,0,0.0,0,0,,False,scattered,
baba,12,12,0.0,0,0.0,0,0,,False,scattered,
beck,12,11,0.0,0,0.0,0,0,,False,scattered,
blind,12,11,0.0,0,0.0,0,0,,False,scattered,
blueprint,12,12,0.0,0,0.0,0,0,,False,scattered,
blush,12,12,0.0,0,0.0,0,0,,False,scattered,
boudoir,12,11,0.0,0,0.0,0,0,,False,scattered,
brasserie,12,10,0.0,0,0.0,0,0,,False,scattered,
broken,12,12,0.0,0,0.0,0,0,,False,scattered,
bruno,12,11,0.0,0,0.0,0,0,,False,scattered,
bubbles,12,12,0.0,0,0.0,0,0,,False,scattered,
bull,12,12,0.0,0,0.0,0,0,,False,scattered,
buyers,12,11,0.0,0,0.0,0,0,,False,scattered,
cardiac,12,10,0.0,0,0.0,0,0,,False,scattered,
ch,12,12,0.0,0,0.0,0,0,,False,scattered,
clay,12,11,0.0,0,0.0,0,0,,False,scattered,
cozy,12,12,0.0,0,0.0,0,0,,False,scattered,
cps,12,9,0.0,0,0.0,0,0,,False,scattered,
critical,12,11,0.0,0,0.0,0,0,,False,scattered,
crosstown,12,12,0.0,0,0.0,0,0,,False,scattered,
deaf,12,11,0.0,0,0.0,0,0,,False,scattered,
delgado,12,11,0.0,0,0.0,0,0,,False,scattered,
delight,12,12,0.0,0,0.0,0,0,,False,scattered,
demolition,12,11,0.0,0,0.0,0,0,,False,scattered,
dentologie,12,11,0.0,0,0.0,0,0,,False,scattered,
duran,12,12,0.0,0,0.0,0,0,,False,scattered,
emanuel,12,12,0.0,0,0.0,0,0,,False,scattered,
erika,12,11,0.0,0,0.0,0,0,,False,scattered,
essentials,12,12,0.0,0,0.0,0,0,,False,scattered,
ever,12,11,0.0,0,0.0,0,0,,False,scattered,
everett,12,10,0.0,0,0.0,0,0,,False,scattered,
extreme,12,12,0.0,0,0.0,0,0,,False,scattered,
falafel,12,11,0.0,0,0.0,0,0,,False,scattered,
fernando,12,12,0.0,0,0.0,0,0,,False,scattered,
flame,12,12,0.0,0,0.0,0,0,,False,scattered,
flavors,12,12,0.0,0,0.0,0,0,,False,scattered,
friendship,12,11,0.0,0,0.0,0,0,,False,scattered,
galaxy,12,12,0.0,0,0.0,0,0,,False,scattered,
gallo,12,12,0.0,0,0.0,0,0,,False,scattered,
geek,12,12,0.0,0,0.0,0,0,,False,scattered,
gifted,12,12,0.0,0,0.0,0,0,,False,scattered,
glenn,12,11,0.0,0,0.0,0,0,,False,scattered,
graphic,12,12,0.0,0,0.0,0,0,,False,scattered,
groceries,12,12,0.0,0,0.0,0,0,,False,scattered,
guardian,12,12,0.0,0,0.0,0,0,,False,scattered,
gutierrez,12,11,0.0,0,0.0,0,0,,False,scattered,
habitat,12,12,0.0,0,0.0,0,0,,False,scattered,
hansen,12,11,0.0,0,0.0,0,0,,False,scattered,
hassan,12,10,0.0,0,0.0,0,0,,False,scattered,
hawk,12,11,0.0,0,0.0,0,0,,False,scattered,
hector,12,12,0.0,0,0.0,0,0,,False,scattered,
hoffman,12,12,0.0,0,0.0,0,0,,False,scattered,
hook,12,12,0.0,0,0.0,0,0,,False,scattered,
import,12,12,0.0,0,0.0,0,0,,False,scattered,
impressions,12,12,0.0,0,0.0,0,0,,False,scattered,
ja,12,12,0.0,0,0.0,0,0,,False,scattered,
jensen,12,11,0.0,0,0.0,0,0,,False,scattered,
johns,12,12,0.0,0,0.0,0,0,,False,scattered,
kelley,12,12,0.0,0,0.0,0,0,,False,scattered,
kumon,12,12,0.0,0,0.0,0,0,,False,scattered,
ladder,12,12,0.0,0,0.0,0,0,,False,scattered,
licht,12,12,0.0,0,0.0,0,0,,False,scattered,
like,12,12,0.0,0,0.0,0,0,,False,scattered,
ll,12,12,0.0,0,0.0,0,0,,False,scattered,
lunch,12,12,0.0,0,0.0,0,0,,False,scattered,
michaels,12,12,0.0,0,0.0,0,0,,False,scattered,
microblading,12,10,0.0,0,0.0,0,0,,False,scattered,
mill,12,12,0.0,0,0.0,0,0,,False,scattered,
mona,12,11,0.0,0,0.0,0,0,,False,scattered,
motorcycle,12,12,0.0,0,0.0,0,0,,False,scattered,
na,12,12,0.0,0,0.0,0,0,,False,scattered,
natalie,12,11,0.0,0,0.0,0,0,,False,scattered,
native,12,11,0.0,0,0.0,0,0,,False,scattered,
oyster,12,12,0.0,0,0.0,0,0,,False,scattered,
peet,12,12,0.0,0,0.0,0,0,,False,scattered,
perfection,12,12,0.0,0,0.0,0,0,,False,scattered,
pig,12,11,0.0,0,0.0,0,0,,False,scattered,
pilgrim,12,12,0.0,0,0.0,0,0,,False,scattered,
plate,12,12,0.0,0,0.0,0,0,,False,scattered,
posh,12,12,0.0,0,0.0,0,0,,False,scattered,
powerhouse,12,12,0.0,0,0.0,0,0,,False,scattered,
providers,12,12,0.0,0,0.0,0,0,,False,scattered,
race,12,12,0.0,0,0.0,0,0,,False,scattered,
readings,12,12,0.0,0,0.0,0,0,,False,scattered,
retro,12,11,0.0,0,0.0,0,0,,False,scattered,
rhythm,12,11,0.0,0,0.0,0,0,,False,scattered,
richards,12,12,0.0,0,0.0,0,0,,False,scattered,
ring,12,12,0.0,0,0.0,0,0,,False,scattered,
roma,12,12,0.0,0,0.0,0,0,,False,scattered,
rotary,12,11,0.0,0,0.0,0,0,,False,scattered,
salons,12,11,0.0,0,0.0,0,0,,False,scattered,
savvy,12,12,0.0,0,0.0,0,0,,False,scattered,
sexy,12,12,0.0,0,0.0,0,0,,False,scattered,
shrine,12,11,0.0,0,0.0,0,0,,False,scattered,
stay,12,11,0.0,0,0.0,0,0,,False,scattered,
std,12,11,0.0,0,0.0,0,0,,False,scattered,
sts,12,12,0.0,0,0.0,0,0,,False,scattered,
sunday,12,12,0.0,0,0.0,0,0,,False,scattered,
sylvia,12,11,0.0,0,0.0,0,0,,False,scattered,
tanya,12,12,0.0,0,0.0,0,0,,False,scattered,
tj,12,12,0.0,0,0.0,0,0,,False,scattered,
tots,12,12,0.0,0,0.0,0,0,,False,scattered,
twenty,12,12,0.0,0,0.0,0,0,,False,scattered,
upper,12,12,0.0,0,0.0,0,0,,False,scattered,
venture,12,11,0.0,0,0.0,0,0,,False,scattered,
venus,12,12,0.0,0,0.0,0,0,,False,scattered,
vitamin,12,12,0.0,0,0.0,0,0,,False,scattered,
vvv,12,12,0.0,0,0.0,0,0,,False,scattered,
acme,11,10,0.0,0,0.0,0,0,,False,scattered,
alyssa,11,11,0.0,0,0.0,0,0,,False,scattered,
amelia,11,11,0.0,0,0.0,0,0,,False,scattered,
ami,11,10,0.0,0,0.0,0,0,,False,scattered,
anchor,11,11,0.0,0,0.0,0,0,,False,scattered,
ar,11,11,0.0,0,0.0,0,0,,False,scattered,
atrium,11,9,0.0,0,0.0,0,0,,False,scattered,
avila,11,11,0.0,0,0.0,0,0,,False,scattered,
awnings,11,11,0.0,0,0.0,0,0,,False,scattered,
axis,11,10,0.0,0,0.0,0,0,,False,scattered,
banks,11,11,0.0,0,0.0,0,0,,False,scattered,
beaute,11,11,0.0,0,0.0,0,0,,False,scattered,
believe,11,11,0.0,0,0.0,0,0,,False,scattered,
boarding,11,10,0.0,0,0.0,0,0,,False,scattered,
braun,11,11,0.0,0,0.0,0,0,,False,scattered,
brittany,11,11,0.0,0,0.0,0,0,,False,scattered,
burritos,11,11,0.0,0,0.0,0,0,,False,scattered,
cameron,11,10,0.0,0,0.0,0,0,,False,scattered,
carbon,11,10,0.0,0,0.0,0,0,,False,scattered,
cards,11,11,0.0,0,0.0,0,0,,False,scattered,
carolina,11,11,0.0,0,0.0,0,0,,False,scattered,
carpentry,11,11,0.0,0,0.0,0,0,,False,scattered,
cassidy,11,10,0.0,0,0.0,0,0,,False,scattered,
cd,11,10,0.0,0,0.0,0,0,,False,scattered,
celebrity,11,11,0.0,0,0.0,0,0,,False,scattered,
centered,11,11,0.0,0,0.0,0,0,,False,scattered,
chocolates,11,11,0.0,0,0.0,0,0,,False,scattered,
choi,11,10,0.0,0,0.0,0,0,,False,scattered,
cigars,11,11,0.0,0,0.0,0,0,,False,scattered,
cm,11,11,0.0,0,0.0,0,0,,False,scattered,
cme,11,10,0.0,0,0.0,0,0,,False,scattered,
cognitive,11,11,0.0,0,0.0,0,0,,False,scattered,
congregational,11,11,0.0,0,0.0,0,0,,False,scattered,
contacts,11,11,0.0,0,0.0,0,0,,False,scattered,
crazy,11,11,0.0,0,0.0,0,0,,False,scattered,
daddy,11,11,0.0,0,0.0,0,0,,False,scattered,
denise,11,11,0.0,0,0.0,0,0,,False,scattered,
digestive,11,11,0.0,0,0.0,0,0,,False,scattered,
discover,11,10,0.0,0,0.0,0,0,,False,scattered,
dots,11,11,0.0,0,0.0,0,0,,False,scattered,
ebenezer,11,10,0.0,0,0.0,0,0,,False,scattered,
edwin,11,11,0.0,0,0.0,0,0,,False,scattered,
effect,11,11,0.0,0,0.0,0,0,,False,scattered,
elliott,11,11,0.0,0,0.0,0,0,,False,scattered,
ernest,11,11,0.0,0,0.0,0,0,,False,scattered,
estates,11,11,0.0,0,0.0,0,0,,False,scattered,
euro,11,11,0.0,0,0.0,0,0,,False,scattered,
everyday,11,11,0.0,0,0.0,0,0,,False,scattered,
eyeglasses,11,11,0.0,0,0.0,0,0,,False,scattered,
fabulous,11,11,0.0,0,0.0,0,0,,False,scattered,
father,11,11,0.0,0,0.0,0,0,,False,scattered,
floyd,11,11,0.0,0,0.0,0,0,,False,scattered,
foreign,11,11,0.0,0,0.0,0,0,,False,scattered,
frederick,11,11,0.0,0,0.0,0,0,,False,scattered,
gallagher,11,11,0.0,0,0.0,0,0,,False,scattered,
gene,11,9,0.0,0,0.0,0,0,,False,scattered,
grande,11,11,0.0,0,0.0,0,0,,False,scattered,
growing,11,11,0.0,0,0.0,0,0,,False,scattered,
haute,11,11,0.0,0,0.0,0,0,,False,scattered,
heat,11,11,0.0,0,0.0,0,0,,False,scattered,
her,11,11,0.0,0,0.0,0,0,,False,scattered,
hermanos,11,10,0.0,0,0.0,0,0,,False,scattered,
hire,11,11,0.0,0,0.0,0,0,,False,scattered,
hirsch,11,11,0.0,0,0.0,0,0,,False,scattered,
idea,11,11,0.0,0,0.0,0,0,,False,scattered,
infinite,11,11,0.0,0,0.0,0,0,,False,scattered,
jam,11,11,0.0,0,0.0,0,0,,False,scattered,
jd,11,11,0.0,0,0.0,0,0,,False,scattered,
jin,11,11,0.0,0,0.0,0,0,,False,scattered,
job,11,11,0.0,0,0.0,0,0,,False,scattered,
jp,11,11,0.0,0,0.0,0,0,,False,scattered,
junior,11,11,0.0,0,0.0,0,0,,False,scattered,
kerry,11,11,0.0,0,0.0,0,0,,False,scattered,
ki,11,10,0.0,0,0.0,0,0,,False,scattered,
kick,11,11,0.0,0,0.0,0,0,,False,scattered,
krunchy,11,11,0.0,0,0.0,0,0,,False,scattered,
lara,11,11,0.0,0,0.0,0,0,,False,scattered,
larson,11,11,0.0,0,0.0,0,0,,False,scattered,
lenscrafters,11,11,0.0,0,0.0,0,0,,False,scattered,
lobby,11,11,0.0,0,0.0,0,0,,False,scattered,
louie,11,11,0.0,0,0.0,0,0,,False,scattered,
lovers,11,11,0.0,0,0.0,0,0,,False,scattered,
lulu,11,11,0.0,0,0.0,0,0,,False,scattered,
mack,11,11,0.0,0,0.0,0,0,,False,scattered,
maker,11,11,0.0,0,0.0,0,0,,False,scattered,
mari,11,11,0.0,0,0.0,0,0,,False,scattered,
mba,11,10,0.0,0,0.0,0,0,,False,scattered,
medicare,11,11,0.0,0,0.0,0,0,,False,scattered,
mendoza,11,11,0.0,0,0.0,0,0,,False,scattered,
midas,11,11,0.0,0,0.0,0,0,,False,scattered,
mo,11,11,0.0,0,0.0,0,0,,False,scattered,
mohammad,11,10,0.0,0,0.0,0,0,,False,scattered,
mojo,11,10,0.0,0,0.0,0,0,,False,scattered,
mrs,11,11,0.0,0,0.0,0,0,,False,scattered,
mvp,11,10,0.0,0,0.0,0,0,,False,scattered,
mx,11,11,0.0,0,0.0,0,0,,False,scattered,
name,11,10,0.0,0,0.0,0,0,,False,scattered,
nando,11,9,0.0,0,0.0,0,0,,False,scattered,
nolan,11,10,0.0,0,0.0,0,0,,False,scattered,
ok,11,11,0.0,0,0.0,0,0,,False,scattered,
organizing,11,11,0.0,0,0.0,0,0,,False,scattered,
parkview,11,10,0.0,0,0.0,0,0,,False,scattered,
pat,11,10,0.0,0,0.0,0,0,,False,scattered,
peach,11,11,0.0,0,0.0,0,0,,False,scattered,
plants,11,11,0.0,0,0.0,0,0,,False,scattered,
presents,11,11,0.0,0,0.0,0,0,,False,scattered,
profit,11,10,0.0,0,0.0,0,0,,False,scattered,
quigley,11,9,0.0,0,0.0,0,0,,False,scattered,
ramos,11,11,0.0,0,0.0,0,0,,False,scattered,
rebel,11,11,0.0,0,0.0,0,0,,False,scattered,
recharge,11,11,0.0,0,0.0,0,0,,False,scattered,
rex,11,11,0.0,0,0.0,0,0,,False,scattered,
rico,11,11,0.0,0,0.0,0,0,,False,scattered,
rj,11,11,0.0,0,0.0,0,0,,False,scattered,
roadside,11,11,0.0,0,0.0,0,0,,False,scattered,
sculpting,11,11,0.0,0,0.0,0,0,,False,scattered,
serbian,11,10,0.0,0,0.0,0,0,,False,scattered,
sew,11,11,0.0,0,0.0,0,0,,False,scattered,
sewing,11,11,0.0,0,0.0,0,0,,False,scattered,
sherman,11,11,0.0,0,0.0,0,0,,False,scattered,
short,11,11,0.0,0,0.0,0,0,,False,scattered,
solomon,11,11,0.0,0,0.0,0,0,,False,scattered,
steps,11,11,0.0,0,0.0,0,0,,False,scattered,
taekwondo,11,8,0.0,0,0.0,0,0,,False,scattered,
taproom,11,11,0.0,0,0.0,0,0,,False,scattered,
taurus,11,11,0.0,0,0.0,0,0,,False,scattered,
teacher,11,11,0.0,0,0.0,0,0,,False,scattered,
therapists,11,11,0.0,0,0.0,0,0,,False,scattered,
theresa,11,11,0.0,0,0.0,0,0,,False,scattered,
toy,11,10,0.0,0,0.0,0,0,,False,scattered,
turbotax,11,8,0.0,0,0.0,0,0,,False,scattered,
ulta,11,10,0.0,0,0.0,0,0,,False,scattered,
uniforms,11,11,0.0,0,0.0,0,0,,False,scattered,
valerie,11,11,0.0,0,0.0,0,0,,False,scattered,
vending,11,11,0.0,0,0.0,0,0,,False,scattered,
vic,11,8,0.0,0,0.0,0,0,,False,scattered,
vince,11,11,0.0,0,0.0,0,0,,False,scattered,
waterproofing,11,11,0.0,0,0.0,0,0,,False,scattered,
watkins,11,11,0.0,0,0.0,0,0,,False,scattered,
weil,11,9,0.0,0,0.0,0,0,,False,scattered,
wesley,11,10,0.0,0,0.0,0,0,,False,scattered,
wisdom,11,10,0.0,0,0.0,0,0,,False,scattered,
womens,11,11,0.0,0,0.0,0,0,,False,scattered,
zachary,11,10,0.0,0,0.0,0,0,,False,scattered,
zero,11,11,0.0,0,0.0,0,0,,False,scattered,
zhu,11,11,0.0,0,0.0,0,0,,False,scattered,
accelerated,10,10,0.0,0,0.0,0,0,,False,scattered,
ad,10,10,0.0,0,0.0,0,0,,False,scattered,
adoption,10,10,0.0,0,0.0,0,0,,False,scattered,
again,10,10,0.0,0,0.0,0,0,,False,scattered,
aids,10,9,0.0,0,0.0,0,0,,False,scattered,
akira,10,10,0.0,0,0.0,0,0,,False,scattered,
alano,10,10,0.0,0,0.0,0,0,,False,scattered,
alison,10,10,0.0,0,0.0,0,0,,False,scattered,
allegro,10,8,0.0,0,0.0,0,0,,False,scattered,
alma,10,10,0.0,0,0.0,0,0,,False,scattered,
andre,10,10,0.0,0,0.0,0,0,,False,scattered,
archdiocese,10,9,0.0,0,0.0,0,0,,False,scattered,
arturo,10,10,0.0,0,0.0,0,0,,False,scattered,
automation,10,10,0.0,0,0.0,0,0,,False,scattered,
avis,10,10,0.0,0,0.0,0,0,,False,scattered,
balloons,10,10,0.0,0,0.0,0,0,,False,scattered,
bancorp,10,10,0.0,0,0.0,0,0,,False,scattered,
bass,10,10,0.0,0,0.0,0,0,,False,scattered,
bates,10,10,0.0,0,0.0,0,0,,False,scattered,
bees,10,10,0.0,0,0.0,0,0,,False,scattered,
bel,10,9,0.0,0,0.0,0,0,,False,scattered,
beverages,10,9,0.0,0,0.0,0,0,,False,scattered,
blanca,10,10,0.0,0,0.0,0,0,,False,scattered,
branded,10,9,0.0,0,0.0,0,0,,False,scattered,
budlong,10,10,0.0,0,0.0,0,0,,False,scattered,
buzz,10,10,0.0,0,0.0,0,0,,False,scattered,
canvas,10,10,0.0,0,0.0,0,0,,False,scattered,
cesar,10,10,0.0,0,0.0,0,0,,False,scattered,
checkers,10,10,0.0,0,0.0,0,0,,False,scattered,
chefs,10,10,0.0,0,0.0,0,0,,False,scattered,
cherry,10,9,0.0,0,0.0,0,0,,False,scattered,
cheryl,10,9,0.0,0,0.0,0,0,,False,scattered,
cheval,10,10,0.0,0,0.0,0,0,,False,scattered,
circuit,10,9,0.0,0,0.0,0,0,,False,scattered,
connolly,10,10,0.0,0,0.0,0,0,,False,scattered,
consortium,10,10,0.0,0,0.0,0,0,,False,scattered,
convenience,10,9,0.0,0,0.0,0,0,,False,scattered,
cosmetology,10,10,0.0,0,0.0,0,0,,False,scattered,
crescent,10,9,0.0,0,0.0,0,0,,False,scattered,
cristiano,10,10,0.0,0,0.0,0,0,,False,scattered,
dash,10,10,0.0,0,0.0,0,0,,False,scattered,
delicatessen,10,9,0.0,0,0.0,0,0,,False,scattered,
demo,10,10,0.0,0,0.0,0,0,,False,scattered,
dev,10,10,0.0,0,0.0,0,0,,False,scattered,
dinah,10,10,0.0,0,0.0,0,0,,False,scattered,
dom,10,10,0.0,0,0.0,0,0,,False,scattered,
done,10,10,0.0,0,0.0,0,0,,False,scattered,
duck,10,9,0.0,0,0.0,0,0,,False,scattered,
duncan,10,9,0.0,0,0.0,0,0,,False,scattered,
durst,10,10,0.0,0,0.0,0,0,,False,scattered,
electronic,10,9,0.0,0,0.0,0,0,,False,scattered,
elias,10,10,0.0,0,0.0,0,0,,False,scattered,
embroidery,10,10,0.0,0,0.0,0,0,,False,scattered,
evan,10,10,0.0,0,0.0,0,0,,False,scattered,
evangelica,10,10,0.0,0,0.0,0,0,,False,scattered,
everything,10,10,0.0,0,0.0,0,0,,False,scattered,
extended,10,10,0.0,0,0.0,0,0,,False,scattered,
exxon,10,10,0.0,0,0.0,0,0,,False,scattered,
facs,10,7,0.0,0,0.0,0,0,,False,scattered,
fathers,10,9,0.0,0,0.0,0,0,,False,scattered,
fe,10,10,0.0,0,0.0,0,0,,False,scattered,
firestone,10,10,0.0,0,0.0,0,0,,False,scattered,
foley,10,10,0.0,0,0.0,0,0,,False,scattered,
foremost,10,9,0.0,0,0.0,0,0,,False,scattered,
foundations,10,10,0.0,0,0.0,0,0,,False,scattered,
fuentes,10,9,0.0,0,0.0,0,0,,False,scattered,
functional,10,9,0.0,0,0.0,0,0,,False,scattered,
gee,10,10,0.0,0,0.0,0,0,,False,scattered,
giacinto,10,10,0.0,0,0.0,0,0,,False,scattered,
glo,10,9,0.0,0,0.0,0,0,,False,scattered,
gorditas,10,10,0.0,0,0.0,0,0,,False,scattered,
gorilla,10,10,0.0,0,0.0,0,0,,False,scattered,
grounds,10,9,0.0,0,0.0,0,0,,False,scattered,
hauser,10,7,0.0,0,0.0,0,0,,False,scattered,
helpers,10,10,0.0,0,0.0,0,0,,False,scattered,
hidden,10,10,0.0,0,0.0,0,0,,False,scattered,
holland,10,10,0.0,0,0.0,0,0,,False,scattered,
homemade,10,10,0.0,0,0.0,0,0,,False,scattered,
houses,10,10,0.0,0,0.0,0,0,,False,scattered,
insulation,10,10,0.0,0,0.0,0,0,,False,scattered,
investors,10,9,0.0,0,0.0,0,0,,False,scattered,
janice,10,10,0.0,0,0.0,0,0,,False,scattered,
jen,10,9,0.0,0,0.0,0,0,,False,scattered,
jeni,10,10,0.0,0,0.0,0,0,,False,scattered,
joye,10,10,0.0,0,0.0,0,0,,False,scattered,
junkie,10,10,0.0,0,0.0,0,0,,False,scattered,
ka,10,9,0.0,0,0.0,0,0,,False,scattered,
kangaroo,10,10,0.0,0,0.0,0,0,,False,scattered,
kickboxing,10,10,0.0,0,0.0,0,0,,False,scattered,
kirk,10,9,0.0,0,0.0,0,0,,False,scattered,
laboratories,10,10,0.0,0,0.0,0,0,,False,scattered,
lan,10,8,0.0,0,0.0,0,0,,False,scattered,
leona,10,10,0.0,0,0.0,0,0,,False,scattered,
linen,10,8,0.0,0,0.0,0,0,,False,scattered,
lit,10,10,0.0,0,0.0,0,0,,False,scattered,
lucia,10,9,0.0,0,0.0,0,0,,False,scattered,
madden,10,9,0.0,0,0.0,0,0,,False,scattered,
mane,10,10,0.0,0,0.0,0,0,,False,scattered,
meridian,10,9,0.0,0,0.0,0,0,,False,scattered,
mg,10,10,0.0,0,0.0,0,0,,False,scattered,
miguel,10,10,0.0,0,0.0,0,0,,False,scattered,
miranda,10,9,0.0,0,0.0,0,0,,False,scattered,
mj,10,10,0.0,0,0.0,0,0,,False,scattered,
mold,10,10,0.0,0,0.0,0,0,,False,scattered,
naturals,10,10,0.0,0,0.0,0,0,,False,scattered,
neighbors,10,10,0.0,0,0.0,0,0,,False,scattered,
nikki,10,10,0.0,0,0.0,0,0,,False,scattered,
opportunity,10,10,0.0,0,0.0,0,0,,False,scattered,
owl,10,10,0.0,0,0.0,0,0,,False,scattered,
parkside,10,10,0.0,0,0.0,0,0,,False,scattered,
pcs,10,9,0.0,0,0.0,0,0,,False,scattered,
pegasus,10,9,0.0,0,0.0,0,0,,False,scattered,
philadelphia,10,9,0.0,0,0.0,0,0,,False,scattered,
pin,10,10,0.0,0,0.0,0,0,,False,scattered,
pk,10,10,0.0,0,0.0,0,0,,False,scattered,
pm,10,10,0.0,0,0.0,0,0,,False,scattered,
pockets,10,10,0.0,0,0.0,0,0,,False,scattered,
porkchop,10,9,0.0,0,0.0,0,0,,False,scattered,
poultry,10,10,0.0,0,0.0,0,0,,False,scattered,
powers,10,10,0.0,0,0.0,0,0,,False,scattered,
primos,10,10,0.0,0,0.0,0,0,,False,scattered,
princess,10,10,0.0,0,0.0,0,0,,False,scattered,
radiator,10,10,0.0,0,0.0,0,0,,False,scattered,
refund,10,9,0.0,0,0.0,0,0,,False,scattered,
retina,10,9,0.0,0,0.0,0,0,,False,scattered,
ricardo,10,10,0.0,0,0.0,0,0,,False,scattered,
ricky,10,10,0.0,0,0.0,0,0,,False,scattered,
rincon,10,10,0.0,0,0.0,0,0,,False,scattered,
rink,10,9,0.0,0,0.0,0,0,,False,scattered,
rn,10,9,0.0,0,0.0,0,0,,False,scattered,
rockstar,10,10,0.0,0,0.0,0,0,,False,scattered,
rubber,10,10,0.0,0,0.0,0,0,,False,scattered,
rudy,10,10,0.0,0,0.0,0,0,,False,scattered,
santos,10,10,0.0,0,0.0,0,0,,False,scattered,
savers,10,10,0.0,0,0.0,0,0,,False,scattered,
schwab,10,7,0.0,0,0.0,0,0,,False,scattered,
seed,10,10,0.0,0,0.0,0,0,,False,scattered,
sell,10,10,0.0,0,0.0,0,0,,False,scattered,
seniors,10,10,0.0,0,0.0,0,0,,False,scattered,
sheila,10,10,0.0,0,0.0,0,0,,False,scattered,
sherry,10,10,0.0,0,0.0,0,0,,False,scattered,
smokehouse,10,10,0.0,0,0.0,0,0,,False,scattered,
smooth,10,10,0.0,0,0.0,0,0,,False,scattered,
soft,10,10,0.0,0,0.0,0,0,,False,scattered,
song,10,9,0.0,0,0.0,0,0,,False,scattered,
sorority,10,10,0.0,0,0.0,0,0,,False,scattered,
sparkle,10,10,0.0,0,0.0,0,0,,False,scattered,
specialized,10,10,0.0,0,0.0,0,0,,False,scattered,
splash,10,10,0.0,0,0.0,0,0,,False,scattered,
splendid,10,9,0.0,0,0.0,0,0,,False,scattered,
steaks,10,10,0.0,0,0.0,0,0,,False,scattered,
straight,10,10,0.0,0,0.0,0,0,,False,scattered,
strong,10,10,0.0,0,0.0,0,0,,False,scattered,
sur,10,9,0.0,0,0.0,0,0,,False,scattered,
sutton,10,10,0.0,0,0.0,0,0,,False,scattered,
svc,10,10,0.0,0,0.0,0,0,,False,scattered,
tamara,10,10,0.0,0,0.0,0,0,,False,scattered,
tara,10,9,0.0,0,0.0,0,0,,False,scattered,
television,10,10,0.0,0,0.0,0,0,,False,scattered,
thoracic,10,8,0.0,0,0.0,0,0,,False,scattered,
tint,10,10,0.0,0,0.0,0,0,,False,scattered,
tommy,10,10,0.0,0,0.0,0,0,,False,scattered,
transmissions,10,10,0.0,0,0.0,0,0,,False,scattered,
tutor,10,10,0.0,0,0.0,0,0,,False,scattered,
velasquez,10,10,0.0,0,0.0,0,0,,False,scattered,
vertical,10,10,0.0,0,0.0,0,0,,False,scattered,
vie,10,9,0.0,0,0.0,0,0,,False,scattered,
whiskey,10,9,0.0,0,0.0,0,0,,False,scattered,
winery,10,10,0.0,0,0.0,0,0,,False,scattered,
yolk,10,10,0.0,0,0.0,0,0,,False,scattered,
yyy,10,10,0.0,0,0.0,0,0,,False,scattered,
zoe,10,10,0.0,0,0.0,0,0,,False,scattered,
abundant,9,9,0.0,0,0.0,0,0,,False,scattered,
adore,9,9,0.0,0,0.0,0,0,,False,scattered,
americash,9,9,0.0,0,0.0,0,0,,False,scattered,
amit,9,9,0.0,0,0.0,0,0,,False,scattered,
angelica,9,9,0.0,0,0.0,0,0,,False,scattered,
annie,9,8,0.0,0,0.0,0,0,,False,scattered,
applied,9,9,0.0,0,0.0,0,0,,False,scattered,
assessment,9,9,0.0,0,0.0,0,0,,False,scattered,
atty,9,1,0.0,0,0.0,0,0,,False,scattered,
audrey,9,8,0.0,0,0.0,0,0,,False,scattered,
awards,9,8,0.0,0,0.0,0,0,,False,scattered,
ba,9,9,0.0,0,0.0,0,0,,False,scattered,
bacci,9,9,0.0,0,0.0,0,0,,False,scattered,
barredo,9,9,0.0,0,0.0,0,0,,False,scattered,
barton,9,9,0.0,0,0.0,0,0,,False,scattered,
basement,9,9,0.0,0,0.0,0,0,,False,scattered,
beloved,9,9,0.0,0,0.0,0,0,,False,scattered,
billiards,9,9,0.0,0,0.0,0,0,,False,scattered,
bit,9,9,0.0,0,0.0,0,0,,False,scattered,
bite,9,9,0.0,0,0.0,0,0,,False,scattered,
biz,9,8,0.0,0,0.0,0,0,,False,scattered,
bj,9,9,0.0,0,0.0,0,0,,False,scattered,
blaze,9,8,0.0,0,0.0,0,0,,False,scattered,
bookkeeping,9,9,0.0,0,0.0,0,0,,False,scattered,
boom,9,9,0.0,0,0.0,0,0,,False,scattered,
boston,9,9,0.0,0,0.0,0,0,,False,scattered,
braces,9,9,0.0,0,0.0,0,0,,False,scattered,
brad,9,8,0.0,0,0.0,0,0,,False,scattered,
breathe,9,9,0.0,0,0.0,0,0,,False,scattered,
brent,9,9,0.0,0,0.0,0,0,,False,scattered,
brett,9,9,0.0,0,0.0,0,0,,False,scattered,
brewer,9,9,0.0,0,0.0,0,0,,False,scattered,
brooklyn,9,9,0.0,0,0.0,0,0,,False,scattered,
browbar,9,9,0.0,0,0.0,0,0,,False,scattered,
buck,9,9,0.0,0,0.0,0,0,,False,scattered,
bud,9,9,0.0,0,0.0,0,0,,False,scattered,
buddies,9,9,0.0,0,0.0,0,0,,False,scattered,
buyer,9,9,0.0,0,0.0,0,0,,False,scattered,
cabaret,9,9,0.0,0,0.0,0,0,,False,scattered,
candles,9,9,0.0,0,0.0,0,0,,False,scattered,
caplan,9,9,0.0,0,0.0,0,0,,False,scattered,
caribou,9,9,0.0,0,0.0,0,0,,False,scattered,
carpo,9,9,0.0,0,0.0,0,0,,False,scattered,
casas,9,9,0.0,0,0.0,0,0,,False,scattered,
cashers,9,8,0.0,0,0.0,0,0,,False,scattered,
changing,9,9,0.0,0,0.0,0,0,,False,scattered,
chapman,9,9,0.0,0,0.0,0,0,,False,scattered,
charm,9,9,0.0,0,0.0,0,0,,False,scattered,
claiborne,9,9,0.0,0,0.0,0,0,,False,scattered,
claudia,9,8,0.0,0,0.0,0,0,,False,scattered,
cleanup,9,9,0.0,0,0.0,0,0,,False,scattered,
clothes,9,8,0.0,0,0.0,0,0,,False,scattered,
collectibles,9,9,0.0,0,0.0,0,0,,False,scattered,
concealed,9,9,0.0,0,0.0,0,0,,False,scattered,
consignment,9,9,0.0,0,0.0,0,0,,False,scattered,
corey,9,8,0.0,0,0.0,0,0,,False,scattered,
cost,9,8,0.0,0,0.0,0,0,,False,scattered,
cow,9,9,0.0,0,0.0,0,0,,False,scattered,
creams,9,9,0.0,0,0.0,0,0,,False,scattered,
cucina,9,9,0.0,0,0.0,0,0,,False,scattered,
culver,9,9,0.0,0,0.0,0,0,,False,scattered,
cyber,9,9,0.0,0,0.0,0,0,,False,scattered,
dd,9,9,0.0,0,0.0,0,0,,False,scattered,
deal,9,9,0.0,0,0.0,0,0,,False,scattered,
debt,9,8,0.0,0,0.0,0,0,,False,scattered,
demand,9,9,0.0,0,0.0,0,0,,False,scattered,
derrick,9,9,0.0,0,0.0,0,0,,False,scattered,
detective,9,9,0.0,0,0.0,0,0,,False,scattered,
devil,9,9,0.0,0,0.0,0,0,,False,scattered,
direction,9,9,0.0,0,0.0,0,0,,False,scattered,
disposal,9,9,0.0,0,0.0,0,0,,False,scattered,
document,9,9,0.0,0,0.0,0,0,,False,scattered,
dome,9,9,0.0,0,0.0,0,0,,False,scattered,
domestic,9,9,0.0,0,0.0,0,0,,False,scattered,
donovan,9,9,0.0,0,0.0,0,0,,False,scattered,
dot,9,9,0.0,0,0.0,0,0,,False,scattered,
drew,9,9,0.0,0,0.0,0,0,,False,scattered,
dulceria,9,9,0.0,0,0.0,0,0,,False,scattered,
echo,9,9,0.0,0,0.0,0,0,,False,scattered,
elks,9,2,0.0,0,0.0,0,0,,False,scattered,
es,9,9,0.0,0,0.0,0,0,,False,scattered,
esthetic,9,8,0.0,0,0.0,0,0,,False,scattered,
fairfield,9,7,0.0,0,0.0,0,0,,False,scattered,
flip,9,9,0.0,0,0.0,0,0,,False,scattered,
fourth,9,5,0.0,0,0.0,0,0,,False,scattered,
gentle,9,9,0.0,0,0.0,0,0,,False,scattered,
giving,9,9,0.0,0,0.0,0,0,,False,scattered,
gl,9,9,0.0,0,0.0,0,0,,False,scattered,
got,9,9,0.0,0,0.0,0,0,,False,scattered,
grade,9,9,0.0,0,0.0,0,0,,False,scattered,
grainger,9,8,0.0,0,0.0,0,0,,False,scattered,
grind,9,9,0.0,0,0.0,0,0,,False,scattered,
hale,9,5,0.0,0,0.0,0,0,,False,scattered,
ham,9,8,0.0,0,0.0,0,0,,False,scattered,
hamburger,9,9,0.0,0,0.0,0,0,,False,scattered,
hammer,9,9,0.0,0,0.0,0,0,,False,scattered,
hana,9,9,0.0,0,0.0,0,0,,False,scattered,
hawkins,9,9,0.0,0,0.0,0,0,,False,scattered,
herrera,9,7,0.0,0,0.0,0,0,,False,scattered,
hf,9,9,0.0,0,0.0,0,0,,False,scattered,
hive,9,8,0.0,0,0.0,0,0,,False,scattered,
holding,9,9,0.0,0,0.0,0,0,,False,scattered,
hooks,9,9,0.0,0,0.0,0,0,,False,scattered,
hots,9,9,0.0,0,0.0,0,0,,False,scattered,
hugo,9,9,0.0,0,0.0,0,0,,False,scattered,
hussain,9,6,0.0,0,0.0,0,0,,False,scattered,
ill,9,9,0.0,0,0.0,0,0,,False,scattered,
imagination,9,9,0.0,0,0.0,0,0,,False,scattered,
immigrant,9,9,0.0,0,0.0,0,0,,False,scattered,
improvements,9,9,0.0,0,0.0,0,0,,False,scattered,
infectious,9,9,0.0,0,0.0,0,0,,False,scattered,
insomnia,9,9,0.0,0,0.0,0,0,,False,scattered,
insureone,9,9,0.0,0,0.0,0,0,,False,scattered,
interstate,9,8,0.0,0,0.0,0,0,,False,scattered,
ivory,9,9,0.0,0,0.0,0,0,,False,scattered,
jade,9,9,0.0,0,0.0,0,0,,False,scattered,
janitorial,9,9,0.0,0,0.0,0,0,,False,scattered,
joes,9,9,0.0,0,0.0,0,0,,False,scattered,
kaleba,9,9,0.0,0,0.0,0,0,,False,scattered,
karl,9,9,0.0,0,0.0,0,0,,False,scattered,
kipp,9,7,0.0,0,0.0,0,0,,False,scattered,
kiran,9,9,0.0,0,0.0,0,0,,False,scattered,
lambda,9,9,0.0,0,0.0,0,0,,False,scattered,
lashe,9,9,0.0,0,0.0,0,0,,False,scattered,
lead,9,9,0.0,0,0.0,0,0,,False,scattered,
leader,9,8,0.0,0,0.0,0,0,,False,scattered,
leap,9,9,0.0,0,0.0,0,0,,False,scattered,
lim,9,8,0.0,0,0.0,0,0,,False,scattered,
lingerie,9,8,0.0,0,0.0,0,0,,False,scattered,
liquidators,9,9,0.0,0,0.0,0,0,,False,scattered,
loco,9,9,0.0,0,0.0,0,0,,False,scattered,
macedonia,9,8,0.0,0,0.0,0,0,,False,scattered,
margie,9,9,0.0,0,0.0,0,0,,False,scattered,
marion,9,9,0.0,0,0.0,0,0,,False,scattered,
maximum,9,8,0.0,0,0.0,0,0,,False,scattered,
mcgee,9,9,0.0,0,0.0,0,0,,False,scattered,
mechanics,9,9,0.0,0,0.0,0,0,,False,scattered,
mercury,9,9,0.0,0,0.0,0,0,,False,scattered,
milan,9,9,0.0,0,0.0,0,0,,False,scattered,
mod,9,9,0.0,0,0.0,0,0,,False,scattered,
moment,9,9,0.0,0,0.0,0,0,,False,scattered,
multicultural,9,9,0.0,0,0.0,0,0,,False,scattered,
mystery,9,8,0.0,0,0.0,0,0,,False,scattered,
net,9,9,0.0,0,0.0,0,0,,False,scattered,
neuroscience,9,7,0.0,0,0.0,0,0,,False,scattered,
nugget,9,9,0.0,0,0.0,0,0,,False,scattered,
oh,9,9,0.0,0,0.0,0,0,,False,scattered,
omni,9,9,0.0,0,0.0,0,0,,False,scattered,
oportun,9,9,0.0,0,0.0,0,0,,False,scattered,
opportunities,9,9,0.0,0,0.0,0,0,,False,scattered,
optometry,9,9,0.0,0,0.0,0,0,,False,scattered,
pam,9,8,0.0,0,0.0,0,0,,False,scattered,
pangea,9,9,0.0,0,0.0,0,0,,False,scattered,
parenthood,9,8,0.0,0,0.0,0,0,,False,scattered,
patty,9,9,0.0,0,0.0,0,0,,False,scattered,
paw,9,9,0.0,0,0.0,0,0,,False,scattered,
peri,9,9,0.0,0,0.0,0,0,,False,scattered,
periodontics,9,7,0.0,0,0.0,0,0,,False,scattered,
peters,9,9,0.0,0,0.0,0,0,,False,scattered,
phase,9,9,0.0,0,0.0,0,0,,False,scattered,
pierre,9,6,0.0,0,0.0,0,0,,False,scattered,
plumber,9,9,0.0,0,0.0,0,0,,False,scattered,
polar,9,9,0.0,0,0.0,0,0,,False,scattered,
pole,9,9,0.0,0,0.0,0,0,,False,scattered,
porcelli,9,9,0.0,0,0.0,0,0,,False,scattered,
portillo,9,9,0.0,0,0.0,0,0,,False,scattered,
positive,9,8,0.0,0,0.0,0,0,,False,scattered,
prosperity,9,8,0.0,0,0.0,0,0,,False,scattered,
quad,9,8,0.0,0,0.0,0,0,,False,scattered,
rabbit,9,9,0.0,0,0.0,0,0,,False,scattered,
raising,9,9,0.0,0,0.0,0,0,,False,scattered,
reid,9,7,0.0,0,0.0,0,0,,False,scattered,
results,9,9,0.0,0,0.0,0,0,,False,scattered,
rib,9,8,0.0,0,0.0,0,0,,False,scattered,
rios,9,9,0.0,0,0.0,0,0,,False,scattered,
rooted,9,9,0.0,0,0.0,0,0,,False,scattered,
rosen,9,8,0.0,0,0.0,0,0,,False,scattered,
rothschild,9,9,0.0,0,0.0,0,0,,False,scattered,
round,9,9,0.0,0,0.0,0,0,,False,scattered,
sabina,9,3,0.0,0,0.0,0,0,,False,scattered,
saundra,9,9,0.0,0,0.0,0,0,,False,scattered,
schmidt,9,8,0.0,0,0.0,0,0,,False,scattered,
sculpt,9,9,0.0,0,0.0,0,0,,False,scattered,
sculpture,9,9,0.0,0,0.0,0,0,,False,scattered,
shuttle,9,9,0.0,0,0.0,0,0,,False,scattered,
siddiqui,9,9,0.0,0,0.0,0,0,,False,scattered,
sidney,9,9,0.0,0,0.0,0,0,,False,scattered,
sitters,9,9,0.0,0,0.0,0,0,,False,scattered,
ski,9,9,0.0,0,0.0,0,0,,False,scattered,
sm,9,9,0.0,0,0.0,0,0,,False,scattered,
steele,9,9,0.0,0,0.0,0,0,,False,scattered,
stones,9,9,0.0,0,0.0,0,0,,False,scattered,
streets,9,9,0.0,0,0.0,0,0,,False,scattered,
stretch,9,9,0.0,0,0.0,0,0,,False,scattered,
sunset,9,9,0.0,0,0.0,0,0,,False,scattered,
swing,9,9,0.0,0,0.0,0,0,,False,scattered,
taft,9,7,0.0,0,0.0,0,0,,False,scattered,
tail,9,9,0.0,0,0.0,0,0,,False,scattered,
tarot,9,9,0.0,0,0.0,0,0,,False,scattered,
than,9,9,0.0,0,0.0,0,0,,False,scattered,
think,9,8,0.0,0,0.0,0,0,,False,scattered,
tooth,9,9,0.0,0,0.0,0,0,,False,scattered,
treats,9,9,0.0,0,0.0,0,0,,False,scattered,
tribe,9,9,0.0,0,0.0,0,0,,False,scattered,
trim,9,9,0.0,0,0.0,0,0,,False,scattered,
twelve,9,9,0.0,0,0.0,0,0,,False,scattered,
valentine,9,8,0.0,0,0.0,0,0,,False,scattered,
valle,9,9,0.0,0,0.0,0,0,,False,scattered,
verve,9,9,0.0,0,0.0,0,0,,False,scattered,
vetco,9,8,0.0,0,0.0,0,0,,False,scattered,
vicky,9,9,0.0,0,0.0,0,0,,False,scattered,
virginia,9,9,0.0,0,0.0,0,0,,False,scattered,
vitality,9,9,0.0,0,0.0,0,0,,False,scattered,
vocational,9,9,0.0,0,0.0,0,0,,False,scattered,
waffles,9,9,0.0,0,0.0,0,0,,False,scattered,
walls,9,9,0.0,0,0.0,0,0,,False,scattered,
weinstein,9,8,0.0,0,0.0,0,0,,False,scattered,
wfm,9,9,0.0,0,0.0,0,0,,False,scattered,
who,9,9,0.0,0,0.0,0,0,,False,scattered,
wire,9,9,0.0,0,0.0,0,0,,False,scattered,
wizard,9,9,0.0,0,0.0,0,0,,False,scattered,
wrap,9,9,0.0,0,0.0,0,0,,False,scattered,
xsport,9,9,0.0,0,0.0,0,0,,False,scattered,
aams,8,8,0.0,0,0.0,0,0,,False,scattered,
abe,8,8,0.0,0,0.0,0,0,,False,scattered,
administrative,8,7,0.0,0,0.0,0,0,,False,scattered,
adults,8,8,0.0,0,0.0,0,0,,False,scattered,
agents,8,8,0.0,0,0.0,0,0,,False,scattered,
agnes,8,7,0.0,0,0.0,0,0,,False,scattered,
alden,8,8,0.0,0,0.0,0,0,,False,scattered,
ale,8,8,0.0,0,0.0,0,0,,False,scattered,
alegre,8,8,0.0,0,0.0,0,0,,False,scattered,
amin,8,7,0.0,0,0.0,0,0,,False,scattered,
aprn,8,7,0.0,0,0.0,0,0,,False,scattered,
aquatic,8,8,0.0,0,0.0,0,0,,False,scattered,
arab,8,8,0.0,0,0.0,0,0,,False,scattered,
armstrong,8,8,0.0,0,0.0,0,0,,False,scattered,
aroma,8,7,0.0,0,0.0,0,0,,False,scattered,
asphalt,8,8,0.0,0,0.0,0,0,,False,scattered,
assyrian,8,7,0.0,0,0.0,0,0,,False,scattered,
axe,8,8,0.0,0,0.0,0,0,,False,scattered,
ayesha,8,8,0.0,0,0.0,0,0,,False,scattered,
babies,8,8,0.0,0,0.0,0,0,,False,scattered,
bakeshop,8,7,0.0,0,0.0,0,0,,False,scattered,
bartending,8,7,0.0,0,0.0,0,0,,False,scattered,
bathroom,8,8,0.0,0,0.0,0,0,,False,scattered,
battery,8,8,0.0,0,0.0,0,0,,False,scattered,
battle,8,8,0.0,0,0.0,0,0,,False,scattered,
beat,8,8,0.0,0,0.0,0,0,,False,scattered,
beautique,8,8,0.0,0,0.0,0,0,,False,scattered,
binny,8,8,0.0,0,0.0,0,0,,False,scattered,
blackwood,8,8,0.0,0,0.0,0,0,,False,scattered,
blades,8,8,0.0,0,0.0,0,0,,False,scattered,
bootcamp,8,8,0.0,0,0.0,0,0,,False,scattered,
born,8,8,0.0,0,0.0,0,0,,False,scattered,
botanic,8,7,0.0,0,0.0,0,0,,False,scattered,
brake,8,8,0.0,0,0.0,0,0,,False,scattered,
brandy,8,7,0.0,0,0.0,0,0,,False,scattered,
broadcasting,8,8,0.0,0,0.0,0,0,,False,scattered,
brotherhood,8,8,0.0,0,0.0,0,0,,False,scattered,
builder,8,8,0.0,0,0.0,0,0,,False,scattered,
bulldog,8,8,0.0,0,0.0,0,0,,False,scattered,
bush,8,8,0.0,0,0.0,0,0,,False,scattered,
cabinetry,8,8,0.0,0,0.0,0,0,,False,scattered,
cafecito,8,7,0.0,0,0.0,0,0,,False,scattered,
caliber,8,7,0.0,0,0.0,0,0,,False,scattered,
cam,8,8,0.0,0,0.0,0,0,,False,scattered,
campaign,8,8,0.0,0,0.0,0,0,,False,scattered,
cane,8,8,0.0,0,0.0,0,0,,False,scattered,
cap,8,8,0.0,0,0.0,0,0,,False,scattered,
carr,8,8,0.0,0,0.0,0,0,,False,scattered,
carstar,8,8,0.0,0,0.0,0,0,,False,scattered,
catch,8,8,0.0,0,0.0,0,0,,False,scattered,
cb,8,8,0.0,0,0.0,0,0,,False,scattered,
centennial,8,7,0.0,0,0.0,0,0,,False,scattered,
cfd,8,8,0.0,0,0.0,0,0,,False,scattered,
chai,8,7,0.0,0,0.0,0,0,,False,scattered,
charleys,8,4,0.0,0,0.0,0,0,,False,scattered,
chip,8,8,0.0,0,0.0,0,0,,False,scattered,
chloe,8,8,0.0,0,0.0,0,0,,False,scattered,
chow,8,8,0.0,0,0.0,0,0,,False,scattered,
chun,8,8,0.0,0,0.0,0,0,,False,scattered,
chunliu,8,8,0.0,0,0.0,0,0,,False,scattered,
churro,8,8,0.0,0,0.0,0,0,,False,scattered,
circus,8,8,0.0,0,0.0,0,0,,False,scattered,
classy,8,7,0.0,0,0.0,0,0,,False,scattered,
clifford,8,7,0.0,0,0.0,0,0,,False,scattered,
coinsource,8,8,0.0,0,0.0,0,0,,False,scattered,
colin,8,7,0.0,0,0.0,0,0,,False,scattered,
companion,8,8,0.0,0,0.0,0,0,,False,scattered,
constance,8,6,0.0,0,0.0,0,0,,False,scattered,
continuing,8,8,0.0,0,0.0,0,0,,False,scattered,
convenient,8,8,0.0,0,0.0,0,0,,False,scattered,
convent,8,7,0.0,0,0.0,0,0,,False,scattered,
cookie,8,8,0.0,0,0.0,0,0,,False,scattered,
cove,8,8,0.0,0,0.0,0,0,,False,scattered,
crafts,8,8,0.0,0,0.0,0,0,,False,scattered,
crc,8,8,0.0,0,0.0,0,0,,False,scattered,
create,8,8,0.0,0,0.0,0,0,,False,scattered,
crepe,8,8,0.0,0,0.0,0,0,,False,scattered,
curves,8,8,0.0,0,0.0,0,0,,False,scattered,
cuttery,8,8,0.0,0,0.0,0,0,,False,scattered,
dalia,8,7,0.0,0,0.0,0,0,,False,scattered,
ddd,8,8,0.0,0,0.0,0,0,,False,scattered,
deeper,8,8,0.0,0,0.0,0,0,,False,scattered,
delia,8,8,0.0,0,0.0,0,0,,False,scattered,
denim,8,8,0.0,0,0.0,0,0,,False,scattered,
derek,8,8,0.0,0,0.0,0,0,,False,scattered,
developers,8,8,0.0,0,0.0,0,0,,False,scattered,
dimensions,8,8,0.0,0,0.0,0,0,,False,scattered,
does,8,8,0.0,0,0.0,0,0,,False,scattered,
dominion,8,8,0.0,0,0.0,0,0,,False,scattered,
drama,8,8,0.0,0,0.0,0,0,,False,scattered,
draper,8,7,0.0,0,0.0,0,0,,False,scattered,
dusable,8,6,0.0,0,0.0,0,0,,False,scattered,
dvm,8,8,0.0,0,0.0,0,0,,False,scattered,
eastlake,8,7,0.0,0,0.0,0,0,,False,scattered,
elem,8,8,0.0,0,0.0,0,0,,False,scattered,
elliot,8,8,0.0,0,0.0,0,0,,False,scattered,
em,8,8,0.0,0,0.0,0,0,,False,scattered,
emma,8,8,0.0,0,0.0,0,0,,False,scattered,
enoteca,8,8,0.0,0,0.0,0,0,,False,scattered,
equities,8,8,0.0,0,0.0,0,0,,False,scattered,
erickson,8,8,0.0,0,0.0,0,0,,False,scattered,
esther,8,8,0.0,0,0.0,0,0,,False,scattered,
et,8,8,0.0,0,0.0,0,0,,False,scattered,
everlasting,8,7,0.0,0,0.0,0,0,,False,scattered,
farrell,8,8,0.0,0,0.0,0,0,,False,scattered,
ferry,8,8,0.0,0,0.0,0,0,,False,scattered,
fleur,8,8,0.0,0,0.0,0,0,,False,scattered,
flourish,8,8,0.0,0,0.0,0,0,,False,scattered,
fnp,8,7,0.0,0,0.0,0,0,,False,scattered,
fool,8,8,0.0,0,0.0,0,0,,False,scattered,
forma,8,8,0.0,0,0.0,0,0,,False,scattered,
frontline,8,8,0.0,0,0.0,0,0,,False,scattered,
fyzical,8,7,0.0,0,0.0,0,0,,False,scattered,
fzotvoca,8,8,0.0,0,0.0,0,0,,False,scattered,
gail,8,8,0.0,0,0.0,0,0,,False,scattered,
gc,8,8,0.0,0,0.0,0,0,,False,scattered,
gemini,8,8,0.0,0,0.0,0,0,,False,scattered,
geraci,8,8,0.0,0,0.0,0,0,,False,scattered,
gia,8,8,0.0,0,0.0,0,0,,False,scattered,
giant,8,8,0.0,0,0.0,0,0,,False,scattered,
gibbons,8,8,0.0,0,0.0,0,0,,False,scattered,
gogo,8,8,0.0,0,0.0,0,0,,False,scattered,
golo,8,8,0.0,0,0.0,0,0,,False,scattered,
gong,8,8,0.0,0,0.0,0,0,,False,scattered,
goodvets,8,8,0.0,0,0.0,0,0,,False,scattered,
goodwin,8,8,0.0,0,0.0,0,0,,False,scattered,
goosehead,8,8,0.0,0,0.0,0,0,,False,scattered,
guidance,8,8,0.0,0,0.0,0,0,,False,scattered,
gun,8,8,0.0,0,0.0,0,0,,False,scattered,
gyro,8,8,0.0,0,0.0,0,0,,False,scattered,
hairstylist,8,8,0.0,0,0.0,0,0,,False,scattered,
haley,8,8,0.0,0,0.0,0,0,,False,scattered,
hammond,8,7,0.0,0,0.0,0,0,,False,scattered,
hanna,8,8,0.0,0,0.0,0,0,,False,scattered,
hardy,8,8,0.0,0,0.0,0,0,,False,scattered,
hassib,8,8,0.0,0,0.0,0,0,,False,scattered,
herbert,8,6,0.0,0,0.0,0,0,,False,scattered,
honda,8,5,0.0,0,0.0,0,0,,False,scattered,
houston,8,8,0.0,0,0.0,0,0,,False,scattered,
hybrid,8,8,0.0,0,0.0,0,0,,False,scattered,
imran,8,7,0.0,0,0.0,0,0,,False,scattered,
infant,8,8,0.0,0,0.0,0,0,,False,scattered,
infused,8,8,0.0,0,0.0,0,0,,False,scattered,
inspire,8,8,0.0,0,0.0,0,0,,False,scattered,
integration,8,8,0.0,0,0.0,0,0,,False,scattered,
intelligent,8,7,0.0,0,0.0,0,0,,False,scattered,
jake,8,8,0.0,0,0.0,0,0,,False,scattered,
jamba,8,8,0.0,0,0.0,0,0,,False,scattered,
jameel,8,8,0.0,0,0.0,0,0,,False,scattered,
johnston,8,8,0.0,0,0.0,0,0,,False,scattered,
joyeria,8,8,0.0,0,0.0,0,0,,False,scattered,
julio,8,8,0.0,0,0.0,0,0,,False,scattered,
juvenile,8,4,0.0,0,0.0,0,0,,False,scattered,
kafe,8,8,0.0,0,0.0,0,0,,False,scattered,
karavites,8,8,0.0,0,0.0,0,0,,False,scattered,
karma,8,8,0.0,0,0.0,0,0,,False,scattered,
kaushik,8,8,0.0,0,0.0,0,0,,False,scattered,
kellogg,8,7,0.0,0,0.0,0,0,,False,scattered,
kelsey,8,8,0.0,0,0.0,0,0,,False,scattered,
kinsey,8,8,0.0,0,0.0,0,0,,False,scattered,
knapp,8,8,0.0,0,0.0,0,0,,False,scattered,
kriser,8,8,0.0,0,0.0,0,0,,False,scattered,
kristina,8,7,0.0,0,0.0,0,0,,False,scattered,
kurt,8,8,0.0,0,0.0,0,0,,False,scattered,
label,8,8,0.0,0,0.0,0,0,,False,scattered,
lai,8,7,0.0,0,0.0,0,0,,False,scattered,
lb,8,8,0.0,0,0.0,0,0,,False,scattered,
legendary,8,8,0.0,0,0.0,0,0,,False,scattered,
lendnation,8,8,0.0,0,0.0,0,0,,False,scattered,
levi,8,7,0.0,0,0.0,0,0,,False,scattered,
lindsay,8,8,0.0,0,0.0,0,0,,False,scattered,
links,8,8,0.0,0,0.0,0,0,,False,scattered,
list,8,8,0.0,0,0.0,0,0,,False,scattered,
lm,8,6,0.0,0,0.0,0,0,,False,scattered,
loud,8,8,0.0,0,0.0,0,0,,False,scattered,
lupita,8,8,0.0,0,0.0,0,0,,False,scattered,
lush,8,8,0.0,0,0.0,0,0,,False,scattered,
lydia,8,7,0.0,0,0.0,0,0,,False,scattered,
making,8,8,0.0,0,0.0,0,0,,False,scattered,
managing,8,8,0.0,0,0.0,0,0,,False,scattered,
manual,8,8,0.0,0,0.0,0,0,,False,scattered,
maranatha,8,8,0.0,0,0.0,0,0,,False,scattered,
mcguire,8,8,0.0,0,0.0,0,0,,False,scattered,
mdsc,8,8,0.0,0,0.0,0,0,,False,scattered,
meet,8,8,0.0,0,0.0,0,0,,False,scattered,
mercantile,8,7,0.0,0,0.0,0,0,,False,scattered,
micro,8,8,0.0,0,0.0,0,0,,False,scattered,
midnight,8,8,0.0,0,0.0,0,0,,False,scattered,
milton,8,8,0.0,0,0.0,0,0,,False,scattered,
monday,8,8,0.0,0,0.0,0,0,,False,scattered,
monster,8,7,0.0,0,0.0,0,0,,False,scattered,
morales,8,8,0.0,0,0.0,0,0,,False,scattered,
mosque,8,8,0.0,0,0.0,0,0,,False,scattered,
moss,8,8,0.0,0,0.0,0,0,,False,scattered,
motorsports,8,8,0.0,0,0.0,0,0,,False,scattered,
munish,8,8,0.0,0,0.0,0,0,,False,scattered,
newspaper,8,8,0.0,0,0.0,0,0,,False,scattered,
ninja,8,8,0.0,0,0.0,0,0,,False,scattered,
nora,8,8,0.0,0,0.0,0,0,,False,scattered,
operation,8,8,0.0,0,0.0,0,0,,False,scattered,
oracle,8,8,0.0,0,0.0,0,0,,False,scattered,
originpoint,8,1,0.0,0,0.0,0,0,,False,scattered,
pace,8,7,0.0,0,0.0,0,0,,False,scattered,
pancho,8,7,0.0,0,0.0,0,0,,False,scattered,
parade,8,8,0.0,0,0.0,0,0,,False,scattered,
patterson,8,8,0.0,0,0.0,0,0,,False,scattered,
pedestrian,8,7,0.0,0,0.0,0,0,,False,scattered,
photos,8,8,0.0,0,0.0,0,0,,False,scattered,
pickup,8,8,0.0,0,0.0,0,0,,False,scattered,
pictures,8,8,0.0,0,0.0,0,0,,False,scattered,
pierce,8,7,0.0,0,0.0,0,0,,False,scattered,
plasma,8,8,0.0,0,0.0,0,0,,False,scattered,
playgrounds,8,8,0.0,0,0.0,0,0,,False,scattered,
plug,8,8,0.0,0,0.0,0,0,,False,scattered,
preventive,8,8,0.0,0,0.0,0,0,,False,scattered,
pronto,8,8,0.0,0,0.0,0,0,,False,scattered,
racing,8,8,0.0,0,0.0,0,0,,False,scattered,
rally,8,8,0.0,0,0.0,0,0,,False,scattered,
ram,8,8,0.0,0,0.0,0,0,,False,scattered,
rb,8,8,0.0,0,0.0,0,0,,False,scattered,
redline,8,8,0.0,0,0.0,0,0,,False,scattered,
reflections,8,8,0.0,0,0.0,0,0,,False,scattered,
remy,8,8,0.0,0,0.0,0,0,,False,scattered,
retired,8,7,0.0,0,0.0,0,0,,False,scattered,
retreat,8,8,0.0,0,0.0,0,0,,False,scattered,
reunion,8,8,0.0,0,0.0,0,0,,False,scattered,
ria,8,8,0.0,0,0.0,0,0,,False,scattered,
riot,8,7,0.0,0,0.0,0,0,,False,scattered,
roque,8,7,0.0,0,0.0,0,0,,False,scattered,
rosalia,8,8,0.0,0,0.0,0,0,,False,scattered,
rowan,8,8,0.0,0,0.0,0,0,,False,scattered,
royale,8,8,0.0,0,0.0,0,0,,False,scattered,
sal,8,8,0.0,0,0.0,0,0,,False,scattered,
salman,8,7,0.0,0,0.0,0,0,,False,scattered,
sanitation,8,8,0.0,0,0.0,0,0,,False,scattered,
sankofa,8,7,0.0,0,0.0,0,0,,False,scattered,
sauna,8,8,0.0,0,0.0,0,0,,False,scattered,
schultz,8,7,0.0,0,0.0,0,0,,False,scattered,
sda,8,8,0.0,0,0.0,0,0,,False,scattered,
sephora,8,8,0.0,0,0.0,0,0,,False,scattered,
shade,8,8,0.0,0,0.0,0,0,,False,scattered,
shawarma,8,8,0.0,0,0.0,0,0,,False,scattered,
sheet,8,8,0.0,0,0.0,0,0,,False,scattered,
shelley,8,8,0.0,0,0.0,0,0,,False,scattered,
shelter,8,8,0.0,0,0.0,0,0,,False,scattered,
siddiqi,8,8,0.0,0,0.0,0,0,,False,scattered,
sit,8,8,0.0,0,0.0,0,0,,False,scattered,
snapper,8,8,0.0,0,0.0,0,0,,False,scattered,
snappy,8,8,0.0,0,0.0,0,0,,False,scattered,
snipes,8,8,0.0,0,0.0,0,0,,False,scattered,
solidcore,8,7,0.0,0,0.0,0,0,,False,scattered,
solis,8,8,0.0,0,0.0,0,0,,False,scattered,
soo,8,8,0.0,0,0.0,0,0,,False,scattered,
souls,8,8,0.0,0,0.0,0,0,,False,scattered,
soup,8,7,0.0,0,0.0,0,0,,False,scattered,
staff,8,8,0.0,0,0.0,0,0,,False,scattered,
staples,8,8,0.0,0,0.0,0,0,,False,scattered,
stellar,8,8,0.0,0,0.0,0,0,,False,scattered,
strange,8,8,0.0,0,0.0,0,0,,False,scattered,
strive,8,8,0.0,0,0.0,0,0,,False,scattered,
suarez,8,8,0.0,0,0.0,0,0,,False,scattered,
sunflower,8,8,0.0,0,0.0,0,0,,False,scattered,
surge,8,8,0.0,0,0.0,0,0,,False,scattered,
suzanne,8,8,0.0,0,0.0,0,0,,False,scattered,
swanson,8,8,0.0,0,0.0,0,0,,False,scattered,
sweeney,8,8,0.0,0,0.0,0,0,,False,scattered,
taconazo,8,7,0.0,0,0.0,0,0,,False,scattered,
teddy,8,8,0.0,0,0.0,0,0,,False,scattered,
teen,8,8,0.0,0,0.0,0,0,,False,scattered,
tek,8,8,0.0,0,0.0,0,0,,False,scattered,
temp,8,8,0.0,0,0.0,0,0,,False,scattered,
teriyaki,8,7,0.0,0,0.0,0,0,,False,scattered,
thirty,8,8,0.0,0,0.0,0,0,,False,scattered,
thlfb,8,8,0.0,0,0.0,0,0,,False,scattered,
tito,8,8,0.0,0,0.0,0,0,,False,scattered,
toro,8,8,0.0,0,0.0,0,0,,False,scattered,
tr,8,8,0.0,0,0.0,0,0,,False,scattered,
trees,8,8,0.0,0,0.0,0,0,,False,scattered,
troy,8,8,0.0,0,0.0,0,0,,False,scattered,
tuck,8,8,0.0,0,0.0,0,0,,False,scattered,
twin,8,8,0.0,0,0.0,0,0,,False,scattered,
valvoline,8,8,0.0,0,0.0,0,0,,False,scattered,
vargas,8,8,0.0,0,0.0,0,0,,False,scattered,
variety,8,8,0.0,0,0.0,0,0,,False,scattered,
vazquez,8,8,0.0,0,0.0,0,0,,False,scattered,
veteran,8,8,0.0,0,0.0,0,0,,False,scattered,
visuals,8,8,0.0,0,0.0,0,0,,False,scattered,
vivid,8,8,0.0,0,0.0,0,0,,False,scattered,
volleyball,8,7,0.0,0,0.0,0,0,,False,scattered,
what,8,8,0.0,0,0.0,0,0,,False,scattered,
write,8,8,0.0,0,0.0,0,0,,False,scattered,
wu,8,8,0.0,0,0.0,0,0,,False,scattered,
years,8,8,0.0,0,0.0,0,0,,False,scattered,
yours,8,8,0.0,0,0.0,0,0,,False,scattered,
zara,8,8,0.0,0,0.0,0,0,,False,scattered,
acquisition,7,7,0.0,0,0.0,0,0,,False,scattered,
advancement,7,7,0.0,0,0.0,0,0,,False,scattered,
affiliates,7,6,0.0,0,0.0,0,0,,False,scattered,
agave,7,7,0.0,0,0.0,0,0,,False,scattered,
aguilar,7,7,0.0,0,0.0,0,0,,False,scattered,
ahead,7,6,0.0,0,0.0,0,0,,False,scattered,
ak,7,7,0.0,0,0.0,0,0,,False,scattered,
alderwoman,7,7,0.0,0,0.0,0,0,,False,scattered,
alert,7,7,0.0,0,0.0,0,0,,False,scattered,
alfred,7,7,0.0,0,0.0,0,0,,False,scattered,
alzheimer,7,7,0.0,0,0.0,0,0,,False,scattered,
amore,7,7,0.0,0,0.0,0,0,,False,scattered,
andersen,7,6,0.0,0,0.0,0,0,,False,scattered,
annette,7,7,0.0,0,0.0,0,0,,False,scattered,
anonymous,7,6,0.0,0,0.0,0,0,,False,scattered,
antioch,7,5,0.0,0,0.0,0,0,,False,scattered,
appointment,7,7,0.0,0,0.0,0,0,,False,scattered,
archive,7,7,0.0,0,0.0,0,0,,False,scattered,
armand,7,7,0.0,0,0.0,0,0,,False,scattered,
arte,7,7,0.0,0,0.0,0,0,,False,scattered,
arun,7,7,0.0,0,0.0,0,0,,False,scattered,
ask,7,7,0.0,0,0.0,0,0,,False,scattered,
assist,7,7,0.0,0,0.0,0,0,,False,scattered,
augustyn,7,5,0.0,0,0.0,0,0,,False,scattered,
automatic,7,7,0.0,0,0.0,0,0,,False,scattered,
awakening,7,7,0.0,0,0.0,0,0,,False,scattered,
baked,7,7,0.0,0,0.0,0,0,,False,scattered,
ball,7,6,0.0,0,0.0,0,0,,False,scattered,
barbeque,7,7,0.0,0,0.0,0,0,,False,scattered,
barney,7,7,0.0,0,0.0,0,0,,False,scattered,
basket,7,7,0.0,0,0.0,0,0,,False,scattered,
batteries,7,7,0.0,0,0.0,0,0,,False,scattered,
believers,7,7,0.0,0,0.0,0,0,,False,scattered,
bello,7,7,0.0,0,0.0,0,0,,False,scattered,
benchmark,7,7,0.0,0,0.0,0,0,,False,scattered,
bender,7,7,0.0,0,0.0,0,0,,False,scattered,
bethesda,7,6,0.0,0,0.0,0,0,,False,scattered,
beto,7,7,0.0,0,0.0,0,0,,False,scattered,
bicycles,7,7,0.0,0,0.0,0,0,,False,scattered,
birds,7,7,0.0,0,0.0,0,0,,False,scattered,
blackhawk,7,6,0.0,0,0.0,0,0,,False,scattered,
blanco,7,7,0.0,0,0.0,0,0,,False,scattered,
bluemercury,7,7,0.0,0,0.0,0,0,,False,scattered,
boiler,7,7,0.0,0,0.0,0,0,,False,scattered,
booths,7,7,0.0,0,0.0,0,0,,False,scattered,
bowling,7,7,0.0,0,0.0,0,0,,False,scattered,
braid,7,7,0.0,0,0.0,0,0,,False,scattered,
breakers,7,5,0.0,0,0.0,0,0,,False,scattered,
brownstone,7,7,0.0,0,0.0,0,0,,False,scattered,
bumper,7,7,0.0,0,0.0,0,0,,False,scattered,
byrne,7,7,0.0,0,0.0,0,0,,False,scattered,
byron,7,7,0.0,0,0.0,0,0,,False,scattered,
cabana,7,7,0.0,0,0.0,0,0,,False,scattered,
cable,7,7,0.0,0,0.0,0,0,,False,scattered,
calvin,7,6,0.0,0,0.0,0,0,,False,scattered,
campero,7,7,0.0,0,0.0,0,0,,False,scattered,
cannon,7,7,0.0,0,0.0,0,0,,False,scattered,
cardio,7,6,0.0,0,0.0,0,0,,False,scattered,
carla,7,7,0.0,0,0.0,0,0,,False,scattered,
carriage,7,6,0.0,0,0.0,0,0,,False,scattered,
carrier,7,7,0.0,0,0.0,0,0,,False,scattered,
cartage,7,7,0.0,0,0.0,0,0,,False,scattered,
cass,7,7,0.0,0,0.0,0,0,,False,scattered,
catedral,7,6,0.0,0,0.0,0,0,,False,scattered,
cats,7,7,0.0,0,0.0,0,0,,False,scattered,
celtic,7,7,0.0,0,0.0,0,0,,False,scattered,
chair,7,7,0.0,0,0.0,0,0,,False,scattered,
chambers,7,7,0.0,0,0.0,0,0,,False,scattered,
charcoal,7,7,0.0,0,0.0,0,0,,False,scattered,
che,7,7,0.0,0,0.0,0,0,,False,scattered,
chicagos,7,7,0.0,0,0.0,0,0,,False,scattered,
chill,7,7,0.0,0,0.0,0,0,,False,scattered,
chin,7,6,0.0,0,0.0,0,0,,False,scattered,
choices,7,6,0.0,0,0.0,0,0,,False,scattered,
ciao,7,7,0.0,0,0.0,0,0,,False,scattered,
cisneros,7,7,0.0,0,0.0,0,0,,False,scattered,
coating,7,7,0.0,0,0.0,0,0,,False,scattered,
cobbler,7,7,0.0,0,0.0,0,0,,False,scattered,
cody,7,7,0.0,0,0.0,0,0,,False,scattered,
colour,7,7,0.0,0,0.0,0,0,,False,scattered,
con,7,7,0.0,0,0.0,0,0,,False,scattered,
concentra,7,6,0.0,0,0.0,0,0,,False,scattered,
concord,7,6,0.0,0,0.0,0,0,,False,scattered,
cone,7,7,0.0,0,0.0,0,0,,False,scattered,
connected,7,6,0.0,0,0.0,0,0,,False,scattered,
conway,7,7,0.0,0,0.0,0,0,,False,scattered,
coop,7,7,0.0,0,0.0,0,0,,False,scattered,
coptic,7,7,0.0,0,0.0,0,0,,False,scattered,
couples,7,7,0.0,0,0.0,0,0,,False,scattered,
crafty,7,7,0.0,0,0.0,0,0,,False,scattered,
cristina,7,7,0.0,0,0.0,0,0,,False,scattered,
crow,7,7,0.0,0,0.0,0,0,,False,scattered,
crowne,7,4,0.0,0,0.0,0,0,,False,scattered,
crumbl,7,7,0.0,0,0.0,0,0,,False,scattered,
cuban,7,7,0.0,0,0.0,0,0,,False,scattered,
cure,7,7,0.0,0,0.0,0,0,,False,scattered,
curls,7,7,0.0,0,0.0,0,0,,False,scattered,
curt,7,6,0.0,0,0.0,0,0,,False,scattered,
custard,7,7,0.0,0,0.0,0,0,,False,scattered,
cyclery,7,7,0.0,0,0.0,0,0,,False,scattered,
dakota,7,7,0.0,0,0.0,0,0,,False,scattered,
dancing,7,7,0.0,0,0.0,0,0,,False,scattered,
daul,7,7,0.0,0,0.0,0,0,,False,scattered,
della,7,7,0.0,0,0.0,0,0,,False,scattered,
dhl,7,7,0.0,0,0.0,0,0,,False,scattered,
dial,7,7,0.0,0,0.0,0,0,,False,scattered,
dino,7,7,0.0,0,0.0,0,0,,False,scattered,
dodge,7,6,0.0,0,0.0,0,0,,False,scattered,
donut,7,6,0.0,0,0.0,0,0,,False,scattered,
dough,7,7,0.0,0,0.0,0,0,,False,scattered,
dpt,7,7,0.0,0,0.0,0,0,,False,scattered,
drapery,7,7,0.0,0,0.0,0,0,,False,scattered,
drivers,7,7,0.0,0,0.0,0,0,,False,scattered,
du,7,7,0.0,0,0.0,0,0,,False,scattered,
dunn,7,7,0.0,0,0.0,0,0,,False,scattered,
durango,7,7,0.0,0,0.0,0,0,,False,scattered,
ease,7,6,0.0,0,0.0,0,0,,False,scattered,
ebony,7,7,0.0,0,0.0,0,0,,False,scattered,
edith,7,7,0.0,0,0.0,0,0,,False,scattered,
edmund,7,5,0.0,0,0.0,0,0,,False,scattered,
eduardo,7,7,0.0,0,0.0,0,0,,False,scattered,
egypt,7,7,0.0,0,0.0,0,0,,False,scattered,
elca,7,2,0.0,0,0.0,0,0,,False,scattered,
electrician,7,7,0.0,0,0.0,0,0,,False,scattered,
elijah,7,7,0.0,0,0.0,0,0,,False,scattered,
elise,7,7,0.0,0,0.0,0,0,,False,scattered,
elle,7,7,0.0,0,0.0,0,0,,False,scattered,
empower,7,7,0.0,0,0.0,0,0,,False,scattered,
england,7,7,0.0,0,0.0,0,0,,False,scattered,
entrance,7,7,0.0,0,0.0,0,0,,False,scattered,
epiphany,7,5,0.0,0,0.0,0,0,,False,scattered,
epoxy,7,7,0.0,0,0.0,0,0,,False,scattered,
equitable,7,7,0.0,0,0.0,0,0,,False,scattered,
est,7,7,0.0,0,0.0,0,0,,False,scattered,
expressions,7,7,0.0,0,0.0,0,0,,False,scattered,
fabian,7,7,0.0,0,0.0,0,0,,False,scattered,
fabric,7,7,0.0,0,0.0,0,0,,False,scattered,
figure,7,7,0.0,0,0.0,0,0,,False,scattered,
financiero,7,7,0.0,0,0.0,0,0,,False,scattered,
finishing,7,7,0.0,0,0.0,0,0,,False,scattered,
finn,7,7,0.0,0,0.0,0,0,,False,scattered,
flo,7,7,0.0,0,0.0,0,0,,False,scattered,
flora,7,7,0.0,0,0.0,0,0,,False,scattered,
foam,7,7,0.0,0,0.0,0,0,,False,scattered,
folk,7,7,0.0,0,0.0,0,0,,False,scattered,
forman,7,7,0.0,0,0.0,0,0,,False,scattered,
fuego,7,7,0.0,0,0.0,0,0,,False,scattered,
gagandeep,7,7,0.0,0,0.0,0,0,,False,scattered,
galilee,7,7,0.0,0,0.0,0,0,,False,scattered,
gathering,7,7,0.0,0,0.0,0,0,,False,scattered,
generations,7,7,0.0,0,0.0,0,0,,False,scattered,
genuine,7,7,0.0,0,0.0,0,0,,False,scattered,
geoffrey,7,7,0.0,0,0.0,0,0,,False,scattered,
georgia,7,7,0.0,0,0.0,0,0,,False,scattered,
gethsemane,7,5,0.0,0,0.0,0,0,,False,scattered,
globe,7,7,0.0,0,0.0,0,0,,False,scattered,
glorious,7,7,0.0,0,0.0,0,0,,False,scattered,
gracie,7,7,0.0,0,0.0,0,0,,False,scattered,
guero,7,6,0.0,0,0.0,0,0,,False,scattered,
guidepost,7,7,0.0,0,0.0,0,0,,False,scattered,
guitars,7,6,0.0,0,0.0,0,0,,False,scattered,
gusto,7,7,0.0,0,0.0,0,0,,False,scattered,
hallmark,7,6,0.0,0,0.0,0,0,,False,scattered,
hanger,7,7,0.0,0,0.0,0,0,,False,scattered,
harding,7,7,0.0,0,0.0,0,0,,False,scattered,
hats,7,7,0.0,0,0.0,0,0,,False,scattered,
hauling,7,7,0.0,0,0.0,0,0,,False,scattered,
headache,7,5,0.0,0,0.0,0,0,,False,scattered,
headshots,7,7,0.0,0,0.0,0,0,,False,scattered,
hebrew,7,7,0.0,0,0.0,0,0,,False,scattered,
hen,7,7,0.0,0,0.0,0,0,,False,scattered,
heroes,7,6,0.0,0,0.0,0,0,,False,scattered,
hilltop,7,7,0.0,0,0.0,0,0,,False,scattered,
hispana,7,7,0.0,0,0.0,0,0,,False,scattered,
hispano,7,7,0.0,0,0.0,0,0,,False,scattered,
hockey,7,6,0.0,0,0.0,0,0,,False,scattered,
household,7,7,0.0,0,0.0,0,0,,False,scattered,
hr,7,7,0.0,0,0.0,0,0,,False,scattered,
huerta,7,7,0.0,0,0.0,0,0,,False,scattered,
iconic,7,7,0.0,0,0.0,0,0,,False,scattered,
ike,7,7,0.0,0,0.0,0,0,,False,scattered,
implants,7,6,0.0,0,0.0,0,0,,False,scattered,
impression,7,7,0.0,0,0.0,0,0,,False,scattered,
improv,7,7,0.0,0,0.0,0,0,,False,scattered,
indie,7,6,0.0,0,0.0,0,0,,False,scattered,
info,7,7,0.0,0,0.0,0,0,,False,scattered,
intervention,7,7,0.0,0,0.0,0,0,,False,scattered,
intuit,7,7,0.0,0,0.0,0,0,,False,scattered,
islas,7,7,0.0,0,0.0,0,0,,False,scattered,
ivan,7,7,0.0,0,0.0,0,0,,False,scattered,
jeanne,7,6,0.0,0,0.0,0,0,,False,scattered,
jessie,7,7,0.0,0,0.0,0,0,,False,scattered,
js,7,7,0.0,0,0.0,0,0,,False,scattered,
juanita,7,7,0.0,0,0.0,0,0,,False,scattered,
kare,7,7,0.0,0,0.0,0,0,,False,scattered,
keating,7,7,0.0,0,0.0,0,0,,False,scattered,
kelli,7,7,0.0,0,0.0,0,0,,False,scattered,
kicks,7,7,0.0,0,0.0,0,0,,False,scattered,
kidztopros,7,7,0.0,0,0.0,0,0,,False,scattered,
kiki,7,7,0.0,0,0.0,0,0,,False,scattered,
kikka,7,7,0.0,0,0.0,0,0,,False,scattered,
know,7,7,0.0,0,0.0,0,0,,False,scattered,
knox,7,7,0.0,0,0.0,0,0,,False,scattered,
labcorp,7,6,0.0,0,0.0,0,0,,False,scattered,
ladybug,7,7,0.0,0,0.0,0,0,,False,scattered,
lau,7,7,0.0,0,0.0,0,0,,False,scattered,
launch,7,7,0.0,0,0.0,0,0,,False,scattered,
legend,7,7,0.0,0,0.0,0,0,,False,scattered,
lena,7,7,0.0,0,0.0,0,0,,False,scattered,
lexington,7,7,0.0,0,0.0,0,0,,False,scattered,
liberation,7,7,0.0,0,0.0,0,0,,False,scattered,
licensed,7,7,0.0,0,0.0,0,0,,False,scattered,
lifesafer,7,7,0.0,0,0.0,0,0,,False,scattered,
lifestance,7,7,0.0,0,0.0,0,0,,False,scattered,
limit,7,7,0.0,0,0.0,0,0,,False,scattered,
lions,7,6,0.0,0,0.0,0,0,,False,scattered,
lone,7,6,0.0,0,0.0,0,0,,False,scattered,
lorraine,7,7,0.0,0,0.0,0,0,,False,scattered,
lyon,7,6,0.0,0,0.0,0,0,,False,scattered,
machines,7,7,0.0,0,0.0,0,0,,False,scattered,
makers,7,7,0.0,0,0.0,0,0,,False,scattered,
malik,7,7,0.0,0,0.0,0,0,,False,scattered,
marianne,7,6,0.0,0,0.0,0,0,,False,scattered,
marjorie,7,7,0.0,0,0.0,0,0,,False,scattered,
marty,7,7,0.0,0,0.0,0,0,,False,scattered,
marvin,7,7,0.0,0,0.0,0,0,,False,scattered,
mat,7,7,0.0,0,0.0,0,0,,False,scattered,
mathew,7,7,0.0,0,0.0,0,0,,False,scattered,
maxim,7,6,0.0,0,0.0,0,0,,False,scattered,
mccann,7,7,0.0,0,0.0,0,0,,False,scattered,
mcgowan,7,6,0.0,0,0.0,0,0,,False,scattered,
mcmahon,7,7,0.0,0,0.0,0,0,,False,scattered,
meghan,7,7,0.0,0,0.0,0,0,,False,scattered,
meineke,7,7,0.0,0,0.0,0,0,,False,scattered,
memory,7,7,0.0,0,0.0,0,0,,False,scattered,
metropcs,7,7,0.0,0,0.0,0,0,,False,scattered,
mex,7,7,0.0,0,0.0,0,0,,False,scattered,
miska,7,7,0.0,0,0.0,0,0,,False,scattered,
momo,7,7,0.0,0,0.0,0,0,,False,scattered,
monte,7,7,0.0,0,0.0,0,0,,False,scattered,
montoya,7,7,0.0,0,0.0,0,0,,False,scattered,
movie,7,7,0.0,0,0.0,0,0,,False,scattered,
msw,7,7,0.0,0,0.0,0,0,,False,scattered,
multiservices,7,7,0.0,0,0.0,0,0,,False,scattered,
muse,7,7,0.0,0,0.0,0,0,,False,scattered,
myers,7,7,0.0,0,0.0,0,0,,False,scattered,
nailacarte,7,7,0.0,0,0.0,0,0,,False,scattered,
nannybag,7,7,0.0,0,0.0,0,0,,False,scattered,
nate,7,7,0.0,0,0.0,0,0,,False,scattered,
ne,7,7,0.0,0,0.0,0,0,,False,scattered,
neomedica,7,6,0.0,0,0.0,0,0,,False,scattered,
nights,7,7,0.0,0,0.0,0,0,,False,scattered,
nike,7,7,0.0,0,0.0,0,0,,False,scattered,
niko,7,7,0.0,0,0.0,0,0,,False,scattered,
notch,7,7,0.0,0,0.0,0,0,,False,scattered,
novak,7,7,0.0,0,0.0,0,0,,False,scattered,
ns,7,7,0.0,0,0.0,0,0,,False,scattered,
oaks,7,7,0.0,0,0.0,0,0,,False,scattered,
odyssey,7,6,0.0,0,0.0,0,0,,False,scattered,
olympia,7,6,0.0,0,0.0,0,0,,False,scattered,
operations,7,6,0.0,0,0.0,0,0,,False,scattered,
option,7,6,0.0,0,0.0,0,0,,False,scattered,
organ,7,6,0.0,0,0.0,0,0,,False,scattered,
ortega,7,7,0.0,0,0.0,0,0,,False,scattered,
other,7,7,0.0,0,0.0,0,0,,False,scattered,
paints,7,5,0.0,0,0.0,0,0,,False,scattered,
parliament,7,7,0.0,0,0.0,0,0,,False,scattered,
pastoral,7,7,0.0,0,0.0,0,0,,False,scattered,
pathology,7,5,0.0,0,0.0,0,0,,False,scattered,
pcr,7,7,0.0,0,0.0,0,0,,False,scattered,
peninsula,7,2,0.0,0,0.0,0,0,,False,scattered,
phlebotomy,7,6,0.0,0,0.0,0,0,,False,scattered,
piccolo,7,6,0.0,0,0.0,0,0,,False,scattered,
piper,7,6,0.0,0,0.0,0,0,,False,scattered,
pitch,7,7,0.0,0,0.0,0,0,,False,scattered,
playa,7,7,0.0,0,0.0,0,0,,False,scattered,
podon,7,7,0.0,0,0.0,0,0,,False,scattered,
poor,7,7,0.0,0,0.0,0,0,,False,scattered,
pope,7,7,0.0,0,0.0,0,0,,False,scattered,
porches,7,7,0.0,0,0.0,0,0,,False,scattered,
portfolio,7,7,0.0,0,0.0,0,0,,False,scattered,
practical,7,7,0.0,0,0.0,0,0,,False,scattered,
precise,7,7,0.0,0,0.0,0,0,,False,scattered,
premiere,7,7,0.0,0,0.0,0,0,,False,scattered,
present,7,7,0.0,0,0.0,0,0,,False,scattered,
pressure,7,7,0.0,0,0.0,0,0,,False,scattered,
prop,7,7,0.0,0,0.0,0,0,,False,scattered,
pufb,7,7,0.0,0,0.0,0,0,,False,scattered,
pulse,7,7,0.0,0,0.0,0,0,,False,scattered,
pump,7,6,0.0,0,0.0,0,0,,False,scattered,
puppy,7,7,0.0,0,0.0,0,0,,False,scattered,
pyramid,7,7,0.0,0,0.0,0,0,,False,scattered,
rae,7,7,0.0,0,0.0,0,0,,False,scattered,
ramon,7,7,0.0,0,0.0,0,0,,False,scattered,
rays,7,6,0.0,0,0.0,0,0,,False,scattered,
raza,7,6,0.0,0,0.0,0,0,,False,scattered,
refined,7,7,0.0,0,0.0,0,0,,False,scattered,
reggie,7,6,0.0,0,0.0,0,0,,False,scattered,
reiki,7,7,0.0,0,0.0,0,0,,False,scattered,
rejuvenation,7,7,0.0,0,0.0,0,0,,False,scattered,
reliance,7,7,0.0,0,0.0,0,0,,False,scattered,
remedy,7,7,0.0,0,0.0,0,0,,False,scattered,
remus,7,7,0.0,0,0.0,0,0,,False,scattered,
replacement,7,7,0.0,0,0.0,0,0,,False,scattered,
reyna,7,7,0.0,0,0.0,0,0,,False,scattered,
rides,7,6,0.0,0,0.0,0,0,,False,scattered,
rivers,7,7,0.0,0,0.0,0,0,,False,scattered,
riviera,7,7,0.0,0,0.0,0,0,,False,scattered,
romano,7,6,0.0,0,0.0,0,0,,False,scattered,
ryu,7,7,0.0,0,0.0,0,0,,False,scattered,
sabrina,7,7,0.0,0,0.0,0,0,,False,scattered,
salazar,7,7,0.0,0,0.0,0,0,,False,scattered,
sandbox,7,7,0.0,0,0.0,0,0,,False,scattered,
sandoval,7,7,0.0,0,0.0,0,0,,False,scattered,
sapphire,7,7,0.0,0,0.0,0,0,,False,scattered,
sarpino,7,7,0.0,0,0.0,0,0,,False,scattered,
savor,7,7,0.0,0,0.0,0,0,,False,scattered,
sazon,7,7,0.0,0,0.0,0,0,,False,scattered,
scarlett,7,7,0.0,0,0.0,0,0,,False,scattered,
scents,7,7,0.0,0,0.0,0,0,,False,scattered,
schreiber,7,7,0.0,0,0.0,0,0,,False,scattered,
schroeder,7,7,0.0,0,0.0,0,0,,False,scattered,
sci,7,7,0.0,0,0.0,0,0,,False,scattered,
scoops,7,7,0.0,0,0.0,0,0,,False,scattered,
scuba,7,7,0.0,0,0.0,0,0,,False,scattered,
se,7,7,0.0,0,0.0,0,0,,False,scattered,
sex,7,7,0.0,0,0.0,0,0,,False,scattered,
shades,7,6,0.0,0,0.0,0,0,,False,scattered,
shakespeare,7,7,0.0,0,0.0,0,0,,False,scattered,
share,7,7,0.0,0,0.0,0,0,,False,scattered,
sheatsley,7,7,0.0,0,0.0,0,0,,False,scattered,
sheikh,7,6,0.0,0,0.0,0,0,,False,scattered,
shift,7,7,0.0,0,0.0,0,0,,False,scattered,
shin,7,7,0.0,0,0.0,0,0,,False,scattered,
simons,7,7,0.0,0,0.0,0,0,,False,scattered,
skechers,7,5,0.0,0,0.0,0,0,,False,scattered,
smash,7,7,0.0,0,0.0,0,0,,False,scattered,
sofia,7,7,0.0,0,0.0,0,0,,False,scattered,
sophie,7,7,0.0,0,0.0,0,0,,False,scattered,
spoke,7,6,0.0,0,0.0,0,0,,False,scattered,
spray,7,7,0.0,0,0.0,0,0,,False,scattered,
steiner,7,7,0.0,0,0.0,0,0,,False,scattered,
stories,7,7,0.0,0,0.0,0,0,,False,scattered,
stretchlab,7,7,0.0,0,0.0,0,0,,False,scattered,
surplus,7,7,0.0,0,0.0,0,0,,False,scattered,
sutherland,7,6,0.0,0,0.0,0,0,,False,scattered,
sweep,7,7,0.0,0,0.0,0,0,,False,scattered,
swimming,7,6,0.0,0,0.0,0,0,,False,scattered,
tac,7,6,0.0,0,0.0,0,0,,False,scattered,
tapia,7,7,0.0,0,0.0,0,0,,False,scattered,
td,7,7,0.0,0,0.0,0,0,,False,scattered,
tec,7,6,0.0,0,0.0,0,0,,False,scattered,
tenant,7,6,0.0,0,0.0,0,0,,False,scattered,
tenants,7,7,0.0,0,0.0,0,0,,False,scattered,
thakkar,7,6,0.0,0,0.0,0,0,,False,scattered,
therese,7,7,0.0,0,0.0,0,0,,False,scattered,
thousand,7,7,0.0,0,0.0,0,0,,False,scattered,
tie,7,7,0.0,0,0.0,0,0,,False,scattered,
tilbury,7,7,0.0,0,0.0,0,0,,False,scattered,
tomato,7,7,0.0,0,0.0,0,0,,False,scattered,
traditional,7,7,0.0,0,0.0,0,0,,False,scattered,
trails,7,6,0.0,0,0.0,0,0,,False,scattered,
transitions,7,7,0.0,0,0.0,0,0,,False,scattered,
travis,7,7,0.0,0,0.0,0,0,,False,scattered,
trolley,7,7,0.0,0,0.0,0,0,,False,scattered,
tru,7,7,0.0,0,0.0,0,0,,False,scattered,
tub,7,7,0.0,0,0.0,0,0,,False,scattered,
tube,7,7,0.0,0,0.0,0,0,,False,scattered,
turf,7,7,0.0,0,0.0,0,0,,False,scattered,
ubreakifix,7,7,0.0,0,0.0,0,0,,False,scattered,
unite,7,7,0.0,0,0.0,0,0,,False,scattered,
uropartners,7,7,0.0,0,0.0,0,0,,False,scattered,
valdez,7,7,0.0,0,0.0,0,0,,False,scattered,
vanity,7,6,0.0,0,0.0,0,0,,False,scattered,
vapor,7,7,0.0,0,0.0,0,0,,False,scattered,
verde,7,7,0.0,0,0.0,0,0,,False,scattered,
vero,7,7,0.0,0,0.0,0,0,,False,scattered,
violin,7,6,0.0,0,0.0,0,0,,False,scattered,
virtue,7,7,0.0,0,0.0,0,0,,False,scattered,
voices,7,7,0.0,0,0.0,0,0,,False,scattered,
vp,7,7,0.0,0,0.0,0,0,,False,scattered,
vr,7,7,0.0,0,0.0,0,0,,False,scattered,
wade,7,7,0.0,0,0.0,0,0,,False,scattered,
warby,7,7,0.0,0,0.0,0,0,,False,scattered,
ware,7,7,0.0,0,0.0,0,0,,False,scattered,
ways,7,7,0.0,0,0.0,0,0,,False,scattered,
welch,7,7,0.0,0,0.0,0,0,,False,scattered,
wendell,7,7,0.0,0,0.0,0,0,,False,scattered,
winnie,7,5,0.0,0,0.0,0,0,,False,scattered,
wish,7,7,0.0,0,0.0,0,0,,False,scattered,
wm,7,7,0.0,0,0.0,0,0,,False,scattered,
xl,7,7,0.0,0,0.0,0,0,,False,scattered,
yang,7,6,0.0,0,0.0,0,0,,False,scattered,
yo,7,7,0.0,0,0.0,0,0,,False,scattered,
abogado,6,6,0.0,0,0.0,0,0,,False,scattered,
abogados,6,6,0.0,0,0.0,0,0,,False,scattered,
acai,6,6,0.0,0,0.0,0,0,,False,scattered,
accidentes,6,5,0.0,0,0.0,0,0,,False,scattered,
acquisitions,6,6,0.0,0,0.0,0,0,,False,scattered,
adjuster,6,6,0.0,0,0.0,0,0,,False,scattered,
adjusting,6,6,0.0,0,0.0,0,0,,False,scattered,
agility,6,5,0.0,0,0.0,0,0,,False,scattered,
agora,6,6,0.0,0,0.0,0,0,,False,scattered,
airbrush,6,6,0.0,0,0.0,0,0,,False,scattered,
alexa,6,6,0.0,0,0.0,0,0,,False,scattered,
alia,6,6,0.0,0,0.0,0,0,,False,scattered,
alliant,6,5,0.0,0,0.0,0,0,,False,scattered,
aluminum,6,6,0.0,0,0.0,0,0,,False,scattered,
alvin,6,6,0.0,0,0.0,0,0,,False,scattered,
amigos,6,6,0.0,0,0.0,0,0,,False,scattered,
andrzej,6,6,0.0,0,0.0,0,0,,False,scattered,
angry,6,6,0.0,0,0.0,0,0,,False,scattered,
anywhere,6,6,0.0,0,0.0,0,0,,False,scattered,
apachi,6,6,0.0,0,0.0,0,0,,False,scattered,
aquatics,6,6,0.0,0,0.0,0,0,,False,scattered,
arcade,6,6,0.0,0,0.0,0,0,,False,scattered,
archery,6,5,0.0,0,0.0,0,0,,False,scattered,
architect,6,6,0.0,0,0.0,0,0,,False,scattered,
aria,6,6,0.0,0,0.0,0,0,,False,scattered,
armory,6,5,0.0,0,0.0,0,0,,False,scattered,
asap,6,5,0.0,0,0.0,0,0,,False,scattered,
ascent,6,5,0.0,0,0.0,0,0,,False,scattered,
aspire,6,6,0.0,0,0.0,0,0,,False,scattered,
assurance,6,6,0.0,0,0.0,0,0,,False,scattered,
atassi,6,6,0.0,0,0.0,0,0,,False,scattered,
atomic,6,6,0.0,0,0.0,0,0,,False,scattered,
audi,6,4,0.0,0,0.0,0,0,,False,scattered,
augustine,6,6,0.0,0,0.0,0,0,,False,scattered,
avanti,6,6,0.0,0,0.0,0,0,,False,scattered,
bangkok,6,6,0.0,0,0.0,0,0,,False,scattered,
barn,6,6,0.0,0,0.0,0,0,,False,scattered,
battalion,6,6,0.0,0,0.0,0,0,,False,scattered,
beans,6,6,0.0,0,0.0,0,0,,False,scattered,
beard,6,6,0.0,0,0.0,0,0,,False,scattered,
bears,6,6,0.0,0,0.0,0,0,,False,scattered,
beata,6,6,0.0,0,0.0,0,0,,False,scattered,
beggars,6,6,0.0,0,0.0,0,0,,False,scattered,
behind,6,6,0.0,0,0.0,0,0,,False,scattered,
being,6,6,0.0,0,0.0,0,0,,False,scattered,
berghoff,6,6,0.0,0,0.0,0,0,,False,scattered,
bernice,6,6,0.0,0,0.0,0,0,,False,scattered,
bernie,6,6,0.0,0,0.0,0,0,,False,scattered,
bien,6,6,0.0,0,0.0,0,0,,False,scattered,
biometrics,6,6,0.0,0,0.0,0,0,,False,scattered,
bleeding,6,6,0.0,0,0.0,0,0,,False,scattered,
blessings,6,5,0.0,0,0.0,0,0,,False,scattered,
boats,6,5,0.0,0,0.0,0,0,,False,scattered,
bodhi,6,5,0.0,0,0.0,0,0,,False,scattered,
bodyworks,6,6,0.0,0,0.0,0,0,,False,scattered,
bold,6,6,0.0,0,0.0,0,0,,False,scattered,
bonita,6,6,0.0,0,0.0,0,0,,False,scattered,
br,6,6,0.0,0,0.0,0,0,,False,scattered,
bricks,6,6,0.0,0,0.0,0,0,,False,scattered,
brush,6,6,0.0,0,0.0,0,0,,False,scattered,
byte,6,6,0.0,0,0.0,0,0,,False,scattered,
cadc,6,5,0.0,0,0.0,0,0,,False,scattered,
cage,6,6,0.0,0,0.0,0,0,,False,scattered,
cali,6,6,0.0,0,0.0,0,0,,False,scattered,
calm,6,6,0.0,0,0.0,0,0,,False,scattered,
campo,6,6,0.0,0,0.0,0,0,,False,scattered,
canaan,6,6,0.0,0,0.0,0,0,,False,scattered,
candies,6,6,0.0,0,0.0,0,0,,False,scattered,
caregivers,6,6,0.0,0,0.0,0,0,,False,scattered,
carnival,6,6,0.0,0,0.0,0,0,,False,scattered,
caro,6,6,0.0,0,0.0,0,0,,False,scattered,
carpets,6,6,0.0,0,0.0,0,0,,False,scattered,
cart,6,6,0.0,0,0.0,0,0,,False,scattered,
cary,6,6,0.0,0,0.0,0,0,,False,scattered,
cashier,6,6,0.0,0,0.0,0,0,,False,scattered,
casual,6,6,0.0,0,0.0,0,0,,False,scattered,
cava,6,6,0.0,0,0.0,0,0,,False,scattered,
ceramics,6,6,0.0,0,0.0,0,0,,False,scattered,
champion,6,6,0.0,0,0.0,0,0,,False,scattered,
chanel,6,6,0.0,0,0.0,0,0,,False,scattered,
chapels,6,5,0.0,0,0.0,0,0,,False,scattered,
checks,6,5,0.0,0,0.0,0,0,,False,scattered,
cheesecake,6,6,0.0,0,0.0,0,0,,False,scattered,
chica,6,6,0.0,0,0.0,0,0,,False,scattered,
churches,6,6,0.0,0,0.0,0,0,,False,scattered,
citizen,6,6,0.0,0,0.0,0,0,,False,scattered,
ciudad,6,6,0.0,0,0.0,0,0,,False,scattered,
clerk,6,4,0.0,0,0.0,0,0,,False,scattered,
cleveland,6,6,0.0,0,0.0,0,0,,False,scattered,
climate,6,6,0.0,0,0.0,0,0,,False,scattered,
clover,6,6,0.0,0,0.0,0,0,,False,scattered,
clyde,6,5,0.0,0,0.0,0,0,,False,scattered,
cmc,6,6,0.0,0,0.0,0,0,,False,scattered,
cnp,6,4,0.0,0,0.0,0,0,,False,scattered,
cocktails,6,6,0.0,0,0.0,0,0,,False,scattered,
coins,6,6,0.0,0,0.0,0,0,,False,scattered,
collier,6,6,0.0,0,0.0,0,0,,False,scattered,
colombe,6,5,0.0,0,0.0,0,0,,False,scattered,
colombian,6,6,0.0,0,0.0,0,0,,False,scattered,
comm,6,6,0.0,0,0.0,0,0,,False,scattered,
command,6,6,0.0,0,0.0,0,0,,False,scattered,
compensation,6,6,0.0,0,0.0,0,0,,False,scattered,
congressman,6,6,0.0,0,0.0,0,0,,False,scattered,
connie,6,6,0.0,0,0.0,0,0,,False,scattered,
conscious,6,6,0.0,0,0.0,0,0,,False,scattered,
conservancy,6,5,0.0,0,0.0,0,0,,False,scattered,
contract,6,5,0.0,0,0.0,0,0,,False,scattered,
controls,6,6,0.0,0,0.0,0,0,,False,scattered,
cooney,6,6,0.0,0,0.0,0,0,,False,scattered,
copa,6,6,0.0,0,0.0,0,0,,False,scattered,
cosmo,6,6,0.0,0,0.0,0,0,,False,scattered,
couch,6,5,0.0,0,0.0,0,0,,False,scattered,
courtyard,6,6,0.0,0,0.0,0,0,,False,scattered,
covered,6,5,0.0,0,0.0,0,0,,False,scattered,
cpd,6,6,0.0,0,0.0,0,0,,False,scattered,
creek,6,4,0.0,0,0.0,0,0,,False,scattered,
crepes,6,6,0.0,0,0.0,0,0,,False,scattered,
crest,6,6,0.0,0,0.0,0,0,,False,scattered,
crust,6,6,0.0,0,0.0,0,0,,False,scattered,
cultivate,6,6,0.0,0,0.0,0,0,,False,scattered,
cupcake,6,6,0.0,0,0.0,0,0,,False,scattered,
curious,6,6,0.0,0,0.0,0,0,,False,scattered,
curl,6,6,0.0,0,0.0,0,0,,False,scattered,
dale,6,6,0.0,0,0.0,0,0,,False,scattered,
das,6,6,0.0,0,0.0,0,0,,False,scattered,
daughter,6,6,0.0,0,0.0,0,0,,False,scattered,
davila,6,4,0.0,0,0.0,0,0,,False,scattered,
dawson,6,5,0.0,0,0.0,0,0,,False,scattered,
deco,6,6,0.0,0,0.0,0,0,,False,scattered,
defined,6,5,0.0,0,0.0,0,0,,False,scattered,
des,6,6,0.0,0,0.0,0,0,,False,scattered,
details,6,6,0.0,0,0.0,0,0,,False,scattered,
diplomatic,6,6,0.0,0,0.0,0,0,,False,scattered,
display,6,6,0.0,0,0.0,0,0,,False,scattered,
distributor,6,6,0.0,0,0.0,0,0,,False,scattered,
djs,6,6,0.0,0,0.0,0,0,,False,scattered,
dolls,6,6,0.0,0,0.0,0,0,,False,scattered,
doma,6,5,0.0,0,0.0,0,0,,False,scattered,
domain,6,6,0.0,0,0.0,0,0,,False,scattered,
dong,6,6,0.0,0,0.0,0,0,,False,scattered,
donnell,6,6,0.0,0,0.0,0,0,,False,scattered,
drugs,6,6,0.0,0,0.0,0,0,,False,scattered,
dumpster,6,6,0.0,0,0.0,0,0,,False,scattered,
dye,6,6,0.0,0,0.0,0,0,,False,scattered,
dyer,6,6,0.0,0,0.0,0,0,,False,scattered,
earl,6,6,0.0,0,0.0,0,0,,False,scattered,
eb,6,6,0.0,0,0.0,0,0,,False,scattered,
edition,6,6,0.0,0,0.0,0,0,,False,scattered,
eggsperience,6,6,0.0,0,0.0,0,0,,False,scattered,
eileen,6,6,0.0,0,0.0,0,0,,False,scattered,
elisabeth,6,6,0.0,0,0.0,0,0,,False,scattered,
ema,6,6,0.0,0,0.0,0,0,,False,scattered,
emery,6,6,0.0,0,0.0,0,0,,False,scattered,
endeavors,6,6,0.0,0,0.0,0,0,,False,scattered,
er,6,6,0.0,0,0.0,0,0,,False,scattered,
escuela,6,4,0.0,0,0.0,0,0,,False,scattered,
esquire,6,6,0.0,0,0.0,0,0,,False,scattered,
every,6,6,0.0,0,0.0,0,0,,False,scattered,
exceptional,6,6,0.0,0,0.0,0,0,,False,scattered,
exhibitions,6,6,0.0,0,0.0,0,0,,False,scattered,
explore,6,6,0.0,0,0.0,0,0,,False,scattered,
exposure,6,6,0.0,0,0.0,0,0,,False,scattered,
extension,6,6,0.0,0,0.0,0,0,,False,scattered,
eyebrow,6,6,0.0,0,0.0,0,0,,False,scattered,
factor,6,6,0.0,0,0.0,0,0,,False,scattered,
ferdinand,6,3,0.0,0,0.0,0,0,,False,scattered,
fetch,6,6,0.0,0,0.0,0,0,,False,scattered,
finishes,6,6,0.0,0,0.0,0,0,,False,scattered,
firearms,6,6,0.0,0,0.0,0,0,,False,scattered,
fishman,6,6,0.0,0,0.0,0,0,,False,scattered,
flanagan,6,6,0.0,0,0.0,0,0,,False,scattered,
fleming,6,6,0.0,0,0.0,0,0,,False,scattered,
fogata,6,6,0.0,0,0.0,0,0,,False,scattered,
forge,6,6,0.0,0,0.0,0,0,,False,scattered,
forty,6,6,0.0,0,0.0,0,0,,False,scattered,
franks,6,6,0.0,0,0.0,0,0,,False,scattered,
frida,6,6,0.0,0,0.0,0,0,,False,scattered,
fsjj,6,6,0.0,0,0.0,0,0,,False,scattered,
fuente,6,6,0.0,0,0.0,0,0,,False,scattered,
furious,6,6,0.0,0,0.0,0,0,,False,scattered,
furs,6,5,0.0,0,0.0,0,0,,False,scattered,
fzlby,6,6,0.0,0,0.0,0,0,,False,scattered,
gabriela,6,6,0.0,0,0.0,0,0,,False,scattered,
galeria,6,6,0.0,0,0.0,0,0,,False,scattered,
gen,6,6,0.0,0,0.0,0,0,,False,scattered,
gg,6,6,0.0,0,0.0,0,0,,False,scattered,
give,6,6,0.0,0,0.0,0,0,,False,scattered,
gleason,6,6,0.0,0,0.0,0,0,,False,scattered,
glove,6,5,0.0,0,0.0,0,0,,False,scattered,
gordo,6,6,0.0,0,0.0,0,0,,False,scattered,
grassroots,6,6,0.0,0,0.0,0,0,,False,scattered,
greenhouse,6,5,0.0,0,0.0,0,0,,False,scattered,
guanajuato,6,6,0.0,0,0.0,0,0,,False,scattered,
gwendolyn,6,4,0.0,0,0.0,0,0,,False,scattered,
haha,6,6,0.0,0,0.0,0,0,,False,scattered,
hank,6,6,0.0,0,0.0,0,0,,False,scattered,
harriet,6,6,0.0,0,0.0,0,0,,False,scattered,
hawaiian,6,6,0.0,0,0.0,0,0,,False,scattered,
he,6,6,0.0,0,0.0,0,0,,False,scattered,
healy,6,5,0.0,0,0.0,0,0,,False,scattered,
hhhh,6,6,0.0,0,0.0,0,0,,False,scattered,
hibachi,6,6,0.0,0,0.0,0,0,,False,scattered,
hines,6,6,0.0,0,0.0,0,0,,False,scattered,
hle,6,6,0.0,0,0.0,0,0,,False,scattered,
hollow,6,6,0.0,0,0.0,0,0,,False,scattered,
honor,6,6,0.0,0,0.0,0,0,,False,scattered,
horowitz,6,5,0.0,0,0.0,0,0,,False,scattered,
horseshoe,6,6,0.0,0,0.0,0,0,,False,scattered,
ht,6,6,0.0,0,0.0,0,0,,False,scattered,
humanity,6,6,0.0,0,0.0,0,0,,False,scattered,
hytl,6,6,0.0,0,0.0,0,0,,False,scattered,
ibrahim,6,6,0.0,0,0.0,0,0,,False,scattered,
identity,6,6,0.0,0,0.0,0,0,,False,scattered,
ihop,6,6,0.0,0,0.0,0,0,,False,scattered,
incubator,6,6,0.0,0,0.0,0,0,,False,scattered,
indigo,6,6,0.0,0,0.0,0,0,,False,scattered,
infiniti,6,6,0.0,0,0.0,0,0,,False,scattered,
instead,6,6,0.0,0,0.0,0,0,,False,scattered,
instruction,6,6,0.0,0,0.0,0,0,,False,scattered,
instrument,6,6,0.0,0,0.0,0,0,,False,scattered,
insure,6,5,0.0,0,0.0,0,0,,False,scattered,
into,6,6,0.0,0,0.0,0,0,,False,scattered,
investigative,6,5,0.0,0,0.0,0,0,,False,scattered,
investor,6,6,0.0,0,0.0,0,0,,False,scattered,
italia,6,6,0.0,0,0.0,0,0,,False,scattered,
jae,6,5,0.0,0,0.0,0,0,,False,scattered,
jai,6,6,0.0,0,0.0,0,0,,False,scattered,
jarrod,6,6,0.0,0,0.0,0,0,,False,scattered,
javier,6,6,0.0,0,0.0,0,0,,False,scattered,
jazzy,6,6,0.0,0,0.0,0,0,,False,scattered,
jia,6,6,0.0,0,0.0,0,0,,False,scattered,
jm,6,5,0.0,0,0.0,0,0,,False,scattered,
joann,6,6,0.0,0,0.0,0,0,,False,scattered,
joey,6,6,0.0,0,0.0,0,0,,False,scattered,
jolie,6,6,0.0,0,0.0,0,0,,False,scattered,
jt,6,6,0.0,0,0.0,0,0,,False,scattered,
juniper,6,6,0.0,0,0.0,0,0,,False,scattered,
karyn,6,6,0.0,0,0.0,0,0,,False,scattered,
kenya,6,6,0.0,0,0.0,0,0,,False,scattered,
ketamine,6,6,0.0,0,0.0,0,0,,False,scattered,
khalid,6,6,0.0,0,0.0,0,0,,False,scattered,
kickers,6,6,0.0,0,0.0,0,0,,False,scattered,
kind,6,6,0.0,0,0.0,0,0,,False,scattered,
kindercare,6,5,0.0,0,0.0,0,0,,False,scattered,
kinetic,6,6,0.0,0,0.0,0,0,,False,scattered,
kinley,6,6,0.0,0,0.0,0,0,,False,scattered,
kirby,6,6,0.0,0,0.0,0,0,,False,scattered,
kirsten,6,6,0.0,0,0.0,0,0,,False,scattered,
klean,6,6,0.0,0,0.0,0,0,,False,scattered,
knockout,6,6,0.0,0,0.0,0,0,,False,scattered,
kozy,6,6,0.0,0,0.0,0,0,,False,scattered,
kratom,6,6,0.0,0,0.0,0,0,,False,scattered,
krause,6,6,0.0,0,0.0,0,0,,False,scattered,
kroll,6,5,0.0,0,0.0,0,0,,False,scattered,
kuhn,6,3,0.0,0,0.0,0,0,,False,scattered,
laborers,6,5,0.0,0,0.0,0,0,,False,scattered,
landscapes,6,6,0.0,0,0.0,0,0,,False,scattered,
laredo,6,6,0.0,0,0.0,0,0,,False,scattered,
late,6,6,0.0,0,0.0,0,0,,False,scattered,
latte,6,6,0.0,0,0.0,0,0,,False,scattered,
latter,6,6,0.0,0,0.0,0,0,,False,scattered,
lawson,6,6,0.0,0,0.0,0,0,,False,scattered,
lc,6,6,0.0,0,0.0,0,0,,False,scattered,
leigh,6,6,0.0,0,0.0,0,0,,False,scattered,
lender,6,5,0.0,0,0.0,0,0,,False,scattered,
lessee,6,1,0.0,0,0.0,0,0,,False,scattered,
lex,6,5,0.0,0,0.0,0,0,,False,scattered,
li,6,6,0.0,0,0.0,0,0,,False,scattered,
lids,6,6,0.0,0,0.0,0,0,,False,scattered,
lightning,6,6,0.0,0,0.0,0,0,,False,scattered,
limits,6,6,0.0,0,0.0,0,0,,False,scattered,
lindy,6,6,0.0,0,0.0,0,0,,False,scattered,
lis,6,4,0.0,0,0.0,0,0,,False,scattered,
liver,6,6,0.0,0,0.0,0,0,,False,scattered,
locks,6,6,0.0,0,0.0,0,0,,False,scattered,
lombard,6,6,0.0,0,0.0,0,0,,False,scattered,
louise,6,6,0.0,0,0.0,0,0,,False,scattered,
ls,6,6,0.0,0,0.0,0,0,,False,scattered,
luck,6,6,0.0,0,0.0,0,0,,False,scattered,
lung,6,6,0.0,0,0.0,0,0,,False,scattered,
madness,6,5,0.0,0,0.0,0,0,,False,scattered,
mail,6,6,0.0,0,0.0,0,0,,False,scattered,
maldonado,6,6,0.0,0,0.0,0,0,,False,scattered,
mandarin,6,6,0.0,0,0.0,0,0,,False,scattered,
mann,6,6,0.0,0,0.0,0,0,,False,scattered,
manus,6,5,0.0,0,0.0,0,0,,False,scattered,
marian,6,6,0.0,0,0.0,0,0,,False,scattered,
marlon,6,6,0.0,0,0.0,0,0,,False,scattered,
marquez,6,6,0.0,0,0.0,0,0,,False,scattered,
martyrs,6,5,0.0,0,0.0,0,0,,False,scattered,
maverick,6,6,0.0,0,0.0,0,0,,False,scattered,
mca,6,4,0.0,0,0.0,0,0,,False,scattered,
mecca,6,6,0.0,0,0.0,0,0,,False,scattered,
melinda,6,6,0.0,0,0.0,0,0,,False,scattered,
mens,6,5,0.0,0,0.0,0,0,,False,scattered,
mentoring,6,6,0.0,0,0.0,0,0,,False,scattered,
mercedes,6,6,0.0,0,0.0,0,0,,False,scattered,
merry,6,6,0.0,0,0.0,0,0,,False,scattered,
mesa,6,6,0.0,0,0.0,0,0,,False,scattered,
mexicano,6,6,0.0,0,0.0,0,0,,False,scattered,
mickey,6,5,0.0,0,0.0,0,0,,False,scattered,
mikes,6,6,0.0,0,0.0,0,0,,False,scattered,
miles,6,6,0.0,0,0.0,0,0,,False,scattered,
mine,6,6,0.0,0,0.0,0,0,,False,scattered,
mint,6,6,0.0,0,0.0,0,0,,False,scattered,
minuteclinic,6,6,0.0,0,0.0,0,0,,False,scattered,
minutekey,6,6,0.0,0,0.0,0,0,,False,scattered,
minuteman,6,6,0.0,0,0.0,0,0,,False,scattered,
mio,6,6,0.0,0,0.0,0,0,,False,scattered,
misionera,6,6,0.0,0,0.0,0,0,,False,scattered,
missionaries,6,5,0.0,0,0.0,0,0,,False,scattered,
mister,6,6,0.0,0,0.0,0,0,,False,scattered,
mohamed,6,6,0.0,0,0.0,0,0,,False,scattered,
moments,6,6,0.0,0,0.0,0,0,,False,scattered,
mondo,6,6,0.0,0,0.0,0,0,,False,scattered,
moo,6,6,0.0,0,0.0,0,0,,False,scattered,
mora,6,6,0.0,0,0.0,0,0,,False,scattered,
moreno,6,6,0.0,0,0.0,0,0,,False,scattered,
moses,6,5,0.0,0,0.0,0,0,,False,scattered,
most,6,6,0.0,0,0.0,0,0,,False,scattered,
muay,6,6,0.0,0,0.0,0,0,,False,scattered,
mundo,6,6,0.0,0,0.0,0,0,,False,scattered,
musicians,6,5,0.0,0,0.0,0,0,,False,scattered,
mystic,6,6,0.0,0,0.0,0,0,,False,scattered,
nana,6,6,0.0,0,0.0,0,0,,False,scattered,
naomi,6,6,0.0,0,0.0,0,0,,False,scattered,
napleton,6,5,0.0,0,0.0,0,0,,False,scattered,
naturally,6,6,0.0,0,0.0,0,0,,False,scattered,
neighbor,6,6,0.0,0,0.0,0,0,,False,scattered,
newcity,6,1,0.0,0,0.0,0,0,,False,scattered,
nite,6,6,0.0,0,0.0,0,0,,False,scattered,
nook,6,6,0.0,0,0.0,0,0,,False,scattered,
norfolk,6,5,0.0,0,0.0,0,0,,False,scattered,
nunez,6,6,0.0,0,0.0,0,0,,False,scattered,
nurturing,6,6,0.0,0,0.0,0,0,,False,scattered,
ocotlan,6,6,0.0,0,0.0,0,0,,False,scattered,
ogilvie,6,4,0.0,0,0.0,0,0,,False,scattered,
oksana,6,6,0.0,0,0.0,0,0,,False,scattered,
om,6,6,0.0,0,0.0,0,0,,False,scattered,
opal,6,6,0.0,0,0.0,0,0,,False,scattered,
ops,6,6,0.0,0,0.0,0,0,,False,scattered,
optima,6,6,0.0,0,0.0,0,0,,False,scattered,
pablo,6,6,0.0,0,0.0,0,0,,False,scattered,
pacto,6,6,0.0,0,0.0,0,0,,False,scattered,
pad,6,6,0.0,0,0.0,0,0,,False,scattered,
paddle,6,6,0.0,0,0.0,0,0,,False,scattered,
pallets,6,6,0.0,0,0.0,0,0,,False,scattered,
palma,6,6,0.0,0,0.0,0,0,,False,scattered,
pancakes,6,6,0.0,0,0.0,0,0,,False,scattered,
pappas,6,6,0.0,0,0.0,0,0,,False,scattered,
parikh,6,6,0.0,0,0.0,0,0,,False,scattered,
pastor,6,6,0.0,0,0.0,0,0,,False,scattered,
pawners,6,5,0.0,0,0.0,0,0,,False,scattered,
payne,6,6,0.0,0,0.0,0,0,,False,scattered,
peacock,6,6,0.0,0,0.0,0,0,,False,scattered,
penn,6,6,0.0,0,0.0,0,0,,False,scattered,
perspective,6,6,0.0,0,0.0,0,0,,False,scattered,
petroleum,6,6,0.0,0,0.0,0,0,,False,scattered,
pham,6,6,0.0,0,0.0,0,0,,False,scattered,
phyllis,6,6,0.0,0,0.0,0,0,,False,scattered,
pierogi,6,6,0.0,0,0.0,0,0,,False,scattered,
pipe,6,6,0.0,0,0.0,0,0,,False,scattered,
pisani,6,6,0.0,0,0.0,0,0,,False,scattered,
pivot,6,6,0.0,0,0.0,0,0,,False,scattered,
pizano,6,6,0.0,0,0.0,0,0,,False,scattered,
po,6,6,0.0,0,0.0,0,0,,False,scattered,
polski,6,6,0.0,0,0.0,0,0,,False,scattered,
popular,6,6,0.0,0,0.0,0,0,,False,scattered,
portal,6,6,0.0,0,0.0,0,0,,False,scattered,
portraits,6,6,0.0,0,0.0,0,0,,False,scattered,
pound,6,5,0.0,0,0.0,0,0,,False,scattered,
pristine,6,6,0.0,0,0.0,0,0,,False,scattered,
proof,6,5,0.0,0,0.0,0,0,,False,scattered,
protective,6,6,0.0,0,0.0,0,0,,False,scattered,
province,6,6,0.0,0,0.0,0,0,,False,scattered,
psych,6,5,0.0,0,0.0,0,0,,False,scattered,
publican,6,4,0.0,0,0.0,0,0,,False,scattered,
quarters,6,6,0.0,0,0.0,0,0,,False,scattered,
rack,6,5,0.0,0,0.0,0,0,,False,scattered,
radiant,6,6,0.0,0,0.0,0,0,,False,scattered,
rafael,6,5,0.0,0,0.0,0,0,,False,scattered,
railway,6,6,0.0,0,0.0,0,0,,False,scattered,
rain,6,6,0.0,0,0.0,0,0,,False,scattered,
rama,6,6,0.0,0,0.0,0,0,,False,scattered,
ranchito,6,5,0.0,0,0.0,0,0,,False,scattered,
raul,6,6,0.0,0,0.0,0,0,,False,scattered,
rc,6,6,0.0,0,0.0,0,0,,False,scattered,
reality,6,6,0.0,0,0.0,0,0,,False,scattered,
rec,6,6,0.0,0,0.0,0,0,,False,scattered,
reel,6,6,0.0,0,0.0,0,0,,False,scattered,
reena,6,5,0.0,0,0.0,0,0,,False,scattered,
reflection,6,5,0.0,0,0.0,0,0,,False,scattered,
refunds,6,6,0.0,0,0.0,0,0,,False,scattered,
remix,6,6,0.0,0,0.0,0,0,,False,scattered,
resident,6,6,0.0,0,0.0,0,0,,False,scattered,
rho,6,6,0.0,0,0.0,0,0,,False,scattered,
rhythms,6,5,0.0,0,0.0,0,0,,False,scattered,
rocio,6,6,0.0,0,0.0,0,0,,False,scattered,
rod,6,5,0.0,0,0.0,0,0,,False,scattered,
rojas,6,5,0.0,0,0.0,0,0,,False,scattered,
rome,6,6,0.0,0,0.0,0,0,,False,scattered,
romeo,6,6,0.0,0,0.0,0,0,,False,scattered,
roses,6,6,0.0,0,0.0,0,0,,False,scattered,
rossi,6,5,0.0,0,0.0,0,0,,False,scattered,
roux,6,6,0.0,0,0.0,0,0,,False,scattered,
rs,6,6,0.0,0,0.0,0,0,,False,scattered,
sabores,6,5,0.0,0,0.0,0,0,,False,scattered,
safeguard,6,6,0.0,0,0.0,0,0,,False,scattered,
sauce,6,5,0.0,0,0.0,0,0,,False,scattered,
savage,6,6,0.0,0,0.0,0,0,,False,scattered,
scene,6,6,0.0,0,0.0,0,0,,False,scattered,
scientist,6,6,0.0,0,0.0,0,0,,False,scattered,
scooters,6,6,0.0,0,0.0,0,0,,False,scattered,
seals,6,6,0.0,0,0.0,0,0,,False,scattered,
seats,6,6,0.0,0,0.0,0,0,,False,scattered,
secrets,6,6,0.0,0,0.0,0,0,,False,scattered,
seeds,6,6,0.0,0,0.0,0,0,,False,scattered,
seiu,6,5,0.0,0,0.0,0,0,,False,scattered,
series,6,6,0.0,0,0.0,0,0,,False,scattered,
shape,6,6,0.0,0,0.0,0,0,,False,scattered,
sheena,6,5,0.0,0,0.0,0,0,,False,scattered,
shen,6,6,0.0,0,0.0,0,0,,False,scattered,
sheth,6,6,0.0,0,0.0,0,0,,False,scattered,
siena,6,5,0.0,0,0.0,0,0,,False,scattered,
simeon,6,5,0.0,0,0.0,0,0,,False,scattered,
simone,6,6,0.0,0,0.0,0,0,,False,scattered,
slater,6,6,0.0,0,0.0,0,0,,False,scattered,
smiling,6,6,0.0,0,0.0,0,0,,False,scattered,
smokepost,6,6,0.0,0,0.0,0,0,,False,scattered,
smokes,6,6,0.0,0,0.0,0,0,,False,scattered,
smoking,6,6,0.0,0,0.0,0,0,,False,scattered,
sober,6,6,0.0,0,0.0,0,0,,False,scattered,
soma,6,5,0.0,0,0.0,0,0,,False,scattered,
something,6,6,0.0,0,0.0,0,0,,False,scattered,
sonic,6,5,0.0,0,0.0,0,0,,False,scattered,
soto,6,6,0.0,0,0.0,0,0,,False,scattered,
soulfood,6,6,0.0,0,0.0,0,0,,False,scattered,
southtown,6,5,0.0,0,0.0,0,0,,False,scattered,
spartan,6,6,0.0,0,0.0,0,0,,False,scattered,
split,6,5,0.0,0,0.0,0,0,,False,scattered,
srs,6,5,0.0,0,0.0,0,0,,False,scattered,
steadfast,6,6,0.0,0,0.0,0,0,,False,scattered,
steinmetz,6,5,0.0,0,0.0,0,0,,False,scattered,
stephan,6,6,0.0,0,0.0,0,0,,False,scattered,
stylish,6,6,0.0,0,0.0,0,0,,False,scattered,
swan,6,6,0.0,0,0.0,0,0,,False,scattered,
tables,6,6,0.0,0,0.0,0,0,,False,scattered,
tailored,6,6,0.0,0,0.0,0,0,,False,scattered,
takes,6,6,0.0,0,0.0,0,0,,False,scattered,
tales,6,6,0.0,0,0.0,0,0,,False,scattered,
tapatio,6,5,0.0,0,0.0,0,0,,False,scattered,
tapes,6,6,0.0,0,0.0,0,0,,False,scattered,
tca,6,6,0.0,0,0.0,0,0,,False,scattered,
teach,6,6,0.0,0,0.0,0,0,,False,scattered,
technique,6,6,0.0,0,0.0,0,0,,False,scattered,
tees,6,6,0.0,0,0.0,0,0,,False,scattered,
textiles,6,5,0.0,0,0.0,0,0,,False,scattered,
thank,6,6,0.0,0,0.0,0,0,,False,scattered,
thee,6,5,0.0,0,0.0,0,0,,False,scattered,
theo,6,6,0.0,0,0.0,0,0,,False,scattered,
theta,6,6,0.0,0,0.0,0,0,,False,scattered,
thunder,6,6,0.0,0,0.0,0,0,,False,scattered,
tiaa,6,3,0.0,0,0.0,0,0,,False,scattered,
tints,6,6,0.0,0,0.0,0,0,,False,scattered,
tips,6,6,0.0,0,0.0,0,0,,False,scattered,
tnt,6,6,0.0,0,0.0,0,0,,False,scattered,
toole,6,6,0.0,0,0.0,0,0,,False,scattered,
townsend,6,5,0.0,0,0.0,0,0,,False,scattered,
trades,6,6,0.0,0,0.0,0,0,,False,scattered,
transforming,6,6,0.0,0,0.0,0,0,,False,scattered,
trap,6,6,0.0,0,0.0,0,0,,False,scattered,
troop,6,6,0.0,0,0.0,0,0,,False,scattered,
truly,6,6,0.0,0,0.0,0,0,,False,scattered,
ts,6,6,0.0,0,0.0,0,0,,False,scattered,
turkey,6,6,0.0,0,0.0,0,0,,False,scattered,
tutors,6,6,0.0,0,0.0,0,0,,False,scattered,
twins,6,6,0.0,0,0.0,0,0,,False,scattered,
ty,6,6,0.0,0,0.0,0,0,,False,scattered,
ultimo,6,6,0.0,0,0.0,0,0,,False,scattered,
unitarian,6,6,0.0,0,0.0,0,0,,False,scattered,
ur,6,6,0.0,0,0.0,0,0,,False,scattered,
vanguard,6,6,0.0,0,0.0,0,0,,False,scattered,
vanille,6,6,0.0,0,0.0,0,0,,False,scattered,
vans,6,6,0.0,0,0.0,0,0,,False,scattered,
vantage,6,6,0.0,0,0.0,0,0,,False,scattered,
vaughan,6,6,0.0,0,0.0,0,0,,False,scattered,
vega,6,6,0.0,0,0.0,0,0,,False,scattered,
vegas,6,6,0.0,0,0.0,0,0,,False,scattered,
velocity,6,6,0.0,0,0.0,0,0,,False,scattered,
veronica,6,6,0.0,0,0.0,0,0,,False,scattered,
viajes,6,5,0.0,0,0.0,0,0,,False,scattered,
vibe,6,6,0.0,0,0.0,0,0,,False,scattered,
vicinity,6,5,0.0,0,0.0,0,0,,False,scattered,
vicki,6,6,0.0,0,0.0,0,0,,False,scattered,
viking,6,6,0.0,0,0.0,0,0,,False,scattered,
villegas,6,5,0.0,0,0.0,0,0,,False,scattered,
vinci,6,6,0.0,0,0.0,0,0,,False,scattered,
vineyard,6,6,0.0,0,0.0,0,0,,False,scattered,
visionworks,6,6,0.0,0,0.0,0,0,,False,scattered,
visiting,6,6,0.0,0,0.0,0,0,,False,scattered,
vivek,6,6,0.0,0,0.0,0,0,,False,scattered,
vv,6,6,0.0,0,0.0,0,0,,False,scattered,
waffle,6,6,0.0,0,0.0,0,0,,False,scattered,
wah,6,6,0.0,0,0.0,0,0,,False,scattered,
waldorf,6,6,0.0,0,0.0,0,0,,False,scattered,
walters,6,6,0.0,0,0.0,0,0,,False,scattered,
warriors,6,6,0.0,0,0.0,0,0,,False,scattered,
weather,6,5,0.0,0,0.0,0,0,,False,scattered,
wgn,6,4,0.0,0,0.0,0,0,,False,scattered,
wheeler,6,6,0.0,0,0.0,0,0,,False,scattered,
wig,6,6,0.0,0,0.0,0,0,,False,scattered,
willing,6,6,0.0,0,0.0,0,0,,False,scattered,
wink,6,6,0.0,0,0.0,0,0,,False,scattered,
woodworking,6,6,0.0,0,0.0,0,0,,False,scattered,
workbox,6,6,0.0,0,0.0,0,0,,False,scattered,
worker,6,6,0.0,0,0.0,0,0,,False,scattered,
workout,6,6,0.0,0,0.0,0,0,,False,scattered,
wound,6,6,0.0,0,0.0,0,0,,False,scattered,
wyndham,6,6,0.0,0,0.0,0,0,,False,scattered,
xurro,6,6,0.0,0,0.0,0,0,,False,scattered,
yaya,6,6,0.0,0,0.0,0,0,,False,scattered,
yj,6,6,0.0,0,0.0,0,0,,False,scattered,
yvonne,6,6,0.0,0,0.0,0,0,,False,scattered,
abbas,5,5,0.0,0,0.0,0,0,,False,scattered,
abdul,5,5,0.0,0,0.0,0,0,,False,scattered,
abel,5,5,0.0,0,0.0,0,0,,False,scattered,
account,5,5,0.0,0,0.0,0,0,,False,scattered,
activity,5,5,0.0,0,0.0,0,0,,False,scattered,
admin,5,5,0.0,0,0.0,0,0,,False,scattered,
advancing,5,5,0.0,0,0.0,0,0,,False,scattered,
advent,5,4,0.0,0,0.0,0,0,,False,scattered,
ag,5,5,0.0,0,0.0,0,0,,False,scattered,
agencia,5,5,0.0,0,0.0,0,0,,False,scattered,
ahuja,5,5,0.0,0,0.0,0,0,,False,scattered,
aileen,5,5,0.0,0,0.0,0,0,,False,scattered,
ajay,5,5,0.0,0,0.0,0,0,,False,scattered,
alarm,5,5,0.0,0,0.0,0,0,,False,scattered,
alberto,5,5,0.0,0,0.0,0,0,,False,scattered,
alexandria,5,5,0.0,0,0.0,0,0,,False,scattered,
alfredo,5,5,0.0,0,0.0,0,0,,False,scattered,
almighty,5,5,0.0,0,0.0,0,0,,False,scattered,
almost,5,5,0.0,0,0.0,0,0,,False,scattered,
altar,5,5,0.0,0,0.0,0,0,,False,scattered,
ambassadors,5,5,0.0,0,0.0,0,0,,False,scattered,
ambiance,5,5,0.0,0,0.0,0,0,,False,scattered,
ambo,5,5,0.0,0,0.0,0,0,,False,scattered,
ames,5,3,0.0,0,0.0,0,0,,False,scattered,
amour,5,4,0.0,0,0.0,0,0,,False,scattered,
amundsen,5,5,0.0,0,0.0,0,0,,False,scattered,
andrade,5,5,0.0,0,0.0,0,0,,False,scattered,
angelina,5,5,0.0,0,0.0,0,0,,False,scattered,
anil,5,5,0.0,0,0.0,0,0,,False,scattered,
anthem,5,5,0.0,0,0.0,0,0,,False,scattered,
apostle,5,3,0.0,0,0.0,0,0,,False,scattered,
approach,5,5,0.0,0,0.0,0,0,,False,scattered,
arabic,5,5,0.0,0,0.0,0,0,,False,scattered,
arete,5,4,0.0,0,0.0,0,0,,False,scattered,
arroyo,5,5,0.0,0,0.0,0,0,,False,scattered,
arshad,5,5,0.0,0,0.0,0,0,,False,scattered,
arthritis,5,5,0.0,0,0.0,0,0,,False,scattered,
artifacts,5,4,0.0,0,0.0,0,0,,False,scattered,
ashok,5,5,0.0,0,0.0,0,0,,False,scattered,
assistant,5,5,0.0,0,0.0,0,0,,False,scattered,
aster,5,5,0.0,0,0.0,0,0,,False,scattered,
aston,5,5,0.0,0,0.0,0,0,,False,scattered,
astoria,5,5,0.0,0,0.0,0,0,,False,scattered,
asylum,5,5,0.0,0,0.0,0,0,,False,scattered,
ats,5,5,0.0,0,0.0,0,0,,False,scattered,
attack,5,5,0.0,0,0.0,0,0,,False,scattered,
auctions,5,4,0.0,0,0.0,0,0,,False,scattered,
augusta,5,5,0.0,0,0.0,0,0,,False,scattered,
author,5,5,0.0,0,0.0,0,0,,False,scattered,
autobody,5,5,0.0,0,0.0,0,0,,False,scattered,
autos,5,5,0.0,0,0.0,0,0,,False,scattered,
awaken,5,5,0.0,0,0.0,0,0,,False,scattered,
awesome,5,5,0.0,0,0.0,0,0,,False,scattered,
axiom,5,5,0.0,0,0.0,0,0,,False,scattered,
babe,5,5,0.0,0,0.0,0,0,,False,scattered,
bacon,5,5,0.0,0,0.0,0,0,,False,scattered,
bakehouse,5,5,0.0,0,0.0,0,0,,False,scattered,
baldwin,5,5,0.0,0,0.0,0,0,,False,scattered,
bang,5,5,0.0,0,0.0,0,0,,False,scattered,
barbell,5,5,0.0,0,0.0,0,0,,False,scattered,
bari,5,5,0.0,0,0.0,0,0,,False,scattered,
barrio,5,5,0.0,0,0.0,0,0,,False,scattered,
barstool,5,5,0.0,0,0.0,0,0,,False,scattered,
bartholomew,5,4,0.0,0,0.0,0,0,,False,scattered,
baths,5,5,0.0,0,0.0,0,0,,False,scattered,
bauer,5,4,0.0,0,0.0,0,0,,False,scattered,
bazaar,5,4,0.0,0,0.0,0,0,,False,scattered,
bebe,5,5,0.0,0,0.0,0,0,,False,scattered,
bellas,5,5,0.0,0,0.0,0,0,,False,scattered,
berg,5,5,0.0,0,0.0,0,0,,False,scattered,
bernardo,5,5,0.0,0,0.0,0,0,,False,scattered,
bg,5,5,0.0,0,0.0,0,0,,False,scattered,
bills,5,5,0.0,0,0.0,0,0,,False,scattered,
bleu,5,5,0.0,0,0.0,0,0,,False,scattered,
bling,5,5,0.0,0,0.0,0,0,,False,scattered,
bo,5,5,0.0,0,0.0,0,0,,False,scattered,
boathouse,5,5,0.0,0,0.0,0,0,,False,scattered,
bobo,5,5,0.0,0,0.0,0,0,,False,scattered,
boca,5,5,0.0,0,0.0,0,0,,False,scattered,
boo,5,5,0.0,0,0.0,0,0,,False,scattered,
botanical,5,5,0.0,0,0.0,0,0,,False,scattered,
boulangerie,5,4,0.0,0,0.0,0,0,,False,scattered,
boyd,5,5,0.0,0,0.0,0,0,,False,scattered,
brigade,5,4,0.0,0,0.0,0,0,,False,scattered,
bristol,5,4,0.0,0,0.0,0,0,,False,scattered,
buildings,5,5,0.0,0,0.0,0,0,,False,scattered,
bunch,5,5,0.0,0,0.0,0,0,,False,scattered,
bungalow,5,5,0.0,0,0.0,0,0,,False,scattered,
burnet,5,5,0.0,0,0.0,0,0,,False,scattered,
cache,5,5,0.0,0,0.0,0,0,,False,scattered,
caesar,5,5,0.0,0,0.0,0,0,,False,scattered,
campos,5,5,0.0,0,0.0,0,0,,False,scattered,
candice,5,5,0.0,0,0.0,0,0,,False,scattered,
capoeira,5,5,0.0,0,0.0,0,0,,False,scattered,
capri,5,5,0.0,0,0.0,0,0,,False,scattered,
carpenters,5,4,0.0,0,0.0,0,0,,False,scattered,
carriers,5,5,0.0,0,0.0,0,0,,False,scattered,
cartridge,5,5,0.0,0,0.0,0,0,,False,scattered,
casita,5,5,0.0,0,0.0,0,0,,False,scattered,
cassandra,5,5,0.0,0,0.0,0,0,,False,scattered,
catalpa,5,4,0.0,0,0.0,0,0,,False,scattered,
cecilia,5,5,0.0,0,0.0,0,0,,False,scattered,
celina,5,5,0.0,0,0.0,0,0,,False,scattered,
celine,5,5,0.0,0,0.0,0,0,,False,scattered,
cfsc,5,5,0.0,0,0.0,0,0,,False,scattered,
chalet,5,4,0.0,0,0.0,0,0,,False,scattered,
chapin,5,5,0.0,0,0.0,0,0,,False,scattered,
charming,5,5,0.0,0,0.0,0,0,,False,scattered,
cheap,5,5,0.0,0,0.0,0,0,,False,scattered,
checkchangers,5,5,0.0,0,0.0,0,0,,False,scattered,
cheer,5,5,0.0,0,0.0,0,0,,False,scattered,
chelsea,5,5,0.0,0,0.0,0,0,,False,scattered,
chemistry,5,5,0.0,0,0.0,0,0,,False,scattered,
chengdu,5,5,0.0,0,0.0,0,0,,False,scattered,
cherubim,5,5,0.0,0,0.0,0,0,,False,scattered,
chief,5,5,0.0,0,0.0,0,0,,False,scattered,
chino,5,5,0.0,0,0.0,0,0,,False,scattered,
chong,5,5,0.0,0,0.0,0,0,,False,scattered,
chrome,5,5,0.0,0,0.0,0,0,,False,scattered,
chu,5,5,0.0,0,0.0,0,0,,False,scattered,
classics,5,5,0.0,0,0.0,0,0,,False,scattered,
clemente,5,3,0.0,0,0.0,0,0,,False,scattered,
clk,5,5,0.0,0,0.0,0,0,,False,scattered,
close,5,5,0.0,0,0.0,0,0,,False,scattered,
cnn,5,4,0.0,0,0.0,0,0,,False,scattered,
coat,5,5,0.0,0,0.0,0,0,,False,scattered,
cobblestone,5,4,0.0,0,0.0,0,0,,False,scattered,
cochrane,5,5,0.0,0,0.0,0,0,,False,scattered,
cocula,5,4,0.0,0,0.0,0,0,,False,scattered,
colectivo,5,5,0.0,0,0.0,0,0,,False,scattered,
collegiate,5,5,0.0,0,0.0,0,0,,False,scattered,
comales,5,5,0.0,0,0.0,0,0,,False,scattered,
combined,5,5,0.0,0,0.0,0,0,,False,scattered,
comed,5,5,0.0,0,0.0,0,0,,False,scattered,
comic,5,5,0.0,0,0.0,0,0,,False,scattered,
compassionate,5,5,0.0,0,0.0,0,0,,False,scattered,
concert,5,5,0.0,0,0.0,0,0,,False,scattered,
conley,5,5,0.0,0,0.0,0,0,,False,scattered,
conner,5,5,0.0,0,0.0,0,0,,False,scattered,
conservation,5,4,0.0,0,0.0,0,0,,False,scattered,
constellation,5,5,0.0,0,0.0,0,0,,False,scattered,
cortes,5,5,0.0,0,0.0,0,0,,False,scattered,
countertop,5,5,0.0,0,0.0,0,0,,False,scattered,
courthouse,5,5,0.0,0,0.0,0,0,,False,scattered,
crackers,5,5,0.0,0,0.0,0,0,,False,scattered,
cremations,5,5,0.0,0,0.0,0,0,,False,scattered,
crispy,5,5,0.0,0,0.0,0,0,,False,scattered,
cts,5,4,0.0,0,0.0,0,0,,False,scattered,
cuba,5,5,0.0,0,0.0,0,0,,False,scattered,
cube,5,5,0.0,0,0.0,0,0,,False,scattered,
customeyes,5,5,0.0,0,0.0,0,0,,False,scattered,
cute,5,5,0.0,0,0.0,0,0,,False,scattered,
daebak,5,4,0.0,0,0.0,0,0,,False,scattered,
daisy,5,5,0.0,0,0.0,0,0,,False,scattered,
dante,5,4,0.0,0,0.0,0,0,,False,scattered,
dao,5,5,0.0,0,0.0,0,0,,False,scattered,
darius,5,5,0.0,0,0.0,0,0,,False,scattered,
dat,5,3,0.0,0,0.0,0,0,,False,scattered,
datt,5,5,0.0,0,0.0,0,0,,False,scattered,
davidstea,5,5,0.0,0,0.0,0,0,,False,scattered,
dawg,5,5,0.0,0,0.0,0,0,,False,scattered,
dead,5,5,0.0,0,0.0,0,0,,False,scattered,
deanna,5,5,0.0,0,0.0,0,0,,False,scattered,
deb,5,5,0.0,0,0.0,0,0,,False,scattered,
debbie,5,5,0.0,0,0.0,0,0,,False,scattered,
definition,5,5,0.0,0,0.0,0,0,,False,scattered,
degree,5,5,0.0,0,0.0,0,0,,False,scattered,
degrees,5,5,0.0,0,0.0,0,0,,False,scattered,
deming,5,1,0.0,0,0.0,0,0,,False,scattered,
dentalworks,5,5,0.0,0,0.0,0,0,,False,scattered,
dg,5,5,0.0,0,0.0,0,0,,False,scattered,
dickey,5,5,0.0,0,0.0,0,0,,False,scattered,
diet,5,5,0.0,0,0.0,0,0,,False,scattered,
dior,5,5,0.0,0,0.0,0,0,,False,scattered,
directions,5,5,0.0,0,0.0,0,0,,False,scattered,
director,5,5,0.0,0,0.0,0,0,,False,scattered,
disc,5,5,0.0,0,0.0,0,0,,False,scattered,
disco,5,5,0.0,0,0.0,0,0,,False,scattered,
discounts,5,5,0.0,0,0.0,0,0,,False,scattered,
dispatch,5,5,0.0,0,0.0,0,0,,False,scattered,
dispatching,5,5,0.0,0,0.0,0,0,,False,scattered,
dive,5,5,0.0,0,0.0,0,0,,False,scattered,
diversified,5,5,0.0,0,0.0,0,0,,False,scattered,
dk,5,5,0.0,0,0.0,0,0,,False,scattered,
dnp,5,5,0.0,0,0.0,0,0,,False,scattered,
dollhouse,5,5,0.0,0,0.0,0,0,,False,scattered,
dominique,5,5,0.0,0,0.0,0,0,,False,scattered,
donnelley,5,5,0.0,0,0.0,0,0,,False,scattered,
dope,5,5,0.0,0,0.0,0,0,,False,scattered,
dove,5,5,0.0,0,0.0,0,0,,False,scattered,
draft,5,5,0.0,0,0.0,0,0,,False,scattered,
drinks,5,5,0.0,0,0.0,0,0,,False,scattered,
duarte,5,5,0.0,0,0.0,0,0,,False,scattered,
duffy,5,5,0.0,0,0.0,0,0,,False,scattered,
dumplings,5,5,0.0,0,0.0,0,0,,False,scattered,
dust,5,5,0.0,0,0.0,0,0,,False,scattered,
easter,5,5,0.0,0,0.0,0,0,,False,scattered,
echelon,5,5,0.0,0,0.0,0,0,,False,scattered,
economics,5,3,0.0,0,0.0,0,0,,False,scattered,
ecuador,5,5,0.0,0,0.0,0,0,,False,scattered,
eighth,5,5,0.0,0,0.0,0,0,,False,scattered,
eleanor,5,5,0.0,0,0.0,0,0,,False,scattered,
elim,5,5,0.0,0,0.0,0,0,,False,scattered,
embrace,5,5,0.0,0,0.0,0,0,,False,scattered,
emerging,5,5,0.0,0,0.0,0,0,,False,scattered,
emilio,5,5,0.0,0,0.0,0,0,,False,scattered,
eminent,5,5,0.0,0,0.0,0,0,,False,scattered,
endless,5,5,0.0,0,0.0,0,0,,False,scattered,
enhanced,5,5,0.0,0,0.0,0,0,,False,scattered,
enriquez,5,5,0.0,0,0.0,0,0,,False,scattered,
enrollment,5,5,0.0,0,0.0,0,0,,False,scattered,
entrepreneurial,5,5,0.0,0,0.0,0,0,,False,scattered,
entrepreneurs,5,5,0.0,0,0.0,0,0,,False,scattered,
entry,5,5,0.0,0,0.0,0,0,,False,scattered,
environment,5,5,0.0,0,0.0,0,0,,False,scattered,
eq,5,5,0.0,0,0.0,0,0,,False,scattered,
ericson,5,5,0.0,0,0.0,0,0,,False,scattered,
ernesto,5,5,0.0,0,0.0,0,0,,False,scattered,
erwin,5,5,0.0,0,0.0,0,0,,False,scattered,
esmeralda,5,5,0.0,0,0.0,0,0,,False,scattered,
espanol,5,5,0.0,0,0.0,0,0,,False,scattered,
espiritual,5,5,0.0,0,0.0,0,0,,False,scattered,
ethics,5,5,0.0,0,0.0,0,0,,False,scattered,
exam,5,5,0.0,0,0.0,0,0,,False,scattered,
exercise,5,5,0.0,0,0.0,0,0,,False,scattered,
export,5,4,0.0,0,0.0,0,0,,False,scattered,
exterminating,5,5,0.0,0,0.0,0,0,,False,scattered,
ezpawn,5,5,0.0,0,0.0,0,0,,False,scattered,
fabrics,5,4,0.0,0,0.0,0,0,,False,scattered,
faces,5,5,0.0,0,0.0,0,0,,False,scattered,
facials,5,5,0.0,0,0.0,0,0,,False,scattered,
fairgrounds,5,5,0.0,0,0.0,0,0,,False,scattered,
fans,5,5,0.0,0,0.0,0,0,,False,scattered,
faro,5,4,0.0,0,0.0,0,0,,False,scattered,
fcu,5,5,0.0,0,0.0,0,0,,False,scattered,
fearless,5,5,0.0,0,0.0,0,0,,False,scattered,
fed,5,4,0.0,0,0.0,0,0,,False,scattered,
feel,5,5,0.0,0,0.0,0,0,,False,scattered,
ffs,5,5,0.0,0,0.0,0,0,,False,scattered,
fibroid,5,5,0.0,0,0.0,0,0,,False,scattered,
fido,5,5,0.0,0,0.0,0,0,,False,scattered,
fight,5,4,0.0,0,0.0,0,0,,False,scattered,
figueroa,5,5,0.0,0,0.0,0,0,,False,scattered,
fin,5,5,0.0,0,0.0,0,0,,False,scattered,
finder,5,5,0.0,0,0.0,0,0,,False,scattered,
firewood,5,5,0.0,0,0.0,0,0,,False,scattered,
flag,5,5,0.0,0,0.0,0,0,,False,scattered,
flights,5,5,0.0,0,0.0,0,0,,False,scattered,
foodservice,5,4,0.0,0,0.0,0,0,,False,scattered,
foresight,5,4,0.0,0,0.0,0,0,,False,scattered,
form,5,5,0.0,0,0.0,0,0,,False,scattered,
former,5,5,0.0,0,0.0,0,0,,False,scattered,
freddie,5,5,0.0,0,0.0,0,0,,False,scattered,
fringe,5,5,0.0,0,0.0,0,0,,False,scattered,
friz,5,5,0.0,0,0.0,0,0,,False,scattered,
fsl,5,5,0.0,0,0.0,0,0,,False,scattered,
fudge,5,5,0.0,0,0.0,0,0,,False,scattered,
fuerte,5,5,0.0,0,0.0,0,0,,False,scattered,
fx,5,5,0.0,0,0.0,0,0,,False,scattered,
gabrielle,5,5,0.0,0,0.0,0,0,,False,scattered,
gadget,5,5,0.0,0,0.0,0,0,,False,scattered,
gaslight,5,5,0.0,0,0.0,0,0,,False,scattered,
geeks,5,5,0.0,0,0.0,0,0,,False,scattered,
geert,5,5,0.0,0,0.0,0,0,,False,scattered,
geneva,5,5,0.0,0,0.0,0,0,,False,scattered,
geo,5,5,0.0,0,0.0,0,0,,False,scattered,
geode,5,5,0.0,0,0.0,0,0,,False,scattered,
gibsons,5,4,0.0,0,0.0,0,0,,False,scattered,
gilbert,5,5,0.0,0,0.0,0,0,,False,scattered,
gillespie,5,5,0.0,0,0.0,0,0,,False,scattered,
ginger,5,5,0.0,0,0.0,0,0,,False,scattered,
giron,5,4,0.0,0,0.0,0,0,,False,scattered,
goal,5,5,0.0,0,0.0,0,0,,False,scattered,
gocredit,5,5,0.0,0,0.0,0,0,,False,scattered,
goddard,5,5,0.0,0,0.0,0,0,,False,scattered,
gods,5,5,0.0,0,0.0,0,0,,False,scattered,
gone,5,5,0.0,0,0.0,0,0,,False,scattered,
gorman,5,5,0.0,0,0.0,0,0,,False,scattered,
gr,5,5,0.0,0,0.0,0,0,,False,scattered,
gracia,5,5,0.0,0,0.0,0,0,,False,scattered,
gran,5,5,0.0,0,0.0,0,0,,False,scattered,
grange,5,5,0.0,0,0.0,0,0,,False,scattered,
grateful,5,5,0.0,0,0.0,0,0,,False,scattered,
graves,5,5,0.0,0,0.0,0,0,,False,scattered,
greco,5,5,0.0,0,0.0,0,0,,False,scattered,
greenfield,5,5,0.0,0,0.0,0,0,,False,scattered,
grid,5,5,0.0,0,0.0,0,0,,False,scattered,
grilled,5,5,0.0,0,0.0,0,0,,False,scattered,
gross,5,5,0.0,0,0.0,0,0,,False,scattered,
guatemala,5,5,0.0,0,0.0,0,0,,False,scattered,
gulf,5,5,0.0,0,0.0,0,0,,False,scattered,
guss,5,5,0.0,0,0.0,0,0,,False,scattered,
habibi,5,5,0.0,0,0.0,0,0,,False,scattered,
harwood,5,4,0.0,0,0.0,0,0,,False,scattered,
hasan,5,5,0.0,0,0.0,0,0,,False,scattered,
haunted,5,4,0.0,0,0.0,0,0,,False,scattered,
hayley,5,5,0.0,0,0.0,0,0,,False,scattered,
hays,5,4,0.0,0,0.0,0,0,,False,scattered,
hd,5,5,0.0,0,0.0,0,0,,False,scattered,
heidi,5,5,0.0,0,0.0,0,0,,False,scattered,
heirloom,5,5,0.0,0,0.0,0,0,,False,scattered,
hey,5,5,0.0,0,0.0,0,0,,False,scattered,
hideout,5,5,0.0,0,0.0,0,0,,False,scattered,
highland,5,5,0.0,0,0.0,0,0,,False,scattered,
highway,5,5,0.0,0,0.0,0,0,,False,scattered,
hilary,5,4,0.0,0,0.0,0,0,,False,scattered,
hiv,5,5,0.0,0,0.0,0,0,,False,scattered,
hk,5,3,0.0,0,0.0,0,0,,False,scattered,
holden,5,5,0.0,0,0.0,0,0,,False,scattered,
homeless,5,5,0.0,0,0.0,0,0,,False,scattered,
hopkins,5,5,0.0,0,0.0,0,0,,False,scattered,
hound,5,5,0.0,0,0.0,0,0,,False,scattered,
howe,5,5,0.0,0,0.0,0,0,,False,scattered,
hua,5,5,0.0,0,0.0,0,0,,False,scattered,
huaraches,5,5,0.0,0,0.0,0,0,,False,scattered,
huck,5,4,0.0,0,0.0,0,0,,False,scattered,
hugh,5,5,0.0,0,0.0,0,0,,False,scattered,
hui,5,5,0.0,0,0.0,0,0,,False,scattered,
humble,5,5,0.0,0,0.0,0,0,,False,scattered,
hurst,5,5,0.0,0,0.0,0,0,,False,scattered,
husain,5,5,0.0,0,0.0,0,0,,False,scattered,
ib,5,5,0.0,0,0.0,0,0,,False,scattered,
igor,5,5,0.0,0,0.0,0,0,,False,scattered,
impress,5,5,0.0,0,0.0,0,0,,False,scattered,
inclusion,5,5,0.0,0,0.0,0,0,,False,scattered,
inclusive,5,4,0.0,0,0.0,0,0,,False,scattered,
individual,5,5,0.0,0,0.0,0,0,,False,scattered,
ingrid,5,5,0.0,0,0.0,0,0,,False,scattered,
ins,5,5,0.0,0,0.0,0,0,,False,scattered,
inspectors,5,5,0.0,0,0.0,0,0,,False,scattered,
instruments,5,5,0.0,0,0.0,0,0,,False,scattered,
integral,5,4,0.0,0,0.0,0,0,,False,scattered,
intelligentsia,5,5,0.0,0,0.0,0,0,,False,scattered,
intercom,5,5,0.0,0,0.0,0,0,,False,scattered,
interfaith,5,5,0.0,0,0.0,0,0,,False,scattered,
internacional,5,5,0.0,0,0.0,0,0,,False,scattered,
internists,5,4,0.0,0,0.0,0,0,,False,scattered,
intouch,5,5,0.0,0,0.0,0,0,,False,scattered,
intuitive,5,5,0.0,0,0.0,0,0,,False,scattered,
investigation,5,5,0.0,0,0.0,0,0,,False,scattered,
irv,5,4,0.0,0,0.0,0,0,,False,scattered,
irvin,5,5,0.0,0,0.0,0,0,,False,scattered,
isabel,5,5,0.0,0,0.0,0,0,,False,scattered,
isla,5,5,0.0,0,0.0,0,0,,False,scattered,
islam,5,4,0.0,0,0.0,0,0,,False,scattered,
jaclyn,5,5,0.0,0,0.0,0,0,,False,scattered,
jas,5,5,0.0,0,0.0,0,0,,False,scattered,
jasmin,5,5,0.0,0,0.0,0,0,,False,scattered,
jeep,5,4,0.0,0,0.0,0,0,,False,scattered,
jesuit,5,4,0.0,0,0.0,0,0,,False,scattered,
joffrey,5,3,0.0,0,0.0,0,0,,False,scattered,
johnnie,5,4,0.0,0,0.0,0,0,,False,scattered,
jolanta,5,5,0.0,0,0.0,0,0,,False,scattered,
jolly,5,5,0.0,0,0.0,0,0,,False,scattered,
jonah,5,5,0.0,0,0.0,0,0,,False,scattered,
josep,5,5,0.0,0,0.0,0,0,,False,scattered,
josephine,5,5,0.0,0,0.0,0,0,,False,scattered,
joyful,5,5,0.0,0,0.0,0,0,,False,scattered,
judo,5,5,0.0,0,0.0,0,0,,False,scattered,
juf,5,2,0.0,0,0.0,0,0,,False,scattered,
jurisdiction,5,5,0.0,0,0.0,0,0,,False,scattered,
jus,5,5,0.0,0,0.0,0,0,,False,scattered,
jv,5,5,0.0,0,0.0,0,0,,False,scattered,
kam,5,5,0.0,0,0.0,0,0,,False,scattered,
kama,5,5,0.0,0,0.0,0,0,,False,scattered,
kanela,5,5,0.0,0,0.0,0,0,,False,scattered,
katrina,5,5,0.0,0,0.0,0,0,,False,scattered,
kb,5,5,0.0,0,0.0,0,0,,False,scattered,
kc,5,5,0.0,0,0.0,0,0,,False,scattered,
keane,5,5,0.0,0,0.0,0,0,,False,scattered,
kelvin,5,5,0.0,0,0.0,0,0,,False,scattered,
kennel,5,5,0.0,0,0.0,0,0,,False,scattered,
kernel,5,4,0.0,0,0.0,0,0,,False,scattered,
kessler,5,4,0.0,0,0.0,0,0,,False,scattered,
keyexpress,5,5,0.0,0,0.0,0,0,,False,scattered,
khalil,5,5,0.0,0,0.0,0,0,,False,scattered,
kilwins,5,5,0.0,0,0.0,0,0,,False,scattered,
kimchi,5,5,0.0,0,0.0,0,0,,False,scattered,
kismet,5,5,0.0,0,0.0,0,0,,False,scattered,
kitty,5,4,0.0,0,0.0,0,0,,False,scattered,
knights,5,5,0.0,0,0.0,0,0,,False,scattered,
koch,5,5,0.0,0,0.0,0,0,,False,scattered,
kovler,5,4,0.0,0,0.0,0,0,,False,scattered,
krav,5,5,0.0,0,0.0,0,0,,False,scattered,
kreative,5,5,0.0,0,0.0,0,0,,False,scattered,
kristine,5,4,0.0,0,0.0,0,0,,False,scattered,
krueger,5,5,0.0,0,0.0,0,0,,False,scattered,
lac,5,5,0.0,0,0.0,0,0,,False,scattered,
lago,5,5,0.0,0,0.0,0,0,,False,scattered,
lagree,5,5,0.0,0,0.0,0,0,,False,scattered,
lamar,5,5,0.0,0,0.0,0,0,,False,scattered,
lance,5,4,0.0,0,0.0,0,0,,False,scattered,
lasik,5,4,0.0,0,0.0,0,0,,False,scattered,
laurie,5,5,0.0,0,0.0,0,0,,False,scattered,
lawncare,5,5,0.0,0,0.0,0,0,,False,scattered,
ld,5,5,0.0,0,0.0,0,0,,False,scattered,
leading,5,4,0.0,0,0.0,0,0,,False,scattered,
leary,5,5,0.0,0,0.0,0,0,,False,scattered,
ledge,5,4,0.0,0,0.0,0,0,,False,scattered,
leg,5,5,0.0,0,0.0,0,0,,False,scattered,
leisure,5,5,0.0,0,0.0,0,0,,False,scattered,
lerner,5,5,0.0,0,0.0,0,0,,False,scattered,
leroy,5,4,0.0,0,0.0,0,0,,False,scattered,
letter,5,5,0.0,0,0.0,0,0,,False,scattered,
lettuce,5,4,0.0,0,0.0,0,0,,False,scattered,
lia,5,5,0.0,0,0.0,0,0,,False,scattered,
lifeline,5,5,0.0,0,0.0,0,0,,False,scattered,
limos,5,5,0.0,0,0.0,0,0,,False,scattered,
liquidacion,5,5,0.0,0,0.0,0,0,,False,scattered,
littleelf,5,5,0.0,0,0.0,0,0,,False,scattered,
lively,5,5,0.0,0,0.0,0,0,,False,scattered,
locke,5,5,0.0,0,0.0,0,0,,False,scattered,
lockout,5,5,0.0,0,0.0,0,0,,False,scattered,
lodging,5,3,0.0,0,0.0,0,0,,False,scattered,
logo,5,5,0.0,0,0.0,0,0,,False,scattered,
looks,5,5,0.0,0,0.0,0,0,,False,scattered,
lora,5,4,0.0,0,0.0,0,0,,False,scattered,
lore,5,5,0.0,0,0.0,0,0,,False,scattered,
lourdes,5,5,0.0,0,0.0,0,0,,False,scattered,
lover,5,5,0.0,0,0.0,0,0,,False,scattered,
luciano,5,5,0.0,0,0.0,0,0,,False,scattered,
luigi,5,5,0.0,0,0.0,0,0,,False,scattered,
lure,5,5,0.0,0,0.0,0,0,,False,scattered,
luxurious,5,5,0.0,0,0.0,0,0,,False,scattered,
lyfe,5,5,0.0,0,0.0,0,0,,False,scattered,
lyn,5,5,0.0,0,0.0,0,0,,False,scattered,
machining,5,5,0.0,0,0.0,0,0,,False,scattered,
macias,5,5,0.0,0,0.0,0,0,,False,scattered,
mado,5,5,0.0,0,0.0,0,0,,False,scattered,
maher,5,5,0.0,0,0.0,0,0,,False,scattered,
mahesh,5,5,0.0,0,0.0,0,0,,False,scattered,
maj,5,5,0.0,0,0.0,0,0,,False,scattered,
malibu,5,2,0.0,0,0.0,0,0,,False,scattered,
malone,5,5,0.0,0,0.0,0,0,,False,scattered,
maritime,5,5,0.0,0,0.0,0,0,,False,scattered,
marks,5,4,0.0,0,0.0,0,0,,False,scattered,
mass,5,5,0.0,0,0.0,0,0,,False,scattered,
match,5,5,0.0,0,0.0,0,0,,False,scattered,
matic,5,5,0.0,0,0.0,0,0,,False,scattered,
matthias,5,3,0.0,0,0.0,0,0,,False,scattered,
maximus,5,5,0.0,0,0.0,0,0,,False,scattered,
mayor,5,3,0.0,0,0.0,0,0,,False,scattered,
mccoy,5,5,0.0,0,0.0,0,0,,False,scattered,
mead,5,5,0.0,0,0.0,0,0,,False,scattered,
meals,5,5,0.0,0,0.0,0,0,,False,scattered,
mennonite,5,5,0.0,0,0.0,0,0,,False,scattered,
meow,5,5,0.0,0,0.0,0,0,,False,scattered,
merge,5,5,0.0,0,0.0,0,0,,False,scattered,
merlo,5,4,0.0,0,0.0,0,0,,False,scattered,
mgmt,5,5,0.0,0,0.0,0,0,,False,scattered,
mika,5,5,0.0,0,0.0,0,0,,False,scattered,
milagro,5,5,0.0,0,0.0,0,0,,False,scattered,
milestones,5,5,0.0,0,0.0,0,0,,False,scattered,
million,5,5,0.0,0,0.0,0,0,,False,scattered,
mina,5,5,0.0,0,0.0,0,0,,False,scattered,
ministerio,5,5,0.0,0,0.0,0,0,,False,scattered,
mir,5,5,0.0,0,0.0,0,0,,False,scattered,
miracles,5,5,0.0,0,0.0,0,0,,False,scattered,
mis,5,5,0.0,0,0.0,0,0,,False,scattered,
monarca,5,5,0.0,0,0.0,0,0,,False,scattered,
moneygram,5,5,0.0,0,0.0,0,0,,False,scattered,
mongolian,5,5,0.0,0,0.0,0,0,,False,scattered,
monitor,5,3,0.0,0,0.0,0,0,,False,scattered,
moretti,5,4,0.0,0,0.0,0,0,,False,scattered,
mounting,5,5,0.0,0,0.0,0,0,,False,scattered,
moxie,5,5,0.0,0,0.0,0,0,,False,scattered,
moy,5,5,0.0,0,0.0,0,0,,False,scattered,
mpower,5,4,0.0,0,0.0,0,0,,False,scattered,
much,5,5,0.0,0,0.0,0,0,,False,scattered,
mueller,5,5,0.0,0,0.0,0,0,,False,scattered,
mulberry,5,5,0.0,0,0.0,0,0,,False,scattered,
mulligan,5,5,0.0,0,0.0,0,0,,False,scattered,
murder,5,4,0.0,0,0.0,0,0,,False,scattered,
musa,5,5,0.0,0,0.0,0,0,,False,scattered,
mvmt,5,5,0.0,0,0.0,0,0,,False,scattered,
myron,5,5,0.0,0,0.0,0,0,,False,scattered,
naacp,5,4,0.0,0,0.0,0,0,,False,scattered,
nafb,5,5,0.0,0,0.0,0,0,,False,scattered,
nani,5,5,0.0,0,0.0,0,0,,False,scattered,
napoletana,5,5,0.0,0,0.0,0,0,,False,scattered,
naprapathic,5,5,0.0,0,0.0,0,0,,False,scattered,
naval,5,5,0.0,0,0.0,0,0,,False,scattered,
nayarit,5,4,0.0,0,0.0,0,0,,False,scattered,
nazarene,5,4,0.0,0,0.0,0,0,,False,scattered,
neel,5,5,0.0,0,0.0,0,0,,False,scattered,
neurosurgery,5,5,0.0,0,0.0,0,0,,False,scattered,
newsstand,5,5,0.0,0,0.0,0,0,,False,scattered,
nexus,5,4,0.0,0,0.0,0,0,,False,scattered,
nha,5,4,0.0,0,0.0,0,0,,False,scattered,
niki,5,5,0.0,0,0.0,0,0,,False,scattered,
niu,5,5,0.0,0,0.0,0,0,,False,scattered,
none,5,5,0.0,0,0.0,0,0,,False,scattered,
nonprofit,5,5,0.0,0,0.0,0,0,,False,scattered,
nori,5,5,0.0,0,0.0,0,0,,False,scattered,
norte,5,4,0.0,0,0.0,0,0,,False,scattered,
northtown,5,4,0.0,0,0.0,0,0,,False,scattered,
notes,5,5,0.0,0,0.0,0,0,,False,scattered,
nutri,5,5,0.0,0,0.0,0,0,,False,scattered,
nw,5,5,0.0,0,0.0,0,0,,False,scattered,
oakbrook,5,4,0.0,0,0.0,0,0,,False,scattered,
olivet,5,5,0.0,0,0.0,0,0,,False,scattered,
optics,5,5,0.0,0,0.0,0,0,,False,scattered,
opulence,5,5,0.0,0,0.0,0,0,,False,scattered,
orders,5,5,0.0,0,0.0,0,0,,False,scattered,
originals,5,5,0.0,0,0.0,0,0,,False,scattered,
otto,5,5,0.0,0,0.0,0,0,,False,scattered,
owen,5,5,0.0,0,0.0,0,0,,False,scattered,
owner,5,4,0.0,0,0.0,0,0,,False,scattered,
owners,5,5,0.0,0,0.0,0,0,,False,scattered,
pac,5,5,0.0,0,0.0,0,0,,False,scattered,
paco,5,5,0.0,0,0.0,0,0,,False,scattered,
painted,5,5,0.0,0,0.0,0,0,,False,scattered,
paisano,5,5,0.0,0,0.0,0,0,,False,scattered,
palermo,5,5,0.0,0,0.0,0,0,,False,scattered,
palomino,5,5,0.0,0,0.0,0,0,,False,scattered,
papyrus,5,5,0.0,0,0.0,0,0,,False,scattered,
paqueteria,5,4,0.0,0,0.0,0,0,,False,scattered,
par,5,5,0.0,0,0.0,0,0,,False,scattered,
parachute,5,4,0.0,0,0.0,0,0,,False,scattered,
paraiso,5,5,0.0,0,0.0,0,0,,False,scattered,
parents,5,5,0.0,0,0.0,0,0,,False,scattered,
pascal,5,2,0.0,0,0.0,0,0,,False,scattered,
pasteur,5,4,0.0,0,0.0,0,0,,False,scattered,
pastors,5,5,0.0,0,0.0,0,0,,False,scattered,
pastries,5,5,0.0,0,0.0,0,0,,False,scattered,
patent,5,5,0.0,0,0.0,0,0,,False,scattered,
patrol,5,5,0.0,0,0.0,0,0,,False,scattered,
patton,5,5,0.0,0,0.0,0,0,,False,scattered,
pazzo,5,5,0.0,0,0.0,0,0,,False,scattered,
pb,5,5,0.0,0,0.0,0,0,,False,scattered,
peaches,5,5,0.0,0,0.0,0,0,,False,scattered,
pelvic,5,4,0.0,0,0.0,0,0,,False,scattered,
penelope,5,5,0.0,0,0.0,0,0,,False,scattered,
pep,5,5,0.0,0,0.0,0,0,,False,scattered,
peppers,5,5,0.0,0,0.0,0,0,,False,scattered,
petite,5,5,0.0,0,0.0,0,0,,False,scattered,
philosophy,5,5,0.0,0,0.0,0,0,,False,scattered,
philz,5,5,0.0,0,0.0,0,0,,False,scattered,
photobooth,5,5,0.0,0,0.0,0,0,,False,scattered,
physio,5,5,0.0,0,0.0,0,0,,False,scattered,
picasso,5,5,0.0,0,0.0,0,0,,False,scattered,
piotrowski,5,4,0.0,0,0.0,0,0,,False,scattered,
playroom,5,5,0.0,0,0.0,0,0,,False,scattered,
plum,5,5,0.0,0,0.0,0,0,,False,scattered,
pmhnp,5,4,0.0,0,0.0,0,0,,False,scattered,
polsky,5,4,0.0,0,0.0,0,0,,False,scattered,
pontarelli,5,5,0.0,0,0.0,0,0,,False,scattered,
pops,5,5,0.0,0,0.0,0,0,,False,scattered,
potts,5,4,0.0,0,0.0,0,0,,False,scattered,
poulos,5,5,0.0,0,0.0,0,0,,False,scattered,
prats,5,5,0.0,0,0.0,0,0,,False,scattered,
prentiss,5,5,0.0,0,0.0,0,0,,False,scattered,
prieto,5,5,0.0,0,0.0,0,0,,False,scattered,
prologue,5,5,0.0,0,0.0,0,0,,False,scattered,
promar,5,4,0.0,0,0.0,0,0,,False,scattered,
prospect,5,5,0.0,0,0.0,0,0,,False,scattered,
psychologist,5,5,0.0,0,0.0,0,0,,False,scattered,
pueblito,5,5,0.0,0,0.0,0,0,,False,scattered,
pupuseria,5,5,0.0,0,0.0,0,0,,False,scattered,
purpl,5,5,0.0,0,0.0,0,0,,False,scattered,
quesadillas,5,5,0.0,0,0.0,0,0,,False,scattered,
quotidien,5,5,0.0,0,0.0,0,0,,False,scattered,
rad,5,5,0.0,0,0.0,0,0,,False,scattered,
radar,5,5,0.0,0,0.0,0,0,,False,scattered,
radiation,5,5,0.0,0,0.0,0,0,,False,scattered,
rags,5,5,0.0,0,0.0,0,0,,False,scattered,
rana,5,5,0.0,0,0.0,0,0,,False,scattered,
randhawa,5,5,0.0,0,0.0,0,0,,False,scattered,
randy,5,5,0.0,0,0.0,0,0,,False,scattered,
react,5,5,0.0,0,0.0,0,0,,False,scattered,
reader,5,5,0.0,0,0.0,0,0,,False,scattered,
redwood,5,5,0.0,0,0.0,0,0,,False,scattered,
reflexology,5,5,0.0,0,0.0,0,0,,False,scattered,
refugee,5,5,0.0,0,0.0,0,0,,False,scattered,
registration,5,4,0.0,0,0.0,0,0,,False,scattered,
relocation,5,5,0.0,0,0.0,0,0,,False,scattered,
renal,5,3,0.0,0,0.0,0,0,,False,scattered,
renewable,5,5,0.0,0,0.0,0,0,,False,scattered,
renovators,5,5,0.0,0,0.0,0,0,,False,scattered,
rep,5,4,0.0,0,0.0,0,0,,False,scattered,
resilience,5,5,0.0,0,0.0,0,0,,False,scattered,
return,5,5,0.0,0,0.0,0,0,,False,scattered,
reynoso,5,5,0.0,0,0.0,0,0,,False,scattered,
rider,5,5,0.0,0,0.0,0,0,,False,scattered,
riders,5,5,0.0,0,0.0,0,0,,False,scattered,
rideshare,5,5,0.0,0,0.0,0,0,,False,scattered,
rim,5,4,0.0,0,0.0,0,0,,False,scattered,
riverdale,5,4,0.0,0,0.0,0,0,,False,scattered,
robles,5,5,0.0,0,0.0,0,0,,False,scattered,
roc,5,5,0.0,0,0.0,0,0,,False,scattered,
rodeo,5,4,0.0,0,0.0,0,0,,False,scattered,
rogue,5,5,0.0,0,0.0,0,0,,False,scattered,
rolls,5,5,0.0,0,0.0,0,0,,False,scattered,
rosenberg,5,5,0.0,0,0.0,0,0,,False,scattered,
rosie,5,5,0.0,0,0.0,0,0,,False,scattered,
rubenstein,5,5,0.0,0,0.0,0,0,,False,scattered,
rueda,5,5,0.0,0,0.0,0,0,,False,scattered,
runaway,5,5,0.0,0,0.0,0,0,,False,scattered,
sabroso,5,5,0.0,0,0.0,0,0,,False,scattered,
sac,5,5,0.0,0,0.0,0,0,,False,scattered,
sail,5,5,0.0,0,0.0,0,0,,False,scattered,
saks,5,4,0.0,0,0.0,0,0,,False,scattered,
salomon,5,5,0.0,0,0.0,0,0,,False,scattered,
salvagedata,5,5,0.0,0,0.0,0,0,,False,scattered,
sang,5,5,0.0,0,0.0,0,0,,False,scattered,
sangha,5,4,0.0,0,0.0,0,0,,False,scattered,
sat,5,5,0.0,0,0.0,0,0,,False,scattered,
saucy,5,5,0.0,0,0.0,0,0,,False,scattered,
saul,5,5,0.0,0,0.0,0,0,,False,scattered,
saunders,5,5,0.0,0,0.0,0,0,,False,scattered,
saviour,5,5,0.0,0,0.0,0,0,,False,scattered,
savoy,5,5,0.0,0,0.0,0,0,,False,scattered,
scale,5,5,0.0,0,0.0,0,0,,False,scattered,
scalp,5,5,0.0,0,0.0,0,0,,False,scattered,
schaaij,5,5,0.0,0,0.0,0,0,,False,scattered,
schulte,5,5,0.0,0,0.0,0,0,,False,scattered,
schumacher,5,5,0.0,0,0.0,0,0,,False,scattered,
scissors,5,5,0.0,0,0.0,0,0,,False,scattered,
scoop,5,5,0.0,0,0.0,0,0,,False,scattered,
sd,5,5,0.0,0,0.0,0,0,,False,scattered,
sealcoating,5,5,0.0,0,0.0,0,0,,False,scattered,
selections,5,5,0.0,0,0.0,0,0,,False,scattered,
senator,5,5,0.0,0,0.0,0,0,,False,scattered,
senor,5,5,0.0,0,0.0,0,0,,False,scattered,
seraphim,5,5,0.0,0,0.0,0,0,,False,scattered,
serendipity,5,5,0.0,0,0.0,0,0,,False,scattered,
sexual,5,5,0.0,0,0.0,0,0,,False,scattered,
shamrock,5,5,0.0,0,0.0,0,0,,False,scattered,
shea,5,5,0.0,0,0.0,0,0,,False,scattered,
shelby,5,5,0.0,0,0.0,0,0,,False,scattered,
shelly,5,5,0.0,0,0.0,0,0,,False,scattered,
shepard,5,5,0.0,0,0.0,0,0,,False,scattered,
shifrin,5,3,0.0,0,0.0,0,0,,False,scattered,
showcase,5,5,0.0,0,0.0,0,0,,False,scattered,
shree,5,5,0.0,0,0.0,0,0,,False,scattered,
shy,5,5,0.0,0,0.0,0,0,,False,scattered,
siddharth,5,5,0.0,0,0.0,0,0,,False,scattered,
signal,5,5,0.0,0,0.0,0,0,,False,scattered,
simplified,5,5,0.0,0,0.0,0,0,,False,scattered,
sin,5,5,0.0,0,0.0,0,0,,False,scattered,
sinclair,5,5,0.0,0,0.0,0,0,,False,scattered,
sixt,5,4,0.0,0,0.0,0,0,,False,scattered,
sixth,5,5,0.0,0,0.0,0,0,,False,scattered,
slawomir,5,5,0.0,0,0.0,0,0,,False,scattered,
sloan,5,5,0.0,0,0.0,0,0,,False,scattered,
smokey,5,5,0.0,0,0.0,0,0,,False,scattered,
sneaker,5,5,0.0,0,0.0,0,0,,False,scattered,
soho,5,3,0.0,0,0.0,0,0,,False,scattered,
sokol,5,4,0.0,0,0.0,0,0,,False,scattered,
soule,5,4,0.0,0,0.0,0,0,,False,scattered,
spare,5,5,0.0,0,0.0,0,0,,False,scattered,
speedway,5,4,0.0,0,0.0,0,0,,False,scattered,
spex,5,5,0.0,0,0.0,0,0,,False,scattered,
spotless,5,5,0.0,0,0.0,0,0,,False,scattered,
springs,5,5,0.0,0,0.0,0,0,,False,scattered,
stages,5,4,0.0,0,0.0,0,0,,False,scattered,
stamp,5,4,0.0,0,0.0,0,0,,False,scattered,
stark,5,5,0.0,0,0.0,0,0,,False,scattered,
steingold,5,5,0.0,0,0.0,0,0,,False,scattered,
stepping,5,5,0.0,0,0.0,0,0,,False,scattered,
stevenson,5,4,0.0,0,0.0,0,0,,False,scattered,
still,5,5,0.0,0,0.0,0,0,,False,scattered,
stout,5,4,0.0,0,0.0,0,0,,False,scattered,
structure,5,5,0.0,0,0.0,0,0,,False,scattered,
structures,5,5,0.0,0,0.0,0,0,,False,scattered,
students,5,5,0.0,0,0.0,0,0,,False,scattered,
suds,5,5,0.0,0,0.0,0,0,,False,scattered,
sudz,5,5,0.0,0,0.0,0,0,,False,scattered,
superstore,5,5,0.0,0,0.0,0,0,,False,scattered,
supplier,5,5,0.0,0,0.0,0,0,,False,scattered,
sure,5,5,0.0,0,0.0,0,0,,False,scattered,
sustainable,5,5,0.0,0,0.0,0,0,,False,scattered,
sweat,5,5,0.0,0,0.0,0,0,,False,scattered,
sweetbaby,5,5,0.0,0,0.0,0,0,,False,scattered,
symmetry,5,5,0.0,0,0.0,0,0,,False,scattered,
szeto,5,5,0.0,0,0.0,0,0,,False,scattered,
tabor,5,5,0.0,0,0.0,0,0,,False,scattered,
tackle,5,5,0.0,0,0.0,0,0,,False,scattered,
tad,5,5,0.0,0,0.0,0,0,,False,scattered,
talcott,5,2,0.0,0,0.0,0,0,,False,scattered,
tale,5,5,0.0,0,0.0,0,0,,False,scattered,
tamaleria,5,5,0.0,0,0.0,0,0,,False,scattered,
task,5,5,0.0,0,0.0,0,0,,False,scattered,
tatas,5,4,0.0,0,0.0,0,0,,False,scattered,
tbaar,5,4,0.0,0,0.0,0,0,,False,scattered,
teas,5,5,0.0,0,0.0,0,0,,False,scattered,
tejas,5,5,0.0,0,0.0,0,0,,False,scattered,
telegrams,5,5,0.0,0,0.0,0,0,,False,scattered,
tender,5,5,0.0,0,0.0,0,0,,False,scattered,
tenorio,5,5,0.0,0,0.0,0,0,,False,scattered,
terrell,5,5,0.0,0,0.0,0,0,,False,scattered,
thailand,5,5,0.0,0,0.0,0,0,,False,scattered,
thalia,5,4,0.0,0,0.0,0,0,,False,scattered,
thc,5,5,0.0,0,0.0,0,0,,False,scattered,
there,5,5,0.0,0,0.0,0,0,,False,scattered,
thinking,5,5,0.0,0,0.0,0,0,,False,scattered,
ticketing,5,4,0.0,0,0.0,0,0,,False,scattered,
tillman,5,5,0.0,0,0.0,0,0,,False,scattered,
tio,5,5,0.0,0,0.0,0,0,,False,scattered,
tish,5,5,0.0,0,0.0,0,0,,False,scattered,
titan,5,5,0.0,0,0.0,0,0,,False,scattered,
todo,5,5,0.0,0,0.0,0,0,,False,scattered,
togo,5,5,0.0,0,0.0,0,0,,False,scattered,
tommie,5,5,0.0,0,0.0,0,0,,False,scattered,
tomorrow,5,5,0.0,0,0.0,0,0,,False,scattered,
toney,5,4,0.0,0,0.0,0,0,,False,scattered,
tong,5,3,0.0,0,0.0,0,0,,False,scattered,
tonic,5,5,0.0,0,0.0,0,0,,False,scattered,
toppers,5,5,0.0,0,0.0,0,0,,False,scattered,
toros,5,4,0.0,0,0.0,0,0,,False,scattered,
townhomes,5,5,0.0,0,0.0,0,0,,False,scattered,
tracey,5,5,0.0,0,0.0,0,0,,False,scattered,
tracks,5,5,0.0,0,0.0,0,0,,False,scattered,
transportes,5,5,0.0,0,0.0,0,0,,False,scattered,
treehouse,5,5,0.0,0,0.0,0,0,,False,scattered,
trejo,5,4,0.0,0,0.0,0,0,,False,scattered,
trevor,5,5,0.0,0,0.0,0,0,,False,scattered,
trina,5,5,0.0,0,0.0,0,0,,False,scattered,
tripp,5,5,0.0,0,0.0,0,0,,False,scattered,
triumph,5,5,0.0,0,0.0,0,0,,False,scattered,
trotter,5,4,0.0,0,0.0,0,0,,False,scattered,
truong,5,5,0.0,0,0.0,0,0,,False,scattered,
tune,5,5,0.0,0,0.0,0,0,,False,scattered,
turtle,5,5,0.0,0,0.0,0,0,,False,scattered,
tuscany,5,4,0.0,0,0.0,0,0,,False,scattered,
ufc,5,5,0.0,0,0.0,0,0,,False,scattered,
uncommon,5,4,0.0,0,0.0,0,0,,False,scattered,
unida,5,5,0.0,0,0.0,0,0,,False,scattered,
uplift,5,3,0.0,0,0.0,0,0,,False,scattered,
upscale,5,5,0.0,0,0.0,0,0,,False,scattered,
vaca,5,5,0.0,0,0.0,0,0,,False,scattered,
valentin,5,5,0.0,0,0.0,0,0,,False,scattered,
vasquez,5,5,0.0,0,0.0,0,0,,False,scattered,
vee,5,5,0.0,0,0.0,0,0,,False,scattered,
vegetarian,5,5,0.0,0,0.0,0,0,,False,scattered,
veggie,5,4,0.0,0,0.0,0,0,,False,scattered,
vehicles,5,5,0.0,0,0.0,0,0,,False,scattered,
venta,5,5,0.0,0,0.0,0,0,,False,scattered,
vertex,5,5,0.0,0,0.0,0,0,,False,scattered,
vin,5,5,0.0,0,0.0,0,0,,False,scattered,
vinyl,5,5,0.0,0,0.0,0,0,,False,scattered,
viola,5,4,0.0,0,0.0,0,0,,False,scattered,
vive,5,5,0.0,0,0.0,0,0,,False,scattered,
vivo,5,5,0.0,0,0.0,0,0,,False,scattered,
vo,5,5,0.0,0,0.0,0,0,,False,scattered,
vogel,5,5,0.0,0,0.0,0,0,,False,scattered,
vogue,5,5,0.0,0,0.0,0,0,,False,scattered,
vous,5,5,0.0,0,0.0,0,0,,False,scattered,
vu,5,5,0.0,0,0.0,0,0,,False,scattered,
wag,5,5,0.0,0,0.0,0,0,,False,scattered,
wagner,5,5,0.0,0,0.0,0,0,,False,scattered,
watts,5,5,0.0,0,0.0,0,0,,False,scattered,
waxed,5,5,0.0,0,0.0,0,0,,False,scattered,
westwood,5,5,0.0,0,0.0,0,0,,False,scattered,
whale,5,5,0.0,0,0.0,0,0,,False,scattered,
willie,5,5,0.0,0,0.0,0,0,,False,scattered,
winchester,5,5,0.0,0,0.0,0,0,,False,scattered,
woodson,5,4,0.0,0,0.0,0,0,,False,scattered,
xm,5,5,0.0,0,0.0,0,0,,False,scattered,
xpqbaby,5,5,0.0,0,0.0,0,0,,False,scattered,
xrox,5,5,0.0,0,0.0,0,0,,False,scattered,
yao,5,5,0.0,0,0.0,0,0,,False,scattered,
yesenia,5,5,0.0,0,0.0,0,0,,False,scattered,
yi,5,3,0.0,0,0.0,0,0,,False,scattered,
yogen,5,5,0.0,0,0.0,0,0,,False,scattered,
yong,5,5,0.0,0,0.0,0,0,,False,scattered,
zaragoza,5,4,0.0,0,0.0,0,0,,False,scattered,
zavala,5,5,0.0,0,0.0,0,0,,False,scattered,
zee,5,5,0.0,0,0.0,0,0,,False,scattered,
zhang,5,5,0.0,0,0.0,0,0,,False,scattered,
zia,5,5,0.0,0,0.0,0,0,,False,scattered,
