{
"type": "FeatureCollection",
"name": "chicago-overture-macrohood-2026-08-19.0",
"crs": { "type": "name", "properties": { "name": "urn:ogc:def:crs:OGC:1.3:CRS84" } },
"features": [
{ "type": "Feature", "properties": { "name": "Ashburn", "overture_id": "b1149476-b2a9-46db-8255-bd8536c9bc62", "division_id": "ff39a060-07f7-427d-9095-7645a9eb3a17" }, "geometry": { "type": "Polygon", "coordinates": [ [ [ -87.7222359, 41.7613645 ], [ -87.7221366, 41.7546077 ], [ -87.722037, 41.7533124 ], [ -87.7323801, 41.7530813 ], [ -87.7324497, 41.753095 ], [ -87.7325141, 41.753077 ], [ -87.732533, 41.7530373 ], [ -87.7325353, 41.7529901 ], [ -87.7352823, 41.7529812 ], [ -87.7352905, 41.7531172 ], [ -87.7390333, 41.7530752 ], [ -87.741496, 41.753292 ], [ -87.741467, 41.752278 ], [ -87.741444, 41.751492 ], [ -87.741442, 41.751448 ], [ -87.741425, 41.750988 ], [ -87.741426, 41.750909 ], [ -87.741366, 41.749244 ], [ -87.741358, 41.749147 ], [ -87.7413174, 41.748372 ], [ -87.741292, 41.747288 ], [ -87.741258, 41.746326 ], [ -87.741234, 41.745621 ], [ -87.741223, 41.745281 ], [ -87.741222, 41.74523 ], [ -87.741195, 41.744332 ], [ -87.741184, 41.74406 ], [ -87.741169, 41.743671 ], [ -87.741117, 41.742251 ], [ -87.7411052, 41.7419242 ], [ -87.7410951, 41.741651 ], [ -87.74109, 41.741512 ], [ -87.74105, 41.74036 ], [ -87.741037, 41.739976 ], [ -87.741031, 41.739802 ], [ -87.741013, 41.739281 ], [ -87.741007, 41.739108 ], [ -87.741003, 41.739016 ], [ -87.740994, 41.73874 ], [ -87.740991, 41.738648 ], [ -87.740987, 41.738555 ], [ -87.740978, 41.738278 ], [ -87.740975, 41.738186 ], [ -87.740968, 41.737995 ], [ -87.74095, 41.737422 ], [ -87.740944, 41.737232 ], [ -87.740938, 41.737057 ], [ -87.740933, 41.736865 ], [ -87.74093, 41.736533 ], [ -87.740929, 41.736359 ], [ -87.740928, 41.736174 ], [ -87.740928, 41.736038 ], [ -87.740936, 41.735807 ], [ -87.740948, 41.73562 ], [ -87.740953, 41.735559 ], [ -87.740968, 41.735437 ], [ -87.740989, 41.735254 ], [ -87.74102, 41.734997 ], [ -87.741048, 41.734706 ], [ -87.7410587, 41.7345316 ], [ -87.7408178, 41.7345356 ], [ -87.7405514, 41.7345401 ], [ -87.732595, 41.7346741 ], [ -87.7214601, 41.734864 ], [ -87.711979, 41.7350287 ], [ -87.687395, 41.735444 ], [ -87.682514, 41.735525 ], [ -87.6728467, 41.7356518 ], [ -87.6729453, 41.735803 ], [ -87.6731445, 41.7360352 ], [ -87.6744605, 41.7376339 ], [ -87.6752383, 41.7386007 ], [ -87.6755025, 41.7389195 ], [ -87.6757265, 41.7392011 ], [ -87.6761656, 41.7395896 ], [ -87.6767953, 41.7403685 ], [ -87.6770043, 41.7406892 ], [ -87.6771762, 41.741009 ], [ -87.6774874, 41.7416414 ], [ -87.6775517, 41.7417955 ], [ -87.6776644, 41.7421217 ], [ -87.6778255, 41.7426842 ], [ -87.6779165, 41.7431024 ], [ -87.6779693, 41.7433382 ], [ -87.6779997, 41.7436107 ], [ -87.6780211, 41.7438348 ], [ -87.6780426, 41.7443852 ], [ -87.6780506, 41.7450796 ], [ -87.6780694, 41.74565 ], [ -87.6780996, 41.7473796 ], [ -87.6781575, 41.7473785 ], [ -87.6781835, 41.7482884 ], [ -87.6782347, 41.7500841 ], [ -87.6782351, 41.75016 ], [ -87.678468, 41.7576713 ], [ -87.686623, 41.7575881 ], [ -87.6866163, 41.7574313 ], [ -87.6876462, 41.7574593 ], [ -87.6882618, 41.7574661 ], [ -87.6887339, 41.7575041 ], [ -87.6891362, 41.7575281 ], [ -87.6899328, 41.7574801 ], [ -87.7025726, 41.7571855 ], [ -87.7025794, 41.75729 ], [ -87.7075187, 41.7571531 ], [ -87.7075214, 41.7572792 ], [ -87.7089591, 41.7572572 ], [ -87.7094177, 41.7572152 ], [ -87.7095518, 41.7572052 ], [ -87.7104691, 41.7571911 ], [ -87.7109063, 41.7571851 ], [ -87.7114535, 41.7572132 ], [ -87.7117164, 41.7572332 ], [ -87.712485, 41.7573474 ], [ -87.7128832, 41.7574253 ], [ -87.7132263, 41.757517 ], [ -87.7138218, 41.7577571 ], [ -87.7141545, 41.7579235 ], [ -87.7147527, 41.7582376 ], [ -87.7162572, 41.7590156 ], [ -87.7164827, 41.7587398 ], [ -87.7172337, 41.75906 ], [ -87.7192024, 41.7598803 ], [ -87.7217209, 41.7611965 ], [ -87.7222359, 41.7613645 ] ] ] } },
{ "type": "Feature", "properties": { "name": "Mount Greenwood", "overture_id": "069a6043-be38-443d-b0e2-a2b3303407fa", "division_id": "cb65db93-9bb3-44a7-a853-0b77bef906c6" }, "geometry": { "type": "Polygon", "coordinates": [ [ [ -87.699473, 41.687933 ], [ -87.6957852, 41.6879864 ], [ -87.6959171, 41.6916338 ], [ -87.6961788, 41.698956 ], [ -87.6964721, 41.7071545 ], [ -87.701357, 41.70709 ], [ -87.7013298, 41.7061866 ], [ -87.7111059, 41.7060624 ], [ -87.711299, 41.711491 ], [ -87.7125408, 41.7114633 ], [ -87.7125778, 41.7132877 ], [ -87.7211176, 41.7131813 ], [ -87.7209152, 41.7058621 ], [ -87.7206399, 41.6987488 ], [ -87.7206336, 41.6985778 ], [ -87.7205533, 41.6966315 ], [ -87.7205039, 41.6954332 ], [ -87.7203323, 41.6912722 ], [ -87.7203311, 41.6912699 ], [ -87.7300364, 41.6910929 ], [ -87.7374718, 41.6909412 ], [ -87.7397399, 41.6908949 ], [ -87.739449, 41.683632 ], [ -87.7309899, 41.6837751 ], [ -87.7191897, 41.6839848 ], [ -87.7114994, 41.6840907 ], [ -87.711432, 41.6818218 ], [ -87.7116113, 41.681819 ], [ -87.7115928, 41.6813606 ], [ -87.7114104, 41.6813633 ], [ -87.7113732, 41.6804313 ], [ -87.710374, 41.680451 ], [ -87.7101024, 41.6804774 ], [ -87.7099376, 41.6805379 ], [ -87.705285, 41.680579 ], [ -87.7053555, 41.6823665 ], [ -87.70541, 41.6837481 ], [ -87.705417, 41.684187 ], [ -87.7005574, 41.6842674 ], [ -87.7005694, 41.6846533 ], [ -87.700624, 41.686134 ], [ -87.6994033, 41.6861508 ], [ -87.699473, 41.687933 ] ] ] } },
{ "type": "Feature", "properties": { "name": "West Pullman", "overture_id": "5543c136-54b4-44d1-8610-6f05ac1303da", "division_id": "4e765d1b-3f91-41bd-8db9-9d10adb91fcd" }, "geometry": { "type": "Polygon", "coordinates": [ [ [ -87.6194111, 41.6598096 ], [ -87.6194931, 41.6594255 ], [ -87.6195275, 41.6592582 ], [ -87.6196189, 41.659093 ], [ -87.6184959, 41.6590743 ], [ -87.6164121, 41.6677948 ], [ -87.6152417, 41.6730117 ], [ -87.6144379, 41.6763959 ], [ -87.6139891, 41.6786347 ], [ -87.6126562, 41.6838968 ], [ -87.6123391, 41.6854181 ], [ -87.6421434, 41.6850898 ], [ -87.6505652, 41.6849664 ], [ -87.6507691, 41.6849638 ], [ -87.656642, 41.6848872 ], [ -87.6568673, 41.6848842 ], [ -87.6582598, 41.6848661 ], [ -87.6583642, 41.6848647 ], [ -87.6584787, 41.6848632 ], [ -87.6591776, 41.6848541 ], [ -87.6616094, 41.6848224 ], [ -87.6615803, 41.6842496 ], [ -87.6615749, 41.6840799 ], [ -87.6615409, 41.6830043 ], [ -87.6614831, 41.6811821 ], [ -87.6614231, 41.6793704 ], [ -87.6613978, 41.6784804 ], [ -87.661389, 41.6782026 ], [ -87.6613574, 41.6775512 ], [ -87.6613525, 41.6769181 ], [ -87.6613224, 41.6757182 ], [ -87.661151, 41.67033 ], [ -87.658795, 41.670335 ], [ -87.658652, 41.670285 ], [ -87.6564055, 41.6703134 ], [ -87.6488129, 41.6704307 ], [ -87.64167, 41.670539 ], [ -87.6415442, 41.6669835 ], [ -87.641423, 41.663246 ], [ -87.641668, 41.663242 ], [ -87.642053, 41.6632357 ], [ -87.642405, 41.66323 ], [ -87.642651, 41.663226 ], [ -87.642893, 41.663223 ], [ -87.643258, 41.663219 ], [ -87.643621, 41.663213 ], [ -87.643864, 41.66321 ], [ -87.644108, 41.663206 ], [ -87.6444681, 41.6631999 ], [ -87.644476, 41.663201 ], [ -87.64484, 41.663193 ], [ -87.645085, 41.663189 ], [ -87.645326, 41.663186 ], [ -87.645693, 41.663183 ], [ -87.646052, 41.663177 ], [ -87.646294, 41.663173 ], [ -87.646401, 41.663171 ], [ -87.646723, 41.663166 ], [ -87.6469034, 41.6631637 ], [ -87.6472191, 41.6631602 ], [ -87.6469734, 41.6570308 ], [ -87.645722, 41.657114 ], [ -87.642348, 41.657353 ], [ -87.641224, 41.657434 ], [ -87.640973, 41.657434 ], [ -87.6403267, 41.6574051 ], [ -87.6394289, 41.6573534 ], [ -87.6382348, 41.6572188 ], [ -87.6373078, 41.6571286 ], [ -87.6362521, 41.6570727 ], [ -87.6355301, 41.6570454 ], [ -87.6349073, 41.657054 ], [ -87.6341841, 41.6570622 ], [ -87.6335471, 41.6570867 ], [ -87.632879, 41.6571095 ], [ -87.6322267, 41.6572366 ], [ -87.6316698, 41.6574292 ], [ -87.6311605, 41.6576163 ], [ -87.6307134, 41.6578157 ], [ -87.6302759, 41.6580103 ], [ -87.629645, 41.6583368 ], [ -87.6288195, 41.6588894 ], [ -87.6279681, 41.6594521 ], [ -87.6269258, 41.6602559 ], [ -87.6259165, 41.6608979 ], [ -87.6252701, 41.6612548 ], [ -87.624441, 41.6616574 ], [ -87.6236117, 41.6620105 ], [ -87.6227856, 41.6621612 ], [ -87.6220514, 41.6621794 ], [ -87.6210236, 41.6620774 ], [ -87.6202662, 41.661772 ], [ -87.6197254, 41.661338 ], [ -87.6195326, 41.6610019 ], [ -87.6194006, 41.6605391 ], [ -87.6193869, 41.6601511 ], [ -87.6194111, 41.6598096 ] ] ] } },
{ "type": "Feature", "properties": { "name": "Morgan Park", "overture_id": "f6b3e9cf-7dc5-41a6-ba0f-08dd4cfe593d", "division_id": "84338709-4e17-4bcc-b517-30d1e826fe78" }, "geometry": { "type": "Polygon", "coordinates": [ [ [ -87.6920885, 41.6917686 ], [ -87.6920858, 41.6916738 ], [ -87.6959171, 41.6916338 ], [ -87.6957852, 41.6879864 ], [ -87.6956562, 41.6843372 ], [ -87.6858411, 41.6844759 ], [ -87.6856904, 41.6796222 ], [ -87.685699, 41.679031 ], [ -87.685726, 41.678847 ], [ -87.68576, 41.678619 ], [ -87.685847, 41.678372 ], [ -87.685867, 41.67831 ], [ -87.685927, 41.678134 ], [ -87.686012, 41.677947 ], [ -87.686014, 41.677943 ], [ -87.686275, 41.67739 ], [ -87.686363, 41.677205 ], [ -87.681928, 41.677296 ], [ -87.6807183, 41.6772363 ], [ -87.6801152, 41.6772272 ], [ -87.6799736, 41.6772251 ], [ -87.6798426, 41.6772262 ], [ -87.6787671, 41.6772272 ], [ -87.676893, 41.677257 ], [ -87.675162, 41.677288 ], [ -87.671878, 41.677342 ], [ -87.6686704, 41.6774209 ], [ -87.66785, 41.677419 ], [ -87.668549, 41.676127 ], [ -87.6671418, 41.675846 ], [ -87.666546, 41.6774419 ], [ -87.6652674, 41.6774862 ], [ -87.6650401, 41.6774943 ], [ -87.6613574, 41.6775512 ], [ -87.661389, 41.6782026 ], [ -87.6613978, 41.6784804 ], [ -87.6614231, 41.6793704 ], [ -87.6614831, 41.6811821 ], [ -87.6615409, 41.6830043 ], [ -87.6615749, 41.6840799 ], [ -87.6615803, 41.6842496 ], [ -87.6616094, 41.6848224 ], [ -87.6591776, 41.6848541 ], [ -87.6584787, 41.6848632 ], [ -87.6583642, 41.6848647 ], [ -87.6582598, 41.6848661 ], [ -87.6568673, 41.6848842 ], [ -87.656642, 41.6848872 ], [ -87.6507691, 41.6849638 ], [ -87.6505652, 41.6849664 ], [ -87.6421434, 41.6850898 ], [ -87.6425964, 41.6996425 ], [ -87.6587422, 41.6994487 ], [ -87.6801628, 41.6990598 ], [ -87.6805395, 41.6990655 ], [ -87.6808275, 41.6990763 ], [ -87.6809193, 41.6990797 ], [ -87.6812286, 41.6990902 ], [ -87.6813833, 41.6990954 ], [ -87.6815543, 41.6990936 ], [ -87.6819542, 41.6990893 ], [ -87.6912035, 41.6989802 ], [ -87.6909766, 41.692205 ], [ -87.6921002, 41.6921831 ], [ -87.6920885, 41.6917686 ] ] ] } },
{ "type": "Feature", "properties": { "name": "Hegewisch", "overture_id": "9da8518d-3e79-4ec4-9e7f-fa8315268473", "division_id": "8d612145-ca64-4e7a-a4fb-dd8e3705ca15" }, "geometry": { "type": "Polygon", "coordinates": [ [ [ -87.5591738, 41.6688124 ], [ -87.5592589, 41.6687714 ], [ -87.5592599, 41.6685237 ], [ -87.5592656, 41.6591874 ], [ -87.5603314, 41.659187 ], [ -87.5607071, 41.6591872 ], [ -87.5609378, 41.6591873 ], [ -87.561801, 41.6591877 ], [ -87.5677529, 41.6591904 ], [ -87.5719654, 41.65919 ], [ -87.5733234, 41.6591975 ], [ -87.5775632, 41.659196 ], [ -87.5786755, 41.6591993 ], [ -87.5793555, 41.6591993 ], [ -87.580671, 41.6591993 ], [ -87.5811498, 41.6592083 ], [ -87.5815964, 41.6592234 ], [ -87.5820068, 41.6592524 ], [ -87.5823487, 41.6592955 ], [ -87.582688, 41.6593476 ], [ -87.5830555, 41.6594207 ], [ -87.5833544, 41.6594927 ], [ -87.5834263, 41.6595013 ], [ -87.5836692, 41.6595603 ], [ -87.5839634, 41.6596449 ], [ -87.5846601, 41.6598751 ], [ -87.5848886, 41.6599597 ], [ -87.5851232, 41.6600381 ], [ -87.585342, 41.6601124 ], [ -87.5859103, 41.6602275 ], [ -87.586254, 41.6602994 ], [ -87.5865504, 41.6603335 ], [ -87.5868025, 41.6603576 ], [ -87.5870346, 41.6603776 ], [ -87.5874416, 41.660391 ], [ -87.5885792, 41.6603848 ], [ -87.5891452, 41.6603835 ], [ -87.5873264, 41.6582647 ], [ -87.5870365, 41.6579397 ], [ -87.5865429, 41.6573666 ], [ -87.5851002, 41.6557037 ], [ -87.5846818, 41.6552147 ], [ -87.5839039, 41.6542928 ], [ -87.5833889, 41.6537076 ], [ -87.5826806, 41.6528695 ], [ -87.5821176, 41.6522406 ], [ -87.5815969, 41.651627 ], [ -87.5809049, 41.6508093 ], [ -87.5803902, 41.6501202 ], [ -87.5796818, 41.6489894 ], [ -87.5792205, 41.6480194 ], [ -87.5789094, 41.6471455 ], [ -87.5785717, 41.6457269 ], [ -87.5785124, 41.6452334 ], [ -87.5784609, 41.6447335 ], [ -87.574395, 41.644711 ], [ -87.5723584, 41.6446935 ], [ -87.571495, 41.644686 ], [ -87.571243, 41.644685 ], [ -87.570998, 41.644683 ], [ -87.570263, 41.644677 ], [ -87.570019, 41.644676 ], [ -87.569753, 41.644674 ], [ -87.568955, 41.644668 ], [ -87.568689, 41.644667 ], [ -87.568469, 41.644665 ], [ -87.567809, 41.64466 ], [ -87.567589, 41.644659 ], [ -87.56736, 41.644657 ], [ -87.566673, 41.644652 ], [ -87.566444, 41.644651 ], [ -87.566207, 41.644649 ], [ -87.565496, 41.644644 ], [ -87.565259, 41.644643 ], [ -87.565021, 41.644641 ], [ -87.564309, 41.644636 ], [ -87.564072, 41.644635 ], [ -87.5473056, 41.6445865 ], [ -87.5428112, 41.6445798 ], [ -87.5399292, 41.6445469 ], [ -87.538535, 41.644531 ], [ -87.535937, 41.644547 ], [ -87.529607, 41.644589 ], [ -87.528343, 41.644597 ], [ -87.528332, 41.644597 ], [ -87.527079, 41.644605 ], [ -87.5250866, 41.6445976 ], [ -87.5246569, 41.6916932 ], [ -87.5246567, 41.6917161 ], [ -87.5246566, 41.6917295 ], [ -87.5246562, 41.6917999 ], [ -87.5254109, 41.691803 ], [ -87.5258298, 41.6918046 ], [ -87.5260411, 41.6918054 ], [ -87.5270405, 41.6918101 ], [ -87.5310204, 41.6918242 ], [ -87.5310321, 41.6881935 ], [ -87.5310318, 41.6881271 ], [ -87.5310308, 41.6879236 ], [ -87.5310237, 41.6864688 ], [ -87.5310233, 41.6863859 ], [ -87.5310229, 41.6863058 ], [ -87.5310145, 41.6845665 ], [ -87.5315277, 41.6845679 ], [ -87.531641, 41.6845682 ], [ -87.5317458, 41.6845685 ], [ -87.5322382, 41.6845698 ], [ -87.5327356, 41.6845711 ], [ -87.5328351, 41.6845714 ], [ -87.5329508, 41.6845717 ], [ -87.5334444, 41.6845731 ], [ -87.5339471, 41.6845744 ], [ -87.5340424, 41.6845746 ], [ -87.5341561, 41.6845749 ], [ -87.5346558, 41.6845764 ], [ -87.5351253, 41.6845777 ], [ -87.5352516, 41.684578 ], [ -87.5353848, 41.6845784 ], [ -87.5358646, 41.6845797 ], [ -87.5363575, 41.684581 ], [ -87.5364661, 41.6845813 ], [ -87.5365697, 41.6845816 ], [ -87.5370689, 41.684583 ], [ -87.5376661, 41.6845846 ], [ -87.5388688, 41.6845879 ], [ -87.5394684, 41.6845895 ], [ -87.5395574, 41.6845898 ], [ -87.5398444, 41.6845905 ], [ -87.5399689, 41.6845909 ], [ -87.5401215, 41.6845913 ], [ -87.5401045, 41.6828504 ], [ -87.5412761, 41.6828332 ], [ -87.5438294, 41.6828064 ], [ -87.544796, 41.6828038 ], [ -87.5450005, 41.6828033 ], [ -87.5449668, 41.6747985 ], [ -87.5448941, 41.6737704 ], [ -87.5448936, 41.6737241 ], [ -87.5448922, 41.6735997 ], [ -87.5448914, 41.673531 ], [ -87.5449008, 41.6733407 ], [ -87.5449156, 41.6731303 ], [ -87.5449357, 41.672964 ], [ -87.5449706, 41.6727597 ], [ -87.5450148, 41.6725723 ], [ -87.5450658, 41.672373 ], [ -87.5451342, 41.6721656 ], [ -87.5452214, 41.6719432 ], [ -87.5453836, 41.6715485 ], [ -87.5456612, 41.6708713 ], [ -87.5459093, 41.6702743 ], [ -87.546022, 41.6699868 ], [ -87.546132, 41.6696642 ], [ -87.546203, 41.6694137 ], [ -87.5462728, 41.6691342 ], [ -87.5463318, 41.6688527 ], [ -87.5463586, 41.6686794 ], [ -87.5464029, 41.6683558 ], [ -87.5464284, 41.6680403 ], [ -87.5464377, 41.6678429 ], [ -87.5463937, 41.6667054 ], [ -87.545573, 41.6637266 ], [ -87.544925, 41.6592848 ], [ -87.5450845, 41.6593605 ], [ -87.5455713, 41.659657 ], [ -87.5458046, 41.6598083 ], [ -87.545975, 41.6599125 ], [ -87.5463424, 41.660126 ], [ -87.5469701, 41.6604867 ], [ -87.5474958, 41.6607862 ], [ -87.548507, 41.6613684 ], [ -87.5495451, 41.6619565 ], [ -87.5496556, 41.6620204 ], [ -87.5501807, 41.6623242 ], [ -87.5510806, 41.6628462 ], [ -87.5513434, 41.6630085 ], [ -87.5515419, 41.6631407 ], [ -87.5517028, 41.6632569 ], [ -87.5518825, 41.6633932 ], [ -87.5520529, 41.6635385 ], [ -87.5522004, 41.6636707 ], [ -87.5523452, 41.663809 ], [ -87.552486, 41.6639573 ], [ -87.5526081, 41.6640905 ], [ -87.5528146, 41.66434 ], [ -87.5529165, 41.6644812 ], [ -87.5530761, 41.6647047 ], [ -87.5533309, 41.6650613 ], [ -87.5534181, 41.6652176 ], [ -87.5537158, 41.6656614 ], [ -87.5542523, 41.6664639 ], [ -87.5543059, 41.6665491 ], [ -87.5544668, 41.6667905 ], [ -87.5549268, 41.6674808 ], [ -87.5553882, 41.668177 ], [ -87.5556738, 41.6686128 ], [ -87.5566271, 41.6699876 ], [ -87.5567757, 41.6699107 ], [ -87.5568215, 41.6698664 ], [ -87.5568671, 41.6698143 ], [ -87.5568993, 41.6697803 ], [ -87.5570361, 41.6697142 ], [ -87.5571541, 41.6696761 ], [ -87.5572667, 41.6696561 ], [ -87.557374, 41.669622 ], [ -87.5574384, 41.6695919 ], [ -87.5575528, 41.6695222 ], [ -87.5579588, 41.6691651 ], [ -87.5580481, 41.6691149 ], [ -87.5581218, 41.6690654 ], [ -87.5581765, 41.6689684 ], [ -87.5582482, 41.6689417 ], [ -87.5583815, 41.6689464 ], [ -87.5585942, 41.668973 ], [ -87.558684, 41.6690075 ], [ -87.5587513, 41.6690173 ], [ -87.5587985, 41.6689766 ], [ -87.5588696, 41.6689438 ], [ -87.5589373, 41.6689528 ], [ -87.5589696, 41.6689107 ], [ -87.5591638, 41.6688172 ], [ -87.5591738, 41.6688124 ] ] ] } },
{ "type": "Feature", "properties": { "name": "East Side", "overture_id": "c4ef48af-9abe-471c-81bd-25bd8349e3a9", "division_id": "5a3c1195-4889-4d8d-96ac-fa4d9c213433" }, "geometry": { "type": "Polygon", "coordinates": [ [ [ -87.5459447, 41.7027583 ], [ -87.545331, 41.7027591 ], [ -87.5438856, 41.7027547 ], [ -87.5437877, 41.7027547 ], [ -87.543844, 41.7026801 ], [ -87.5438743, 41.7026399 ], [ -87.5439084, 41.7025947 ], [ -87.5440036, 41.7024565 ], [ -87.5441217, 41.7022713 ], [ -87.5442101, 41.7021511 ], [ -87.5443564, 41.7019479 ], [ -87.5445038, 41.7017536 ], [ -87.5447519, 41.7014242 ], [ -87.5448753, 41.7012484 ], [ -87.5450065, 41.7009384 ], [ -87.5450387, 41.7008623 ], [ -87.5450599, 41.7007724 ], [ -87.5450387, 41.699116 ], [ -87.5450354, 41.6989421 ], [ -87.5450544, 41.6876919 ], [ -87.5450215, 41.6855197 ], [ -87.5450144, 41.6850487 ], [ -87.5450118, 41.6848782 ], [ -87.54504, 41.6847242 ], [ -87.5450005, 41.6828033 ], [ -87.544796, 41.6828038 ], [ -87.5438294, 41.6828064 ], [ -87.5412761, 41.6828332 ], [ -87.5401045, 41.6828504 ], [ -87.5401215, 41.6845913 ], [ -87.5399689, 41.6845909 ], [ -87.5398444, 41.6845905 ], [ -87.5395574, 41.6845898 ], [ -87.5394684, 41.6845895 ], [ -87.5388688, 41.6845879 ], [ -87.5376661, 41.6845846 ], [ -87.5370689, 41.684583 ], [ -87.5365697, 41.6845816 ], [ -87.5364661, 41.6845813 ], [ -87.5363575, 41.684581 ], [ -87.5358646, 41.6845797 ], [ -87.5353848, 41.6845784 ], [ -87.5352516, 41.684578 ], [ -87.5351253, 41.6845777 ], [ -87.5346558, 41.6845764 ], [ -87.5341561, 41.6845749 ], [ -87.5340424, 41.6845746 ], [ -87.5339471, 41.6845744 ], [ -87.5334444, 41.6845731 ], [ -87.5329508, 41.6845717 ], [ -87.5328351, 41.6845714 ], [ -87.5327356, 41.6845711 ], [ -87.5322382, 41.6845698 ], [ -87.5317458, 41.6845685 ], [ -87.531641, 41.6845682 ], [ -87.5315277, 41.6845679 ], [ -87.5310145, 41.6845665 ], [ -87.5310229, 41.6863058 ], [ -87.5310233, 41.6863859 ], [ -87.5310237, 41.6864688 ], [ -87.5310308, 41.6879236 ], [ -87.5310318, 41.6881271 ], [ -87.5310321, 41.6881935 ], [ -87.5310204, 41.6918242 ], [ -87.5270405, 41.6918101 ], [ -87.5260411, 41.6918054 ], [ -87.5258298, 41.6918046 ], [ -87.5254109, 41.691803 ], [ -87.5246562, 41.6917999 ], [ -87.5246542, 41.6919394 ], [ -87.5246495, 41.69227 ], [ -87.5245029, 41.7026825 ], [ -87.5244698, 41.7080232 ], [ -87.5244823, 41.7084037 ], [ -87.5247878, 41.7086882 ], [ -87.5249647, 41.7089696 ], [ -87.5247756, 41.7090892 ], [ -87.5245289, 41.7092666 ], [ -87.5244282, 41.7092688 ], [ -87.5243021, 41.7092773 ], [ -87.5242033, 41.7092817 ], [ -87.5241371, 41.7093034 ], [ -87.5241243, 41.7093585 ], [ -87.5241644, 41.7094288 ], [ -87.5242413, 41.709511 ], [ -87.5243065, 41.7095419 ], [ -87.5244036, 41.7095587 ], [ -87.5244851, 41.7095722 ], [ -87.5245728, 41.7096111 ], [ -87.5249611, 41.7099646 ], [ -87.5253236, 41.710069 ], [ -87.5253658, 41.7101114 ], [ -87.5256347, 41.7103814 ], [ -87.5257495, 41.7104296 ], [ -87.5258866, 41.710447 ], [ -87.5259586, 41.7104459 ], [ -87.526021, 41.7104214 ], [ -87.526074, 41.7103683 ], [ -87.5260746, 41.7102853 ], [ -87.5259995, 41.7101651 ], [ -87.526039, 41.710038 ], [ -87.5262186, 41.7098523 ], [ -87.5264517, 41.7098579 ], [ -87.52666, 41.7098891 ], [ -87.5268421, 41.7099373 ], [ -87.5273002, 41.7101625 ], [ -87.5279743, 41.7105367 ], [ -87.5283693, 41.7108291 ], [ -87.5264983, 41.7122718 ], [ -87.525158, 41.7133273 ], [ -87.5252115, 41.7133647 ], [ -87.5264597, 41.7123711 ], [ -87.526686, 41.7125152 ], [ -87.5270423, 41.7127632 ], [ -87.5273421, 41.7130034 ], [ -87.5274001, 41.713023 ], [ -87.5277107, 41.7133591 ], [ -87.5277206, 41.7134104 ], [ -87.5277453, 41.713453 ], [ -87.5277816, 41.713484 ], [ -87.5278081, 41.7134986 ], [ -87.527832, 41.713506 ], [ -87.5280051, 41.713864 ], [ -87.5281466, 41.7142328 ], [ -87.5282251, 41.714436 ], [ -87.5284179, 41.7146888 ], [ -87.5285992, 41.7150611 ], [ -87.5286, 41.7153981 ], [ -87.5286035, 41.7155871 ], [ -87.5285801, 41.7158273 ], [ -87.528568, 41.715845 ], [ -87.5283143, 41.716128 ], [ -87.5279871, 41.7164043 ], [ -87.5276433, 41.7166375 ], [ -87.5274123, 41.7167577 ], [ -87.5272897, 41.7168352 ], [ -87.5271247, 41.7168635 ], [ -87.5270392, 41.7169015 ], [ -87.5269853, 41.7169187 ], [ -87.5269368, 41.7169153 ], [ -87.526906, 41.7168848 ], [ -87.5268836, 41.7168624 ], [ -87.5268567, 41.7168486 ], [ -87.5268182, 41.7168423 ], [ -87.5267943, 41.7168434 ], [ -87.526744, 41.7169125 ], [ -87.5267819, 41.7169814 ], [ -87.5267933, 41.7170001 ], [ -87.5265151, 41.7170954 ], [ -87.5266068, 41.7172501 ], [ -87.5265132, 41.7172812 ], [ -87.5264967, 41.7172867 ], [ -87.5264094, 41.7171293 ], [ -87.5264034, 41.7171326 ], [ -87.5260032, 41.7172558 ], [ -87.5258064, 41.7173184 ], [ -87.5254074, 41.7173896 ], [ -87.5244685, 41.7174083 ], [ -87.5244737, 41.717798 ], [ -87.5244987, 41.7178137 ], [ -87.5244987, 41.717859 ], [ -87.5245051, 41.7180647 ], [ -87.5247539, 41.7180728 ], [ -87.5249706, 41.7181211 ], [ -87.5249498, 41.718158 ], [ -87.5250879, 41.7182189 ], [ -87.5252808, 41.7184704 ], [ -87.5254633, 41.7187289 ], [ -87.5255503, 41.719026 ], [ -87.5255642, 41.7191065 ], [ -87.5255944, 41.7193525 ], [ -87.5255967, 41.7195894 ], [ -87.5255841, 41.7199272 ], [ -87.5255686, 41.7201887 ], [ -87.5255355, 41.7204409 ], [ -87.5255094, 41.7206732 ], [ -87.5254489, 41.7208023 ], [ -87.5251225, 41.7207354 ], [ -87.5250782, 41.7208493 ], [ -87.5254179, 41.7209302 ], [ -87.5252854, 41.7211578 ], [ -87.5250871, 41.7214207 ], [ -87.5248089, 41.7211867 ], [ -87.5246974, 41.7212633 ], [ -87.525014, 41.721545 ], [ -87.5247963, 41.7217439 ], [ -87.5247087, 41.7218024 ], [ -87.524497, 41.7219044 ], [ -87.5244634, 41.7219134 ], [ -87.524469, 41.7231993 ], [ -87.5245188, 41.7283301 ], [ -87.5244994, 41.7287905 ], [ -87.5245315, 41.7298425 ], [ -87.5245854, 41.7306736 ], [ -87.5246063, 41.7309957 ], [ -87.5246548, 41.7311664 ], [ -87.5247828, 41.7313129 ], [ -87.5249563, 41.7314412 ], [ -87.5252227, 41.7315534 ], [ -87.5258457, 41.7316548 ], [ -87.526843, 41.731817 ], [ -87.529143, 41.7321158 ], [ -87.5292175, 41.7323183 ], [ -87.5294713, 41.7323848 ], [ -87.5291827, 41.7330964 ], [ -87.529609, 41.7329443 ], [ -87.5406213, 41.728275 ], [ -87.5421933, 41.7269433 ], [ -87.5431705, 41.7233495 ], [ -87.5430964, 41.7228625 ], [ -87.5427315, 41.7207809 ], [ -87.5430643, 41.7191847 ], [ -87.54297, 41.7173362 ], [ -87.5423894, 41.7158985 ], [ -87.5426726, 41.7113949 ], [ -87.5432816, 41.7099148 ], [ -87.545675, 41.7076522 ], [ -87.5459447, 41.7027583 ] ] ] } },
{ "type": "Feature", "properties": { "name": "Roseland", "overture_id": "74a565f1-a3ed-4600-a87b-1c514dc198bf", "division_id": "b00df1b6-5d7e-46b1-ab22-46c4ba60cfa6" }, "geometry": { "type": "Polygon", "coordinates": [ [ [ -87.6036042, 41.7202089 ], [ -87.6035779, 41.7203231 ], [ -87.6032819, 41.7216202 ], [ -87.6031845, 41.7220446 ], [ -87.6031782, 41.7220719 ], [ -87.6044858, 41.7220497 ], [ -87.6044904, 41.7224346 ], [ -87.6044909, 41.7224759 ], [ -87.6044922, 41.7225638 ], [ -87.604901, 41.7226516 ], [ -87.6051161, 41.7226977 ], [ -87.6051717, 41.7227116 ], [ -87.6059523, 41.7229359 ], [ -87.6063158, 41.7230618 ], [ -87.6068654, 41.7232606 ], [ -87.6069274, 41.7232866 ], [ -87.6075295, 41.7235636 ], [ -87.6081491, 41.7238606 ], [ -87.6087522, 41.7241694 ], [ -87.6093643, 41.724473 ], [ -87.6093733, 41.7249974 ], [ -87.6096829, 41.7251511 ], [ -87.6097747, 41.7251967 ], [ -87.6105574, 41.725557 ], [ -87.6105991, 41.7255743 ], [ -87.6106439, 41.7255928 ], [ -87.6107222, 41.7256025 ], [ -87.6112188, 41.725599 ], [ -87.6115685, 41.7255965 ], [ -87.614166, 41.7268764 ], [ -87.6142804, 41.7269328 ], [ -87.6142873, 41.7271599 ], [ -87.6143127, 41.7279804 ], [ -87.6160509, 41.728685 ], [ -87.6165793, 41.7288692 ], [ -87.6175438, 41.729191 ], [ -87.6184354, 41.7294237 ], [ -87.6191982, 41.7295977 ], [ -87.6191851, 41.7291248 ], [ -87.6199853, 41.7291086 ], [ -87.6207813, 41.7290966 ], [ -87.6215974, 41.7290869 ], [ -87.621861, 41.7290838 ], [ -87.6219767, 41.7290824 ], [ -87.6221655, 41.7290782 ], [ -87.6222896, 41.7290756 ], [ -87.6224007, 41.7290732 ], [ -87.6231532, 41.7290606 ], [ -87.6233502, 41.7290573 ], [ -87.6238481, 41.729049 ], [ -87.6239309, 41.7290476 ], [ -87.6241934, 41.7290449 ], [ -87.6249666, 41.7290335 ], [ -87.6252268, 41.7290259 ], [ -87.6253288, 41.7290244 ], [ -87.6256636, 41.7290195 ], [ -87.6259973, 41.7293851 ], [ -87.6264935, 41.7299235 ], [ -87.6289504, 41.7325827 ], [ -87.6300573, 41.7336343 ], [ -87.6307067, 41.7342512 ], [ -87.6308955, 41.7344374 ], [ -87.6314531, 41.7349402 ], [ -87.6317807, 41.7352146 ], [ -87.6318475, 41.7352476 ], [ -87.631913, 41.7352543 ], [ -87.6321564, 41.7354683 ], [ -87.6326194, 41.7358967 ], [ -87.6326599, 41.7359854 ], [ -87.6326607, 41.7363568 ], [ -87.6326189, 41.7365774 ], [ -87.6327047, 41.7366875 ], [ -87.632871, 41.7369457 ], [ -87.6330963, 41.737356 ], [ -87.6332439, 41.7376422 ], [ -87.6334289, 41.7380065 ], [ -87.633504, 41.7381626 ], [ -87.6335657, 41.7383187 ], [ -87.633606, 41.7384568 ], [ -87.6336221, 41.7385629 ], [ -87.6336301, 41.738665 ], [ -87.6336489, 41.7388171 ], [ -87.6336998, 41.7389492 ], [ -87.6337642, 41.7391233 ], [ -87.6338527, 41.7393154 ], [ -87.6339947, 41.7396172 ], [ -87.634106, 41.7394945 ], [ -87.6342294, 41.7394485 ], [ -87.6341114, 41.7391683 ], [ -87.6339907, 41.73874 ], [ -87.6339317, 41.7384638 ], [ -87.6338834, 41.7379714 ], [ -87.6338324, 41.7359612 ], [ -87.6341543, 41.7359577 ], [ -87.6341382, 41.7358138 ], [ -87.6340765, 41.7349351 ], [ -87.6339183, 41.7312742 ], [ -87.6338539, 41.7304915 ], [ -87.6338282, 41.7300025 ], [ -87.6337643, 41.730005 ], [ -87.6337352, 41.7289024 ], [ -87.6331377, 41.7070558 ], [ -87.6331633, 41.7070555 ], [ -87.6335836, 41.7070505 ], [ -87.6355564, 41.7070271 ], [ -87.6358927, 41.7070231 ], [ -87.6367601, 41.7070128 ], [ -87.6378819, 41.7069994 ], [ -87.6379785, 41.7069983 ], [ -87.6380902, 41.706997 ], [ -87.6385984, 41.706991 ], [ -87.6390937, 41.7069851 ], [ -87.6391894, 41.706984 ], [ -87.6393029, 41.7069826 ], [ -87.6403066, 41.7069707 ], [ -87.640408, 41.7069695 ], [ -87.6405198, 41.7069682 ], [ -87.6415193, 41.7069563 ], [ -87.6416126, 41.7069552 ], [ -87.6423463, 41.7069465 ], [ -87.6424464, 41.7069453 ], [ -87.6426784, 41.7069425 ], [ -87.6427656, 41.7069415 ], [ -87.6428312, 41.7069407 ], [ -87.642775, 41.7051014 ], [ -87.6427184, 41.7032796 ], [ -87.6426568, 41.7014663 ], [ -87.6425964, 41.6996425 ], [ -87.6421434, 41.6850898 ], [ -87.6123391, 41.6854181 ], [ -87.6114153, 41.685427 ], [ -87.6114159, 41.68544 ], [ -87.6114149, 41.6855319 ], [ -87.6114137, 41.6856412 ], [ -87.6114102, 41.6856969 ], [ -87.6114002, 41.6858505 ], [ -87.6113836, 41.6860113 ], [ -87.6113554, 41.6861725 ], [ -87.6113187, 41.6863282 ], [ -87.6113151, 41.6863436 ], [ -87.611314, 41.6863481 ], [ -87.6111668, 41.6869848 ], [ -87.611101, 41.6872693 ], [ -87.6110937, 41.6873008 ], [ -87.6110875, 41.6873272 ], [ -87.6107483, 41.6888245 ], [ -87.6106905, 41.6890802 ], [ -87.6106772, 41.6891392 ], [ -87.6106542, 41.6892352 ], [ -87.610584, 41.6895372 ], [ -87.6102621, 41.690916 ], [ -87.6102505, 41.6909632 ], [ -87.6102004, 41.6911962 ], [ -87.6100665, 41.6918189 ], [ -87.6099213, 41.6924731 ], [ -87.6098824, 41.6926507 ], [ -87.6098497, 41.6927735 ], [ -87.6098252, 41.6928864 ], [ -87.6098159, 41.6929294 ], [ -87.6097717, 41.6931337 ], [ -87.6094861, 41.6943899 ], [ -87.6094638, 41.6944853 ], [ -87.6092212, 41.6955248 ], [ -87.6091822, 41.6956941 ], [ -87.6090248, 41.696353 ], [ -87.6090039, 41.6964393 ], [ -87.6089863, 41.6965159 ], [ -87.6089695, 41.6965885 ], [ -87.6089667, 41.6966007 ], [ -87.6086261, 41.6980809 ], [ -87.6086146, 41.6981297 ], [ -87.6086047, 41.698172 ], [ -87.6085942, 41.6982164 ], [ -87.6082567, 41.6997766 ], [ -87.6082073, 41.7000121 ], [ -87.6081901, 41.7000859 ], [ -87.6081699, 41.7001694 ], [ -87.6081629, 41.7001982 ], [ -87.6081568, 41.7002234 ], [ -87.60813, 41.7003338 ], [ -87.6080983, 41.7004736 ], [ -87.6080819, 41.7005459 ], [ -87.6078017, 41.7017805 ], [ -87.6077844, 41.7018569 ], [ -87.6077731, 41.7019068 ], [ -87.6077674, 41.701932 ], [ -87.6075603, 41.7028446 ], [ -87.6073844, 41.7036195 ], [ -87.6073721, 41.7036761 ], [ -87.6073536, 41.7037554 ], [ -87.6073361, 41.7038345 ], [ -87.6071442, 41.7046781 ], [ -87.6069815, 41.7053953 ], [ -87.6069651, 41.7054677 ], [ -87.6069507, 41.705531 ], [ -87.6069353, 41.7055986 ], [ -87.606728, 41.7065122 ], [ -87.6066021, 41.7070835 ], [ -87.6065455, 41.7073446 ], [ -87.6065213, 41.7074326 ], [ -87.6065058, 41.7075299 ], [ -87.6064964, 41.707573 ], [ -87.6064686, 41.7076913 ], [ -87.6064411, 41.7078114 ], [ -87.6062469, 41.7086613 ], [ -87.6062228, 41.7087666 ], [ -87.6061899, 41.7089106 ], [ -87.6061807, 41.7089508 ], [ -87.6061232, 41.7092017 ], [ -87.6057527, 41.7108211 ], [ -87.6057484, 41.7108399 ], [ -87.6057401, 41.7108761 ], [ -87.6057123, 41.7109979 ], [ -87.6056588, 41.7112347 ], [ -87.605412, 41.712328 ], [ -87.6053658, 41.7125338 ], [ -87.6053206, 41.7127253 ], [ -87.6053079, 41.7127859 ], [ -87.605279, 41.7129139 ], [ -87.605244, 41.7130611 ], [ -87.6052067, 41.7132197 ], [ -87.6050949, 41.7136797 ], [ -87.6049827, 41.7142191 ], [ -87.604893, 41.7146122 ], [ -87.6048806, 41.7146627 ], [ -87.604857, 41.7147654 ], [ -87.6048412, 41.7148338 ], [ -87.6046486, 41.7156708 ], [ -87.6044734, 41.7164322 ], [ -87.6044375, 41.7165879 ], [ -87.6044183, 41.7166717 ], [ -87.6044119, 41.7166991 ], [ -87.6042397, 41.7174476 ], [ -87.6041484, 41.7178442 ], [ -87.6040769, 41.7181551 ], [ -87.6040741, 41.7181672 ], [ -87.603936, 41.7187673 ], [ -87.6038284, 41.7192346 ], [ -87.6037497, 41.7195767 ], [ -87.6037427, 41.7196073 ], [ -87.6037232, 41.719692 ], [ -87.6036543, 41.719991 ], [ -87.6036196, 41.7201421 ], [ -87.6036042, 41.7202089 ] ] ] } },
{ "type": "Feature", "properties": { "name": "Pullman", "overture_id": "7c3c54fa-19cb-4982-baaa-6087adc55427", "division_id": "412d1870-2dd7-461f-9e6a-a32ed8570c77" }, "geometry": { "type": "Polygon", "coordinates": [ [ [ -87.6065058, 41.7075299 ], [ -87.6065213, 41.7074326 ], [ -87.6065455, 41.7073446 ], [ -87.6066021, 41.7070835 ], [ -87.606728, 41.7065122 ], [ -87.6069353, 41.7055986 ], [ -87.6069507, 41.705531 ], [ -87.6069651, 41.7054677 ], [ -87.6069815, 41.7053953 ], [ -87.6071442, 41.7046781 ], [ -87.6073361, 41.7038345 ], [ -87.6073536, 41.7037554 ], [ -87.6073721, 41.7036761 ], [ -87.6073844, 41.7036195 ], [ -87.6075603, 41.7028446 ], [ -87.6077674, 41.701932 ], [ -87.6077731, 41.7019068 ], [ -87.6077844, 41.7018569 ], [ -87.6078017, 41.7017805 ], [ -87.6080819, 41.7005459 ], [ -87.6080983, 41.7004736 ], [ -87.60813, 41.7003338 ], [ -87.6081568, 41.7002234 ], [ -87.6081629, 41.7001982 ], [ -87.6081699, 41.7001694 ], [ -87.6081901, 41.7000859 ], [ -87.6082073, 41.7000121 ], [ -87.6082567, 41.6997766 ], [ -87.6085942, 41.6982164 ], [ -87.6086047, 41.698172 ], [ -87.6086146, 41.6981297 ], [ -87.6086261, 41.6980809 ], [ -87.6089667, 41.6966007 ], [ -87.6089695, 41.6965885 ], [ -87.6089863, 41.6965159 ], [ -87.6090039, 41.6964393 ], [ -87.6090248, 41.696353 ], [ -87.6091822, 41.6956941 ], [ -87.6092212, 41.6955248 ], [ -87.6094638, 41.6944853 ], [ -87.6094861, 41.6943899 ], [ -87.6097717, 41.6931337 ], [ -87.6098159, 41.6929294 ], [ -87.6098252, 41.6928864 ], [ -87.6098497, 41.6927735 ], [ -87.6098824, 41.6926507 ], [ -87.6099213, 41.6924731 ], [ -87.6100665, 41.6918189 ], [ -87.6102004, 41.6911962 ], [ -87.6102505, 41.6909632 ], [ -87.6102621, 41.690916 ], [ -87.610584, 41.6895372 ], [ -87.6106542, 41.6892352 ], [ -87.6106772, 41.6891392 ], [ -87.6106905, 41.6890802 ], [ -87.6107483, 41.6888245 ], [ -87.6110875, 41.6873272 ], [ -87.6110937, 41.6873008 ], [ -87.611101, 41.6872693 ], [ -87.6111668, 41.6869848 ], [ -87.611314, 41.6863481 ], [ -87.6113151, 41.6863436 ], [ -87.6113187, 41.6863282 ], [ -87.6113554, 41.6861725 ], [ -87.6113836, 41.6860113 ], [ -87.6114002, 41.6858505 ], [ -87.6114102, 41.6856969 ], [ -87.6114137, 41.6856412 ], [ -87.6114149, 41.6855319 ], [ -87.6114159, 41.68544 ], [ -87.6045024, 41.6854943 ], [ -87.6043536, 41.6855053 ], [ -87.6042235, 41.6855273 ], [ -87.604076, 41.6855604 ], [ -87.6039432, 41.6856084 ], [ -87.6034027, 41.6858388 ], [ -87.6032501, 41.6859059 ], [ -87.6031461, 41.6859507 ], [ -87.6029809, 41.6860219 ], [ -87.6026209, 41.6861194 ], [ -87.6022323, 41.6861781 ], [ -87.6017996, 41.6862094 ], [ -87.6014724, 41.6862174 ], [ -87.6014561, 41.6864572 ], [ -87.6013401, 41.686689 ], [ -87.6007622, 41.6877669 ], [ -87.6004835, 41.6882804 ], [ -87.5999973, 41.6891955 ], [ -87.5999008, 41.6893722 ], [ -87.5992833, 41.6905164 ], [ -87.5987944, 41.6914248 ], [ -87.5979254, 41.693048 ], [ -87.5971954, 41.6943973 ], [ -87.5968336, 41.6950675 ], [ -87.5965919, 41.6955127 ], [ -87.5943293, 41.6990801 ], [ -87.5941466, 41.6991879 ], [ -87.5938411, 41.6995791 ], [ -87.5936337, 41.6998278 ], [ -87.5932093, 41.7003334 ], [ -87.5926896, 41.7009171 ], [ -87.5920091, 41.7016248 ], [ -87.5914347, 41.7021329 ], [ -87.5913039, 41.7022857 ], [ -87.5906942, 41.7028537 ], [ -87.5899592, 41.7035416 ], [ -87.5890119, 41.7044148 ], [ -87.5862837, 41.7072287 ], [ -87.5858871, 41.7077644 ], [ -87.585684, 41.7080812 ], [ -87.5854811, 41.7084485 ], [ -87.585313, 41.7087917 ], [ -87.5851236, 41.7092593 ], [ -87.5850289, 41.7095433 ], [ -87.5849421, 41.7098417 ], [ -87.5848771, 41.7101206 ], [ -87.5848417, 41.7103296 ], [ -87.5848054, 41.7105632 ], [ -87.5847667, 41.7109132 ], [ -87.5847207, 41.7113158 ], [ -87.5847545, 41.712199 ], [ -87.584859, 41.7155947 ], [ -87.584992, 41.7190415 ], [ -87.5850148, 41.7197567 ], [ -87.5850478, 41.7207109 ], [ -87.5856333, 41.7213488 ], [ -87.5856634, 41.7213569 ], [ -87.5858258, 41.721516 ], [ -87.5860417, 41.7217152 ], [ -87.5863796, 41.7220205 ], [ -87.5864535, 41.7220874 ], [ -87.5866587, 41.7222956 ], [ -87.5866891, 41.7223272 ], [ -87.5935778, 41.7222233 ], [ -87.5947885, 41.7222034 ], [ -87.5949002, 41.7222014 ], [ -87.5951877, 41.7221962 ], [ -87.5952746, 41.7221946 ], [ -87.5954671, 41.7221911 ], [ -87.5956041, 41.7221886 ], [ -87.5958804, 41.7221835 ], [ -87.596003, 41.7221813 ], [ -87.5965651, 41.7221711 ], [ -87.5967005, 41.7221686 ], [ -87.5969286, 41.7221645 ], [ -87.5972146, 41.7221593 ], [ -87.5973451, 41.7221569 ], [ -87.5974051, 41.722156 ], [ -87.5977853, 41.7221489 ], [ -87.5983045, 41.7221394 ], [ -87.5984144, 41.7221374 ], [ -87.5987484, 41.7221313 ], [ -87.5989852, 41.722127 ], [ -87.599865, 41.722111 ], [ -87.6004383, 41.7221006 ], [ -87.6007491, 41.7220949 ], [ -87.6008101, 41.7220938 ], [ -87.6008931, 41.7220923 ], [ -87.6010517, 41.7220894 ], [ -87.6014127, 41.7220829 ], [ -87.6016933, 41.7220777 ], [ -87.6031845, 41.7220446 ], [ -87.6032819, 41.7216202 ], [ -87.6035779, 41.7203231 ], [ -87.6036042, 41.7202089 ], [ -87.6036196, 41.7201421 ], [ -87.6036543, 41.719991 ], [ -87.6037232, 41.719692 ], [ -87.6037427, 41.7196073 ], [ -87.6037497, 41.7195767 ], [ -87.6038284, 41.7192346 ], [ -87.603936, 41.7187673 ], [ -87.6040741, 41.7181672 ], [ -87.6040769, 41.7181551 ], [ -87.6041484, 41.7178442 ], [ -87.6042397, 41.7174476 ], [ -87.6044119, 41.7166991 ], [ -87.6044183, 41.7166717 ], [ -87.6044375, 41.7165879 ], [ -87.6044734, 41.7164322 ], [ -87.6046486, 41.7156708 ], [ -87.6048412, 41.7148338 ], [ -87.604857, 41.7147654 ], [ -87.6048806, 41.7146627 ], [ -87.604893, 41.7146122 ], [ -87.6049827, 41.7142191 ], [ -87.6050949, 41.7136797 ], [ -87.6052067, 41.7132197 ], [ -87.605244, 41.7130611 ], [ -87.605279, 41.7129139 ], [ -87.6053079, 41.7127859 ], [ -87.6053206, 41.7127253 ], [ -87.6053658, 41.7125338 ], [ -87.605412, 41.712328 ], [ -87.6056588, 41.7112347 ], [ -87.6057123, 41.7109979 ], [ -87.6057401, 41.7108761 ], [ -87.6057484, 41.7108399 ], [ -87.6057527, 41.7108211 ], [ -87.6061232, 41.7092017 ], [ -87.6061807, 41.7089508 ], [ -87.6061899, 41.7089106 ], [ -87.6062228, 41.7087666 ], [ -87.6062469, 41.7086613 ], [ -87.6064411, 41.7078114 ], [ -87.6064686, 41.7076913 ], [ -87.6064964, 41.707573 ], [ -87.6065058, 41.7075299 ] ] ] } },
{ "type": "Feature", "properties": { "name": "South Deering", "overture_id": "fc6ec84d-36b9-4003-84c9-0a720888e7c3", "division_id": "fe052e01-4f23-4efb-9585-dad0ecc3b3b9" }, "geometry": { "type": "Polygon", "coordinates": [ [ [ -87.5870103, 41.7226856 ], [ -87.5869269, 41.7225908 ], [ -87.5868008, 41.7224497 ], [ -87.5866891, 41.7223272 ], [ -87.5866587, 41.7222956 ], [ -87.5864535, 41.7220874 ], [ -87.5863796, 41.7220205 ], [ -87.5860417, 41.7217152 ], [ -87.5858258, 41.721516 ], [ -87.5856634, 41.7213569 ], [ -87.5856333, 41.7213488 ], [ -87.5850478, 41.7207109 ], [ -87.5850148, 41.7197567 ], [ -87.584992, 41.7190415 ], [ -87.584859, 41.7155947 ], [ -87.5847545, 41.712199 ], [ -87.5847207, 41.7113158 ], [ -87.5847667, 41.7109132 ], [ -87.5848054, 41.7105632 ], [ -87.5848417, 41.7103296 ], [ -87.5848771, 41.7101206 ], [ -87.5849421, 41.7098417 ], [ -87.5850289, 41.7095433 ], [ -87.5851236, 41.7092593 ], [ -87.585313, 41.7087917 ], [ -87.5854811, 41.7084485 ], [ -87.585684, 41.7080812 ], [ -87.5858871, 41.7077644 ], [ -87.5862837, 41.7072287 ], [ -87.5890119, 41.7044148 ], [ -87.5899592, 41.7035416 ], [ -87.5906942, 41.7028537 ], [ -87.5913039, 41.7022857 ], [ -87.5914347, 41.7021329 ], [ -87.5920091, 41.7016248 ], [ -87.5926896, 41.7009171 ], [ -87.5932093, 41.7003334 ], [ -87.5936337, 41.6998278 ], [ -87.5938411, 41.6995791 ], [ -87.5941466, 41.6991879 ], [ -87.5943293, 41.6990801 ], [ -87.5965919, 41.6955127 ], [ -87.5968336, 41.6950675 ], [ -87.5971954, 41.6943973 ], [ -87.5979254, 41.693048 ], [ -87.5987944, 41.6914248 ], [ -87.5992833, 41.6905164 ], [ -87.5999008, 41.6893722 ], [ -87.5999973, 41.6891955 ], [ -87.6004835, 41.6882804 ], [ -87.6007622, 41.6877669 ], [ -87.6013401, 41.686689 ], [ -87.6014561, 41.6864572 ], [ -87.6014724, 41.6862174 ], [ -87.6016065, 41.6858649 ], [ -87.6016545, 41.6856924 ], [ -87.6017135, 41.6854681 ], [ -87.6017618, 41.6852117 ], [ -87.6018315, 41.684775 ], [ -87.6018423, 41.6844184 ], [ -87.6018423, 41.6840419 ], [ -87.6016923, 41.6789779 ], [ -87.6016599, 41.6773951 ], [ -87.601617, 41.6766939 ], [ -87.6016009, 41.6764175 ], [ -87.6014885, 41.6758407 ], [ -87.6013919, 41.6754841 ], [ -87.6013058, 41.6752234 ], [ -87.6011663, 41.6748628 ], [ -87.6009949, 41.6744944 ], [ -87.6007479, 41.6740534 ], [ -87.6005065, 41.6736688 ], [ -87.6003029, 41.6733604 ], [ -87.5998791, 41.6728636 ], [ -87.5993907, 41.6722784 ], [ -87.5987524, 41.6715651 ], [ -87.5975456, 41.6701508 ], [ -87.5959953, 41.6683356 ], [ -87.5946861, 41.6668366 ], [ -87.5929266, 41.6647808 ], [ -87.5915372, 41.6631498 ], [ -87.589547, 41.6608734 ], [ -87.5891452, 41.6603835 ], [ -87.5885792, 41.6603848 ], [ -87.5874416, 41.660391 ], [ -87.5870346, 41.6603776 ], [ -87.5868025, 41.6603576 ], [ -87.5865504, 41.6603335 ], [ -87.586254, 41.6602994 ], [ -87.5859103, 41.6602275 ], [ -87.585342, 41.6601124 ], [ -87.5851232, 41.6600381 ], [ -87.5848886, 41.6599597 ], [ -87.5846601, 41.6598751 ], [ -87.5839634, 41.6596449 ], [ -87.5836692, 41.6595603 ], [ -87.5834263, 41.6595013 ], [ -87.5833544, 41.6594927 ], [ -87.5830555, 41.6594207 ], [ -87.582688, 41.6593476 ], [ -87.5823487, 41.6592955 ], [ -87.5820068, 41.6592524 ], [ -87.5815964, 41.6592234 ], [ -87.5811498, 41.6592083 ], [ -87.580671, 41.6591993 ], [ -87.5793555, 41.6591993 ], [ -87.5786755, 41.6591993 ], [ -87.5775632, 41.659196 ], [ -87.5733234, 41.6591975 ], [ -87.5719654, 41.65919 ], [ -87.5677529, 41.6591904 ], [ -87.561801, 41.6591877 ], [ -87.5609378, 41.6591873 ], [ -87.5607071, 41.6591872 ], [ -87.5603314, 41.659187 ], [ -87.5592656, 41.6591874 ], [ -87.5592599, 41.6685237 ], [ -87.5592589, 41.6687714 ], [ -87.5591738, 41.6688124 ], [ -87.5591638, 41.6688172 ], [ -87.5589696, 41.6689107 ], [ -87.5589373, 41.6689528 ], [ -87.5588696, 41.6689438 ], [ -87.5587985, 41.6689766 ], [ -87.5587513, 41.6690173 ], [ -87.558684, 41.6690075 ], [ -87.5585942, 41.668973 ], [ -87.5583815, 41.6689464 ], [ -87.5582482, 41.6689417 ], [ -87.5581765, 41.6689684 ], [ -87.5581218, 41.6690654 ], [ -87.5580481, 41.6691149 ], [ -87.5579588, 41.6691651 ], [ -87.5575528, 41.6695222 ], [ -87.5574384, 41.6695919 ], [ -87.557374, 41.669622 ], [ -87.5572667, 41.6696561 ], [ -87.5571541, 41.6696761 ], [ -87.5570361, 41.6697142 ], [ -87.5568993, 41.6697803 ], [ -87.5568671, 41.6698143 ], [ -87.5568215, 41.6698664 ], [ -87.5567757, 41.6699107 ], [ -87.5566271, 41.6699876 ], [ -87.5556738, 41.6686128 ], [ -87.5553882, 41.668177 ], [ -87.5549268, 41.6674808 ], [ -87.5544668, 41.6667905 ], [ -87.5543059, 41.6665491 ], [ -87.5542523, 41.6664639 ], [ -87.5537158, 41.6656614 ], [ -87.5534181, 41.6652176 ], [ -87.5533309, 41.6650613 ], [ -87.5530761, 41.6647047 ], [ -87.5529165, 41.6644812 ], [ -87.5528146, 41.66434 ], [ -87.5526081, 41.6640905 ], [ -87.552486, 41.6639573 ], [ -87.5523452, 41.663809 ], [ -87.5522004, 41.6636707 ], [ -87.5520529, 41.6635385 ], [ -87.5518825, 41.6633932 ], [ -87.5517028, 41.6632569 ], [ -87.5515419, 41.6631407 ], [ -87.5513434, 41.6630085 ], [ -87.5510806, 41.6628462 ], [ -87.5501807, 41.6623242 ], [ -87.5496556, 41.6620204 ], [ -87.5495451, 41.6619565 ], [ -87.548507, 41.6613684 ], [ -87.5474958, 41.6607862 ], [ -87.5469701, 41.6604867 ], [ -87.5463424, 41.660126 ], [ -87.545975, 41.6599125 ], [ -87.5458046, 41.6598083 ], [ -87.5455713, 41.659657 ], [ -87.5450845, 41.6593605 ], [ -87.544925, 41.6592848 ], [ -87.545573, 41.6637266 ], [ -87.5463937, 41.6667054 ], [ -87.5464377, 41.6678429 ], [ -87.5464284, 41.6680403 ], [ -87.5464029, 41.6683558 ], [ -87.5463586, 41.6686794 ], [ -87.5463318, 41.6688527 ], [ -87.5462728, 41.6691342 ], [ -87.546203, 41.6694137 ], [ -87.546132, 41.6696642 ], [ -87.546022, 41.6699868 ], [ -87.5459093, 41.6702743 ], [ -87.5456612, 41.6708713 ], [ -87.5453836, 41.6715485 ], [ -87.5452214, 41.6719432 ], [ -87.5451342, 41.6721656 ], [ -87.5450658, 41.672373 ], [ -87.5450148, 41.6725723 ], [ -87.5449706, 41.6727597 ], [ -87.5449357, 41.672964 ], [ -87.5449156, 41.6731303 ], [ -87.5449008, 41.6733407 ], [ -87.5448914, 41.673531 ], [ -87.5448922, 41.6735997 ], [ -87.5448936, 41.6737241 ], [ -87.5448941, 41.6737704 ], [ -87.5449668, 41.6747985 ], [ -87.5450005, 41.6828033 ], [ -87.54504, 41.6847242 ], [ -87.5450118, 41.6848782 ], [ -87.5450144, 41.6850487 ], [ -87.5450215, 41.6855197 ], [ -87.5450544, 41.6876919 ], [ -87.5450354, 41.6989421 ], [ -87.5450387, 41.699116 ], [ -87.5450599, 41.7007724 ], [ -87.5450387, 41.7008623 ], [ -87.5450065, 41.7009384 ], [ -87.5448753, 41.7012484 ], [ -87.5447519, 41.7014242 ], [ -87.5445038, 41.7017536 ], [ -87.5443564, 41.7019479 ], [ -87.5442101, 41.7021511 ], [ -87.5441217, 41.7022713 ], [ -87.5440036, 41.7024565 ], [ -87.5439084, 41.7025947 ], [ -87.5438743, 41.7026399 ], [ -87.543844, 41.7026801 ], [ -87.5437877, 41.7027547 ], [ -87.5438856, 41.7027547 ], [ -87.545331, 41.7027591 ], [ -87.5459447, 41.7027583 ], [ -87.545675, 41.7076522 ], [ -87.5432816, 41.7099148 ], [ -87.5426726, 41.7113949 ], [ -87.5423894, 41.7158985 ], [ -87.54297, 41.7173362 ], [ -87.5430643, 41.7191847 ], [ -87.5427315, 41.7207809 ], [ -87.5430964, 41.7228625 ], [ -87.5437635, 41.7228577 ], [ -87.5440809, 41.7228488 ], [ -87.5448968, 41.7228259 ], [ -87.5454735, 41.7228097 ], [ -87.5455839, 41.7228066 ], [ -87.545616, 41.7228057 ], [ -87.546183, 41.7227897 ], [ -87.5465124, 41.7227789 ], [ -87.548346, 41.7227585 ], [ -87.5494378, 41.7227866 ], [ -87.5497007, 41.7227848 ], [ -87.5503638, 41.7227789 ], [ -87.550579, 41.7227793 ], [ -87.550949, 41.7227753 ], [ -87.551086, 41.7227738 ], [ -87.5512066, 41.7227718 ], [ -87.5514139, 41.7227684 ], [ -87.5517657, 41.7227627 ], [ -87.5524514, 41.7227515 ], [ -87.5525523, 41.7227502 ], [ -87.553443, 41.7227386 ], [ -87.5537105, 41.7227351 ], [ -87.5538462, 41.7227334 ], [ -87.5539727, 41.7227325 ], [ -87.5541163, 41.7227314 ], [ -87.5542235, 41.7227306 ], [ -87.5544208, 41.7227292 ], [ -87.5552128, 41.7227234 ], [ -87.5564719, 41.7227053 ], [ -87.5566062, 41.7227034 ], [ -87.5567363, 41.7227013 ], [ -87.5569272, 41.7226982 ], [ -87.5573493, 41.7226912 ], [ -87.5579832, 41.7226808 ], [ -87.5581754, 41.7226786 ], [ -87.5590158, 41.7226691 ], [ -87.5591947, 41.7226671 ], [ -87.5601854, 41.7226559 ], [ -87.5605934, 41.7226513 ], [ -87.5607298, 41.7226497 ], [ -87.5608391, 41.7226483 ], [ -87.5609652, 41.7226466 ], [ -87.5612992, 41.7226421 ], [ -87.5614028, 41.7226407 ], [ -87.5616064, 41.722638 ], [ -87.5647075, 41.7225967 ], [ -87.5649545, 41.7225936 ], [ -87.5656102, 41.7225855 ], [ -87.5656406, 41.7239398 ], [ -87.5679605, 41.723656 ], [ -87.5683789, 41.723616 ], [ -87.5687759, 41.723588 ], [ -87.569172, 41.7235916 ], [ -87.5752982, 41.7235075 ], [ -87.5849595, 41.7233794 ], [ -87.5853573, 41.7233557 ], [ -87.5854725, 41.7233523 ], [ -87.5871089, 41.7233037 ], [ -87.5873893, 41.7232954 ], [ -87.5873668, 41.7232595 ], [ -87.5873452, 41.7232201 ], [ -87.5872716, 41.7230943 ], [ -87.5871603, 41.7229081 ], [ -87.5870798, 41.722778 ], [ -87.5870103, 41.7226856 ] ] ] } },
{ "type": "Feature", "properties": { "name": "Beverly", "overture_id": "2eb123b2-395d-4982-8144-bf7eb64936e0", "division_id": "be32cf66-f024-4429-b791-ea036e0c7cbb" }, "geometry": { "type": "Polygon", "coordinates": [ [ [ -87.6561416, 41.7065 ], [ -87.6560143, 41.706783 ], [ -87.6562392, 41.7067792 ], [ -87.6566288, 41.7067727 ], [ -87.6632266, 41.7201741 ], [ -87.6631405, 41.7211163 ], [ -87.6632173, 41.7212009 ], [ -87.6634424, 41.7211959 ], [ -87.6645852, 41.723322 ], [ -87.6673094, 41.7286717 ], [ -87.6672669, 41.7287784 ], [ -87.667205, 41.729014 ], [ -87.66825, 41.7302067 ], [ -87.6728467, 41.7356518 ], [ -87.682514, 41.735525 ], [ -87.682487, 41.734725 ], [ -87.682485, 41.734657 ], [ -87.682468, 41.73393 ], [ -87.682417, 41.732327 ], [ -87.682392, 41.731528 ], [ -87.682382, 41.731233 ], [ -87.682355, 41.730352 ], [ -87.682346, 41.730058 ], [ -87.682335, 41.729693 ], [ -87.682302, 41.7286 ], [ -87.682291, 41.728236 ], [ -87.6821374, 41.7232251 ], [ -87.6820354, 41.71985 ], [ -87.6820372, 41.7195444 ], [ -87.6820328, 41.7194224 ], [ -87.6820305, 41.7193794 ], [ -87.6820193, 41.7191663 ], [ -87.681843, 41.713672 ], [ -87.691732, 41.713566 ], [ -87.6915127, 41.7072097 ], [ -87.6964721, 41.7071545 ], [ -87.6961788, 41.698956 ], [ -87.6912035, 41.6989802 ], [ -87.6819542, 41.6990893 ], [ -87.6815543, 41.6990936 ], [ -87.6813833, 41.6990954 ], [ -87.6812286, 41.6990902 ], [ -87.6809193, 41.6990797 ], [ -87.6808275, 41.6990763 ], [ -87.6805395, 41.6990655 ], [ -87.6801628, 41.6990598 ], [ -87.6587422, 41.6994487 ], [ -87.6573689, 41.7031354 ], [ -87.6568888, 41.7044326 ], [ -87.6566905, 41.7049958 ], [ -87.6561416, 41.7065 ] ] ] } },
{ "type": "Feature", "properties": { "name": "Washington Heights", "overture_id": "86565d74-43ad-4321-931f-5d2bc5f0a407", "division_id": "c4c83a01-c78e-47d5-a21c-a2a148d3607d" }, "geometry": { "type": "Polygon", "coordinates": [ [ [ -87.6566905, 41.7049958 ], [ -87.6568888, 41.7044326 ], [ -87.6573689, 41.7031354 ], [ -87.6587422, 41.6994487 ], [ -87.6425964, 41.6996425 ], [ -87.6426568, 41.7014663 ], [ -87.6427184, 41.7032796 ], [ -87.642775, 41.7051014 ], [ -87.6428312, 41.7069407 ], [ -87.6427656, 41.7069415 ], [ -87.6426784, 41.7069425 ], [ -87.6424464, 41.7069453 ], [ -87.6423463, 41.7069465 ], [ -87.6416126, 41.7069552 ], [ -87.6415193, 41.7069563 ], [ -87.6405198, 41.7069682 ], [ -87.640408, 41.7069695 ], [ -87.6403066, 41.7069707 ], [ -87.6393029, 41.7069826 ], [ -87.6391894, 41.706984 ], [ -87.6390937, 41.7069851 ], [ -87.6385984, 41.706991 ], [ -87.6380902, 41.706997 ], [ -87.6379785, 41.7069983 ], [ -87.6378819, 41.7069994 ], [ -87.6367601, 41.7070128 ], [ -87.6358927, 41.7070231 ], [ -87.6355564, 41.7070271 ], [ -87.6335836, 41.7070505 ], [ -87.6331633, 41.7070555 ], [ -87.6331377, 41.7070558 ], [ -87.6337352, 41.7289024 ], [ -87.6349397, 41.7288861 ], [ -87.6350423, 41.7288848 ], [ -87.6355186, 41.7288782 ], [ -87.6360268, 41.7288713 ], [ -87.6361341, 41.7288752 ], [ -87.6362271, 41.7288686 ], [ -87.6367385, 41.7288617 ], [ -87.6367521, 41.7288615 ], [ -87.6372446, 41.7288548 ], [ -87.6373401, 41.7288535 ], [ -87.6374563, 41.7288519 ], [ -87.6379507, 41.7288453 ], [ -87.6384546, 41.7288383 ], [ -87.6385643, 41.728837 ], [ -87.6386673, 41.7288356 ], [ -87.6391662, 41.7288288 ], [ -87.6396696, 41.7288219 ], [ -87.6397723, 41.7288208 ], [ -87.6398765, 41.7288193 ], [ -87.6403679, 41.7288125 ], [ -87.6408803, 41.7288056 ], [ -87.6409834, 41.7288042 ], [ -87.641093, 41.7288027 ], [ -87.6415943, 41.7287959 ], [ -87.6421002, 41.728789 ], [ -87.6421895, 41.7287878 ], [ -87.64231, 41.7287862 ], [ -87.6427979, 41.7287796 ], [ -87.6432518, 41.7287734 ], [ -87.64335, 41.7287721 ], [ -87.6434746, 41.7287704 ], [ -87.6435824, 41.7287689 ], [ -87.6440234, 41.728763 ], [ -87.6446111, 41.728755 ], [ -87.6446335, 41.7298632 ], [ -87.645178, 41.7298612 ], [ -87.6457493, 41.7297751 ], [ -87.6460578, 41.729695 ], [ -87.6462697, 41.729613 ], [ -87.6464842, 41.7295229 ], [ -87.6467524, 41.7293748 ], [ -87.6469268, 41.7292507 ], [ -87.6471306, 41.7290825 ], [ -87.647287, 41.7289088 ], [ -87.6474104, 41.7287646 ], [ -87.6474757, 41.7286641 ], [ -87.6479562, 41.7287112 ], [ -87.6478657, 41.7289493 ], [ -87.647797, 41.7291302 ], [ -87.6472955, 41.7304501 ], [ -87.6472602, 41.7305427 ], [ -87.6467807, 41.7318665 ], [ -87.6467235, 41.7320245 ], [ -87.6466613, 41.7321963 ], [ -87.6466244, 41.7322981 ], [ -87.6465732, 41.7324393 ], [ -87.6465373, 41.7325384 ], [ -87.6466707, 41.7325382 ], [ -87.6477564, 41.7325384 ], [ -87.6477914, 41.7325371 ], [ -87.6478637, 41.7325344 ], [ -87.6479522, 41.7325204 ], [ -87.6481627, 41.7324673 ], [ -87.64829, 41.7324494 ], [ -87.6483907, 41.7324453 ], [ -87.6485075, 41.7324536 ], [ -87.6486589, 41.7324643 ], [ -87.6489933, 41.7324611 ], [ -87.6496149, 41.732457 ], [ -87.6502139, 41.7324457 ], [ -87.6507099, 41.732438 ], [ -87.6508178, 41.7324363 ], [ -87.6514151, 41.7324284 ], [ -87.6520291, 41.7324203 ], [ -87.6526345, 41.7324088 ], [ -87.6532359, 41.7323973 ], [ -87.6538387, 41.7323933 ], [ -87.6544661, 41.7323847 ], [ -87.6550568, 41.7323765 ], [ -87.6556762, 41.7323681 ], [ -87.6562796, 41.7323592 ], [ -87.6568866, 41.7323502 ], [ -87.6579944, 41.7323328 ], [ -87.6581053, 41.7323311 ], [ -87.6582066, 41.7323299 ], [ -87.6587076, 41.7323242 ], [ -87.6593261, 41.7323172 ], [ -87.6599305, 41.7323107 ], [ -87.6605301, 41.7323043 ], [ -87.6611404, 41.7322962 ], [ -87.6617495, 41.7322882 ], [ -87.6620365, 41.7322822 ], [ -87.6623033, 41.7322692 ], [ -87.6623257, 41.7322676 ], [ -87.6624954, 41.7322541 ], [ -87.6626382, 41.7322399 ], [ -87.6627996, 41.7322131 ], [ -87.6629675, 41.732183 ], [ -87.6634245, 41.732116 ], [ -87.6641714, 41.7321027 ], [ -87.6642868, 41.7321012 ], [ -87.6653023, 41.7320884 ], [ -87.6653941, 41.7320869 ], [ -87.6653921, 41.7320163 ], [ -87.6653816, 41.7316346 ], [ -87.6653701, 41.7312152 ], [ -87.6653686, 41.7311602 ], [ -87.6653456, 41.7303227 ], [ -87.6653432, 41.730235 ], [ -87.6654439, 41.7302335 ], [ -87.666406, 41.7302195 ], [ -87.6664554, 41.7302188 ], [ -87.6665453, 41.7302175 ], [ -87.6666217, 41.7302155 ], [ -87.666737, 41.7302165 ], [ -87.6674373, 41.7302114 ], [ -87.667853, 41.7302083 ], [ -87.6680889, 41.7302065 ], [ -87.66825, 41.7302067 ], [ -87.667205, 41.729014 ], [ -87.6672669, 41.7287784 ], [ -87.6673094, 41.7286717 ], [ -87.6645852, 41.723322 ], [ -87.6634424, 41.7211959 ], [ -87.6632173, 41.7212009 ], [ -87.6631405, 41.7211163 ], [ -87.6632266, 41.7201741 ], [ -87.6566288, 41.7067727 ], [ -87.6562392, 41.7067792 ], [ -87.6560143, 41.706783 ], [ -87.6561416, 41.7065 ], [ -87.6566905, 41.7049958 ] ] ] } },
{ "type": "Feature", "properties": { "name": "Calumet Heights", "overture_id": "510a72a0-b522-4a40-815d-e34286083bd8", "division_id": "b0a8cb43-0666-4732-96be-5f7a39d14c29" }, "geometry": { "type": "Polygon", "coordinates": [ [ [ -87.5494378, 41.7227866 ], [ -87.548346, 41.7227585 ], [ -87.5465124, 41.7227789 ], [ -87.546183, 41.7227897 ], [ -87.5474131, 41.7238807 ], [ -87.5472193, 41.7239709 ], [ -87.5472617, 41.7240014 ], [ -87.54761, 41.724241 ], [ -87.5476428, 41.7242676 ], [ -87.5477553, 41.7243665 ], [ -87.54807, 41.7245572 ], [ -87.5482017, 41.7246478 ], [ -87.5484636, 41.7248279 ], [ -87.5485534, 41.7248896 ], [ -87.5493444, 41.7254335 ], [ -87.5502576, 41.7260922 ], [ -87.5507195, 41.7264199 ], [ -87.5508068, 41.7264819 ], [ -87.5510371, 41.7266473 ], [ -87.551168, 41.7267292 ], [ -87.5515789, 41.7270295 ], [ -87.5516051, 41.7270487 ], [ -87.5519759, 41.7273196 ], [ -87.5520524, 41.7273755 ], [ -87.5521642, 41.7274572 ], [ -87.552213, 41.7274929 ], [ -87.5522333, 41.7275077 ], [ -87.5525218, 41.7277185 ], [ -87.5525815, 41.7277621 ], [ -87.5532507, 41.7282335 ], [ -87.5539904, 41.7287667 ], [ -87.5543058, 41.728994 ], [ -87.5543759, 41.7290445 ], [ -87.5550143, 41.7295046 ], [ -87.5554119, 41.7297912 ], [ -87.5556579, 41.7299685 ], [ -87.5557149, 41.7300044 ], [ -87.5558696, 41.7301211 ], [ -87.5560106, 41.7302195 ], [ -87.5565112, 41.7305835 ], [ -87.5566461, 41.7306807 ], [ -87.5594541, 41.7327028 ], [ -87.5594665, 41.7327127 ], [ -87.5596452, 41.7328423 ], [ -87.5598012, 41.7329555 ], [ -87.5598739, 41.7330083 ], [ -87.5599389, 41.7330549 ], [ -87.5601894, 41.7332345 ], [ -87.5602754, 41.733297 ], [ -87.5603533, 41.7333527 ], [ -87.5604136, 41.7333961 ], [ -87.5606169, 41.7335426 ], [ -87.5608508, 41.7337112 ], [ -87.5610703, 41.7338694 ], [ -87.5615842, 41.7342398 ], [ -87.5623454, 41.7348091 ], [ -87.5625555, 41.7349577 ], [ -87.5626628, 41.7350221 ], [ -87.5627092, 41.7350499 ], [ -87.562768, 41.735093 ], [ -87.5629748, 41.7352419 ], [ -87.5637138, 41.7357745 ], [ -87.5639891, 41.7359729 ], [ -87.5641507, 41.7360894 ], [ -87.5641579, 41.7360946 ], [ -87.5643049, 41.7362005 ], [ -87.5653407, 41.736947 ], [ -87.565558, 41.7371107 ], [ -87.5656817, 41.7372045 ], [ -87.5660287, 41.7372006 ], [ -87.5660608, 41.7372003 ], [ -87.5661222, 41.7371997 ], [ -87.566529, 41.737195 ], [ -87.5666851, 41.7371933 ], [ -87.5688354, 41.7371438 ], [ -87.5690526, 41.7371416 ], [ -87.5696458, 41.7371357 ], [ -87.5697684, 41.7371345 ], [ -87.570865, 41.7371235 ], [ -87.5709794, 41.7371223 ], [ -87.5720917, 41.7371112 ], [ -87.5721926, 41.7371101 ], [ -87.5731526, 41.7371006 ], [ -87.5732876, 41.737099 ], [ -87.5734064, 41.7370972 ], [ -87.5734799, 41.7370962 ], [ -87.5745089, 41.7370812 ], [ -87.5749687, 41.7370738 ], [ -87.5751193, 41.7370708 ], [ -87.5752166, 41.7370699 ], [ -87.5753591, 41.7370677 ], [ -87.5756217, 41.7370646 ], [ -87.5757191, 41.7370634 ], [ -87.5760787, 41.737057 ], [ -87.5762198, 41.7370548 ], [ -87.5763336, 41.737053 ], [ -87.5766258, 41.7370484 ], [ -87.5768348, 41.7370451 ], [ -87.5769357, 41.7370435 ], [ -87.5770451, 41.7370418 ], [ -87.5773312, 41.7370373 ], [ -87.5780461, 41.7370261 ], [ -87.5781458, 41.7370245 ], [ -87.5782559, 41.7370228 ], [ -87.5787502, 41.737015 ], [ -87.5792561, 41.737007 ], [ -87.5793652, 41.7370053 ], [ -87.5794719, 41.7370037 ], [ -87.5800219, 41.736995 ], [ -87.5803731, 41.7369894 ], [ -87.5804703, 41.7369879 ], [ -87.5805703, 41.7369864 ], [ -87.5806856, 41.7369846 ], [ -87.5820966, 41.7369624 ], [ -87.5826463, 41.7369538 ], [ -87.5827407, 41.7369523 ], [ -87.5828556, 41.7369505 ], [ -87.5832976, 41.7369435 ], [ -87.583858, 41.7369347 ], [ -87.5845571, 41.7369237 ], [ -87.5847063, 41.7369214 ], [ -87.5852061, 41.7369135 ], [ -87.5853764, 41.736911 ], [ -87.5854643, 41.7369098 ], [ -87.5856256, 41.7369076 ], [ -87.5857802, 41.7369055 ], [ -87.585988, 41.7369026 ], [ -87.5861606, 41.7369002 ], [ -87.5861714, 41.7369001 ], [ -87.5862677, 41.7368987 ], [ -87.5862772, 41.7368986 ], [ -87.586309, 41.7368982 ], [ -87.5865333, 41.7368951 ], [ -87.5865925, 41.7368942 ], [ -87.586709, 41.7368926 ], [ -87.5869281, 41.7368898 ], [ -87.5874767, 41.736882 ], [ -87.5875381, 41.7368812 ], [ -87.5878543, 41.7368768 ], [ -87.5880307, 41.7368738 ], [ -87.5881339, 41.736872 ], [ -87.5884299, 41.7368689 ], [ -87.5888255, 41.7368634 ], [ -87.5890657, 41.7368601 ], [ -87.589134, 41.7368592 ], [ -87.5893513, 41.7368562 ], [ -87.5895042, 41.7368541 ], [ -87.5897067, 41.7368513 ], [ -87.5900942, 41.7368459 ], [ -87.5901848, 41.7368447 ], [ -87.5902634, 41.7368436 ], [ -87.5903924, 41.7368418 ], [ -87.5905611, 41.7368395 ], [ -87.5908451, 41.7368356 ], [ -87.5911108, 41.7368319 ], [ -87.5913644, 41.7368284 ], [ -87.5917788, 41.7368227 ], [ -87.5924229, 41.7368138 ], [ -87.5929857, 41.736806 ], [ -87.5932958, 41.7368017 ], [ -87.5934939, 41.736799 ], [ -87.5936517, 41.7367968 ], [ -87.5944069, 41.7367864 ], [ -87.5946194, 41.7367835 ], [ -87.5953148, 41.7367739 ], [ -87.5950895, 41.7363906 ], [ -87.5948078, 41.7359303 ], [ -87.5947193, 41.7357992 ], [ -87.5944229, 41.7353728 ], [ -87.5942392, 41.7351197 ], [ -87.5940944, 41.7349185 ], [ -87.5939281, 41.7347003 ], [ -87.5937658, 41.7345152 ], [ -87.5935579, 41.73424 ], [ -87.5932007, 41.7337648 ], [ -87.5929383, 41.7333573 ], [ -87.5922597, 41.7322634 ], [ -87.5915087, 41.7311284 ], [ -87.5911305, 41.7305279 ], [ -87.5909197, 41.7302157 ], [ -87.5904429, 41.7294265 ], [ -87.5903474, 41.7292839 ], [ -87.5901815, 41.7290736 ], [ -87.5897681, 41.7285412 ], [ -87.5895957, 41.7282942 ], [ -87.5893664, 41.7279276 ], [ -87.5886278, 41.7266784 ], [ -87.5885259, 41.7264638 ], [ -87.5884433, 41.7262625 ], [ -87.588394, 41.7261061 ], [ -87.5883478, 41.7259106 ], [ -87.5882954, 41.7256002 ], [ -87.5882245, 41.7251173 ], [ -87.588166, 41.7248161 ], [ -87.5880736, 41.7245309 ], [ -87.5880311, 41.7244388 ], [ -87.5879411, 41.7242435 ], [ -87.5878714, 41.7241136 ], [ -87.5876494, 41.7237286 ], [ -87.5875921, 41.7236358 ], [ -87.5875296, 41.7235261 ], [ -87.5874861, 41.7234497 ], [ -87.5873893, 41.7232954 ], [ -87.5871089, 41.7233037 ], [ -87.5854725, 41.7233523 ], [ -87.5853573, 41.7233557 ], [ -87.5849595, 41.7233794 ], [ -87.5752982, 41.7235075 ], [ -87.569172, 41.7235916 ], [ -87.5687759, 41.723588 ], [ -87.5683789, 41.723616 ], [ -87.5679605, 41.723656 ], [ -87.5656406, 41.7239398 ], [ -87.5656102, 41.7225855 ], [ -87.5649545, 41.7225936 ], [ -87.5647075, 41.7225967 ], [ -87.5616064, 41.722638 ], [ -87.5614028, 41.7226407 ], [ -87.5612992, 41.7226421 ], [ -87.5609652, 41.7226466 ], [ -87.5608391, 41.7226483 ], [ -87.5607298, 41.7226497 ], [ -87.5605934, 41.7226513 ], [ -87.5601854, 41.7226559 ], [ -87.5591947, 41.7226671 ], [ -87.5590158, 41.7226691 ], [ -87.5581754, 41.7226786 ], [ -87.5579832, 41.7226808 ], [ -87.5573493, 41.7226912 ], [ -87.5569272, 41.7226982 ], [ -87.5567363, 41.7227013 ], [ -87.5566062, 41.7227034 ], [ -87.5564719, 41.7227053 ], [ -87.5552128, 41.7227234 ], [ -87.5544208, 41.7227292 ], [ -87.5542235, 41.7227306 ], [ -87.5541163, 41.7227314 ], [ -87.5539727, 41.7227325 ], [ -87.5538462, 41.7227334 ], [ -87.5537105, 41.7227351 ], [ -87.553443, 41.7227386 ], [ -87.5525523, 41.7227502 ], [ -87.5524514, 41.7227515 ], [ -87.5517657, 41.7227627 ], [ -87.5514139, 41.7227684 ], [ -87.5512066, 41.7227718 ], [ -87.551086, 41.7227738 ], [ -87.550949, 41.7227753 ], [ -87.550579, 41.7227793 ], [ -87.5503638, 41.7227789 ], [ -87.5497007, 41.7227848 ], [ -87.5494378, 41.7227866 ] ] ] } },
{ "type": "Feature", "properties": { "name": "Burnside", "overture_id": "02660920-3d5f-4030-864c-32c3dbd03da2", "division_id": "e9006454-cf7f-430f-96d2-fec4b181e165" }, "geometry": { "type": "Polygon", "coordinates": [ [ [ -87.6036056, 41.7234658 ], [ -87.6040524, 41.72355 ], [ -87.6045049, 41.7236509 ], [ -87.6044922, 41.7225638 ], [ -87.6044909, 41.7224759 ], [ -87.6044904, 41.7224346 ], [ -87.6044858, 41.7220497 ], [ -87.6031782, 41.7220719 ], [ -87.6031845, 41.7220446 ], [ -87.6016933, 41.7220777 ], [ -87.6014127, 41.7220829 ], [ -87.6010517, 41.7220894 ], [ -87.6008931, 41.7220923 ], [ -87.6008101, 41.7220938 ], [ -87.6007491, 41.7220949 ], [ -87.6004383, 41.7221006 ], [ -87.599865, 41.722111 ], [ -87.5989852, 41.722127 ], [ -87.5987484, 41.7221313 ], [ -87.5984144, 41.7221374 ], [ -87.5983045, 41.7221394 ], [ -87.5977853, 41.7221489 ], [ -87.5974051, 41.722156 ], [ -87.5973451, 41.7221569 ], [ -87.5972146, 41.7221593 ], [ -87.5969286, 41.7221645 ], [ -87.5967005, 41.7221686 ], [ -87.5965651, 41.7221711 ], [ -87.596003, 41.7221813 ], [ -87.5958804, 41.7221835 ], [ -87.5956041, 41.7221886 ], [ -87.5954671, 41.7221911 ], [ -87.5952746, 41.7221946 ], [ -87.5951877, 41.7221962 ], [ -87.5949002, 41.7222014 ], [ -87.5947885, 41.7222034 ], [ -87.5935778, 41.7222233 ], [ -87.5866891, 41.7223272 ], [ -87.5868008, 41.7224497 ], [ -87.5869269, 41.7225908 ], [ -87.5870103, 41.7226856 ], [ -87.5870798, 41.722778 ], [ -87.5871603, 41.7229081 ], [ -87.5872716, 41.7230943 ], [ -87.5873452, 41.7232201 ], [ -87.5873668, 41.7232595 ], [ -87.5873893, 41.7232954 ], [ -87.5874861, 41.7234497 ], [ -87.5875296, 41.7235261 ], [ -87.5875921, 41.7236358 ], [ -87.5876494, 41.7237286 ], [ -87.5878714, 41.7241136 ], [ -87.5879411, 41.7242435 ], [ -87.5880311, 41.7244388 ], [ -87.5880736, 41.7245309 ], [ -87.588166, 41.7248161 ], [ -87.5882245, 41.7251173 ], [ -87.5882954, 41.7256002 ], [ -87.5883478, 41.7259106 ], [ -87.588394, 41.7261061 ], [ -87.5884433, 41.7262625 ], [ -87.5885259, 41.7264638 ], [ -87.5886278, 41.7266784 ], [ -87.5893664, 41.7279276 ], [ -87.5895957, 41.7282942 ], [ -87.5897681, 41.7285412 ], [ -87.5901815, 41.7290736 ], [ -87.5903474, 41.7292839 ], [ -87.5904429, 41.7294265 ], [ -87.5909197, 41.7302157 ], [ -87.5911305, 41.7305279 ], [ -87.5915087, 41.7311284 ], [ -87.5922597, 41.7322634 ], [ -87.5929383, 41.7333573 ], [ -87.5932007, 41.7337648 ], [ -87.5935579, 41.73424 ], [ -87.5937658, 41.7345152 ], [ -87.5939281, 41.7347003 ], [ -87.5940944, 41.7349185 ], [ -87.5942392, 41.7351197 ], [ -87.5944229, 41.7353728 ], [ -87.5947193, 41.7357992 ], [ -87.5948078, 41.7359303 ], [ -87.5950895, 41.7363906 ], [ -87.5953148, 41.7367739 ], [ -87.5957547, 41.7367678 ], [ -87.5957669, 41.7367677 ], [ -87.5959346, 41.7367653 ], [ -87.5967836, 41.7367536 ], [ -87.5974444, 41.7367445 ], [ -87.5975201, 41.7367435 ], [ -87.5977076, 41.7367409 ], [ -87.5986293, 41.7367281 ], [ -87.5987004, 41.7367271 ], [ -87.5991444, 41.736721 ], [ -87.5992802, 41.7367191 ], [ -87.6004219, 41.7367059 ], [ -87.6012548, 41.7330242 ], [ -87.6020209, 41.7330373 ], [ -87.6020388, 41.7329593 ], [ -87.6022265, 41.7321394 ], [ -87.602439, 41.7312109 ], [ -87.6026493, 41.7302922 ], [ -87.6028384, 41.7294664 ], [ -87.6028583, 41.7293793 ], [ -87.6028749, 41.7293066 ], [ -87.6032672, 41.7275928 ], [ -87.6032742, 41.7275621 ], [ -87.6029409, 41.7275677 ], [ -87.6033419, 41.7257372 ], [ -87.6030879, 41.7257341 ], [ -87.6036056, 41.7234658 ] ] ] } },
{ "type": "Feature", "properties": { "name": "Auburn Gresham", "overture_id": "1d889dbf-b5eb-45d6-989c-8153c24f0256", "division_id": "e50222d9-ed04-4e26-ba7a-9eb3b33093d2" }, "geometry": { "type": "Polygon", "coordinates": [ [ [ -87.6752383, 41.7386007 ], [ -87.6744605, 41.7376339 ], [ -87.6731445, 41.7360352 ], [ -87.6729453, 41.735803 ], [ -87.6728467, 41.7356518 ], [ -87.66825, 41.7302067 ], [ -87.6680889, 41.7302065 ], [ -87.667853, 41.7302083 ], [ -87.6674373, 41.7302114 ], [ -87.666737, 41.7302165 ], [ -87.6666217, 41.7302155 ], [ -87.6665453, 41.7302175 ], [ -87.6664554, 41.7302188 ], [ -87.666406, 41.7302195 ], [ -87.6654439, 41.7302335 ], [ -87.6653432, 41.730235 ], [ -87.6653456, 41.7303227 ], [ -87.6653686, 41.7311602 ], [ -87.6653701, 41.7312152 ], [ -87.6653816, 41.7316346 ], [ -87.6653921, 41.7320163 ], [ -87.6653941, 41.7320869 ], [ -87.6653023, 41.7320884 ], [ -87.6642868, 41.7321012 ], [ -87.6641714, 41.7321027 ], [ -87.6634245, 41.732116 ], [ -87.6629675, 41.732183 ], [ -87.6627996, 41.7322131 ], [ -87.6626382, 41.7322399 ], [ -87.6624954, 41.7322541 ], [ -87.6623257, 41.7322676 ], [ -87.6623033, 41.7322692 ], [ -87.6620365, 41.7322822 ], [ -87.6617495, 41.7322882 ], [ -87.6611404, 41.7322962 ], [ -87.6605301, 41.7323043 ], [ -87.6599305, 41.7323107 ], [ -87.6593261, 41.7323172 ], [ -87.6587076, 41.7323242 ], [ -87.6582066, 41.7323299 ], [ -87.6581053, 41.7323311 ], [ -87.6579944, 41.7323328 ], [ -87.6568866, 41.7323502 ], [ -87.6562796, 41.7323592 ], [ -87.6556762, 41.7323681 ], [ -87.6550568, 41.7323765 ], [ -87.6544661, 41.7323847 ], [ -87.6538387, 41.7323933 ], [ -87.6532359, 41.7323973 ], [ -87.6526345, 41.7324088 ], [ -87.6520291, 41.7324203 ], [ -87.6514151, 41.7324284 ], [ -87.6508178, 41.7324363 ], [ -87.6507099, 41.732438 ], [ -87.6502139, 41.7324457 ], [ -87.6496149, 41.732457 ], [ -87.6489933, 41.7324611 ], [ -87.6486589, 41.7324643 ], [ -87.6485075, 41.7324536 ], [ -87.6483907, 41.7324453 ], [ -87.64829, 41.7324494 ], [ -87.6481627, 41.7324673 ], [ -87.6479522, 41.7325204 ], [ -87.6478637, 41.7325344 ], [ -87.6477914, 41.7325371 ], [ -87.6477564, 41.7325384 ], [ -87.6466707, 41.7325382 ], [ -87.6465373, 41.7325384 ], [ -87.6465732, 41.7324393 ], [ -87.6466244, 41.7322981 ], [ -87.6466613, 41.7321963 ], [ -87.6467235, 41.7320245 ], [ -87.6467807, 41.7318665 ], [ -87.6472602, 41.7305427 ], [ -87.6472955, 41.7304501 ], [ -87.647797, 41.7291302 ], [ -87.6478657, 41.7289493 ], [ -87.6479562, 41.7287112 ], [ -87.6474757, 41.7286641 ], [ -87.6474104, 41.7287646 ], [ -87.647287, 41.7289088 ], [ -87.6471306, 41.7290825 ], [ -87.6469268, 41.7292507 ], [ -87.6467524, 41.7293748 ], [ -87.6464842, 41.7295229 ], [ -87.6462697, 41.729613 ], [ -87.6460578, 41.729695 ], [ -87.6457493, 41.7297751 ], [ -87.645178, 41.7298612 ], [ -87.6446335, 41.7298632 ], [ -87.6446111, 41.728755 ], [ -87.6440234, 41.728763 ], [ -87.6435824, 41.7287689 ], [ -87.6434746, 41.7287704 ], [ -87.64335, 41.7287721 ], [ -87.6432518, 41.7287734 ], [ -87.6427979, 41.7287796 ], [ -87.64231, 41.7287862 ], [ -87.6421895, 41.7287878 ], [ -87.6421002, 41.728789 ], [ -87.6415943, 41.7287959 ], [ -87.641093, 41.7288027 ], [ -87.6409834, 41.7288042 ], [ -87.6408803, 41.7288056 ], [ -87.6403679, 41.7288125 ], [ -87.6398765, 41.7288193 ], [ -87.6397723, 41.7288208 ], [ -87.6396696, 41.7288219 ], [ -87.6391662, 41.7288288 ], [ -87.6386673, 41.7288356 ], [ -87.6385643, 41.728837 ], [ -87.6384546, 41.7288383 ], [ -87.6379507, 41.7288453 ], [ -87.6374563, 41.7288519 ], [ -87.6373401, 41.7288535 ], [ -87.6372446, 41.7288548 ], [ -87.6367521, 41.7288615 ], [ -87.6367385, 41.7288617 ], [ -87.6362271, 41.7288686 ], [ -87.6361341, 41.7288752 ], [ -87.6360268, 41.7288713 ], [ -87.6355186, 41.7288782 ], [ -87.6350423, 41.7288848 ], [ -87.6349397, 41.7288861 ], [ -87.6337352, 41.7289024 ], [ -87.6337643, 41.730005 ], [ -87.6338282, 41.7300025 ], [ -87.6338539, 41.7304915 ], [ -87.6339183, 41.7312742 ], [ -87.6340765, 41.7349351 ], [ -87.6341382, 41.7358138 ], [ -87.6341543, 41.7359577 ], [ -87.6338324, 41.7359612 ], [ -87.6338834, 41.7379714 ], [ -87.6339317, 41.7384638 ], [ -87.6339907, 41.73874 ], [ -87.6341114, 41.7391683 ], [ -87.6342294, 41.7394485 ], [ -87.634106, 41.7394945 ], [ -87.6339947, 41.7396172 ], [ -87.6340446, 41.7399324 ], [ -87.6340477, 41.7401014 ], [ -87.634061, 41.7408199 ], [ -87.6340967, 41.7427527 ], [ -87.6340981, 41.7428283 ], [ -87.6341086, 41.7433916 ], [ -87.6341106, 41.7435057 ], [ -87.6341967, 41.7435114 ], [ -87.6346254, 41.7436339 ], [ -87.6353464, 41.7439151 ], [ -87.6359513, 41.7441595 ], [ -87.6365081, 41.7434669 ], [ -87.6390151, 41.7434363 ], [ -87.6390434, 41.7449866 ], [ -87.6391213, 41.7477008 ], [ -87.6391805, 41.7486578 ], [ -87.639182, 41.748681 ], [ -87.6391824, 41.7486918 ], [ -87.6391946, 41.7488716 ], [ -87.6394344, 41.7488716 ], [ -87.6395138, 41.7504138 ], [ -87.6394076, 41.7507064 ], [ -87.6397496, 41.7506984 ], [ -87.6397671, 41.7510899 ], [ -87.6398457, 41.7543364 ], [ -87.6398893, 41.7561415 ], [ -87.6405131, 41.7561429 ], [ -87.6411128, 41.7561334 ], [ -87.6417386, 41.7561237 ], [ -87.6423391, 41.7561143 ], [ -87.6429509, 41.7561047 ], [ -87.64364, 41.756094 ], [ -87.6440551, 41.7560875 ], [ -87.6441817, 41.7560855 ], [ -87.6441846, 41.7561772 ], [ -87.6441857, 41.7562121 ], [ -87.644189, 41.7563243 ], [ -87.6441897, 41.7563463 ], [ -87.6442196, 41.757421 ], [ -87.6442237, 41.7576128 ], [ -87.6442263, 41.7577373 ], [ -87.6442317, 41.7581229 ], [ -87.6466078, 41.7580832 ], [ -87.6466937, 41.7581144 ], [ -87.6490756, 41.7580801 ], [ -87.6515064, 41.7580449 ], [ -87.6539289, 41.75801 ], [ -87.6539245, 41.7578957 ], [ -87.6635707, 41.7577976 ], [ -87.6635696, 41.7577356 ], [ -87.6697084, 41.75765 ], [ -87.6697143, 41.7578003 ], [ -87.6782264, 41.7576762 ], [ -87.678468, 41.7576713 ], [ -87.6782351, 41.75016 ], [ -87.6782347, 41.7500841 ], [ -87.6781835, 41.7482884 ], [ -87.6781575, 41.7473785 ], [ -87.6780996, 41.7473796 ], [ -87.6780694, 41.74565 ], [ -87.6780506, 41.7450796 ], [ -87.6780426, 41.7443852 ], [ -87.6780211, 41.7438348 ], [ -87.6779997, 41.7436107 ], [ -87.6779693, 41.7433382 ], [ -87.6779165, 41.7431024 ], [ -87.6778255, 41.7426842 ], [ -87.6776644, 41.7421217 ], [ -87.6775517, 41.7417955 ], [ -87.6774874, 41.7416414 ], [ -87.6771762, 41.741009 ], [ -87.6770043, 41.7406892 ], [ -87.6767953, 41.7403685 ], [ -87.6761656, 41.7395896 ], [ -87.6757265, 41.7392011 ], [ -87.6755025, 41.7389195 ], [ -87.6752383, 41.7386007 ] ] ] } },
{ "type": "Feature", "properties": { "name": "Avalon Park", "overture_id": "a24a58e2-278d-4bb1-84a8-5caf22d77d2c", "division_id": "87100fc5-e0bf-48b2-8a81-e94736e057d0" }, "geometry": { "type": "Polygon", "coordinates": [ [ [ -87.5855024, 41.7514962 ], [ -87.5856757, 41.7514968 ], [ -87.5858348, 41.7515 ], [ -87.5858405, 41.7517178 ], [ -87.5859968, 41.7518272 ], [ -87.5861103, 41.7518987 ], [ -87.5861829, 41.7519518 ], [ -87.5862611, 41.7520042 ], [ -87.586437, 41.7521287 ], [ -87.586467, 41.7521499 ], [ -87.5866364, 41.7522697 ], [ -87.5867305, 41.7523363 ], [ -87.5868145, 41.7523957 ], [ -87.5871742, 41.7526502 ], [ -87.5873426, 41.7527693 ], [ -87.5874237, 41.7528267 ], [ -87.587487, 41.7528715 ], [ -87.5875221, 41.7528967 ], [ -87.5878979, 41.7531667 ], [ -87.5885046, 41.7536027 ], [ -87.5887362, 41.7537692 ], [ -87.589002, 41.7539601 ], [ -87.5892956, 41.7541711 ], [ -87.589582, 41.7543769 ], [ -87.5897028, 41.7544637 ], [ -87.5897865, 41.7545238 ], [ -87.5899391, 41.7546335 ], [ -87.5900116, 41.7546856 ], [ -87.5900937, 41.7547444 ], [ -87.5902717, 41.754872 ], [ -87.5908935, 41.7553176 ], [ -87.5909992, 41.7553933 ], [ -87.5912074, 41.7555426 ], [ -87.5914355, 41.755706 ], [ -87.5922732, 41.7563063 ], [ -87.592351, 41.7563621 ], [ -87.5924704, 41.7564477 ], [ -87.59281, 41.756691 ], [ -87.5929409, 41.7567849 ], [ -87.5930885, 41.7568906 ], [ -87.5933111, 41.7568882 ], [ -87.5933518, 41.7568878 ], [ -87.5934468, 41.7568868 ], [ -87.5958534, 41.756874 ], [ -87.5962677, 41.7550745 ], [ -87.5955091, 41.7550649 ], [ -87.5955262, 41.7532036 ], [ -87.5955245, 41.7531356 ], [ -87.5955, 41.7521327 ], [ -87.5954842, 41.7514863 ], [ -87.5954817, 41.7513822 ], [ -87.5967353, 41.7513685 ], [ -87.5973485, 41.7513617 ], [ -87.5974916, 41.7506519 ], [ -87.5970142, 41.7504798 ], [ -87.5977545, 41.7467978 ], [ -87.5972819, 41.7467921 ], [ -87.5972931, 41.7467164 ], [ -87.5973483, 41.7463423 ], [ -87.5974006, 41.7459884 ], [ -87.5973979, 41.7459628 ], [ -87.5973874, 41.7458067 ], [ -87.5973872, 41.7457963 ], [ -87.5974427, 41.7454097 ], [ -87.5975163, 41.7450686 ], [ -87.5975237, 41.7449626 ], [ -87.5975301, 41.7448911 ], [ -87.5975645, 41.7445067 ], [ -87.5976149, 41.7441417 ], [ -87.597627, 41.7440543 ], [ -87.5977483, 41.7440533 ], [ -87.5977939, 41.7420292 ], [ -87.5977885, 41.741809 ], [ -87.5977483, 41.7414067 ], [ -87.5976973, 41.7410965 ], [ -87.5976249, 41.7408484 ], [ -87.5975176, 41.7405582 ], [ -87.5973674, 41.740254 ], [ -87.5971072, 41.7397876 ], [ -87.5968346, 41.739329 ], [ -87.5964474, 41.7386668 ], [ -87.5953148, 41.7367739 ], [ -87.5946194, 41.7367835 ], [ -87.5944069, 41.7367864 ], [ -87.5936517, 41.7367968 ], [ -87.5934939, 41.736799 ], [ -87.5932958, 41.7368017 ], [ -87.5929857, 41.736806 ], [ -87.5924229, 41.7368138 ], [ -87.5917788, 41.7368227 ], [ -87.5913644, 41.7368284 ], [ -87.5911108, 41.7368319 ], [ -87.5908451, 41.7368356 ], [ -87.5905611, 41.7368395 ], [ -87.5903924, 41.7368418 ], [ -87.5902634, 41.7368436 ], [ -87.5901848, 41.7368447 ], [ -87.5900942, 41.7368459 ], [ -87.5897067, 41.7368513 ], [ -87.5895042, 41.7368541 ], [ -87.5893513, 41.7368562 ], [ -87.589134, 41.7368592 ], [ -87.5890657, 41.7368601 ], [ -87.5888255, 41.7368634 ], [ -87.5884299, 41.7368689 ], [ -87.5881339, 41.736872 ], [ -87.5880307, 41.7368738 ], [ -87.5878543, 41.7368768 ], [ -87.5875381, 41.7368812 ], [ -87.5874767, 41.736882 ], [ -87.5869281, 41.7368898 ], [ -87.586709, 41.7368926 ], [ -87.5865925, 41.7368942 ], [ -87.5865333, 41.7368951 ], [ -87.586309, 41.7368982 ], [ -87.5862772, 41.7368986 ], [ -87.5862677, 41.7368987 ], [ -87.5861714, 41.7369001 ], [ -87.5861606, 41.7369002 ], [ -87.585988, 41.7369026 ], [ -87.5857802, 41.7369055 ], [ -87.5856256, 41.7369076 ], [ -87.5854643, 41.7369098 ], [ -87.5853764, 41.736911 ], [ -87.5852061, 41.7369135 ], [ -87.5847063, 41.7369214 ], [ -87.5845571, 41.7369237 ], [ -87.583858, 41.7369347 ], [ -87.5832976, 41.7369435 ], [ -87.5828556, 41.7369505 ], [ -87.5827407, 41.7369523 ], [ -87.5826463, 41.7369538 ], [ -87.5820966, 41.7369624 ], [ -87.5806856, 41.7369846 ], [ -87.5805703, 41.7369864 ], [ -87.5804703, 41.7369879 ], [ -87.5803731, 41.7369894 ], [ -87.5800219, 41.736995 ], [ -87.5794719, 41.7370037 ], [ -87.5793652, 41.7370053 ], [ -87.5792561, 41.737007 ], [ -87.5787502, 41.737015 ], [ -87.5782559, 41.7370228 ], [ -87.5781458, 41.7370245 ], [ -87.5780461, 41.7370261 ], [ -87.5773312, 41.7370373 ], [ -87.5770451, 41.7370418 ], [ -87.5769357, 41.7370435 ], [ -87.5768348, 41.7370451 ], [ -87.5766258, 41.7370484 ], [ -87.5763336, 41.737053 ], [ -87.5762198, 41.7370548 ], [ -87.5760787, 41.737057 ], [ -87.5757191, 41.7370634 ], [ -87.5756217, 41.7370646 ], [ -87.5753591, 41.7370677 ], [ -87.5752166, 41.7370699 ], [ -87.5751193, 41.7370708 ], [ -87.5749687, 41.7370738 ], [ -87.5745089, 41.7370812 ], [ -87.5734799, 41.7370962 ], [ -87.5734064, 41.7370972 ], [ -87.5732876, 41.737099 ], [ -87.5731526, 41.7371006 ], [ -87.5721926, 41.7371101 ], [ -87.5720917, 41.7371112 ], [ -87.5709794, 41.7371223 ], [ -87.570865, 41.7371235 ], [ -87.5697684, 41.7371345 ], [ -87.5696458, 41.7371357 ], [ -87.5690526, 41.7371416 ], [ -87.5688354, 41.7371438 ], [ -87.5666851, 41.7371933 ], [ -87.566529, 41.737195 ], [ -87.5661222, 41.7371997 ], [ -87.5660608, 41.7372003 ], [ -87.5660287, 41.7372006 ], [ -87.5656817, 41.7372045 ], [ -87.5660267, 41.7374467 ], [ -87.5661359, 41.7375251 ], [ -87.5661709, 41.7375503 ], [ -87.5664881, 41.7377781 ], [ -87.5674939, 41.7385006 ], [ -87.5676583, 41.7386187 ], [ -87.5677909, 41.7387139 ], [ -87.5687563, 41.7394074 ], [ -87.5689003, 41.7395109 ], [ -87.5689981, 41.7395811 ], [ -87.5691783, 41.7397156 ], [ -87.5692482, 41.7397674 ], [ -87.5696321, 41.7400423 ], [ -87.5706439, 41.7407517 ], [ -87.5708763, 41.740923 ], [ -87.570934, 41.7409653 ], [ -87.5709943, 41.7410093 ], [ -87.5714735, 41.7413634 ], [ -87.5715829, 41.7414441 ], [ -87.571737, 41.7415577 ], [ -87.5718276, 41.741623 ], [ -87.5726048, 41.7421827 ], [ -87.5726148, 41.7421899 ], [ -87.5726827, 41.7422388 ], [ -87.5729311, 41.7424173 ], [ -87.5731021, 41.7425409 ], [ -87.5733, 41.7426833 ], [ -87.573794, 41.7430391 ], [ -87.5747808, 41.7437498 ], [ -87.5748256, 41.7437821 ], [ -87.5752725, 41.7441041 ], [ -87.5754894, 41.7442598 ], [ -87.5755958, 41.7443371 ], [ -87.5757385, 41.7444399 ], [ -87.5757418, 41.7444456 ], [ -87.5757496, 41.7444479 ], [ -87.57585, 41.7445202 ], [ -87.5759729, 41.7446109 ], [ -87.5760636, 41.7446741 ], [ -87.5762359, 41.7447983 ], [ -87.5763096, 41.7448514 ], [ -87.5764152, 41.7449275 ], [ -87.5764449, 41.7449489 ], [ -87.577176, 41.7454757 ], [ -87.5779754, 41.7460608 ], [ -87.5780296, 41.7461018 ], [ -87.5781849, 41.7462164 ], [ -87.5782125, 41.746235 ], [ -87.5783147, 41.7462962 ], [ -87.5786386, 41.7465268 ], [ -87.5788114, 41.7466499 ], [ -87.5791395, 41.7468836 ], [ -87.5796216, 41.747237 ], [ -87.5797127, 41.747303 ], [ -87.5798522, 41.747404 ], [ -87.5799672, 41.7474869 ], [ -87.5800164, 41.7475223 ], [ -87.580042, 41.7475407 ], [ -87.5802207, 41.7476685 ], [ -87.580301, 41.7477274 ], [ -87.5804597, 41.7478418 ], [ -87.5808779, 41.7481431 ], [ -87.5814409, 41.7485488 ], [ -87.5816625, 41.7487085 ], [ -87.5819502, 41.7489159 ], [ -87.5821869, 41.7490864 ], [ -87.5830895, 41.7497367 ], [ -87.5832732, 41.7498691 ], [ -87.5834161, 41.749972 ], [ -87.5840834, 41.7504529 ], [ -87.5843277, 41.7506289 ], [ -87.5846894, 41.7508894 ], [ -87.5848702, 41.7510197 ], [ -87.5849788, 41.7511016 ], [ -87.5850943, 41.7511886 ], [ -87.5852321, 41.7512925 ], [ -87.5852866, 41.7513335 ], [ -87.5855024, 41.7514962 ] ] ] } },
{ "type": "Feature", "properties": { "name": "Chatham", "overture_id": "b3be931f-3fc0-49e8-851c-4043e1b0257c", "division_id": "93d0ca2d-7146-49bc-91aa-1c0d5f51e0cd" }, "geometry": { "type": "Polygon", "coordinates": [ [ [ -87.6097747, 41.7251967 ], [ -87.6096829, 41.7251511 ], [ -87.6093733, 41.7249974 ], [ -87.6093643, 41.724473 ], [ -87.6087522, 41.7241694 ], [ -87.6081491, 41.7238606 ], [ -87.6075295, 41.7235636 ], [ -87.6069274, 41.7232866 ], [ -87.6068654, 41.7232606 ], [ -87.6063158, 41.7230618 ], [ -87.6059523, 41.7229359 ], [ -87.6051717, 41.7227116 ], [ -87.6051161, 41.7226977 ], [ -87.604901, 41.7226516 ], [ -87.6044922, 41.7225638 ], [ -87.6045049, 41.7236509 ], [ -87.6040524, 41.72355 ], [ -87.6036056, 41.7234658 ], [ -87.6030879, 41.7257341 ], [ -87.6033419, 41.7257372 ], [ -87.6029409, 41.7275677 ], [ -87.6032742, 41.7275621 ], [ -87.6032672, 41.7275928 ], [ -87.6028749, 41.7293066 ], [ -87.6028583, 41.7293793 ], [ -87.6028384, 41.7294664 ], [ -87.6026493, 41.7302922 ], [ -87.602439, 41.7312109 ], [ -87.6022265, 41.7321394 ], [ -87.6020388, 41.7329593 ], [ -87.6020209, 41.7330373 ], [ -87.6012548, 41.7330242 ], [ -87.6004219, 41.7367059 ], [ -87.5992802, 41.7367191 ], [ -87.5991444, 41.736721 ], [ -87.5987004, 41.7367271 ], [ -87.5986293, 41.7367281 ], [ -87.5977076, 41.7367409 ], [ -87.5975201, 41.7367435 ], [ -87.5974444, 41.7367445 ], [ -87.5967836, 41.7367536 ], [ -87.5959346, 41.7367653 ], [ -87.5957669, 41.7367677 ], [ -87.5957547, 41.7367678 ], [ -87.5953148, 41.7367739 ], [ -87.5964474, 41.7386668 ], [ -87.5968346, 41.739329 ], [ -87.5971072, 41.7397876 ], [ -87.5973674, 41.740254 ], [ -87.5975176, 41.7405582 ], [ -87.5976249, 41.7408484 ], [ -87.5976973, 41.7410965 ], [ -87.5977483, 41.7414067 ], [ -87.5977885, 41.741809 ], [ -87.5977939, 41.7420292 ], [ -87.5977483, 41.7440533 ], [ -87.597627, 41.7440543 ], [ -87.5976149, 41.7441417 ], [ -87.5975645, 41.7445067 ], [ -87.5975301, 41.7448911 ], [ -87.5975237, 41.7449626 ], [ -87.5975163, 41.7450686 ], [ -87.5974427, 41.7454097 ], [ -87.5973872, 41.7457963 ], [ -87.5973874, 41.7458067 ], [ -87.5973979, 41.7459628 ], [ -87.5974006, 41.7459884 ], [ -87.5973483, 41.7463423 ], [ -87.5972931, 41.7467164 ], [ -87.5972819, 41.7467921 ], [ -87.5977545, 41.7467978 ], [ -87.5970142, 41.7504798 ], [ -87.5974916, 41.7506519 ], [ -87.5973485, 41.7513617 ], [ -87.5985121, 41.75135 ], [ -87.5991215, 41.7513438 ], [ -87.5997164, 41.7513378 ], [ -87.6003284, 41.7513316 ], [ -87.6009422, 41.7513254 ], [ -87.6015453, 41.7513193 ], [ -87.6021571, 41.7513132 ], [ -87.6027493, 41.7513072 ], [ -87.6033616, 41.751301 ], [ -87.6034543, 41.7513001 ], [ -87.6037775, 41.7512968 ], [ -87.6039606, 41.751295 ], [ -87.6044736, 41.7512898 ], [ -87.6045706, 41.7512888 ], [ -87.60475, 41.751287 ], [ -87.6049231, 41.7512862 ], [ -87.6052052, 41.751285 ], [ -87.6053548, 41.7512829 ], [ -87.6056152, 41.7512793 ], [ -87.605838, 41.7512756 ], [ -87.6076443, 41.7512452 ], [ -87.6088706, 41.7512245 ], [ -87.60936, 41.7512163 ], [ -87.6097051, 41.7512105 ], [ -87.6100753, 41.7512043 ], [ -87.6106849, 41.7511941 ], [ -87.6112874, 41.751184 ], [ -87.6118959, 41.7511737 ], [ -87.6122775, 41.7511673 ], [ -87.6124997, 41.7511636 ], [ -87.6137128, 41.7511432 ], [ -87.6139759, 41.7511386 ], [ -87.6143003, 41.7511338 ], [ -87.6149592, 41.7511209 ], [ -87.6150735, 41.7511193 ], [ -87.6151878, 41.7511176 ], [ -87.6153107, 41.7511155 ], [ -87.6154599, 41.751113 ], [ -87.6157254, 41.7511086 ], [ -87.6165389, 41.7510951 ], [ -87.6181394, 41.7510685 ], [ -87.61902, 41.7510539 ], [ -87.6197654, 41.7510415 ], [ -87.6202235, 41.7510339 ], [ -87.6203027, 41.7510326 ], [ -87.6203496, 41.7510318 ], [ -87.6209251, 41.7510223 ], [ -87.6213775, 41.7510148 ], [ -87.6220716, 41.7510033 ], [ -87.6221895, 41.7510013 ], [ -87.6222662, 41.751 ], [ -87.6224189, 41.7509975 ], [ -87.6229897, 41.750988 ], [ -87.623202, 41.7509845 ], [ -87.6238096, 41.7509744 ], [ -87.6245934, 41.7510244 ], [ -87.6258303, 41.7510016 ], [ -87.6264921, 41.7509572 ], [ -87.6266128, 41.7509457 ], [ -87.6268336, 41.7509246 ], [ -87.6269288, 41.7509193 ], [ -87.6270265, 41.7509139 ], [ -87.6270335, 41.7509135 ], [ -87.6271394, 41.7509076 ], [ -87.6275308, 41.7509005 ], [ -87.6276632, 41.7508952 ], [ -87.6277837, 41.7508931 ], [ -87.6282441, 41.7508849 ], [ -87.6286413, 41.7508779 ], [ -87.6287671, 41.7508757 ], [ -87.6288484, 41.7508744 ], [ -87.6291243, 41.7508692 ], [ -87.6291674, 41.7508687 ], [ -87.6293067, 41.7508663 ], [ -87.62946, 41.7508637 ], [ -87.6294979, 41.7508631 ], [ -87.6295621, 41.750862 ], [ -87.6296982, 41.7508597 ], [ -87.6299598, 41.7508553 ], [ -87.6306684, 41.7508433 ], [ -87.631073, 41.7508418 ], [ -87.6318795, 41.7508228 ], [ -87.6324902, 41.7508124 ], [ -87.6330873, 41.7508023 ], [ -87.6332937, 41.7507988 ], [ -87.6335, 41.7507953 ], [ -87.6337124, 41.7507917 ], [ -87.6338503, 41.7507894 ], [ -87.633989, 41.7507873 ], [ -87.6340385, 41.7507866 ], [ -87.6342212, 41.7507838 ], [ -87.6342998, 41.7507825 ], [ -87.6344127, 41.7507806 ], [ -87.6345318, 41.7507785 ], [ -87.6346518, 41.7507768 ], [ -87.6394076, 41.7507064 ], [ -87.6395138, 41.7504138 ], [ -87.6394344, 41.7488716 ], [ -87.6391946, 41.7488716 ], [ -87.6391824, 41.7486918 ], [ -87.639182, 41.748681 ], [ -87.6391805, 41.7486578 ], [ -87.6391213, 41.7477008 ], [ -87.6390434, 41.7449866 ], [ -87.6390151, 41.7434363 ], [ -87.6365081, 41.7434669 ], [ -87.6359513, 41.7441595 ], [ -87.6353464, 41.7439151 ], [ -87.6346254, 41.7436339 ], [ -87.6341967, 41.7435114 ], [ -87.6341106, 41.7435057 ], [ -87.6341086, 41.7433916 ], [ -87.6340981, 41.7428283 ], [ -87.6340967, 41.7427527 ], [ -87.634061, 41.7408199 ], [ -87.6340477, 41.7401014 ], [ -87.6340446, 41.7399324 ], [ -87.6339947, 41.7396172 ], [ -87.6338527, 41.7393154 ], [ -87.6337642, 41.7391233 ], [ -87.6336998, 41.7389492 ], [ -87.6336489, 41.7388171 ], [ -87.6336301, 41.738665 ], [ -87.6336221, 41.7385629 ], [ -87.633606, 41.7384568 ], [ -87.6335657, 41.7383187 ], [ -87.633504, 41.7381626 ], [ -87.6334289, 41.7380065 ], [ -87.6332439, 41.7376422 ], [ -87.6330963, 41.737356 ], [ -87.632871, 41.7369457 ], [ -87.6327047, 41.7366875 ], [ -87.6326189, 41.7365774 ], [ -87.6326607, 41.7363568 ], [ -87.6326599, 41.7359854 ], [ -87.6326194, 41.7358967 ], [ -87.6321564, 41.7354683 ], [ -87.631913, 41.7352543 ], [ -87.6318475, 41.7352476 ], [ -87.6317807, 41.7352146 ], [ -87.6314531, 41.7349402 ], [ -87.6308955, 41.7344374 ], [ -87.6307067, 41.7342512 ], [ -87.6300573, 41.7336343 ], [ -87.6289504, 41.7325827 ], [ -87.6264935, 41.7299235 ], [ -87.6259973, 41.7293851 ], [ -87.6256636, 41.7290195 ], [ -87.6253288, 41.7290244 ], [ -87.6252268, 41.7290259 ], [ -87.6249666, 41.7290335 ], [ -87.6241934, 41.7290449 ], [ -87.6239309, 41.7290476 ], [ -87.6238481, 41.729049 ], [ -87.6233502, 41.7290573 ], [ -87.6231532, 41.7290606 ], [ -87.6224007, 41.7290732 ], [ -87.6222896, 41.7290756 ], [ -87.6221655, 41.7290782 ], [ -87.6219767, 41.7290824 ], [ -87.621861, 41.7290838 ], [ -87.6215974, 41.7290869 ], [ -87.6207813, 41.7290966 ], [ -87.6199853, 41.7291086 ], [ -87.6191851, 41.7291248 ], [ -87.6191982, 41.7295977 ], [ -87.6184354, 41.7294237 ], [ -87.6175438, 41.729191 ], [ -87.6165793, 41.7288692 ], [ -87.6160509, 41.728685 ], [ -87.6143127, 41.7279804 ], [ -87.6142873, 41.7271599 ], [ -87.6142804, 41.7269328 ], [ -87.614166, 41.7268764 ], [ -87.6115685, 41.7255965 ], [ -87.6112188, 41.725599 ], [ -87.6107222, 41.7256025 ], [ -87.6106439, 41.7255928 ], [ -87.6105991, 41.7255743 ], [ -87.6105574, 41.725557 ], [ -87.6097747, 41.7251967 ] ] ] } },
{ "type": "Feature", "properties": { "name": "South Chicago", "overture_id": "398cb7cb-805b-4a55-bee2-e364067fa655", "division_id": "7b5bc443-803f-4f37-aef9-b9785d2ed247" }, "geometry": { "type": "Polygon", "coordinates": [ [ [ -87.5439164, 41.7549897 ], [ -87.543874, 41.7550467 ], [ -87.5438746, 41.7551059 ], [ -87.5439501, 41.7552394 ], [ -87.5463586, 41.7537696 ], [ -87.5478597, 41.7545763 ], [ -87.5483668, 41.7542592 ], [ -87.5487366, 41.7540248 ], [ -87.5496519, 41.7534865 ], [ -87.5502168, 41.7531429 ], [ -87.5504801, 41.7529828 ], [ -87.5509747, 41.7526819 ], [ -87.5517137, 41.7522465 ], [ -87.5520258, 41.7520072 ], [ -87.5520312, 41.7519284 ], [ -87.552594, 41.7519194 ], [ -87.5529016, 41.7519154 ], [ -87.5531843, 41.7519114 ], [ -87.5535039, 41.7519069 ], [ -87.5540829, 41.7518988 ], [ -87.5547287, 41.7518896 ], [ -87.5549037, 41.7518872 ], [ -87.5553261, 41.7518812 ], [ -87.5555118, 41.7518786 ], [ -87.5559291, 41.7518727 ], [ -87.5565392, 41.7518641 ], [ -87.5568706, 41.7518594 ], [ -87.5569773, 41.7518579 ], [ -87.5570855, 41.7518563 ], [ -87.557752, 41.751847 ], [ -87.5584439, 41.7518372 ], [ -87.5584884, 41.7518366 ], [ -87.5589556, 41.75183 ], [ -87.5591909, 41.7518266 ], [ -87.5592408, 41.751826 ], [ -87.5597758, 41.7518184 ], [ -87.5599076, 41.7518166 ], [ -87.5601687, 41.7518129 ], [ -87.5606058, 41.7518067 ], [ -87.5613935, 41.7517956 ], [ -87.5620219, 41.7517867 ], [ -87.5626052, 41.7517784 ], [ -87.5638179, 41.7517613 ], [ -87.5647367, 41.7517484 ], [ -87.5650276, 41.7517443 ], [ -87.5652878, 41.7517406 ], [ -87.5655708, 41.7517366 ], [ -87.5656233, 41.7517359 ], [ -87.565939, 41.7517314 ], [ -87.566004, 41.7517308 ], [ -87.5662366, 41.7517286 ], [ -87.5664844, 41.7517256 ], [ -87.5666825, 41.7517233 ], [ -87.5674518, 41.7517141 ], [ -87.5680478, 41.751707 ], [ -87.5685078, 41.7517015 ], [ -87.5686773, 41.7516994 ], [ -87.5694357, 41.7516904 ], [ -87.5699003, 41.7516848 ], [ -87.5711185, 41.7516703 ], [ -87.571792, 41.7516622 ], [ -87.5723274, 41.7516549 ], [ -87.5735505, 41.7516412 ], [ -87.5747604, 41.7516267 ], [ -87.5756393, 41.7516162 ], [ -87.575991, 41.751612 ], [ -87.5763286, 41.751608 ], [ -87.5766803, 41.7516037 ], [ -87.5769664, 41.7516002 ], [ -87.5772082, 41.7515973 ], [ -87.578428, 41.7515824 ], [ -87.5796379, 41.7515677 ], [ -87.580047, 41.7515627 ], [ -87.5803579, 41.7515589 ], [ -87.5805374, 41.7515567 ], [ -87.5808612, 41.7515528 ], [ -87.5816731, 41.7515429 ], [ -87.5820892, 41.7515378 ], [ -87.5828938, 41.751528 ], [ -87.5833042, 41.751523 ], [ -87.5843981, 41.7515097 ], [ -87.5845142, 41.7515082 ], [ -87.584778, 41.751505 ], [ -87.5848663, 41.751504 ], [ -87.5855024, 41.7514962 ], [ -87.5852866, 41.7513335 ], [ -87.5852321, 41.7512925 ], [ -87.5850943, 41.7511886 ], [ -87.5849788, 41.7511016 ], [ -87.5848702, 41.7510197 ], [ -87.5846894, 41.7508894 ], [ -87.5843277, 41.7506289 ], [ -87.5840834, 41.7504529 ], [ -87.5834161, 41.749972 ], [ -87.5832732, 41.7498691 ], [ -87.5830895, 41.7497367 ], [ -87.5821869, 41.7490864 ], [ -87.5819502, 41.7489159 ], [ -87.5816625, 41.7487085 ], [ -87.5814409, 41.7485488 ], [ -87.5808779, 41.7481431 ], [ -87.5804597, 41.7478418 ], [ -87.580301, 41.7477274 ], [ -87.5802207, 41.7476685 ], [ -87.580042, 41.7475407 ], [ -87.5800164, 41.7475223 ], [ -87.5799672, 41.7474869 ], [ -87.5798522, 41.747404 ], [ -87.5797127, 41.747303 ], [ -87.5796216, 41.747237 ], [ -87.5791395, 41.7468836 ], [ -87.5788114, 41.7466499 ], [ -87.5786386, 41.7465268 ], [ -87.5783147, 41.7462962 ], [ -87.5782125, 41.746235 ], [ -87.5781849, 41.7462164 ], [ -87.5780296, 41.7461018 ], [ -87.5779754, 41.7460608 ], [ -87.577176, 41.7454757 ], [ -87.5764449, 41.7449489 ], [ -87.5764152, 41.7449275 ], [ -87.5763096, 41.7448514 ], [ -87.5762359, 41.7447983 ], [ -87.5760636, 41.7446741 ], [ -87.5759729, 41.7446109 ], [ -87.57585, 41.7445202 ], [ -87.5757496, 41.7444479 ], [ -87.5757418, 41.7444456 ], [ -87.5757385, 41.7444399 ], [ -87.5755958, 41.7443371 ], [ -87.5754894, 41.7442598 ], [ -87.5752725, 41.7441041 ], [ -87.5748256, 41.7437821 ], [ -87.5747808, 41.7437498 ], [ -87.573794, 41.7430391 ], [ -87.5733, 41.7426833 ], [ -87.5731021, 41.7425409 ], [ -87.5729311, 41.7424173 ], [ -87.5726827, 41.7422388 ], [ -87.5726148, 41.7421899 ], [ -87.5726048, 41.7421827 ], [ -87.5718276, 41.741623 ], [ -87.571737, 41.7415577 ], [ -87.5715829, 41.7414441 ], [ -87.5714735, 41.7413634 ], [ -87.5709943, 41.7410093 ], [ -87.570934, 41.7409653 ], [ -87.5708763, 41.740923 ], [ -87.5706439, 41.7407517 ], [ -87.5696321, 41.7400423 ], [ -87.5692482, 41.7397674 ], [ -87.5691783, 41.7397156 ], [ -87.5689981, 41.7395811 ], [ -87.5689003, 41.7395109 ], [ -87.5687563, 41.7394074 ], [ -87.5677909, 41.7387139 ], [ -87.5676583, 41.7386187 ], [ -87.5674939, 41.7385006 ], [ -87.5664881, 41.7377781 ], [ -87.5661709, 41.7375503 ], [ -87.5661359, 41.7375251 ], [ -87.5660267, 41.7374467 ], [ -87.5656817, 41.7372045 ], [ -87.565558, 41.7371107 ], [ -87.5653407, 41.736947 ], [ -87.5643049, 41.7362005 ], [ -87.5641579, 41.7360946 ], [ -87.5641507, 41.7360894 ], [ -87.5639891, 41.7359729 ], [ -87.5637138, 41.7357745 ], [ -87.5629748, 41.7352419 ], [ -87.562768, 41.735093 ], [ -87.5627092, 41.7350499 ], [ -87.5626628, 41.7350221 ], [ -87.5625555, 41.7349577 ], [ -87.5623454, 41.7348091 ], [ -87.5615842, 41.7342398 ], [ -87.5610703, 41.7338694 ], [ -87.5608508, 41.7337112 ], [ -87.5606169, 41.7335426 ], [ -87.5604136, 41.7333961 ], [ -87.5603533, 41.7333527 ], [ -87.5602754, 41.733297 ], [ -87.5601894, 41.7332345 ], [ -87.5599389, 41.7330549 ], [ -87.5598739, 41.7330083 ], [ -87.5598012, 41.7329555 ], [ -87.5596452, 41.7328423 ], [ -87.5594665, 41.7327127 ], [ -87.5594541, 41.7327028 ], [ -87.5566461, 41.7306807 ], [ -87.5565112, 41.7305835 ], [ -87.5560106, 41.7302195 ], [ -87.5558696, 41.7301211 ], [ -87.5557149, 41.7300044 ], [ -87.5556579, 41.7299685 ], [ -87.5554119, 41.7297912 ], [ -87.5550143, 41.7295046 ], [ -87.5543759, 41.7290445 ], [ -87.5543058, 41.728994 ], [ -87.5539904, 41.7287667 ], [ -87.5532507, 41.7282335 ], [ -87.5525815, 41.7277621 ], [ -87.5525218, 41.7277185 ], [ -87.5522333, 41.7275077 ], [ -87.552213, 41.7274929 ], [ -87.5521642, 41.7274572 ], [ -87.5520524, 41.7273755 ], [ -87.5519759, 41.7273196 ], [ -87.5516051, 41.7270487 ], [ -87.5515789, 41.7270295 ], [ -87.551168, 41.7267292 ], [ -87.5510371, 41.7266473 ], [ -87.5508068, 41.7264819 ], [ -87.5507195, 41.7264199 ], [ -87.5502576, 41.7260922 ], [ -87.5493444, 41.7254335 ], [ -87.5485534, 41.7248896 ], [ -87.5484636, 41.7248279 ], [ -87.5482017, 41.7246478 ], [ -87.54807, 41.7245572 ], [ -87.5477553, 41.7243665 ], [ -87.5476428, 41.7242676 ], [ -87.54761, 41.724241 ], [ -87.5472617, 41.7240014 ], [ -87.5472193, 41.7239709 ], [ -87.5474131, 41.7238807 ], [ -87.546183, 41.7227897 ], [ -87.545616, 41.7228057 ], [ -87.5455839, 41.7228066 ], [ -87.5454735, 41.7228097 ], [ -87.5448968, 41.7228259 ], [ -87.5440809, 41.7228488 ], [ -87.5437635, 41.7228577 ], [ -87.5430964, 41.7228625 ], [ -87.5431705, 41.7233495 ], [ -87.5421933, 41.7269433 ], [ -87.5406213, 41.728275 ], [ -87.529609, 41.7329443 ], [ -87.5291827, 41.7330964 ], [ -87.5289953, 41.7337081 ], [ -87.5290022, 41.7337258 ], [ -87.5289386, 41.7337782 ], [ -87.5289288, 41.7338935 ], [ -87.5290458, 41.7342566 ], [ -87.5290817, 41.7346141 ], [ -87.5291028, 41.7347502 ], [ -87.5292107, 41.7355562 ], [ -87.5292915, 41.7360402 ], [ -87.5295097, 41.7376905 ], [ -87.5294866, 41.7376912 ], [ -87.5294935, 41.7377516 ], [ -87.5295144, 41.7377506 ], [ -87.5295943, 41.7383062 ], [ -87.5296444, 41.7386812 ], [ -87.5296167, 41.7386833 ], [ -87.5296237, 41.7387407 ], [ -87.5296522, 41.7387395 ], [ -87.5296578, 41.7387809 ], [ -87.52971, 41.7393361 ], [ -87.5297472, 41.7395285 ], [ -87.5297615, 41.7395841 ], [ -87.5298033, 41.7400923 ], [ -87.5298789, 41.7401128 ], [ -87.5299003, 41.7402772 ], [ -87.5298284, 41.7403088 ], [ -87.5298391, 41.740355 ], [ -87.5298169, 41.740356 ], [ -87.5298586, 41.7406119 ], [ -87.5311048, 41.7405995 ], [ -87.5322854, 41.7405857 ], [ -87.5327379, 41.740577 ], [ -87.5339199, 41.7405672 ], [ -87.5363541, 41.7405351 ], [ -87.5387476, 41.7405081 ], [ -87.5395911, 41.7404964 ], [ -87.5395893, 41.7407449 ], [ -87.5395277, 41.7407465 ], [ -87.5395291, 41.7407663 ], [ -87.5395152, 41.7407665 ], [ -87.5395185, 41.7409807 ], [ -87.5395257, 41.7409809 ], [ -87.539534, 41.7410098 ], [ -87.5395346, 41.7410172 ], [ -87.5395179, 41.7410167 ], [ -87.539518, 41.7410275 ], [ -87.5394591, 41.7410282 ], [ -87.531215, 41.7411289 ], [ -87.5310666, 41.7411279 ], [ -87.5306866, 41.7411301 ], [ -87.530449, 41.7411892 ], [ -87.5302845, 41.7412008 ], [ -87.5301633, 41.7412204 ], [ -87.5300227, 41.7412589 ], [ -87.5299602, 41.7413065 ], [ -87.5299194, 41.7413376 ], [ -87.5299204, 41.7413609 ], [ -87.5299215, 41.7413852 ], [ -87.5299341, 41.7414437 ], [ -87.5299441, 41.7414815 ], [ -87.5299542, 41.7415198 ], [ -87.5299973, 41.7416826 ], [ -87.5300291, 41.741803 ], [ -87.5300322, 41.7422676 ], [ -87.5301411, 41.7426719 ], [ -87.5301559, 41.7427806 ], [ -87.5302868, 41.7437405 ], [ -87.5303706, 41.7443615 ], [ -87.5303775, 41.7444124 ], [ -87.530499, 41.7452054 ], [ -87.5306306, 41.7463303 ], [ -87.5307658, 41.7472492 ], [ -87.5308645, 41.7478879 ], [ -87.5309721, 41.7480795 ], [ -87.5312279, 41.7482153 ], [ -87.5325103, 41.748733 ], [ -87.5341008, 41.7493931 ], [ -87.5348989, 41.7497189 ], [ -87.5371687, 41.7506127 ], [ -87.5395728, 41.7515766 ], [ -87.540336, 41.7518552 ], [ -87.5405937, 41.7519219 ], [ -87.5411783, 41.7519514 ], [ -87.5416237, 41.7519565 ], [ -87.5425264, 41.7519383 ], [ -87.5429479, 41.7519322 ], [ -87.5430473, 41.7519748 ], [ -87.5432383, 41.7520759 ], [ -87.543417, 41.752192 ], [ -87.5435279, 41.7523265 ], [ -87.544122, 41.7539684 ], [ -87.5442795, 41.754349 ], [ -87.5442371, 41.7543957 ], [ -87.5441545, 41.7545865 ], [ -87.5440364, 41.7548814 ], [ -87.5439164, 41.7549897 ] ] ] } },
{ "type": "Feature", "properties": { "name": "Riverdale", "overture_id": "53f2c911-efd8-4014-9e62-dda7952adb9a", "division_id": "34882fc9-5cf2-4664-bbb7-283f74fd407b" }, "geometry": { "type": "Polygon", "coordinates": [ [ [ -87.6042235, 41.6855273 ], [ -87.6043536, 41.6855053 ], [ -87.6045024, 41.6854943 ], [ -87.6114159, 41.68544 ], [ -87.6114153, 41.685427 ], [ -87.6123391, 41.6854181 ], [ -87.6126562, 41.6838968 ], [ -87.6139891, 41.6786347 ], [ -87.6144379, 41.6763959 ], [ -87.6152417, 41.6730117 ], [ -87.6164121, 41.6677948 ], [ -87.6184959, 41.6590743 ], [ -87.617911, 41.6590745 ], [ -87.6183403, 41.6544848 ], [ -87.6194953, 41.6524809 ], [ -87.6198057, 41.6518758 ], [ -87.6200734, 41.6508534 ], [ -87.6172237, 41.6503614 ], [ -87.6172337, 41.6499132 ], [ -87.6172262, 41.648419 ], [ -87.6172289, 41.6467366 ], [ -87.6172308, 41.6445867 ], [ -87.61425, 41.6445931 ], [ -87.6131632, 41.644602 ], [ -87.612305, 41.644602 ], [ -87.612257, 41.644602 ], [ -87.612091, 41.644601 ], [ -87.611982, 41.644601 ], [ -87.611452, 41.644602 ], [ -87.611239, 41.644603 ], [ -87.610961, 41.644603 ], [ -87.610622, 41.644603 ], [ -87.610415, 41.644602 ], [ -87.61013, 41.644603 ], [ -87.609853, 41.644604 ], [ -87.609614, 41.644605 ], [ -87.60925, 41.644608 ], [ -87.608898, 41.644608 ], [ -87.60866, 41.644608 ], [ -87.608539, 41.644608 ], [ -87.608179, 41.644608 ], [ -87.608059, 41.644608 ], [ -87.607676, 41.644608 ], [ -87.607379, 41.644609 ], [ -87.606528, 41.644609 ], [ -87.606146, 41.644609 ], [ -87.606065, 41.644609 ], [ -87.605822, 41.644609 ], [ -87.605742, 41.644609 ], [ -87.605242, 41.644609 ], [ -87.604864, 41.644609 ], [ -87.604429, 41.64461 ], [ -87.603743, 41.64461 ], [ -87.603244, 41.64461 ], [ -87.6029099, 41.644609 ], [ -87.601238, 41.644614 ], [ -87.599247, 41.644609 ], [ -87.598919, 41.644609 ], [ -87.598239, 41.644612 ], [ -87.597838, 41.644606 ], [ -87.597783, 41.644605 ], [ -87.595322, 41.644596 ], [ -87.59156, 41.644636 ], [ -87.588133, 41.644656 ], [ -87.5848539, 41.6446967 ], [ -87.580797, 41.644731 ], [ -87.5784609, 41.6447335 ], [ -87.5785124, 41.6452334 ], [ -87.5785717, 41.6457269 ], [ -87.5789094, 41.6471455 ], [ -87.5792205, 41.6480194 ], [ -87.5796818, 41.6489894 ], [ -87.5803902, 41.6501202 ], [ -87.5809049, 41.6508093 ], [ -87.5815969, 41.651627 ], [ -87.5821176, 41.6522406 ], [ -87.5826806, 41.6528695 ], [ -87.5833889, 41.6537076 ], [ -87.5839039, 41.6542928 ], [ -87.5846818, 41.6552147 ], [ -87.5851002, 41.6557037 ], [ -87.5865429, 41.6573666 ], [ -87.5870365, 41.6579397 ], [ -87.5873264, 41.6582647 ], [ -87.5891452, 41.6603835 ], [ -87.589547, 41.6608734 ], [ -87.5915372, 41.6631498 ], [ -87.5929266, 41.6647808 ], [ -87.5946861, 41.6668366 ], [ -87.5959953, 41.6683356 ], [ -87.5975456, 41.6701508 ], [ -87.5987524, 41.6715651 ], [ -87.5993907, 41.6722784 ], [ -87.5998791, 41.6728636 ], [ -87.6003029, 41.6733604 ], [ -87.6005065, 41.6736688 ], [ -87.6007479, 41.6740534 ], [ -87.6009949, 41.6744944 ], [ -87.6011663, 41.6748628 ], [ -87.6013058, 41.6752234 ], [ -87.6013919, 41.6754841 ], [ -87.6014885, 41.6758407 ], [ -87.6016009, 41.6764175 ], [ -87.601617, 41.6766939 ], [ -87.6016599, 41.6773951 ], [ -87.6016923, 41.6789779 ], [ -87.6018423, 41.6840419 ], [ -87.6018423, 41.6844184 ], [ -87.6018315, 41.684775 ], [ -87.6017618, 41.6852117 ], [ -87.6017135, 41.6854681 ], [ -87.6016545, 41.6856924 ], [ -87.6016065, 41.6858649 ], [ -87.6014724, 41.6862174 ], [ -87.6017996, 41.6862094 ], [ -87.6022323, 41.6861781 ], [ -87.6026209, 41.6861194 ], [ -87.6029809, 41.6860219 ], [ -87.6031461, 41.6859507 ], [ -87.6032501, 41.6859059 ], [ -87.6034027, 41.6858388 ], [ -87.6039432, 41.6856084 ], [ -87.604076, 41.6855604 ], [ -87.6042235, 41.6855273 ] ] ] } },
{ "type": "Feature", "properties": { "name": "Forest Glen", "overture_id": "7dd0a6d8-777f-49e0-8ad4-cffcdfd9a2b1", "division_id": "e7a59b8d-df5c-4845-baa3-2611fe2b1f35" }, "geometry": { "type": "Polygon", "coordinates": [ [ [ -87.7800403, 41.9995045 ], [ -87.7799934, 41.9990664 ], [ -87.7800461, 41.9981703 ], [ -87.7800012, 41.9974264 ], [ -87.7799995, 41.99724 ], [ -87.7799569, 41.9970643 ], [ -87.7798577, 41.9969107 ], [ -87.7797502, 41.9968188 ], [ -87.7796081, 41.9967388 ], [ -87.7794028, 41.9966963 ], [ -87.7791856, 41.9967011 ], [ -87.7789706, 41.9967264 ], [ -87.7788193, 41.9967866 ], [ -87.778675, 41.9968857 ], [ -87.7785264, 41.996999 ], [ -87.7783678, 41.9971092 ], [ -87.7782671, 41.9971494 ], [ -87.7781857, 41.9971662 ], [ -87.7780683, 41.9971456 ], [ -87.7779401, 41.9971014 ], [ -87.7776272, 41.9969877 ], [ -87.777466, 41.9969697 ], [ -87.7772843, 41.9969681 ], [ -87.7771586, 41.9969912 ], [ -87.7770361, 41.9970649 ], [ -87.7769569, 41.9971686 ], [ -87.7768872, 41.9972324 ], [ -87.776816, 41.9972551 ], [ -87.7767082, 41.9972496 ], [ -87.7766396, 41.997221 ], [ -87.7765093, 41.9971203 ], [ -87.7761138, 41.9968095 ], [ -87.7758944, 41.9966917 ], [ -87.7757249, 41.9966587 ], [ -87.7755237, 41.9966722 ], [ -87.7752839, 41.99672 ], [ -87.7748069, 41.9968837 ], [ -87.7745149, 41.9969857 ], [ -87.7742336, 41.9970516 ], [ -87.7737369, 41.9970738 ], [ -87.7732261, 41.9970361 ], [ -87.7728707, 41.9969797 ], [ -87.772594, 41.9969302 ], [ -87.7722031, 41.9968162 ], [ -87.7718554, 41.9966836 ], [ -87.7716382, 41.9965611 ], [ -87.7714635, 41.9964169 ], [ -87.7713504, 41.9963089 ], [ -87.7712664, 41.9961599 ], [ -87.7712008, 41.9960306 ], [ -87.7711675, 41.9958601 ], [ -87.7711426, 41.9955013 ], [ -87.7711687, 41.9953215 ], [ -87.7712273, 41.9951664 ], [ -87.7713423, 41.9949317 ], [ -87.7713496, 41.9949086 ], [ -87.7714797, 41.9947305 ], [ -87.771637, 41.9945546 ], [ -87.7720394, 41.9942245 ], [ -87.7722806, 41.9940292 ], [ -87.77257, 41.9938619 ], [ -87.7727817, 41.9937888 ], [ -87.7733003, 41.9936868 ], [ -87.7735222, 41.9936084 ], [ -87.7736585, 41.9935085 ], [ -87.773692, 41.9934139 ], [ -87.7737144, 41.9932727 ], [ -87.7736891, 41.9930707 ], [ -87.7736091, 41.9927644 ], [ -87.7734827, 41.9925303 ], [ -87.7732635, 41.9921769 ], [ -87.7730586, 41.9919401 ], [ -87.7728677, 41.9918014 ], [ -87.7726988, 41.9917017 ], [ -87.772455, 41.9916562 ], [ -87.7721828, 41.9916158 ], [ -87.7716625, 41.9915688 ], [ -87.7712029, 41.9915405 ], [ -87.7710963, 41.9915161 ], [ -87.7709744, 41.9914721 ], [ -87.7708929, 41.9913864 ], [ -87.7708652, 41.9912707 ], [ -87.7708686, 41.9911113 ], [ -87.770898, 41.9910517 ], [ -87.7709584, 41.9910003 ], [ -87.7711954, 41.9909422 ], [ -87.7714081, 41.9908656 ], [ -87.7715324, 41.9907794 ], [ -87.7716161, 41.9906264 ], [ -87.7716914, 41.990429 ], [ -87.771734, 41.9902464 ], [ -87.771725, 41.9900733 ], [ -87.7716562, 41.9898932 ], [ -87.7714855, 41.989638 ], [ -87.771233, 41.9893543 ], [ -87.7711002, 41.989278 ], [ -87.7709765, 41.9892451 ], [ -87.7708202, 41.989242 ], [ -87.7707142, 41.9892001 ], [ -87.7705961, 41.9891045 ], [ -87.7704259, 41.9890279 ], [ -87.7702585, 41.9890043 ], [ -87.7699785, 41.9889922 ], [ -87.7698317, 41.9889961 ], [ -87.7696723, 41.9889982 ], [ -87.769493, 41.988982 ], [ -87.7692245, 41.9889331 ], [ -87.768834, 41.9888647 ], [ -87.7682065, 41.9887378 ], [ -87.7680331, 41.9887341 ], [ -87.7678799, 41.9887446 ], [ -87.7678673, 41.9887485 ], [ -87.7677552, 41.9887837 ], [ -87.7676588, 41.9888452 ], [ -87.767596, 41.9889319 ], [ -87.7675295, 41.9890943 ], [ -87.7675658, 41.9892566 ], [ -87.7676273, 41.9894125 ], [ -87.7676177, 41.9895233 ], [ -87.7675705, 41.9896152 ], [ -87.7674402, 41.9896924 ], [ -87.7672937, 41.9897318 ], [ -87.7671494, 41.9898891 ], [ -87.7668048, 41.9900295 ], [ -87.7663845, 41.9900957 ], [ -87.7659909, 41.9901247 ], [ -87.7657541, 41.9901236 ], [ -87.7655127, 41.9900668 ], [ -87.7651045, 41.9898864 ], [ -87.7647035, 41.9897015 ], [ -87.7645822, 41.9896329 ], [ -87.7644738, 41.9895103 ], [ -87.7643475, 41.9894166 ], [ -87.76423, 41.98938 ], [ -87.7641117, 41.9893788 ], [ -87.763977, 41.9893963 ], [ -87.7638707, 41.9894318 ], [ -87.763822, 41.9894867 ], [ -87.7638065, 41.9895881 ], [ -87.7637285, 41.9896711 ], [ -87.763616, 41.989733 ], [ -87.7633248, 41.9897529 ], [ -87.7630976, 41.9897495 ], [ -87.762964, 41.9897849 ], [ -87.7628359, 41.9898428 ], [ -87.7627278, 41.9899253 ], [ -87.7626719, 41.9900396 ], [ -87.7626169, 41.9901589 ], [ -87.7625171, 41.9902184 ], [ -87.7624145, 41.9902332 ], [ -87.7622545, 41.9902262 ], [ -87.7621501, 41.9901823 ], [ -87.7620573, 41.990111 ], [ -87.7620398, 41.9900144 ], [ -87.7618356, 41.9894671 ], [ -87.7616374, 41.9890636 ], [ -87.761595, 41.9889197 ], [ -87.7615825, 41.9888061 ], [ -87.7616347, 41.9886619 ], [ -87.7616852, 41.98855 ], [ -87.7617817, 41.9884648 ], [ -87.761897, 41.9883952 ], [ -87.7620121, 41.9883555 ], [ -87.7621242, 41.9883161 ], [ -87.7622128, 41.9882401 ], [ -87.7623107, 41.9881479 ], [ -87.7623296, 41.9880517 ], [ -87.7623241, 41.9879625 ], [ -87.7622701, 41.9878773 ], [ -87.7621915, 41.9877934 ], [ -87.7620967, 41.9877222 ], [ -87.7619665, 41.9876747 ], [ -87.7618236, 41.9876612 ], [ -87.7616062, 41.9876655 ], [ -87.7613734, 41.9876941 ], [ -87.7611855, 41.9877293 ], [ -87.7610273, 41.9877912 ], [ -87.7608748, 41.9878748 ], [ -87.7607455, 41.9879439 ], [ -87.7606442, 41.9879825 ], [ -87.7568847, 41.9805391 ], [ -87.7567694, 41.9805642 ], [ -87.7550854, 41.9773126 ], [ -87.7552173, 41.9773941 ], [ -87.7553492, 41.9774696 ], [ -87.7553439, 41.9773549 ], [ -87.7553391, 41.9771583 ], [ -87.7553366, 41.9770777 ], [ -87.7553344, 41.9770076 ], [ -87.7553116, 41.9762888 ], [ -87.7552813, 41.9753331 ], [ -87.7552785, 41.9752462 ], [ -87.7552761, 41.9751707 ], [ -87.7552714, 41.9750196 ], [ -87.7552642, 41.974793 ], [ -87.7552523, 41.9744194 ], [ -87.7552495, 41.9743311 ], [ -87.7552472, 41.9742596 ], [ -87.7552354, 41.9738836 ], [ -87.7552235, 41.9735075 ], [ -87.7552211, 41.9734333 ], [ -87.7552187, 41.9733583 ], [ -87.7552064, 41.97297 ], [ -87.7551944, 41.9725913 ], [ -87.7551918, 41.9725089 ], [ -87.7550945, 41.9725103 ], [ -87.7529028, 41.9725401 ], [ -87.7528728, 41.9725376 ], [ -87.7528532, 41.9725274 ], [ -87.7528145, 41.9724871 ], [ -87.7527988, 41.9724618 ], [ -87.752796, 41.9724505 ], [ -87.7527982, 41.9720806 ], [ -87.7528005, 41.9717058 ], [ -87.7528005, 41.9716977 ], [ -87.7527622, 41.9716204 ], [ -87.7527297, 41.9715434 ], [ -87.75272, 41.9711674 ], [ -87.7527103, 41.9707911 ], [ -87.7527081, 41.9707055 ], [ -87.7527061, 41.9706298 ], [ -87.7526965, 41.9702561 ], [ -87.752687, 41.9698925 ], [ -87.7526867, 41.9698797 ], [ -87.7526845, 41.9697924 ], [ -87.7526826, 41.9697183 ], [ -87.7526825, 41.9697162 ], [ -87.7526821, 41.9696995 ], [ -87.752673, 41.9693468 ], [ -87.7526631, 41.9689634 ], [ -87.752661, 41.9688805 ], [ -87.752659, 41.9688044 ], [ -87.7526499, 41.9684499 ], [ -87.7526374, 41.9679668 ], [ -87.7477227, 41.9680327 ], [ -87.7476953, 41.9681205 ], [ -87.7476065, 41.9683804 ], [ -87.7475803, 41.9684645 ], [ -87.7475669, 41.9685393 ], [ -87.7475682, 41.9685871 ], [ -87.7475857, 41.9686599 ], [ -87.7476873, 41.96889 ], [ -87.7477091, 41.9689291 ], [ -87.7477506, 41.9690428 ], [ -87.7477828, 41.9691605 ], [ -87.747811, 41.9692921 ], [ -87.7478248, 41.9693969 ], [ -87.7478432, 41.9696092 ], [ -87.7478539, 41.9698535 ], [ -87.7478655, 41.9703172 ], [ -87.7478769, 41.9707709 ], [ -87.7479101, 41.9724938 ], [ -87.7479157, 41.9727799 ], [ -87.7479179, 41.9728962 ], [ -87.7479206, 41.9729961 ], [ -87.7479419, 41.9737811 ], [ -87.7479743, 41.9749746 ], [ -87.7479842, 41.975339 ], [ -87.7482404, 41.9830485 ], [ -87.74825, 41.9834333 ], [ -87.7482569, 41.983678 ], [ -87.7479549, 41.9836462 ], [ -87.7477371, 41.9835746 ], [ -87.7475068, 41.983471 ], [ -87.7472776, 41.9832856 ], [ -87.7471247, 41.9831156 ], [ -87.7470487, 41.9829864 ], [ -87.7470165, 41.9828899 ], [ -87.7469917, 41.9826871 ], [ -87.7469825, 41.9826193 ], [ -87.7457764, 41.9826285 ], [ -87.7432203, 41.982656 ], [ -87.7430805, 41.9826016 ], [ -87.741799, 41.9826467 ], [ -87.7404257, 41.9826798 ], [ -87.7396389, 41.9827051 ], [ -87.7384469, 41.9827151 ], [ -87.7383149, 41.9827359 ], [ -87.7383445, 41.9839651 ], [ -87.7384055, 41.9862315 ], [ -87.7383407, 41.9863549 ], [ -87.738272, 41.9863858 ], [ -87.7372308, 41.9868533 ], [ -87.7370626, 41.9869202 ], [ -87.7370488, 41.9869266 ], [ -87.7357547, 41.987525 ], [ -87.7342641, 41.9882415 ], [ -87.7341925, 41.9883024 ], [ -87.7341349, 41.9883543 ], [ -87.7332759, 41.9895423 ], [ -87.7332208, 41.9896186 ], [ -87.7329932, 41.9899334 ], [ -87.7329888, 41.9899521 ], [ -87.7329869, 41.9899602 ], [ -87.7330312, 41.9900749 ], [ -87.7322153, 41.9900918 ], [ -87.7318149, 41.9900933 ], [ -87.7264159, 41.9972507 ], [ -87.726629, 41.99725 ], [ -87.727179, 41.99725 ], [ -87.727274, 41.99725 ], [ -87.727363, 41.99725 ], [ -87.727672, 41.99725 ], [ -87.728599, 41.997252 ], [ -87.728909, 41.997253 ], [ -87.729153, 41.997252 ], [ -87.729886, 41.99725 ], [ -87.730131, 41.99725 ], [ -87.730373, 41.997249 ], [ -87.731102, 41.997246 ], [ -87.731345, 41.997246 ], [ -87.731587, 41.997245 ], [ -87.732316, 41.997243 ], [ -87.732559, 41.997243 ], [ -87.732802, 41.997243 ], [ -87.733531, 41.997243 ], [ -87.733775, 41.997243 ], [ -87.734018, 41.997243 ], [ -87.734747, 41.997243 ], [ -87.734991, 41.997243 ], [ -87.735233, 41.997243 ], [ -87.735961, 41.997243 ], [ -87.736204, 41.997244 ], [ -87.736447, 41.997244 ], [ -87.737176, 41.997245 ], [ -87.73742, 41.997246 ], [ -87.737654, 41.997246 ], [ -87.738358, 41.997248 ], [ -87.738593, 41.997249 ], [ -87.738675, 41.997249 ], [ -87.738924, 41.997249 ], [ -87.739007, 41.99725 ], [ -87.739174, 41.99725 ], [ -87.739678, 41.997252 ], [ -87.739846, 41.997253 ], [ -87.740088, 41.997254 ], [ -87.740817, 41.997257 ], [ -87.74106, 41.997258 ], [ -87.741303, 41.997259 ], [ -87.742033, 41.997262 ], [ -87.742277, 41.997263 ], [ -87.742519, 41.997263 ], [ -87.743245, 41.997266 ], [ -87.743488, 41.997268 ], [ -87.743731, 41.997269 ], [ -87.744462, 41.997272 ], [ -87.744706, 41.997274 ], [ -87.744949, 41.997274 ], [ -87.745678, 41.997277 ], [ -87.745922, 41.997278 ], [ -87.746164, 41.997279 ], [ -87.74689, 41.997282 ], [ -87.748928, 41.99729 ], [ -87.751143, 41.997298 ], [ -87.752881, 41.997303 ], [ -87.76227, 42.001687 ], [ -87.762204, 42.001876 ], [ -87.761958, 42.002637 ], [ -87.761953, 42.002657 ], [ -87.7619364, 42.0027455 ], [ -87.7618941, 42.0031795 ], [ -87.761893, 42.003183 ], [ -87.7618182, 42.0046474 ], [ -87.7617943, 42.0052041 ], [ -87.7616668, 42.0082785 ], [ -87.7629285, 42.0082905 ], [ -87.7674743, 42.0083317 ], [ -87.7675491, 42.0046641 ], [ -87.7654809, 42.003698 ], [ -87.7657363, 42.0033936 ], [ -87.7657829, 42.0033378 ], [ -87.7658803, 42.0033832 ], [ -87.7675743, 42.0041582 ], [ -87.7677857, 42.0042573 ], [ -87.7678582, 42.0042885 ], [ -87.769393, 42.004954 ], [ -87.769545, 42.005253 ], [ -87.770004, 42.006151 ], [ -87.770157, 42.006451 ], [ -87.7704311, 42.0063424 ], [ -87.7706107, 42.0066871 ], [ -87.7706544, 42.0067711 ], [ -87.7707297, 42.0069156 ], [ -87.7708571, 42.0071601 ], [ -87.7709575, 42.0073547 ], [ -87.7711469, 42.0077164 ], [ -87.7713079, 42.0080255 ], [ -87.7713442, 42.0080951 ], [ -87.7714213, 42.0082417 ], [ -87.7714392, 42.0082776 ], [ -87.7716816, 42.0087428 ], [ -87.7719134, 42.0091878 ], [ -87.7719366, 42.0092323 ], [ -87.7720595, 42.0094703 ], [ -87.7722601, 42.0098589 ], [ -87.7723971, 42.0101236 ], [ -87.7724721, 42.0102689 ], [ -87.7731225, 42.0115291 ], [ -87.7732704, 42.0118104 ], [ -87.7733483, 42.0119587 ], [ -87.7735277, 42.011961 ], [ -87.7739373, 42.0119664 ], [ -87.7741731, 42.0119672 ], [ -87.774598, 42.0119694 ], [ -87.7747381, 42.0119701 ], [ -87.7748779, 42.0119708 ], [ -87.7750425, 42.0119717 ], [ -87.7751921, 42.0119725 ], [ -87.7752071, 42.0119726 ], [ -87.7753593, 42.0119733 ], [ -87.7755008, 42.0119741 ], [ -87.775646, 42.0119748 ], [ -87.7757943, 42.0119756 ], [ -87.7759593, 42.0119764 ], [ -87.7760632, 42.011977 ], [ -87.7762149, 42.0119778 ], [ -87.7763592, 42.0119785 ], [ -87.7764922, 42.0119792 ], [ -87.7766335, 42.0119803 ], [ -87.776983, 42.0119832 ], [ -87.7770434, 42.0119845 ], [ -87.7770361, 42.0129196 ], [ -87.7769485, 42.0156119 ], [ -87.7791284, 42.0155978 ], [ -87.779167, 42.0143138 ], [ -87.7791849, 42.0138475 ], [ -87.7791864, 42.0138172 ], [ -87.7792383, 42.0128851 ], [ -87.7792529, 42.0125201 ], [ -87.7792495, 42.0120983 ], [ -87.7792493, 42.011996 ], [ -87.779282, 42.011996 ], [ -87.7795991, 42.0119965 ], [ -87.7799745, 42.011997 ], [ -87.7803788, 42.0119981 ], [ -87.780632, 42.0119973 ], [ -87.7818305, 42.0119996 ], [ -87.7820236, 42.0120014 ], [ -87.7825279, 42.012002 ], [ -87.7826751, 42.0120022 ], [ -87.7829017, 42.0120025 ], [ -87.7831213, 42.0120028 ], [ -87.7833534, 42.0120037 ], [ -87.7842098, 42.0120043 ], [ -87.7843503, 42.0120044 ], [ -87.7847006, 42.0120033 ], [ -87.7848442, 42.0120026 ], [ -87.7852039, 42.0120017 ], [ -87.7854463, 42.0120011 ], [ -87.7855677, 42.0120008 ], [ -87.7856333, 42.0120006 ], [ -87.7865965, 42.0119983 ], [ -87.7867327, 42.011998 ], [ -87.787089, 42.0119971 ], [ -87.7873265, 42.0119964 ], [ -87.7874759, 42.0119962 ], [ -87.7875423, 42.0119963 ], [ -87.7876971, 42.0119966 ], [ -87.7880485, 42.0119999 ], [ -87.7885292, 42.0120001 ], [ -87.7887285, 42.0120023 ], [ -87.7886168, 42.0118744 ], [ -87.7883444, 42.0115482 ], [ -87.7882609, 42.0114519 ], [ -87.7881184, 42.011282 ], [ -87.7879417, 42.0110758 ], [ -87.787636, 42.0107246 ], [ -87.7870884, 42.0100821 ], [ -87.7867196, 42.0096525 ], [ -87.7866588, 42.0095814 ], [ -87.7865665, 42.0094733 ], [ -87.7864785, 42.0093703 ], [ -87.7864496, 42.0093365 ], [ -87.7863938, 42.0092708 ], [ -87.786315, 42.009178 ], [ -87.7862077, 42.0090518 ], [ -87.7861601, 42.0089957 ], [ -87.7860872, 42.0089102 ], [ -87.7859267, 42.008722 ], [ -87.7858209, 42.008598 ], [ -87.7857954, 42.0085681 ], [ -87.785724, 42.008485 ], [ -87.7856362, 42.0083827 ], [ -87.785544, 42.0082754 ], [ -87.7854634, 42.0081816 ], [ -87.7853709, 42.0080739 ], [ -87.7852409, 42.0079257 ], [ -87.7851603, 42.0078297 ], [ -87.7850293, 42.0076775 ], [ -87.7846893, 42.007276 ], [ -87.7844746, 42.0070253 ], [ -87.7844111, 42.0069511 ], [ -87.7843805, 42.0069153 ], [ -87.7843247, 42.0068499 ], [ -87.784226, 42.0067342 ], [ -87.7841338, 42.0066263 ], [ -87.7840465, 42.006524 ], [ -87.7839573, 42.0064194 ], [ -87.7838656, 42.0063119 ], [ -87.7837926, 42.0062264 ], [ -87.7837005, 42.0061185 ], [ -87.7836077, 42.0060097 ], [ -87.783458, 42.0058342 ], [ -87.7833762, 42.0057383 ], [ -87.7832157, 42.0055496 ], [ -87.7831565, 42.0054848 ], [ -87.7830044, 42.0053173 ], [ -87.7829518, 42.0052652 ], [ -87.7828308, 42.0051453 ], [ -87.7828031, 42.0051179 ], [ -87.7827035, 42.0050281 ], [ -87.7826176, 42.0049507 ], [ -87.7824555, 42.0048149 ], [ -87.7822381, 42.0046508 ], [ -87.7822225, 42.004639 ], [ -87.7819923, 42.0044914 ], [ -87.7820629, 42.0044584 ], [ -87.7825438, 42.0042542 ], [ -87.7825674, 42.0042432 ], [ -87.7828446, 42.0041142 ], [ -87.7903377, 42.0007303 ], [ -87.7902725, 42.0006555 ], [ -87.7901098, 42.0005309 ], [ -87.7898319, 42.0004046 ], [ -87.7891424, 42.0001827 ], [ -87.7888568, 42.000067 ], [ -87.7883299, 41.9997331 ], [ -87.7880951, 41.9996631 ], [ -87.7878798, 41.9996275 ], [ -87.7877664, 41.9996178 ], [ -87.7875973, 41.9996316 ], [ -87.7874114, 41.9996751 ], [ -87.7872369, 41.9997463 ], [ -87.78715, 41.9997733 ], [ -87.7870368, 41.9998084 ], [ -87.7868595, 41.9998322 ], [ -87.7866648, 41.9998267 ], [ -87.7865441, 41.9998046 ], [ -87.7865122, 41.9997988 ], [ -87.7861926, 41.9997246 ], [ -87.7858553, 41.9997051 ], [ -87.7854189, 41.999701 ], [ -87.7851916, 41.9997482 ], [ -87.7849942, 41.999829 ], [ -87.7849007, 41.9998812 ], [ -87.7846138, 42.0001182 ], [ -87.7844899, 42.0001701 ], [ -87.7842584, 42.0001884 ], [ -87.7839988, 42.0001696 ], [ -87.7838097, 42.0001462 ], [ -87.7836075, 42.0000968 ], [ -87.7834654, 42.0000419 ], [ -87.7833348, 42.0000115 ], [ -87.7832096, 42.000016 ], [ -87.7830709, 42.000062 ], [ -87.7829737, 42.0001685 ], [ -87.7829023, 42.0002844 ], [ -87.7828912, 42.0004277 ], [ -87.7828592, 42.0007086 ], [ -87.7827163, 42.0011681 ], [ -87.782577, 42.0014288 ], [ -87.7823238, 42.0019119 ], [ -87.782258, 42.0021445 ], [ -87.7819933, 42.0026245 ], [ -87.78184, 42.0027853 ], [ -87.7817632, 42.0028658 ], [ -87.7816395, 42.0029379 ], [ -87.781501, 42.0029813 ], [ -87.7813382, 42.0029739 ], [ -87.781188, 42.0029467 ], [ -87.7810645, 42.0028991 ], [ -87.7808532, 42.0027677 ], [ -87.7806328, 42.0025529 ], [ -87.7805449, 42.0023618 ], [ -87.7804673, 42.0021126 ], [ -87.7803434, 42.0017329 ], [ -87.7802767, 42.0014343 ], [ -87.7802334, 42.0008048 ], [ -87.7801612, 42.0001916 ], [ -87.7800403, 41.9995045 ] ] ] } },
{ "type": "Feature", "properties": { "name": "Edison Park", "overture_id": "d8bcb177-b55e-46af-8192-7229fbede766", "division_id": "af60befa-3fe3-40d4-a4b4-c5a5bc5f4a70" }, "geometry": { "type": "Polygon", "coordinates": [ [ [ -87.8067298, 42.0008461 ], [ -87.8065485, 42.018966 ], [ -87.8138802, 42.0188045 ], [ -87.8163372, 42.0187496 ], [ -87.8164547, 42.018747 ], [ -87.8174529, 42.0187248 ], [ -87.8175612, 42.0187223 ], [ -87.8176706, 42.0187196 ], [ -87.8186732, 42.0186963 ], [ -87.8187738, 42.018694 ], [ -87.821223, 42.0186382 ], [ -87.8212222, 42.0155353 ], [ -87.820551, 42.0155432 ], [ -87.8200702, 42.0155468 ], [ -87.8201033, 42.0139316 ], [ -87.8201057, 42.013013 ], [ -87.8201187, 42.0119655 ], [ -87.8197686, 42.0119724 ], [ -87.8197511, 42.0113883 ], [ -87.821253, 42.011357 ], [ -87.8214013, 41.9968801 ], [ -87.8102924, 41.9971679 ], [ -87.8102758, 41.9955062 ], [ -87.8068619, 41.9954595 ], [ -87.8067298, 42.0008461 ] ] ] } },
{ "type": "Feature", "properties": { "name": "O'Hare", "overture_id": "88b2adf4-0b87-4238-8ed2-99c2f77ea507", "division_id": "5453731b-742d-4d09-9f05-4a1988b17ce0" }, "geometry": { "type": "Polygon", "coordinates": [ [ [ -87.8899524, 42.0032401 ], [ -87.8918738, 42.0040327 ], [ -87.8941307, 42.0040489 ], [ -87.8941187, 42.005474 ], [ -87.894946, 42.005807 ], [ -87.895416, 42.00602 ], [ -87.896121, 42.006347 ], [ -87.896601, 42.00657 ], [ -87.897292, 42.006873 ], [ -87.8980177, 42.007128 ], [ -87.898609, 42.007335 ], [ -87.899307, 42.007538 ], [ -87.899973, 42.007722 ], [ -87.901106, 42.008016 ], [ -87.902303, 42.008338 ], [ -87.9043261, 42.0088996 ], [ -87.9077104, 42.0087665 ], [ -87.9076905, 42.0056511 ], [ -87.9076877, 42.005204 ], [ -87.9076874, 42.0051583 ], [ -87.9090785, 42.0051476 ], [ -87.911266, 42.005129 ], [ -87.911746, 42.005129 ], [ -87.913008, 42.0051179 ], [ -87.9130253, 42.0062567 ], [ -87.9132537, 42.0062569 ], [ -87.9132942, 42.0085962 ], [ -87.9137817, 42.0085885 ], [ -87.91378, 42.0084483 ], [ -87.9137739, 42.0081599 ], [ -87.9137263, 42.0081599 ], [ -87.9137191, 42.0073065 ], [ -87.913692, 42.0062572 ], [ -87.9136951, 42.0061267 ], [ -87.9137288, 42.0060058 ], [ -87.9137472, 42.0051416 ], [ -87.9147378, 42.005134 ], [ -87.92062, 42.0051438 ], [ -87.9206223, 42.0046885 ], [ -87.9215169, 42.0046834 ], [ -87.9230615, 42.0063633 ], [ -87.9258211, 42.007401 ], [ -87.929227, 42.004986 ], [ -87.92926, 42.004955 ], [ -87.929333, 42.004832 ], [ -87.929491, 42.004884 ], [ -87.929601, 42.004889 ], [ -87.929617, 42.004891 ], [ -87.930366, 42.004989 ], [ -87.933092, 42.005396 ], [ -87.933071, 42.005525 ], [ -87.933256, 42.00809 ], [ -87.933274, 42.008184 ], [ -87.935212, 42.008159 ], [ -87.935011, 42.00109 ], [ -87.9352556, 42.0008945 ], [ -87.9400876, 42.0008044 ], [ -87.940032, 41.998131 ], [ -87.9375286, 41.9974396 ], [ -87.937433, 41.9976164 ], [ -87.9371673, 41.9980493 ], [ -87.9368936, 41.9984741 ], [ -87.9366029, 41.998878 ], [ -87.9359476, 41.9997272 ], [ -87.9357361, 41.99973 ], [ -87.9359711, 41.9994516 ], [ -87.9361716, 41.9991983 ], [ -87.9364572, 41.9988396 ], [ -87.9368172, 41.9983532 ], [ -87.9370247, 41.9980221 ], [ -87.9372474, 41.9976612 ], [ -87.9375465, 41.997132 ], [ -87.9377274, 41.9967763 ], [ -87.9378666, 41.9964829 ], [ -87.938061, 41.9959818 ], [ -87.9382497, 41.9954848 ], [ -87.9383631, 41.9951481 ], [ -87.9385466, 41.9944905 ], [ -87.9386507, 41.9939807 ], [ -87.9387086, 41.9937118 ], [ -87.9387355, 41.9935354 ], [ -87.939124, 41.9935271 ], [ -87.9398182, 41.9935152 ], [ -87.9399953, 41.9935125 ], [ -87.9399315, 41.9909609 ], [ -87.939842, 41.987523 ], [ -87.939837, 41.986932 ], [ -87.939837, 41.9869286 ], [ -87.939848, 41.9868183 ], [ -87.939791, 41.984531 ], [ -87.9397835, 41.9835848 ], [ -87.9397796, 41.9830941 ], [ -87.9397732, 41.9823832 ], [ -87.9397059, 41.9760186 ], [ -87.939702, 41.975937 ], [ -87.9397297, 41.9759622 ], [ -87.9396917, 41.9733079 ], [ -87.939692, 41.973303 ], [ -87.939584, 41.96463 ], [ -87.9395972, 41.9567077 ], [ -87.9337679, 41.9558588 ], [ -87.9291117, 41.9551231 ], [ -87.926076, 41.954665 ], [ -87.926074, 41.954604 ], [ -87.925275, 41.954458 ], [ -87.923859, 41.954159 ], [ -87.923477, 41.954071 ], [ -87.922033, 41.953714 ], [ -87.9219857, 41.9538501 ], [ -87.9202024, 41.9533888 ], [ -87.916192, 41.9523535 ], [ -87.9162983, 41.9558937 ], [ -87.9166536, 41.9558917 ], [ -87.916247, 41.957567 ], [ -87.915953, 41.957482 ], [ -87.91573, 41.957408 ], [ -87.91562, 41.957368 ], [ -87.915544, 41.957136 ], [ -87.91547, 41.956909 ], [ -87.915321, 41.956441 ], [ -87.915248, 41.956209 ], [ -87.915199, 41.95597 ], [ -87.915196, 41.955954 ], [ -87.915151, 41.955673 ], [ -87.915092, 41.955256 ], [ -87.915091, 41.955248 ], [ -87.915064, 41.955007 ], [ -87.915049, 41.954884 ], [ -87.915019, 41.954393 ], [ -87.9150112, 41.9520103 ], [ -87.9123488, 41.9513568 ], [ -87.9121346, 41.9528887 ], [ -87.9106832, 41.9524301 ], [ -87.9097113, 41.9521717 ], [ -87.9088244, 41.9519593 ], [ -87.9075337, 41.9516989 ], [ -87.9059705, 41.9514326 ], [ -87.9045544, 41.9512505 ], [ -87.90345, 41.951133 ], [ -87.903412, 41.95113 ], [ -87.902361, 41.95105 ], [ -87.902082, 41.951036 ], [ -87.901938, 41.951029 ], [ -87.901935, 41.951028 ], [ -87.901495, 41.951006 ], [ -87.901349, 41.950999 ], [ -87.900511, 41.950926 ], [ -87.897999, 41.950709 ], [ -87.8965462, 41.950642 ], [ -87.896282, 41.950649 ], [ -87.894077, 41.950691 ], [ -87.893643, 41.950697 ], [ -87.892764, 41.950712 ], [ -87.8927598, 41.9517688 ], [ -87.89278, 41.952645 ], [ -87.8928022, 41.9544567 ], [ -87.8905124, 41.9568664 ], [ -87.8889003, 41.9579061 ], [ -87.8885, 41.957895 ], [ -87.887267, 41.95778 ], [ -87.886857, 41.957742 ], [ -87.886345, 41.957698 ], [ -87.8849626, 41.9575819 ], [ -87.884809, 41.957569 ], [ -87.884297, 41.957526 ], [ -87.884084, 41.957466 ], [ -87.884028, 41.957451 ], [ -87.883583, 41.957326 ], [ -87.883448, 41.957289 ], [ -87.883236, 41.957233 ], [ -87.8827, 41.957209 ], [ -87.881094, 41.957138 ], [ -87.8806234, 41.9571429 ], [ -87.880576, 41.957388 ], [ -87.880628, 41.958207 ], [ -87.880646, 41.95848 ], [ -87.880662, 41.958879 ], [ -87.88071, 41.960079 ], [ -87.8807497, 41.9729465 ], [ -87.8618715, 41.9733276 ], [ -87.8617429, 41.9730467 ], [ -87.8614433, 41.9726607 ], [ -87.8607665, 41.9721324 ], [ -87.8600348, 41.9716486 ], [ -87.8593578, 41.9713806 ], [ -87.8585647, 41.9713196 ], [ -87.8580001, 41.9714795 ], [ -87.8567581, 41.9720894 ], [ -87.8561548, 41.9723856 ], [ -87.8559255, 41.9724905 ], [ -87.855459, 41.9725449 ], [ -87.855121, 41.9724542 ], [ -87.8547485, 41.9722052 ], [ -87.8542935, 41.9718333 ], [ -87.8540401, 41.971343 ], [ -87.8540222, 41.9709757 ], [ -87.8541978, 41.9703691 ], [ -87.8543902, 41.9700692 ], [ -87.8546442, 41.9696735 ], [ -87.8548694, 41.9692316 ], [ -87.8550039, 41.9688829 ], [ -87.8550614, 41.9686485 ], [ -87.8550819, 41.9684419 ], [ -87.8551199, 41.9681512 ], [ -87.855023, 41.967813 ], [ -87.8549274, 41.9671656 ], [ -87.8547226, 41.9665047 ], [ -87.8549544, 41.9658096 ], [ -87.8551542, 41.965391 ], [ -87.8554424, 41.9649702 ], [ -87.8556909, 41.9646375 ], [ -87.8557864, 41.9643415 ], [ -87.8557867, 41.9641369 ], [ -87.855733, 41.9635908 ], [ -87.8556735, 41.9632584 ], [ -87.8556059, 41.9627143 ], [ -87.8556489, 41.962583 ], [ -87.8556784, 41.9624931 ], [ -87.8557514, 41.9622706 ], [ -87.856069, 41.9618813 ], [ -87.8561813, 41.9616955 ], [ -87.8564123, 41.9613132 ], [ -87.8570388, 41.9602027 ], [ -87.8576482, 41.9590156 ], [ -87.8579916, 41.9584986 ], [ -87.8585495, 41.9577965 ], [ -87.8588111, 41.9573797 ], [ -87.8588838, 41.9570512 ], [ -87.8588589, 41.9567718 ], [ -87.8587567, 41.9562611 ], [ -87.8582804, 41.9555696 ], [ -87.8582088, 41.9554522 ], [ -87.8466031, 41.9556679 ], [ -87.8466281, 41.9516554 ], [ -87.8538924, 41.9514662 ], [ -87.8539469, 41.9513454 ], [ -87.8540642, 41.9511032 ], [ -87.8544158, 41.9504263 ], [ -87.8545912, 41.9500841 ], [ -87.854789, 41.9496984 ], [ -87.8549893, 41.9492141 ], [ -87.8551353, 41.9486841 ], [ -87.8551753, 41.9482371 ], [ -87.8551588, 41.9479997 ], [ -87.8548015, 41.9471668 ], [ -87.8546286, 41.9468408 ], [ -87.8545394, 41.9466324 ], [ -87.854337, 41.9461596 ], [ -87.8538917, 41.9453114 ], [ -87.8537049, 41.9448993 ], [ -87.853573, 41.9445824 ], [ -87.8532023, 41.9436918 ], [ -87.8529649, 41.9429762 ], [ -87.8527473, 41.942399 ], [ -87.8526762, 41.9422426 ], [ -87.8524122, 41.9416625 ], [ -87.8522041, 41.9411268 ], [ -87.8521002, 41.9406524 ], [ -87.8520599, 41.9402265 ], [ -87.8519552, 41.9395756 ], [ -87.8519036, 41.9394024 ], [ -87.8519007, 41.9393927 ], [ -87.8517168, 41.9391189 ], [ -87.8515055, 41.9388465 ], [ -87.8510894, 41.9384235 ], [ -87.8507922, 41.9381998 ], [ -87.8503812, 41.9379102 ], [ -87.8499566, 41.9376008 ], [ -87.8498172, 41.9374931 ], [ -87.8496049, 41.9372863 ], [ -87.84792, 41.937324 ], [ -87.847485, 41.937332 ], [ -87.846549, 41.937351 ], [ -87.845315, 41.937375 ], [ -87.844905, 41.937384 ], [ -87.844446, 41.937395 ], [ -87.843135, 41.937414 ], [ -87.842982, 41.937417 ], [ -87.84037, 41.937472 ], [ -87.837829, 41.937525 ], [ -87.837462, 41.937533 ], [ -87.83606, 41.937559 ], [ -87.835809, 41.937563 ], [ -87.8347934, 41.9375772 ], [ -87.8350994, 41.9447922 ], [ -87.8364969, 41.9447606 ], [ -87.8365121, 41.9451418 ], [ -87.8365451, 41.946003 ], [ -87.8366236, 41.9485549 ], [ -87.8367394, 41.9501735 ], [ -87.8367288, 41.9518262 ], [ -87.836727, 41.9521003 ], [ -87.8367295, 41.953929 ], [ -87.8367259, 41.9556682 ], [ -87.836673, 41.959381 ], [ -87.8367062, 41.959885 ], [ -87.8366781, 41.9665988 ], [ -87.836771, 41.9665971 ], [ -87.8369192, 41.9665944 ], [ -87.8372607, 41.9665882 ], [ -87.8373263, 41.966587 ], [ -87.8375344, 41.9665832 ], [ -87.8379302, 41.966576 ], [ -87.8381751, 41.9665715 ], [ -87.8383878, 41.9665676 ], [ -87.8384963, 41.9665657 ], [ -87.8385929, 41.9665639 ], [ -87.838899, 41.9665583 ], [ -87.8391637, 41.9665535 ], [ -87.8395799, 41.9665459 ], [ -87.8397936, 41.966542 ], [ -87.8403969, 41.9665287 ], [ -87.8406908, 41.966523 ], [ -87.8415182, 41.9665068 ], [ -87.8416217, 41.9665048 ], [ -87.8417132, 41.966503 ], [ -87.8427498, 41.9664828 ], [ -87.8428342, 41.9664812 ], [ -87.8433704, 41.9664708 ], [ -87.8434969, 41.9664683 ], [ -87.8438094, 41.9664622 ], [ -87.8440478, 41.9664575 ], [ -87.8445881, 41.966447 ], [ -87.8447118, 41.9664446 ], [ -87.8452608, 41.9664339 ], [ -87.8458118, 41.9664231 ], [ -87.8459653, 41.9664201 ], [ -87.8459879, 41.9664197 ], [ -87.8463838, 41.966414 ], [ -87.8464881, 41.9664143 ], [ -87.8465588, 41.966415 ], [ -87.84654, 41.971903 ], [ -87.8415729, 41.9719756 ], [ -87.841583, 41.970159 ], [ -87.8367752, 41.9702314 ], [ -87.8366627, 41.9702331 ], [ -87.8366544, 41.9713725 ], [ -87.8379566, 41.9713567 ], [ -87.8379368, 41.9738384 ], [ -87.84155, 41.973788 ], [ -87.8415523, 41.9746906 ], [ -87.8366331, 41.9747747 ], [ -87.8366377, 41.9753068 ], [ -87.8366143, 41.9795702 ], [ -87.8365706, 41.9824703 ], [ -87.8365594, 41.9839834 ], [ -87.8366256, 41.9863941 ], [ -87.837867, 41.986552 ], [ -87.8404066, 41.9869416 ], [ -87.8411957, 41.9870576 ], [ -87.841946, 41.987167 ], [ -87.843204, 41.987361 ], [ -87.843946, 41.987471 ], [ -87.844998, 41.987623 ], [ -87.845053, 41.987634 ], [ -87.845762, 41.987739 ], [ -87.846529, 41.987853 ], [ -87.84713, 41.987942 ], [ -87.84736, 41.987976 ], [ -87.848382, 41.988131 ], [ -87.848935, 41.988211 ], [ -87.849537, 41.988299 ], [ -87.849649, 41.988313 ], [ -87.849987, 41.988357 ], [ -87.8501, 41.988372 ], [ -87.850702, 41.988438 ], [ -87.851257, 41.988485 ], [ -87.851327, 41.988492 ], [ -87.851768, 41.98852 ], [ -87.85273, 41.988561 ], [ -87.853168, 41.988577 ], [ -87.853425, 41.98859 ], [ -87.853858, 41.988616 ], [ -87.854132, 41.98865 ], [ -87.854607, 41.988718 ], [ -87.854732, 41.988741 ], [ -87.85483, 41.98876 ], [ -87.8552039, 41.9888458 ], [ -87.855531, 41.988953 ], [ -87.855599, 41.988975 ], [ -87.855725, 41.989016 ], [ -87.8558124, 41.989041 ], [ -87.8556814, 41.9887242 ], [ -87.8556169, 41.9885647 ], [ -87.8554951, 41.988263 ], [ -87.8555039, 41.9879142 ], [ -87.8556006, 41.9876024 ], [ -87.8557857, 41.9872 ], [ -87.8560714, 41.9865613 ], [ -87.8564895, 41.985536 ], [ -87.8566878, 41.9849952 ], [ -87.856734, 41.9848231 ], [ -87.8566541, 41.9842741 ], [ -87.85652, 41.9839591 ], [ -87.8561981, 41.9831457 ], [ -87.8560071, 41.9825338 ], [ -87.8558056, 41.9820184 ], [ -87.855726, 41.9817177 ], [ -87.8558499, 41.9810831 ], [ -87.8564209, 41.9802149 ], [ -87.8567503, 41.9799571 ], [ -87.8571033, 41.9797197 ], [ -87.8574222, 41.9794697 ], [ -87.8576994, 41.9792723 ], [ -87.8579927, 41.9789923 ], [ -87.8591073, 41.9779424 ], [ -87.8605554, 41.9766439 ], [ -87.8609979, 41.9763356 ], [ -87.8613959, 41.9759391 ], [ -87.8616996, 41.9756093 ], [ -87.8618676, 41.9752704 ], [ -87.8620155, 41.9748442 ], [ -87.8620832, 41.974499 ], [ -87.8620894, 41.9741529 ], [ -87.862051, 41.9738637 ], [ -87.8674848, 41.973737 ], [ -87.8674968, 41.9740068 ], [ -87.8678432, 41.9740012 ], [ -87.8678392, 41.9738201 ], [ -87.8685902, 41.9738095 ], [ -87.8685921, 41.9739761 ], [ -87.8758962, 41.973922 ], [ -87.875884, 41.9766078 ], [ -87.873799, 41.97673 ], [ -87.875999, 41.9830296 ], [ -87.8780239, 41.9887699 ], [ -87.878662, 41.9905977 ], [ -87.8803548, 41.9952298 ], [ -87.884532, 41.995132 ], [ -87.8845335, 41.9982212 ], [ -87.8845401, 41.9982345 ], [ -87.884564, 41.9982469 ], [ -87.8858584, 41.998547 ], [ -87.8881949, 41.9990474 ], [ -87.891225, 41.999571 ], [ -87.892298, 41.999708 ], [ -87.89258, 41.999766 ], [ -87.892867, 41.999856 ], [ -87.8970522, 42.0004544 ], [ -87.8970844, 42.0021766 ], [ -87.893082, 42.002252 ], [ -87.890131, 42.00232 ], [ -87.8899524, 42.0032401 ] ] ] } },
{ "type": "Feature", "properties": { "name": "Norwood Park", "overture_id": "656a3a98-0e9a-4f6c-9702-b7f83b374271", "division_id": "3028e189-8656-4894-b9f0-728cd4a7be73" }, "geometry": { "type": "Polygon", "coordinates": [ [ [ -87.7888568, 42.000067 ], [ -87.7891424, 42.0001827 ], [ -87.7898319, 42.0004046 ], [ -87.7901098, 42.0005309 ], [ -87.7902725, 42.0006555 ], [ -87.7903377, 42.0007303 ], [ -87.7907381, 42.0005592 ], [ -87.7911292, 42.001 ], [ -87.7971464, 42.0009531 ], [ -87.7971544, 42.0000226 ], [ -87.7994051, 42.0000029 ], [ -87.7996079, 42.0009553 ], [ -87.8010958, 42.0009549 ], [ -87.8010919, 42.0015516 ], [ -87.8053289, 42.0015063 ], [ -87.8053213, 42.000871 ], [ -87.8067298, 42.0008461 ], [ -87.8068619, 41.9954595 ], [ -87.8102758, 41.9955062 ], [ -87.8102924, 41.9971679 ], [ -87.8214013, 41.9968801 ], [ -87.821414, 41.996851 ], [ -87.821465, 41.996659 ], [ -87.821609, 41.996126 ], [ -87.821619, 41.996083 ], [ -87.821666, 41.99589 ], [ -87.821823, 41.995164 ], [ -87.82185, 41.994981 ], [ -87.821905, 41.994653 ], [ -87.822072, 41.993669 ], [ -87.822128, 41.993342 ], [ -87.822151, 41.993215 ], [ -87.822152, 41.993211 ], [ -87.822202, 41.992831 ], [ -87.822219, 41.992704 ], [ -87.822244, 41.992513 ], [ -87.822323, 41.991941 ], [ -87.82235, 41.991751 ], [ -87.822371, 41.991591 ], [ -87.822437, 41.991111 ], [ -87.822459, 41.990952 ], [ -87.822478, 41.990805 ], [ -87.822537, 41.990364 ], [ -87.822557, 41.990218 ], [ -87.822587, 41.989993 ], [ -87.822679, 41.989318 ], [ -87.82271, 41.989094 ], [ -87.822751, 41.988785 ], [ -87.822875, 41.987858 ], [ -87.822917, 41.98755 ], [ -87.822936, 41.987404 ], [ -87.822947, 41.987329 ], [ -87.822977, 41.987107 ], [ -87.822995, 41.986966 ], [ -87.822996, 41.986964 ], [ -87.823016, 41.986821 ], [ -87.823036, 41.986667 ], [ -87.82306, 41.986492 ], [ -87.823067, 41.986446 ], [ -87.823097, 41.986224 ], [ -87.823124, 41.98601 ], [ -87.823129, 41.98597 ], [ -87.823152, 41.985796 ], [ -87.82317, 41.985661 ], [ -87.823225, 41.985256 ], [ -87.8233502, 41.9844822 ], [ -87.8234729, 41.9844973 ], [ -87.8241733, 41.9845837 ], [ -87.8261071, 41.9848756 ], [ -87.827684, 41.985118 ], [ -87.827945, 41.985155 ], [ -87.828189, 41.98519 ], [ -87.828924, 41.985295 ], [ -87.829169, 41.985331 ], [ -87.829412, 41.985365 ], [ -87.830141, 41.985468 ], [ -87.830385, 41.985503 ], [ -87.830631, 41.985537 ], [ -87.831369, 41.985642 ], [ -87.831615, 41.985677 ], [ -87.831859, 41.985712 ], [ -87.83209, 41.985745 ], [ -87.8330256, 41.9858713 ], [ -87.834745, 41.98611 ], [ -87.834993, 41.986144 ], [ -87.834996, 41.986144 ], [ -87.835241, 41.986179 ], [ -87.835399, 41.986201 ], [ -87.835873, 41.986267 ], [ -87.836032, 41.98629 ], [ -87.836149, 41.986306 ], [ -87.836302, 41.986328 ], [ -87.8366256, 41.9863941 ], [ -87.8365594, 41.9839834 ], [ -87.8365706, 41.9824703 ], [ -87.8366143, 41.9795702 ], [ -87.8366377, 41.9753068 ], [ -87.8337619, 41.9753518 ], [ -87.8337589, 41.9752439 ], [ -87.8335921, 41.9752467 ], [ -87.8335862, 41.9749199 ], [ -87.8334462, 41.9749205 ], [ -87.8334014, 41.9739145 ], [ -87.8317273, 41.9739463 ], [ -87.8317226, 41.9730577 ], [ -87.8267245, 41.9731263 ], [ -87.826735, 41.974034 ], [ -87.8241333, 41.9741011 ], [ -87.8237813, 41.9741102 ], [ -87.823442, 41.974119 ], [ -87.822248, 41.974149 ], [ -87.8194136, 41.9742259 ], [ -87.819401, 41.974223 ], [ -87.819435, 41.973221 ], [ -87.8190813, 41.9732206 ], [ -87.819077, 41.9731278 ], [ -87.8189644, 41.9731298 ], [ -87.8189773, 41.970618 ], [ -87.8184183, 41.9706302 ], [ -87.8175195, 41.9706487 ], [ -87.8169486, 41.9706602 ], [ -87.8169481, 41.9706823 ], [ -87.816952, 41.970728 ], [ -87.816949, 41.970934 ], [ -87.816949, 41.971003 ], [ -87.816948, 41.971116 ], [ -87.816945, 41.971454 ], [ -87.816945, 41.971568 ], [ -87.816943, 41.971749 ], [ -87.816937, 41.972293 ], [ -87.816929, 41.973201 ], [ -87.816917, 41.974289 ], [ -87.8153017, 41.974334 ], [ -87.8116993, 41.9744309 ], [ -87.808046, 41.974518 ], [ -87.8070348, 41.974536 ], [ -87.807063, 41.973495 ], [ -87.8071573, 41.968261 ], [ -87.805791, 41.968278 ], [ -87.80466, 41.968284 ], [ -87.8025319, 41.9682963 ], [ -87.8025214, 41.9687612 ], [ -87.7880142, 41.9688639 ], [ -87.787909, 41.9738458 ], [ -87.7878844, 41.9755785 ], [ -87.787883, 41.9756506 ], [ -87.7878804, 41.9757351 ], [ -87.7878714, 41.9760288 ], [ -87.787867, 41.9761744 ], [ -87.7878637, 41.9762809 ], [ -87.787861, 41.9764085 ], [ -87.7878605, 41.9764399 ], [ -87.7878554, 41.9766908 ], [ -87.7878543, 41.9767436 ], [ -87.7878499, 41.976964 ], [ -87.7878395, 41.9774749 ], [ -87.787834, 41.9777577 ], [ -87.7878044, 41.9792779 ], [ -87.7877663, 41.9810817 ], [ -87.7877467, 41.9820607 ], [ -87.7877419, 41.9821671 ], [ -87.7877349, 41.9824978 ], [ -87.7877287, 41.9828048 ], [ -87.7877286, 41.9829112 ], [ -87.7875678, 41.9829106 ], [ -87.7871266, 41.9829091 ], [ -87.7865262, 41.9829069 ], [ -87.7847325, 41.9829009 ], [ -87.7840487, 41.9828979 ], [ -87.7836762, 41.9828982 ], [ -87.7835987, 41.9828983 ], [ -87.7835193, 41.9828983 ], [ -87.7824094, 41.9828992 ], [ -87.7822628, 41.9828993 ], [ -87.7820297, 41.9828995 ], [ -87.7816723, 41.9828999 ], [ -87.7805293, 41.982901 ], [ -87.7804323, 41.9829011 ], [ -87.7803401, 41.9829012 ], [ -87.7798016, 41.9829017 ], [ -87.7792286, 41.9829023 ], [ -87.7786209, 41.9829029 ], [ -87.7780455, 41.9829035 ], [ -87.77801, 41.9846612 ], [ -87.7780084, 41.9847328 ], [ -87.778006, 41.9848194 ], [ -87.7779696, 41.9860783 ], [ -87.7779665, 41.9861189 ], [ -87.7779579, 41.9864817 ], [ -87.7779557, 41.9865598 ], [ -87.7779499, 41.9868741 ], [ -87.7779393, 41.9874537 ], [ -87.7779311, 41.9878997 ], [ -87.7779222, 41.988388 ], [ -87.7779217, 41.9884132 ], [ -87.7779115, 41.9889707 ], [ -87.7779029, 41.9894388 ], [ -87.7779011, 41.9895366 ], [ -87.7778951, 41.9898648 ], [ -87.7778936, 41.9899479 ], [ -87.7778921, 41.9900616 ], [ -87.7778901, 41.9902126 ], [ -87.7778889, 41.9902955 ], [ -87.7778857, 41.99051 ], [ -87.77787, 41.9916245 ], [ -87.7778689, 41.9917024 ], [ -87.7778676, 41.991795 ], [ -87.7778529, 41.9928273 ], [ -87.7778517, 41.9929091 ], [ -87.7778391, 41.993784 ], [ -87.777838, 41.99388 ], [ -87.7787905, 41.994298 ], [ -87.7790557, 41.9944206 ], [ -87.779258, 41.9945142 ], [ -87.7800655, 41.9948878 ], [ -87.7828556, 41.9961895 ], [ -87.7828548, 41.9973871 ], [ -87.7810742, 41.9974002 ], [ -87.7803188, 41.9974058 ], [ -87.7800012, 41.9974264 ], [ -87.7800461, 41.9981703 ], [ -87.7799934, 41.9990664 ], [ -87.7800403, 41.9995045 ], [ -87.7801612, 42.0001916 ], [ -87.7802334, 42.0008048 ], [ -87.7802767, 42.0014343 ], [ -87.7803434, 42.0017329 ], [ -87.7804673, 42.0021126 ], [ -87.7805449, 42.0023618 ], [ -87.7806328, 42.0025529 ], [ -87.7808532, 42.0027677 ], [ -87.7810645, 42.0028991 ], [ -87.781188, 42.0029467 ], [ -87.7813382, 42.0029739 ], [ -87.781501, 42.0029813 ], [ -87.7816395, 42.0029379 ], [ -87.7817632, 42.0028658 ], [ -87.78184, 42.0027853 ], [ -87.7819933, 42.0026245 ], [ -87.782258, 42.0021445 ], [ -87.7823238, 42.0019119 ], [ -87.782577, 42.0014288 ], [ -87.7827163, 42.0011681 ], [ -87.7828592, 42.0007086 ], [ -87.7828912, 42.0004277 ], [ -87.7829023, 42.0002844 ], [ -87.7829737, 42.0001685 ], [ -87.7830709, 42.000062 ], [ -87.7832096, 42.000016 ], [ -87.7833348, 42.0000115 ], [ -87.7834654, 42.0000419 ], [ -87.7836075, 42.0000968 ], [ -87.7838097, 42.0001462 ], [ -87.7839988, 42.0001696 ], [ -87.7842584, 42.0001884 ], [ -87.7844899, 42.0001701 ], [ -87.7846138, 42.0001182 ], [ -87.7849007, 41.9998812 ], [ -87.7849942, 41.999829 ], [ -87.7851916, 41.9997482 ], [ -87.7854189, 41.999701 ], [ -87.7858553, 41.9997051 ], [ -87.7861926, 41.9997246 ], [ -87.7865122, 41.9997988 ], [ -87.7865441, 41.9998046 ], [ -87.7866648, 41.9998267 ], [ -87.7868595, 41.9998322 ], [ -87.7870368, 41.9998084 ], [ -87.78715, 41.9997733 ], [ -87.7872369, 41.9997463 ], [ -87.7874114, 41.9996751 ], [ -87.7875973, 41.9996316 ], [ -87.7877664, 41.9996178 ], [ -87.7878798, 41.9996275 ], [ -87.7880951, 41.9996631 ], [ -87.7883299, 41.9997331 ], [ -87.7888568, 42.000067 ] ], [ [ -87.828858, 41.9801879 ], [ -87.8288595, 41.9806004 ], [ -87.8351004, 41.9804952 ], [ -87.8350959, 41.9808355 ], [ -87.834477, 41.9808459 ], [ -87.8342341, 41.9808542 ], [ -87.8342411, 41.9813014 ], [ -87.8350899, 41.9812864 ], [ -87.8350716, 41.9826747 ], [ -87.8335959, 41.9826667 ], [ -87.833584, 41.9835711 ], [ -87.8332111, 41.9835679 ], [ -87.8332105, 41.9836118 ], [ -87.8282368, 41.9836876 ], [ -87.8282574, 41.9819175 ], [ -87.8252713, 41.9819628 ], [ -87.8252976, 41.9829991 ], [ -87.8236459, 41.9830238 ], [ -87.8237799, 41.9819857 ], [ -87.8238429, 41.9819842 ], [ -87.8244848, 41.9770458 ], [ -87.8244219, 41.9770469 ], [ -87.8245484, 41.9760744 ], [ -87.8317456, 41.9759507 ], [ -87.8336223, 41.9759185 ], [ -87.8336189, 41.9768906 ], [ -87.8317457, 41.9769225 ], [ -87.8296042, 41.9769591 ], [ -87.8296082, 41.9774031 ], [ -87.8300374, 41.9773961 ], [ -87.8300521, 41.9779884 ], [ -87.8300253, 41.9779889 ], [ -87.8300294, 41.9784181 ], [ -87.8286389, 41.9784395 ], [ -87.8286374, 41.9787694 ], [ -87.8286944, 41.9787683 ], [ -87.8286962, 41.9791196 ], [ -87.8281745, 41.9791232 ], [ -87.8279906, 41.9791195 ], [ -87.8279899, 41.9792918 ], [ -87.8286957, 41.9792857 ], [ -87.8286928, 41.9801907 ], [ -87.828858, 41.9801879 ] ] ] } },
{ "type": "Feature", "properties": { "name": "Jefferson Park", "overture_id": "53743e32-596d-42b9-9daf-86e8fc3951e6", "division_id": "d7c0e9db-20f2-46eb-aa7b-2b7e173550c0" }, "geometry": { "type": "Polygon", "coordinates": [ [ [ -87.787867, 41.9761744 ], [ -87.7878714, 41.9760288 ], [ -87.7878804, 41.9757351 ], [ -87.787883, 41.9756506 ], [ -87.7878844, 41.9755785 ], [ -87.787909, 41.9738458 ], [ -87.7880142, 41.9688639 ], [ -87.7880176, 41.9685002 ], [ -87.7880184, 41.9684137 ], [ -87.7879079, 41.9684151 ], [ -87.7869791, 41.9684272 ], [ -87.7869279, 41.9684279 ], [ -87.7867975, 41.9684296 ], [ -87.7867564, 41.9684301 ], [ -87.7856999, 41.9684438 ], [ -87.785596, 41.9684452 ], [ -87.7854864, 41.9684466 ], [ -87.7843818, 41.9684609 ], [ -87.7831734, 41.9684766 ], [ -87.78206, 41.9684911 ], [ -87.7819541, 41.9684925 ], [ -87.7818498, 41.9684938 ], [ -87.7808515, 41.9685068 ], [ -87.7807445, 41.9685082 ], [ -87.7806181, 41.9685098 ], [ -87.7795311, 41.968524 ], [ -87.7786876, 41.9685349 ], [ -87.7784399, 41.9685381 ], [ -87.7782888, 41.9685401 ], [ -87.7780744, 41.9685401 ], [ -87.77785, 41.9685458 ], [ -87.7776844, 41.9685479 ], [ -87.7773749, 41.968552 ], [ -87.7772227, 41.968554 ], [ -87.7771089, 41.9685554 ], [ -87.7770096, 41.9685568 ], [ -87.7765552, 41.9685631 ], [ -87.7764075, 41.9685652 ], [ -87.7760065, 41.9685708 ], [ -87.7758999, 41.9685722 ], [ -87.7757921, 41.9685738 ], [ -87.7729431, 41.9686134 ], [ -87.7728342, 41.9686149 ], [ -87.7727287, 41.9686163 ], [ -87.7703095, 41.96865 ], [ -87.7702, 41.9686515 ], [ -87.7700982, 41.9686529 ], [ -87.7682114, 41.9686792 ], [ -87.7676516, 41.968687 ], [ -87.7676303, 41.9686877 ], [ -87.7675154, 41.9686888 ], [ -87.7675128, 41.9686131 ], [ -87.7675049, 41.968443 ], [ -87.7675013, 41.9683669 ], [ -87.767523, 41.9683665 ], [ -87.7675123, 41.968123 ], [ -87.7675094, 41.9679874 ], [ -87.7675004, 41.9677626 ], [ -87.7668889, 41.9677722 ], [ -87.7668889, 41.9677893 ], [ -87.7664815, 41.967797 ], [ -87.7662607, 41.9677997 ], [ -87.7651387, 41.96782 ], [ -87.7650207, 41.9678222 ], [ -87.7638256, 41.9677305 ], [ -87.7622778, 41.967645 ], [ -87.7614659, 41.9675964 ], [ -87.7613591, 41.9676153 ], [ -87.7613313, 41.9676252 ], [ -87.7612886, 41.9676405 ], [ -87.7611207, 41.9677259 ], [ -87.7609271, 41.9678105 ], [ -87.7608546, 41.9678352 ], [ -87.7607554, 41.967869 ], [ -87.7605737, 41.967871 ], [ -87.7603617, 41.9678736 ], [ -87.7603099, 41.9678743 ], [ -87.760008, 41.9678777 ], [ -87.759859, 41.9678794 ], [ -87.7592914, 41.967886 ], [ -87.7585409, 41.9678947 ], [ -87.757341, 41.9679087 ], [ -87.7567095, 41.9679165 ], [ -87.7565391, 41.9679186 ], [ -87.7552083, 41.967935 ], [ -87.7550304, 41.9679372 ], [ -87.7545423, 41.9679432 ], [ -87.75443, 41.9679446 ], [ -87.7540778, 41.967949 ], [ -87.7536752, 41.9679539 ], [ -87.7526374, 41.9679668 ], [ -87.7526499, 41.9684499 ], [ -87.752659, 41.9688044 ], [ -87.752661, 41.9688805 ], [ -87.7526631, 41.9689634 ], [ -87.752673, 41.9693468 ], [ -87.7526821, 41.9696995 ], [ -87.7526825, 41.9697162 ], [ -87.7526826, 41.9697183 ], [ -87.7526845, 41.9697924 ], [ -87.7526867, 41.9698797 ], [ -87.752687, 41.9698925 ], [ -87.7526965, 41.9702561 ], [ -87.7527061, 41.9706298 ], [ -87.7527081, 41.9707055 ], [ -87.7527103, 41.9707911 ], [ -87.75272, 41.9711674 ], [ -87.7527297, 41.9715434 ], [ -87.7527622, 41.9716204 ], [ -87.7528005, 41.9716977 ], [ -87.7528005, 41.9717058 ], [ -87.7527982, 41.9720806 ], [ -87.752796, 41.9724505 ], [ -87.7527988, 41.9724618 ], [ -87.7528145, 41.9724871 ], [ -87.7528532, 41.9725274 ], [ -87.7528728, 41.9725376 ], [ -87.7529028, 41.9725401 ], [ -87.7550945, 41.9725103 ], [ -87.7551918, 41.9725089 ], [ -87.7551944, 41.9725913 ], [ -87.7552064, 41.97297 ], [ -87.7552187, 41.9733583 ], [ -87.7552211, 41.9734333 ], [ -87.7552235, 41.9735075 ], [ -87.7552354, 41.9738836 ], [ -87.7552472, 41.9742596 ], [ -87.7552495, 41.9743311 ], [ -87.7552523, 41.9744194 ], [ -87.7552642, 41.974793 ], [ -87.7552714, 41.9750196 ], [ -87.7552761, 41.9751707 ], [ -87.7552785, 41.9752462 ], [ -87.7552813, 41.9753331 ], [ -87.7553116, 41.9762888 ], [ -87.7553344, 41.9770076 ], [ -87.7553366, 41.9770777 ], [ -87.7553391, 41.9771583 ], [ -87.7553439, 41.9773549 ], [ -87.7553492, 41.9774696 ], [ -87.7552173, 41.9773941 ], [ -87.7550854, 41.9773126 ], [ -87.7567694, 41.9805642 ], [ -87.7568847, 41.9805391 ], [ -87.7606442, 41.9879825 ], [ -87.7607455, 41.9879439 ], [ -87.7608748, 41.9878748 ], [ -87.7610273, 41.9877912 ], [ -87.7611855, 41.9877293 ], [ -87.7613734, 41.9876941 ], [ -87.7616062, 41.9876655 ], [ -87.7618236, 41.9876612 ], [ -87.7619665, 41.9876747 ], [ -87.7620967, 41.9877222 ], [ -87.7621915, 41.9877934 ], [ -87.7622701, 41.9878773 ], [ -87.7623241, 41.9879625 ], [ -87.7623296, 41.9880517 ], [ -87.7623107, 41.9881479 ], [ -87.7622128, 41.9882401 ], [ -87.7621242, 41.9883161 ], [ -87.7620121, 41.9883555 ], [ -87.761897, 41.9883952 ], [ -87.7617817, 41.9884648 ], [ -87.7616852, 41.98855 ], [ -87.7616347, 41.9886619 ], [ -87.7615825, 41.9888061 ], [ -87.761595, 41.9889197 ], [ -87.7616374, 41.9890636 ], [ -87.7618356, 41.9894671 ], [ -87.7620398, 41.9900144 ], [ -87.7620573, 41.990111 ], [ -87.7621501, 41.9901823 ], [ -87.7622545, 41.9902262 ], [ -87.7624145, 41.9902332 ], [ -87.7625171, 41.9902184 ], [ -87.7626169, 41.9901589 ], [ -87.7626719, 41.9900396 ], [ -87.7627278, 41.9899253 ], [ -87.7628359, 41.9898428 ], [ -87.762964, 41.9897849 ], [ -87.7630976, 41.9897495 ], [ -87.7633248, 41.9897529 ], [ -87.763616, 41.989733 ], [ -87.7637285, 41.9896711 ], [ -87.7638065, 41.9895881 ], [ -87.763822, 41.9894867 ], [ -87.7638707, 41.9894318 ], [ -87.763977, 41.9893963 ], [ -87.7641117, 41.9893788 ], [ -87.76423, 41.98938 ], [ -87.7643475, 41.9894166 ], [ -87.7644738, 41.9895103 ], [ -87.7645822, 41.9896329 ], [ -87.7647035, 41.9897015 ], [ -87.7651045, 41.9898864 ], [ -87.7655127, 41.9900668 ], [ -87.7657541, 41.9901236 ], [ -87.7659909, 41.9901247 ], [ -87.7663845, 41.9900957 ], [ -87.7668048, 41.9900295 ], [ -87.7671494, 41.9898891 ], [ -87.7672937, 41.9897318 ], [ -87.7674402, 41.9896924 ], [ -87.7675705, 41.9896152 ], [ -87.7676177, 41.9895233 ], [ -87.7676273, 41.9894125 ], [ -87.7675658, 41.9892566 ], [ -87.7675295, 41.9890943 ], [ -87.767596, 41.9889319 ], [ -87.7676588, 41.9888452 ], [ -87.7677552, 41.9887837 ], [ -87.7678673, 41.9887485 ], [ -87.7678799, 41.9887446 ], [ -87.7680331, 41.9887341 ], [ -87.7682065, 41.9887378 ], [ -87.768834, 41.9888647 ], [ -87.7692245, 41.9889331 ], [ -87.769493, 41.988982 ], [ -87.7696723, 41.9889982 ], [ -87.7698317, 41.9889961 ], [ -87.7699785, 41.9889922 ], [ -87.7702585, 41.9890043 ], [ -87.7704259, 41.9890279 ], [ -87.7705961, 41.9891045 ], [ -87.7707142, 41.9892001 ], [ -87.7708202, 41.989242 ], [ -87.7709765, 41.9892451 ], [ -87.7711002, 41.989278 ], [ -87.771233, 41.9893543 ], [ -87.7714855, 41.989638 ], [ -87.7716562, 41.9898932 ], [ -87.771725, 41.9900733 ], [ -87.771734, 41.9902464 ], [ -87.7716914, 41.990429 ], [ -87.7716161, 41.9906264 ], [ -87.7715324, 41.9907794 ], [ -87.7714081, 41.9908656 ], [ -87.7711954, 41.9909422 ], [ -87.7709584, 41.9910003 ], [ -87.770898, 41.9910517 ], [ -87.7708686, 41.9911113 ], [ -87.7708652, 41.9912707 ], [ -87.7708929, 41.9913864 ], [ -87.7709744, 41.9914721 ], [ -87.7710963, 41.9915161 ], [ -87.7712029, 41.9915405 ], [ -87.7716625, 41.9915688 ], [ -87.7721828, 41.9916158 ], [ -87.772455, 41.9916562 ], [ -87.7726988, 41.9917017 ], [ -87.7728677, 41.9918014 ], [ -87.7730586, 41.9919401 ], [ -87.7732635, 41.9921769 ], [ -87.7734827, 41.9925303 ], [ -87.7736091, 41.9927644 ], [ -87.7736891, 41.9930707 ], [ -87.7737144, 41.9932727 ], [ -87.773692, 41.9934139 ], [ -87.7736585, 41.9935085 ], [ -87.7735222, 41.9936084 ], [ -87.7733003, 41.9936868 ], [ -87.7727817, 41.9937888 ], [ -87.77257, 41.9938619 ], [ -87.7722806, 41.9940292 ], [ -87.7720394, 41.9942245 ], [ -87.771637, 41.9945546 ], [ -87.7714797, 41.9947305 ], [ -87.7713496, 41.9949086 ], [ -87.7713423, 41.9949317 ], [ -87.7712273, 41.9951664 ], [ -87.7711687, 41.9953215 ], [ -87.7711426, 41.9955013 ], [ -87.7711675, 41.9958601 ], [ -87.7712008, 41.9960306 ], [ -87.7712664, 41.9961599 ], [ -87.7713504, 41.9963089 ], [ -87.7714635, 41.9964169 ], [ -87.7716382, 41.9965611 ], [ -87.7718554, 41.9966836 ], [ -87.7722031, 41.9968162 ], [ -87.772594, 41.9969302 ], [ -87.7728707, 41.9969797 ], [ -87.7732261, 41.9970361 ], [ -87.7737369, 41.9970738 ], [ -87.7742336, 41.9970516 ], [ -87.7745149, 41.9969857 ], [ -87.7748069, 41.9968837 ], [ -87.7752839, 41.99672 ], [ -87.7755237, 41.9966722 ], [ -87.7757249, 41.9966587 ], [ -87.7758944, 41.9966917 ], [ -87.7761138, 41.9968095 ], [ -87.7765093, 41.9971203 ], [ -87.7766396, 41.997221 ], [ -87.7767082, 41.9972496 ], [ -87.776816, 41.9972551 ], [ -87.7768872, 41.9972324 ], [ -87.7769569, 41.9971686 ], [ -87.7770361, 41.9970649 ], [ -87.7771586, 41.9969912 ], [ -87.7772843, 41.9969681 ], [ -87.777466, 41.9969697 ], [ -87.7776272, 41.9969877 ], [ -87.7779401, 41.9971014 ], [ -87.7780683, 41.9971456 ], [ -87.7781857, 41.9971662 ], [ -87.7782671, 41.9971494 ], [ -87.7783678, 41.9971092 ], [ -87.7785264, 41.996999 ], [ -87.778675, 41.9968857 ], [ -87.7788193, 41.9967866 ], [ -87.7789706, 41.9967264 ], [ -87.7791856, 41.9967011 ], [ -87.7794028, 41.9966963 ], [ -87.7796081, 41.9967388 ], [ -87.7797502, 41.9968188 ], [ -87.7798577, 41.9969107 ], [ -87.7799569, 41.9970643 ], [ -87.7799995, 41.99724 ], [ -87.7800012, 41.9974264 ], [ -87.7803188, 41.9974058 ], [ -87.7810742, 41.9974002 ], [ -87.7828548, 41.9973871 ], [ -87.7828556, 41.9961895 ], [ -87.7800655, 41.9948878 ], [ -87.779258, 41.9945142 ], [ -87.7790557, 41.9944206 ], [ -87.7787905, 41.994298 ], [ -87.777838, 41.99388 ], [ -87.7778391, 41.993784 ], [ -87.7778517, 41.9929091 ], [ -87.7778529, 41.9928273 ], [ -87.7778676, 41.991795 ], [ -87.7778689, 41.9917024 ], [ -87.77787, 41.9916245 ], [ -87.7778857, 41.99051 ], [ -87.7778889, 41.9902955 ], [ -87.7778901, 41.9902126 ], [ -87.7778921, 41.9900616 ], [ -87.7778936, 41.9899479 ], [ -87.7778951, 41.9898648 ], [ -87.7779011, 41.9895366 ], [ -87.7779029, 41.9894388 ], [ -87.7779115, 41.9889707 ], [ -87.7779217, 41.9884132 ], [ -87.7779222, 41.988388 ], [ -87.7779311, 41.9878997 ], [ -87.7779393, 41.9874537 ], [ -87.7779499, 41.9868741 ], [ -87.7779557, 41.9865598 ], [ -87.7779579, 41.9864817 ], [ -87.7779665, 41.9861189 ], [ -87.7779696, 41.9860783 ], [ -87.778006, 41.9848194 ], [ -87.7780084, 41.9847328 ], [ -87.77801, 41.9846612 ], [ -87.7780455, 41.9829035 ], [ -87.7786209, 41.9829029 ], [ -87.7792286, 41.9829023 ], [ -87.7798016, 41.9829017 ], [ -87.7803401, 41.9829012 ], [ -87.7804323, 41.9829011 ], [ -87.7805293, 41.982901 ], [ -87.7816723, 41.9828999 ], [ -87.7820297, 41.9828995 ], [ -87.7822628, 41.9828993 ], [ -87.7824094, 41.9828992 ], [ -87.7835193, 41.9828983 ], [ -87.7835987, 41.9828983 ], [ -87.7836762, 41.9828982 ], [ -87.7840487, 41.9828979 ], [ -87.7847325, 41.9829009 ], [ -87.7865262, 41.9829069 ], [ -87.7871266, 41.9829091 ], [ -87.7875678, 41.9829106 ], [ -87.7877286, 41.9829112 ], [ -87.7877287, 41.9828048 ], [ -87.7877349, 41.9824978 ], [ -87.7877419, 41.9821671 ], [ -87.7877467, 41.9820607 ], [ -87.7877663, 41.9810817 ], [ -87.7878044, 41.9792779 ], [ -87.787834, 41.9777577 ], [ -87.7878395, 41.9774749 ], [ -87.7878499, 41.976964 ], [ -87.7878543, 41.9767436 ], [ -87.7878554, 41.9766908 ], [ -87.7878605, 41.9764399 ], [ -87.787861, 41.9764085 ], [ -87.7878637, 41.9762809 ], [ -87.787867, 41.9761744 ] ] ] } },
{ "type": "Feature", "properties": { "name": "North Park", "overture_id": "149e6660-d7a4-4292-bdcd-bb27eb747448", "division_id": "8a7aeb12-8cb9-44fd-a857-a6e018b88b81" }, "geometry": { "type": "Polygon", "coordinates": [ [ [ -87.7282337, 41.9755275 ], [ -87.7281032, 41.9755289 ], [ -87.7275561, 41.9755366 ], [ -87.7273425, 41.9755306 ], [ -87.7272086, 41.9756679 ], [ -87.7269035, 41.9758748 ], [ -87.726607, 41.9760167 ], [ -87.7262125, 41.9761106 ], [ -87.7262007, 41.9761106 ], [ -87.7258516, 41.9761111 ], [ -87.725804, 41.9761112 ], [ -87.7253473, 41.9760338 ], [ -87.725042, 41.975982 ], [ -87.7244008, 41.9757786 ], [ -87.7239, 41.975343 ], [ -87.7232102, 41.9748212 ], [ -87.7228322, 41.9745934 ], [ -87.7225151, 41.9744366 ], [ -87.7221735, 41.97431 ], [ -87.7215285, 41.974169 ], [ -87.7201768, 41.9740178 ], [ -87.719492, 41.9737243 ], [ -87.7182471, 41.9731641 ], [ -87.717509, 41.9728262 ], [ -87.7167093, 41.9723646 ], [ -87.7160766, 41.9720225 ], [ -87.7159087, 41.9719574 ], [ -87.7156805, 41.9719297 ], [ -87.7143951, 41.9719537 ], [ -87.7137085, 41.9719984 ], [ -87.7128241, 41.9722023 ], [ -87.7121101, 41.972565 ], [ -87.7115333, 41.9732524 ], [ -87.7113368, 41.973623 ], [ -87.711238, 41.9737633 ], [ -87.7109208, 41.9740024 ], [ -87.7106341, 41.9741131 ], [ -87.7099238, 41.9743724 ], [ -87.7089263, 41.9746477 ], [ -87.7087041, 41.9746736 ], [ -87.7082688, 41.9746954 ], [ -87.7080289, 41.9746687 ], [ -87.7074008, 41.9745989 ], [ -87.7060615, 41.9742729 ], [ -87.705801, 41.9742107 ], [ -87.7048542, 41.9739526 ], [ -87.7047025, 41.9738729 ], [ -87.704432, 41.9737416 ], [ -87.704203, 41.9736159 ], [ -87.7043443, 41.9745317 ], [ -87.704788, 41.9758773 ], [ -87.7048679, 41.9761716 ], [ -87.7051163, 41.9771192 ], [ -87.7059494, 41.9800957 ], [ -87.7062123, 41.9809854 ], [ -87.7067626, 41.9825569 ], [ -87.7068541, 41.9828528 ], [ -87.7069349, 41.9831087 ], [ -87.708553, 41.9884463 ], [ -87.7087434, 41.9891022 ], [ -87.7089768, 41.9899216 ], [ -87.7091337, 41.9904588 ], [ -87.7094985, 41.9917118 ], [ -87.7096272, 41.9921533 ], [ -87.709764, 41.9926388 ], [ -87.7100496, 41.9936614 ], [ -87.710397, 41.9952701 ], [ -87.7106454, 41.9973646 ], [ -87.7109336, 41.9973618 ], [ -87.7116906, 41.9973545 ], [ -87.7130548, 41.9973399 ], [ -87.7155163, 41.9973135 ], [ -87.7179677, 41.9972868 ], [ -87.7180515, 41.9972863 ], [ -87.7183458, 41.9972808 ], [ -87.7184835, 41.9972809 ], [ -87.7264159, 41.9972507 ], [ -87.7318149, 41.9900933 ], [ -87.7322153, 41.9900918 ], [ -87.7330312, 41.9900749 ], [ -87.7329869, 41.9899602 ], [ -87.7329888, 41.9899521 ], [ -87.7329932, 41.9899334 ], [ -87.7332208, 41.9896186 ], [ -87.7332759, 41.9895423 ], [ -87.7341349, 41.9883543 ], [ -87.7341925, 41.9883024 ], [ -87.7342641, 41.9882415 ], [ -87.7357547, 41.987525 ], [ -87.7370488, 41.9869266 ], [ -87.7370626, 41.9869202 ], [ -87.7372308, 41.9868533 ], [ -87.738272, 41.9863858 ], [ -87.7383407, 41.9863549 ], [ -87.7384055, 41.9862315 ], [ -87.7383445, 41.9839651 ], [ -87.7383149, 41.9827359 ], [ -87.7384469, 41.9827151 ], [ -87.7396389, 41.9827051 ], [ -87.7404257, 41.9826798 ], [ -87.741799, 41.9826467 ], [ -87.7430805, 41.9826016 ], [ -87.7432203, 41.982656 ], [ -87.7457764, 41.9826285 ], [ -87.7469825, 41.9826193 ], [ -87.7469917, 41.9826871 ], [ -87.7470165, 41.9828899 ], [ -87.7470487, 41.9829864 ], [ -87.7471247, 41.9831156 ], [ -87.7472776, 41.9832856 ], [ -87.7475068, 41.983471 ], [ -87.7477371, 41.9835746 ], [ -87.7479549, 41.9836462 ], [ -87.7482569, 41.983678 ], [ -87.74825, 41.9834333 ], [ -87.7482404, 41.9830485 ], [ -87.7479842, 41.975339 ], [ -87.7446032, 41.9753702 ], [ -87.7380049, 41.975437 ], [ -87.7344993, 41.9754698 ], [ -87.7342923, 41.9754719 ], [ -87.7331754, 41.9754835 ], [ -87.7331257, 41.9737407 ], [ -87.7331233, 41.9736587 ], [ -87.7330096, 41.9736601 ], [ -87.7325096, 41.9736664 ], [ -87.7319875, 41.9736702 ], [ -87.7319013, 41.9736299 ], [ -87.7318639, 41.9735698 ], [ -87.731847, 41.9723975 ], [ -87.7318457, 41.9723077 ], [ -87.7318359, 41.9719323 ], [ -87.7318337, 41.9718459 ], [ -87.7317278, 41.9718474 ], [ -87.7312259, 41.9718547 ], [ -87.7307119, 41.9718621 ], [ -87.7305967, 41.9718638 ], [ -87.7304942, 41.9718647 ], [ -87.7299862, 41.971869 ], [ -87.7294751, 41.9718733 ], [ -87.7293583, 41.9718743 ], [ -87.729262, 41.9718752 ], [ -87.7287538, 41.9718795 ], [ -87.728397, 41.9718825 ], [ -87.7282442, 41.9718838 ], [ -87.7281388, 41.9718847 ], [ -87.7281412, 41.9719689 ], [ -87.7281461, 41.9721369 ], [ -87.7281503, 41.9722805 ], [ -87.728158, 41.9725488 ], [ -87.7281615, 41.9726696 ], [ -87.7281747, 41.9731256 ], [ -87.7281772, 41.9732139 ], [ -87.7281884, 41.9735997 ], [ -87.7282078, 41.9742718 ], [ -87.7282116, 41.9745934 ], [ -87.7282131, 41.9747199 ], [ -87.7282185, 41.9749998 ], [ -87.7282303, 41.9754299 ], [ -87.7282337, 41.9755275 ] ] ] } },
{ "type": "Feature", "properties": { "name": "Albany Park", "overture_id": "0959de46-8918-4313-b967-5ac080694fcb", "division_id": "a40156d6-f936-4980-9eae-ddf5b88a835f" }, "geometry": { "type": "Polygon", "coordinates": [ [ [ -87.726607, 41.9760167 ], [ -87.7269035, 41.9758748 ], [ -87.7272086, 41.9756679 ], [ -87.7273425, 41.9755306 ], [ -87.7275561, 41.9755366 ], [ -87.7281032, 41.9755289 ], [ -87.7282337, 41.9755275 ], [ -87.7282303, 41.9754299 ], [ -87.7282185, 41.9749998 ], [ -87.7282131, 41.9747199 ], [ -87.7282116, 41.9745934 ], [ -87.7282078, 41.9742718 ], [ -87.7281884, 41.9735997 ], [ -87.7281772, 41.9732139 ], [ -87.7281747, 41.9731256 ], [ -87.7281615, 41.9726696 ], [ -87.728158, 41.9725488 ], [ -87.7281503, 41.9722805 ], [ -87.7281461, 41.9721369 ], [ -87.7281412, 41.9719689 ], [ -87.7281388, 41.9718847 ], [ -87.7282442, 41.9718838 ], [ -87.728397, 41.9718825 ], [ -87.7287538, 41.9718795 ], [ -87.729262, 41.9718752 ], [ -87.7293583, 41.9718743 ], [ -87.7294751, 41.9718733 ], [ -87.7299862, 41.971869 ], [ -87.7304942, 41.9718647 ], [ -87.7305967, 41.9718638 ], [ -87.7307119, 41.9718621 ], [ -87.7312259, 41.9718547 ], [ -87.7317278, 41.9718474 ], [ -87.7318337, 41.9718459 ], [ -87.7318359, 41.9719323 ], [ -87.7318457, 41.9723077 ], [ -87.731847, 41.9723975 ], [ -87.7318639, 41.9735698 ], [ -87.7319013, 41.9736299 ], [ -87.7319875, 41.9736702 ], [ -87.7325096, 41.9736664 ], [ -87.7330096, 41.9736601 ], [ -87.7331233, 41.9736587 ], [ -87.7331257, 41.9737407 ], [ -87.7331754, 41.9754835 ], [ -87.7342923, 41.9754719 ], [ -87.7344993, 41.9754698 ], [ -87.7380049, 41.975437 ], [ -87.7446032, 41.9753702 ], [ -87.7479842, 41.975339 ], [ -87.7479743, 41.9749746 ], [ -87.7479419, 41.9737811 ], [ -87.7479206, 41.9729961 ], [ -87.7479179, 41.9728962 ], [ -87.7479157, 41.9727799 ], [ -87.7479101, 41.9724938 ], [ -87.7478769, 41.9707709 ], [ -87.7478655, 41.9703172 ], [ -87.7478539, 41.9698535 ], [ -87.7478432, 41.9696092 ], [ -87.7478248, 41.9693969 ], [ -87.747811, 41.9692921 ], [ -87.7477828, 41.9691605 ], [ -87.7477506, 41.9690428 ], [ -87.7477091, 41.9689291 ], [ -87.7476873, 41.96889 ], [ -87.7475857, 41.9686599 ], [ -87.7475682, 41.9685871 ], [ -87.7475669, 41.9685393 ], [ -87.7475803, 41.9684645 ], [ -87.7476065, 41.9683804 ], [ -87.7476953, 41.9681205 ], [ -87.7477227, 41.9680327 ], [ -87.7475095, 41.9680357 ], [ -87.7474141, 41.9680367 ], [ -87.7467579, 41.9680436 ], [ -87.7459453, 41.9680536 ], [ -87.745703, 41.9680562 ], [ -87.7454082, 41.9680594 ], [ -87.7453066, 41.9680605 ], [ -87.7451208, 41.9680625 ], [ -87.7444812, 41.9680694 ], [ -87.7440652, 41.9680738 ], [ -87.7439384, 41.9680745 ], [ -87.74379, 41.9680768 ], [ -87.7435486, 41.9680794 ], [ -87.7433907, 41.9680811 ], [ -87.742959, 41.9680857 ], [ -87.7428361, 41.9680871 ], [ -87.7424542, 41.9680912 ], [ -87.7419107, 41.968097 ], [ -87.7417141, 41.9680992 ], [ -87.7415597, 41.9681008 ], [ -87.7414591, 41.9681019 ], [ -87.7413924, 41.9681026 ], [ -87.7408937, 41.968108 ], [ -87.7405149, 41.9681121 ], [ -87.7403237, 41.9681141 ], [ -87.7401597, 41.9681159 ], [ -87.7399751, 41.9681181 ], [ -87.7392913, 41.9681264 ], [ -87.7391674, 41.9681279 ], [ -87.7390766, 41.968129 ], [ -87.7388133, 41.9681321 ], [ -87.7386765, 41.9681338 ], [ -87.7380111, 41.9681418 ], [ -87.7378959, 41.9681432 ], [ -87.7378944, 41.9680605 ], [ -87.7378889, 41.96775 ], [ -87.7378857, 41.9675665 ], [ -87.7378697, 41.9666644 ], [ -87.7378676, 41.9665463 ], [ -87.7376701, 41.9664091 ], [ -87.737547, 41.9663265 ], [ -87.7374804, 41.9662808 ], [ -87.7373625, 41.9661999 ], [ -87.7369954, 41.9659479 ], [ -87.7369066, 41.9658872 ], [ -87.736834, 41.9658374 ], [ -87.7359655, 41.9652417 ], [ -87.7358277, 41.9651472 ], [ -87.7357797, 41.9651143 ], [ -87.7357096, 41.9650662 ], [ -87.7353966, 41.9648515 ], [ -87.7349994, 41.9645791 ], [ -87.7337024, 41.9636894 ], [ -87.7336328, 41.9636417 ], [ -87.7335688, 41.9635978 ], [ -87.7328303, 41.9630913 ], [ -87.7320987, 41.9625894 ], [ -87.7320257, 41.9625395 ], [ -87.731967, 41.9624991 ], [ -87.7319088, 41.9624592 ], [ -87.7308003, 41.9616988 ], [ -87.7300013, 41.9611508 ], [ -87.7298036, 41.9610177 ], [ -87.7296842, 41.9609373 ], [ -87.7295332, 41.960939 ], [ -87.7045927, 41.9612208 ], [ -87.6947475, 41.9612701 ], [ -87.6947522, 41.961395 ], [ -87.6950421, 41.9619436 ], [ -87.6952271, 41.9623584 ], [ -87.6953494, 41.9627223 ], [ -87.6955399, 41.9631007 ], [ -87.6957027, 41.9633332 ], [ -87.696035, 41.9636739 ], [ -87.6972936, 41.9648882 ], [ -87.697782, 41.9653956 ], [ -87.6999725, 41.9675854 ], [ -87.7011322, 41.9686657 ], [ -87.7025805, 41.9703807 ], [ -87.7031792, 41.9713316 ], [ -87.7037349, 41.972544 ], [ -87.70397, 41.9732134 ], [ -87.7041212, 41.9735031 ], [ -87.704203, 41.9736159 ], [ -87.704432, 41.9737416 ], [ -87.7047025, 41.9738729 ], [ -87.7048542, 41.9739526 ], [ -87.705801, 41.9742107 ], [ -87.7060615, 41.9742729 ], [ -87.7074008, 41.9745989 ], [ -87.7080289, 41.9746687 ], [ -87.7082688, 41.9746954 ], [ -87.7087041, 41.9746736 ], [ -87.7089263, 41.9746477 ], [ -87.7099238, 41.9743724 ], [ -87.7106341, 41.9741131 ], [ -87.7109208, 41.9740024 ], [ -87.711238, 41.9737633 ], [ -87.7113368, 41.973623 ], [ -87.7115333, 41.9732524 ], [ -87.7121101, 41.972565 ], [ -87.7128241, 41.9722023 ], [ -87.7137085, 41.9719984 ], [ -87.7143951, 41.9719537 ], [ -87.7156805, 41.9719297 ], [ -87.7159087, 41.9719574 ], [ -87.7160766, 41.9720225 ], [ -87.7167093, 41.9723646 ], [ -87.717509, 41.9728262 ], [ -87.7182471, 41.9731641 ], [ -87.719492, 41.9737243 ], [ -87.7201768, 41.9740178 ], [ -87.7215285, 41.974169 ], [ -87.7221735, 41.97431 ], [ -87.7225151, 41.9744366 ], [ -87.7228322, 41.9745934 ], [ -87.7232102, 41.9748212 ], [ -87.7239, 41.975343 ], [ -87.7244008, 41.9757786 ], [ -87.725042, 41.975982 ], [ -87.7253473, 41.9760338 ], [ -87.725804, 41.9761112 ], [ -87.7258516, 41.9761111 ], [ -87.7262007, 41.9761106 ], [ -87.7262125, 41.9761106 ], [ -87.726607, 41.9760167 ] ] ] } },
{ "type": "Feature", "properties": { "name": "Portage Park", "overture_id": "d3d811f7-f933-4798-9679-46077ecce9ce", "division_id": "f9f6cac5-7c53-4871-9148-41dfc6823fbe" }, "geometry": { "type": "Polygon", "coordinates": [ [ [ -87.7428916, 41.9407008 ], [ -87.7428945, 41.9407912 ], [ -87.7429477, 41.9424648 ], [ -87.74295, 41.9425385 ], [ -87.7428604, 41.9425398 ], [ -87.7427272, 41.9425416 ], [ -87.7426633, 41.9425425 ], [ -87.7423793, 41.9425464 ], [ -87.7422529, 41.9425481 ], [ -87.7425171, 41.9534789 ], [ -87.74274, 41.9534761 ], [ -87.7464745, 41.9607268 ], [ -87.7464154, 41.960731 ], [ -87.7462839, 41.9607381 ], [ -87.7450859, 41.9607566 ], [ -87.7444989, 41.9607606 ], [ -87.7465595, 41.9619255 ], [ -87.7468561, 41.9622762 ], [ -87.7469715, 41.9624118 ], [ -87.7470826, 41.9625698 ], [ -87.7471412, 41.9626561 ], [ -87.747041, 41.9627651 ], [ -87.746982, 41.9628448 ], [ -87.7469606, 41.9629366 ], [ -87.746983, 41.9630164 ], [ -87.7470624, 41.9631679 ], [ -87.74716, 41.9633335 ], [ -87.7474877, 41.9639756 ], [ -87.7475736, 41.9641488 ], [ -87.7476098, 41.9642624 ], [ -87.7476272, 41.9643801 ], [ -87.7477277, 41.967443 ], [ -87.7477359, 41.9676927 ], [ -87.7477372, 41.9678692 ], [ -87.7477227, 41.9680327 ], [ -87.7526374, 41.9679668 ], [ -87.7536752, 41.9679539 ], [ -87.7540778, 41.967949 ], [ -87.75443, 41.9679446 ], [ -87.7545423, 41.9679432 ], [ -87.7550304, 41.9679372 ], [ -87.7552083, 41.967935 ], [ -87.7565391, 41.9679186 ], [ -87.7567095, 41.9679165 ], [ -87.757341, 41.9679087 ], [ -87.7585409, 41.9678947 ], [ -87.7592914, 41.967886 ], [ -87.759859, 41.9678794 ], [ -87.760008, 41.9678777 ], [ -87.7603099, 41.9678743 ], [ -87.7603617, 41.9678736 ], [ -87.7605737, 41.967871 ], [ -87.7607554, 41.967869 ], [ -87.7608546, 41.9678352 ], [ -87.7609271, 41.9678105 ], [ -87.7611207, 41.9677259 ], [ -87.7612886, 41.9676405 ], [ -87.7613313, 41.9676252 ], [ -87.7613591, 41.9676153 ], [ -87.7614659, 41.9675964 ], [ -87.7622778, 41.967645 ], [ -87.7638256, 41.9677305 ], [ -87.7650207, 41.9678222 ], [ -87.7651387, 41.96782 ], [ -87.7662607, 41.9677997 ], [ -87.7664815, 41.967797 ], [ -87.7668889, 41.9677893 ], [ -87.7668889, 41.9677722 ], [ -87.7675004, 41.9677626 ], [ -87.7675094, 41.9679874 ], [ -87.7675123, 41.968123 ], [ -87.767523, 41.9683665 ], [ -87.7675013, 41.9683669 ], [ -87.7675049, 41.968443 ], [ -87.7675128, 41.9686131 ], [ -87.7675154, 41.9686888 ], [ -87.7676303, 41.9686877 ], [ -87.7676516, 41.968687 ], [ -87.7682114, 41.9686792 ], [ -87.7700982, 41.9686529 ], [ -87.7702, 41.9686515 ], [ -87.7703095, 41.96865 ], [ -87.7727287, 41.9686163 ], [ -87.7728342, 41.9686149 ], [ -87.7729431, 41.9686134 ], [ -87.7757921, 41.9685738 ], [ -87.7758999, 41.9685722 ], [ -87.7760065, 41.9685708 ], [ -87.7764075, 41.9685652 ], [ -87.7765552, 41.9685631 ], [ -87.7770096, 41.9685568 ], [ -87.7771089, 41.9685554 ], [ -87.7772227, 41.968554 ], [ -87.7773749, 41.968552 ], [ -87.7776844, 41.9685479 ], [ -87.77785, 41.9685458 ], [ -87.7780744, 41.9685401 ], [ -87.7782888, 41.9685401 ], [ -87.7784399, 41.9685381 ], [ -87.7786876, 41.9685349 ], [ -87.7795311, 41.968524 ], [ -87.7806181, 41.9685098 ], [ -87.7807445, 41.9685082 ], [ -87.7808515, 41.9685068 ], [ -87.7818498, 41.9684938 ], [ -87.7819541, 41.9684925 ], [ -87.78206, 41.9684911 ], [ -87.7831734, 41.9684766 ], [ -87.7843818, 41.9684609 ], [ -87.7854864, 41.9684466 ], [ -87.785596, 41.9684452 ], [ -87.7856999, 41.9684438 ], [ -87.7867564, 41.9684301 ], [ -87.7867502, 41.9660901 ], [ -87.7867777, 41.9636004 ], [ -87.7867982, 41.9634922 ], [ -87.7868173, 41.9634532 ], [ -87.7868653, 41.9633846 ], [ -87.786911, 41.9629885 ], [ -87.7868994, 41.9620762 ], [ -87.7868157, 41.9602051 ], [ -87.7868128, 41.9601243 ], [ -87.7865543, 41.9529196 ], [ -87.779217, 41.9530106 ], [ -87.7767677, 41.9530407 ], [ -87.7767495, 41.9525637 ], [ -87.7767192, 41.9516695 ], [ -87.7762109, 41.9384521 ], [ -87.7760973, 41.938454 ], [ -87.775783, 41.9384591 ], [ -87.7749916, 41.938472 ], [ -87.7421523, 41.9389026 ], [ -87.742193, 41.9407058 ], [ -87.7428916, 41.9407008 ] ] ] } },
{ "type": "Feature", "properties": { "name": "Dunning", "overture_id": "e35db57c-a888-4c5c-b041-2f00b597bae8", "division_id": "6ca0cb1b-a3bb-4ec4-a4b2-4f66a481383b" }, "geometry": { "type": "Polygon", "coordinates": [ [ [ -87.7868128, 41.9601243 ], [ -87.7868157, 41.9602051 ], [ -87.7869557, 41.9602028 ], [ -87.7941616, 41.9600801 ], [ -87.7942767, 41.9600575 ], [ -87.8013402, 41.9567116 ], [ -87.807291, 41.953866 ], [ -87.8072889, 41.9537203 ], [ -87.807269, 41.952765 ], [ -87.8219647, 41.9523896 ], [ -87.8318069, 41.9521662 ], [ -87.8318109, 41.9524986 ], [ -87.831815, 41.953782 ], [ -87.8318093, 41.9545463 ], [ -87.831822, 41.955473 ], [ -87.831821, 41.955478 ], [ -87.8318398, 41.9558187 ], [ -87.831872, 41.955925 ], [ -87.831967, 41.956377 ], [ -87.831975, 41.95645 ], [ -87.831991, 41.956549 ], [ -87.832002, 41.956609 ], [ -87.832075, 41.956979 ], [ -87.83223, 41.957594 ], [ -87.832342, 41.958017 ], [ -87.832493, 41.958628 ], [ -87.832604, 41.959076 ], [ -87.832639, 41.959272 ], [ -87.8326719, 41.9594283 ], [ -87.836673, 41.959381 ], [ -87.8367259, 41.9556682 ], [ -87.8367295, 41.953929 ], [ -87.836727, 41.9521003 ], [ -87.8367288, 41.9518262 ], [ -87.8367394, 41.9501735 ], [ -87.8366236, 41.9485549 ], [ -87.8365451, 41.946003 ], [ -87.8365121, 41.9451418 ], [ -87.8364969, 41.9447606 ], [ -87.8350994, 41.9447922 ], [ -87.8347934, 41.9375772 ], [ -87.8262564, 41.9377472 ], [ -87.816519, 41.937939 ], [ -87.8163882, 41.934325 ], [ -87.8139419, 41.9343735 ], [ -87.8066123, 41.9345189 ], [ -87.8066781, 41.9363807 ], [ -87.8067372, 41.9380008 ], [ -87.8049834, 41.9380248 ], [ -87.8039808, 41.9380396 ], [ -87.7907642, 41.938239 ], [ -87.7906798, 41.9382413 ], [ -87.781351, 41.93838 ], [ -87.776351, 41.9384501 ], [ -87.7762109, 41.9384521 ], [ -87.7767192, 41.9516695 ], [ -87.7767495, 41.9525637 ], [ -87.7767677, 41.9530407 ], [ -87.779217, 41.9530106 ], [ -87.7865543, 41.9529196 ], [ -87.7868128, 41.9601243 ] ] ] } },
{ "type": "Feature", "properties": { "name": "Irving Park", "overture_id": "2fec46a6-3df5-41d2-aaa3-18b067e5d757", "division_id": "1a69c867-8e49-44e7-8583-ac2be3db69f1" }, "geometry": { "type": "Polygon", "coordinates": [ [ [ -87.6946828, 41.9598976 ], [ -87.6947196, 41.9603634 ], [ -87.6947439, 41.9611732 ], [ -87.6947475, 41.9612701 ], [ -87.7045927, 41.9612208 ], [ -87.7295332, 41.960939 ], [ -87.7296842, 41.9609373 ], [ -87.7298036, 41.9610177 ], [ -87.7300013, 41.9611508 ], [ -87.7308003, 41.9616988 ], [ -87.7319088, 41.9624592 ], [ -87.731967, 41.9624991 ], [ -87.7320257, 41.9625395 ], [ -87.7320987, 41.9625894 ], [ -87.7328303, 41.9630913 ], [ -87.7335688, 41.9635978 ], [ -87.7336328, 41.9636417 ], [ -87.7337024, 41.9636894 ], [ -87.7349994, 41.9645791 ], [ -87.7353966, 41.9648515 ], [ -87.7357096, 41.9650662 ], [ -87.7357797, 41.9651143 ], [ -87.7358277, 41.9651472 ], [ -87.7359655, 41.9652417 ], [ -87.736834, 41.9658374 ], [ -87.7369066, 41.9658872 ], [ -87.7369954, 41.9659479 ], [ -87.7373625, 41.9661999 ], [ -87.7374804, 41.9662808 ], [ -87.737547, 41.9663265 ], [ -87.7376701, 41.9664091 ], [ -87.7378676, 41.9665463 ], [ -87.7378697, 41.9666644 ], [ -87.7378857, 41.9675665 ], [ -87.7378889, 41.96775 ], [ -87.7378944, 41.9680605 ], [ -87.7378959, 41.9681432 ], [ -87.7380111, 41.9681418 ], [ -87.7386765, 41.9681338 ], [ -87.7388133, 41.9681321 ], [ -87.7390766, 41.968129 ], [ -87.7391674, 41.9681279 ], [ -87.7392913, 41.9681264 ], [ -87.7399751, 41.9681181 ], [ -87.7401597, 41.9681159 ], [ -87.7403237, 41.9681141 ], [ -87.7405149, 41.9681121 ], [ -87.7408937, 41.968108 ], [ -87.7413924, 41.9681026 ], [ -87.7414591, 41.9681019 ], [ -87.7415597, 41.9681008 ], [ -87.7417141, 41.9680992 ], [ -87.7419107, 41.968097 ], [ -87.7424542, 41.9680912 ], [ -87.7428361, 41.9680871 ], [ -87.742959, 41.9680857 ], [ -87.7433907, 41.9680811 ], [ -87.7435486, 41.9680794 ], [ -87.74379, 41.9680768 ], [ -87.7439384, 41.9680745 ], [ -87.7440652, 41.9680738 ], [ -87.7444812, 41.9680694 ], [ -87.7451208, 41.9680625 ], [ -87.7453066, 41.9680605 ], [ -87.7454082, 41.9680594 ], [ -87.745703, 41.9680562 ], [ -87.7459453, 41.9680536 ], [ -87.7467579, 41.9680436 ], [ -87.7474141, 41.9680367 ], [ -87.7475095, 41.9680357 ], [ -87.7477227, 41.9680327 ], [ -87.7477372, 41.9678692 ], [ -87.7477359, 41.9676927 ], [ -87.7477277, 41.967443 ], [ -87.7476272, 41.9643801 ], [ -87.7476098, 41.9642624 ], [ -87.7475736, 41.9641488 ], [ -87.7474877, 41.9639756 ], [ -87.74716, 41.9633335 ], [ -87.7470624, 41.9631679 ], [ -87.746983, 41.9630164 ], [ -87.7469606, 41.9629366 ], [ -87.746982, 41.9628448 ], [ -87.747041, 41.9627651 ], [ -87.7471412, 41.9626561 ], [ -87.7470826, 41.9625698 ], [ -87.7469715, 41.9624118 ], [ -87.7468561, 41.9622762 ], [ -87.7465595, 41.9619255 ], [ -87.7444989, 41.9607606 ], [ -87.7450859, 41.9607566 ], [ -87.7462839, 41.9607381 ], [ -87.7464154, 41.960731 ], [ -87.7464745, 41.9607268 ], [ -87.74274, 41.9534761 ], [ -87.7425171, 41.9534789 ], [ -87.7422529, 41.9425481 ], [ -87.7423793, 41.9425464 ], [ -87.7426633, 41.9425425 ], [ -87.7427272, 41.9425416 ], [ -87.7428604, 41.9425398 ], [ -87.74295, 41.9425385 ], [ -87.7429477, 41.9424648 ], [ -87.7428945, 41.9407912 ], [ -87.7428916, 41.9407008 ], [ -87.742193, 41.9407058 ], [ -87.7421523, 41.9389026 ], [ -87.7352386, 41.9389956 ], [ -87.7345669, 41.9390039 ], [ -87.7340026, 41.939011 ], [ -87.7338057, 41.9390135 ], [ -87.7271874, 41.9390962 ], [ -87.7271913, 41.9391859 ], [ -87.7272196, 41.9400909 ], [ -87.7272407, 41.9408862 ], [ -87.7272434, 41.941025 ], [ -87.727246, 41.9411548 ], [ -87.7273955, 41.9463769 ], [ -87.696484, 41.9466994 ], [ -87.6961531, 41.9466881 ], [ -87.6961584, 41.9468095 ], [ -87.6963793, 41.9476458 ], [ -87.6965145, 41.9483546 ], [ -87.6967341, 41.949315 ], [ -87.6968039, 41.9501621 ], [ -87.6967811, 41.950321 ], [ -87.696691, 41.9504696 ], [ -87.6963352, 41.951093 ], [ -87.6959491, 41.9518771 ], [ -87.6954374, 41.9526783 ], [ -87.6947033, 41.9535774 ], [ -87.6945026, 41.9538438 ], [ -87.6945025, 41.9541596 ], [ -87.6944075, 41.9547979 ], [ -87.6943617, 41.9563391 ], [ -87.6943562, 41.9564656 ], [ -87.6943608, 41.9574974 ], [ -87.6943997, 41.9581371 ], [ -87.6946023, 41.9593112 ], [ -87.6946828, 41.9598976 ] ] ] } },
{ "type": "Feature", "properties": { "name": "North Center", "overture_id": "37df5ad2-7fc9-4bf7-a76b-ddf7c17778ed", "division_id": "74aa2ce1-c143-486b-b6dd-7f7b9c725395" }, "geometry": { "type": "Polygon", "coordinates": [ [ [ -87.6885221, 41.9613214 ], [ -87.6886857, 41.961319 ], [ -87.6888568, 41.9613178 ], [ -87.6947475, 41.9612701 ], [ -87.6947439, 41.9611732 ], [ -87.6947196, 41.9603634 ], [ -87.6946828, 41.9598976 ], [ -87.6946023, 41.9593112 ], [ -87.6943997, 41.9581371 ], [ -87.6943608, 41.9574974 ], [ -87.6943562, 41.9564656 ], [ -87.6943617, 41.9563391 ], [ -87.6944075, 41.9547979 ], [ -87.6945025, 41.9541596 ], [ -87.6945026, 41.9538438 ], [ -87.6947033, 41.9535774 ], [ -87.6954374, 41.9526783 ], [ -87.6959491, 41.9518771 ], [ -87.6963352, 41.951093 ], [ -87.696691, 41.9504696 ], [ -87.6967811, 41.950321 ], [ -87.6968039, 41.9501621 ], [ -87.6967341, 41.949315 ], [ -87.6965145, 41.9483546 ], [ -87.6963793, 41.9476458 ], [ -87.6961584, 41.9468095 ], [ -87.6961531, 41.9466881 ], [ -87.696131, 41.9463136 ], [ -87.6957129, 41.9446297 ], [ -87.6954368, 41.9433179 ], [ -87.6953261, 41.9427919 ], [ -87.6952351, 41.9424771 ], [ -87.6950557, 41.9422939 ], [ -87.6943027, 41.9412794 ], [ -87.6939512, 41.9407389 ], [ -87.693315, 41.9400748 ], [ -87.6926975, 41.9396064 ], [ -87.6921595, 41.9391534 ], [ -87.6917101, 41.938954 ], [ -87.6914051, 41.9387364 ], [ -87.6910386, 41.9383024 ], [ -87.6907828, 41.937864 ], [ -87.6906481, 41.9377302 ], [ -87.6905255, 41.9374599 ], [ -87.6905217, 41.937076 ], [ -87.6903726, 41.9368534 ], [ -87.6898575, 41.9365454 ], [ -87.6890361, 41.9364312 ], [ -87.6882593, 41.9362083 ], [ -87.6879825, 41.9360981 ], [ -87.6877186, 41.9359692 ], [ -87.6875231, 41.9358533 ], [ -87.6869395, 41.9350914 ], [ -87.6867255, 41.9347791 ], [ -87.6862318, 41.9342423 ], [ -87.6859606, 41.9340257 ], [ -87.6853955, 41.9337339 ], [ -87.6851218, 41.9336776 ], [ -87.6841201, 41.9335478 ], [ -87.6835287, 41.9334611 ], [ -87.6834523, 41.9334294 ], [ -87.6834, 41.9333818 ], [ -87.6832932, 41.9332212 ], [ -87.6827571, 41.9323934 ], [ -87.6826758, 41.9322296 ], [ -87.6821638, 41.9322432 ], [ -87.6812414, 41.9322506 ], [ -87.6808337, 41.932256 ], [ -87.6807129, 41.9322566 ], [ -87.6805671, 41.9322589 ], [ -87.6788569, 41.9322723 ], [ -87.6786728, 41.9322737 ], [ -87.6783415, 41.9322764 ], [ -87.6781345, 41.9322779 ], [ -87.6779348, 41.9322809 ], [ -87.6776728, 41.9322846 ], [ -87.6771745, 41.9322908 ], [ -87.6758021, 41.9323076 ], [ -87.6756728, 41.9323094 ], [ -87.6755889, 41.9323104 ], [ -87.6751394, 41.932316 ], [ -87.6750503, 41.9323171 ], [ -87.6744996, 41.932324 ], [ -87.6738801, 41.9323317 ], [ -87.673801, 41.9323327 ], [ -87.6733606, 41.9323381 ], [ -87.6734505, 41.9359918 ], [ -87.6733532, 41.9359931 ], [ -87.6733663, 41.9364494 ], [ -87.673378, 41.9368969 ], [ -87.6733926, 41.9373629 ], [ -87.6734028, 41.9377174 ], [ -87.6734035, 41.9377406 ], [ -87.6734055, 41.9378099 ], [ -87.6734188, 41.9382722 ], [ -87.6734317, 41.9387214 ], [ -87.673445, 41.9391842 ], [ -87.6734582, 41.9396428 ], [ -87.6734734, 41.9401706 ], [ -87.6734842, 41.9405458 ], [ -87.6734973, 41.9410028 ], [ -87.6735106, 41.9414621 ], [ -87.6735232, 41.9419037 ], [ -87.6735345, 41.9422942 ], [ -87.6735388, 41.9424439 ], [ -87.6735497, 41.9428253 ], [ -87.6735627, 41.9432766 ], [ -87.6735764, 41.9437434 ], [ -87.6735791, 41.9438388 ], [ -87.6735862, 41.9440931 ], [ -87.6735892, 41.9441956 ], [ -87.673602, 41.9446413 ], [ -87.6736156, 41.9451146 ], [ -87.6736766, 41.9469104 ], [ -87.6735895, 41.9469097 ], [ -87.6735968, 41.9471228 ], [ -87.6736067, 41.9474037 ], [ -87.6736548, 41.9487659 ], [ -87.6737297, 41.9504959 ], [ -87.6737302, 41.9505054 ], [ -87.6737008, 41.9506629 ], [ -87.6737562, 41.9523961 ], [ -87.673765, 41.9528616 ], [ -87.6737813, 41.9537194 ], [ -87.6737921, 41.9541828 ], [ -87.6737939, 41.95429 ], [ -87.6737955, 41.9543581 ], [ -87.6738368, 41.9560616 ], [ -87.6738376, 41.956086 ], [ -87.6738912, 41.9577572 ], [ -87.6738919, 41.9577927 ], [ -87.6738757, 41.9578822 ], [ -87.6738785, 41.9579739 ], [ -87.6738806, 41.9580428 ], [ -87.673917, 41.9593597 ], [ -87.6739308, 41.9597107 ], [ -87.6739369, 41.9600411 ], [ -87.6739592, 41.9612465 ], [ -87.6739602, 41.961299 ], [ -87.6739628, 41.9614334 ], [ -87.6739644, 41.9615255 ], [ -87.6752636, 41.9615073 ], [ -87.6753075, 41.9615067 ], [ -87.6885221, 41.9613214 ] ] ] } },
{ "type": "Feature", "properties": { "name": "Lake View", "overture_id": "8759cf81-f607-419f-9f61-33f0eb6a16be", "division_id": "9d227bd8-4a50-4201-ac88-deb21b428e35" }, "geometry": { "type": "Polygon", "coordinates": [ [ [ -87.6450379, 41.9328026 ], [ -87.644906, 41.9328069 ], [ -87.6447752, 41.9328094 ], [ -87.6446369, 41.9328121 ], [ -87.6441201, 41.9328219 ], [ -87.6436962, 41.9328301 ], [ -87.6436145, 41.9328316 ], [ -87.6435325, 41.9328331 ], [ -87.6434479, 41.9328347 ], [ -87.6427368, 41.9328483 ], [ -87.6426197, 41.9328503 ], [ -87.6424928, 41.932853 ], [ -87.6424136, 41.9328541 ], [ -87.6413575, 41.9328746 ], [ -87.6412446, 41.9328765 ], [ -87.6403005, 41.9328948 ], [ -87.6398392, 41.9329036 ], [ -87.6394952, 41.9329102 ], [ -87.63931, 41.9329137 ], [ -87.6391477, 41.9329167 ], [ -87.6379924, 41.9329549 ], [ -87.6303813, 41.9330139 ], [ -87.6302866, 41.9330852 ], [ -87.6301791, 41.9332445 ], [ -87.6301496, 41.9333969 ], [ -87.6301788, 41.9335541 ], [ -87.6303093, 41.9338334 ], [ -87.6304973, 41.9340871 ], [ -87.6311055, 41.934791 ], [ -87.6313477, 41.9350802 ], [ -87.6314882, 41.9352731 ], [ -87.6315544, 41.935397 ], [ -87.6315301, 41.9354437 ], [ -87.6315203, 41.9354893 ], [ -87.6315174, 41.9355278 ], [ -87.6315203, 41.9355671 ], [ -87.6316543, 41.93582 ], [ -87.6316669, 41.9358449 ], [ -87.6317018, 41.9358664 ], [ -87.6317465, 41.9358756 ], [ -87.6318052, 41.9358608 ], [ -87.6319167, 41.9360842 ], [ -87.63197, 41.9362248 ], [ -87.6320065, 41.936354 ], [ -87.6320324, 41.9364893 ], [ -87.6320657, 41.9366624 ], [ -87.6321028, 41.9367945 ], [ -87.6321449, 41.9369235 ], [ -87.6321959, 41.9370459 ], [ -87.6322571, 41.9371749 ], [ -87.6323587, 41.9373631 ], [ -87.6324398, 41.9374759 ], [ -87.6325454, 41.9376062 ], [ -87.6328453, 41.9379316 ], [ -87.6328112, 41.937955 ], [ -87.6328056, 41.9379728 ], [ -87.6328033, 41.93799 ], [ -87.6328202, 41.9380168 ], [ -87.6328561, 41.9380891 ], [ -87.632926, 41.9381763 ], [ -87.6329684, 41.9382373 ], [ -87.6329933, 41.9382665 ], [ -87.6330339, 41.9382859 ], [ -87.6331046, 41.938287 ], [ -87.6331926, 41.9384981 ], [ -87.6332437, 41.938619 ], [ -87.6333534, 41.9388804 ], [ -87.6334598, 41.9391322 ], [ -87.6335588, 41.9393867 ], [ -87.6335959, 41.9394925 ], [ -87.6337094, 41.9398996 ], [ -87.6337801, 41.9401582 ], [ -87.6338504, 41.940413 ], [ -87.6338739, 41.9405346 ], [ -87.6338782, 41.9406754 ], [ -87.6338864, 41.9408397 ], [ -87.6338711, 41.9410786 ], [ -87.6338612, 41.9412757 ], [ -87.633862, 41.9413291 ], [ -87.6338724, 41.9414117 ], [ -87.633892, 41.9414804 ], [ -87.633947, 41.9415848 ], [ -87.6340005, 41.9416409 ], [ -87.634076, 41.9416939 ], [ -87.6341344, 41.9417189 ], [ -87.634219, 41.9417376 ], [ -87.6343178, 41.9417522 ], [ -87.6343517, 41.9417546 ], [ -87.63435, 41.9418711 ], [ -87.6337514, 41.9422637 ], [ -87.6336832, 41.942221 ], [ -87.633577, 41.9421795 ], [ -87.6334952, 41.9421644 ], [ -87.6334257, 41.9421607 ], [ -87.6333326, 41.9421684 ], [ -87.6332138, 41.9422066 ], [ -87.6331379, 41.942253 ], [ -87.6330852, 41.9422953 ], [ -87.6330265, 41.9423815 ], [ -87.6330041, 41.9424532 ], [ -87.6330054, 41.9425188 ], [ -87.6330277, 41.9425894 ], [ -87.6330552, 41.9426365 ], [ -87.6331491, 41.9427358 ], [ -87.6332589, 41.9428376 ], [ -87.6335419, 41.9430919 ], [ -87.6338991, 41.9434126 ], [ -87.6344481, 41.943907 ], [ -87.6346393, 41.9440827 ], [ -87.6350019, 41.9444289 ], [ -87.6355022, 41.9449585 ], [ -87.6358987, 41.9453803 ], [ -87.6361296, 41.9456263 ], [ -87.6363541, 41.9458905 ], [ -87.6364883, 41.9460581 ], [ -87.6367201, 41.9463504 ], [ -87.6370441, 41.9467658 ], [ -87.6373285, 41.9471394 ], [ -87.6374529, 41.9473043 ], [ -87.6374933, 41.9473567 ], [ -87.6377428, 41.9477568 ], [ -87.6378112, 41.9478635 ], [ -87.6380594, 41.9483179 ], [ -87.6383228, 41.9488308 ], [ -87.6384809, 41.9491198 ], [ -87.6386684, 41.949524 ], [ -87.6389042, 41.9500252 ], [ -87.6391825, 41.9505984 ], [ -87.6394011, 41.9510716 ], [ -87.6395822, 41.9514634 ], [ -87.6397512, 41.9518303 ], [ -87.639892, 41.9521389 ], [ -87.640033, 41.9524941 ], [ -87.6402444, 41.9529596 ], [ -87.6404317, 41.9534424 ], [ -87.6405043, 41.9536305 ], [ -87.6406727, 41.9540705 ], [ -87.6406898, 41.9540864 ], [ -87.6407117, 41.9540938 ], [ -87.640732, 41.9540967 ], [ -87.6409121, 41.9547055 ], [ -87.6438423, 41.9546712 ], [ -87.6441624, 41.9546674 ], [ -87.6447055, 41.9546499 ], [ -87.6451451, 41.9546379 ], [ -87.6452662, 41.9546336 ], [ -87.6454527, 41.9546286 ], [ -87.6461499, 41.9546133 ], [ -87.6465708, 41.9546071 ], [ -87.6466486, 41.9546061 ], [ -87.6471192, 41.9545992 ], [ -87.6471991, 41.9545981 ], [ -87.6478177, 41.9545891 ], [ -87.6479389, 41.9545873 ], [ -87.6480575, 41.9545851 ], [ -87.6495987, 41.9545632 ], [ -87.6497133, 41.9545615 ], [ -87.6498121, 41.9545605 ], [ -87.6501581, 41.9545569 ], [ -87.6504236, 41.954554 ], [ -87.6505266, 41.9545531 ], [ -87.650647, 41.9545506 ], [ -87.6507702, 41.9545491 ], [ -87.6512095, 41.9545419 ], [ -87.6514427, 41.9545381 ], [ -87.6517148, 41.9545336 ], [ -87.651755, 41.954533 ], [ -87.6520156, 41.9545292 ], [ -87.6521287, 41.9545276 ], [ -87.6522395, 41.9545259 ], [ -87.653247, 41.9545112 ], [ -87.6532978, 41.9545105 ], [ -87.653814, 41.954503 ], [ -87.6538452, 41.9545025 ], [ -87.6541826, 41.9544976 ], [ -87.6542524, 41.9544966 ], [ -87.65438, 41.9544947 ], [ -87.6545493, 41.9544922 ], [ -87.6546631, 41.9544906 ], [ -87.6547046, 41.9544899 ], [ -87.6549882, 41.9544858 ], [ -87.6551886, 41.9544829 ], [ -87.6553812, 41.95448 ], [ -87.6554313, 41.9544793 ], [ -87.6561381, 41.954469 ], [ -87.6563799, 41.9544655 ], [ -87.6564563, 41.9544644 ], [ -87.6566856, 41.954461 ], [ -87.6567674, 41.9544598 ], [ -87.6568637, 41.9544586 ], [ -87.6569365, 41.9544573 ], [ -87.6617876, 41.9543865 ], [ -87.6620064, 41.9543833 ], [ -87.6622248, 41.9543801 ], [ -87.6622541, 41.9544222 ], [ -87.6622879, 41.9544709 ], [ -87.6624843, 41.9547533 ], [ -87.662537, 41.9548398 ], [ -87.6628898, 41.9554079 ], [ -87.6635034, 41.9564058 ], [ -87.6635402, 41.9564678 ], [ -87.6636938, 41.9567153 ], [ -87.6639042, 41.9570579 ], [ -87.663946, 41.957125 ], [ -87.6640899, 41.9573562 ], [ -87.6642917, 41.9576819 ], [ -87.6643238, 41.9577321 ], [ -87.6643385, 41.9577551 ], [ -87.664497, 41.9580264 ], [ -87.6645016, 41.9580364 ], [ -87.6645336, 41.9581056 ], [ -87.6647044, 41.9584747 ], [ -87.6648733, 41.9588394 ], [ -87.6649053, 41.9589091 ], [ -87.6649392, 41.9589964 ], [ -87.6650711, 41.9593358 ], [ -87.6650829, 41.9593635 ], [ -87.6652249, 41.9596957 ], [ -87.6652443, 41.9597439 ], [ -87.6652762, 41.9598192 ], [ -87.6653119, 41.9599112 ], [ -87.6653374, 41.9599769 ], [ -87.6654507, 41.9602687 ], [ -87.6656033, 41.9606552 ], [ -87.6656322, 41.9607362 ], [ -87.6656612, 41.9608184 ], [ -87.6657858, 41.9611734 ], [ -87.6658438, 41.9613384 ], [ -87.6658818, 41.9614464 ], [ -87.6659175, 41.961548 ], [ -87.6659493, 41.9616385 ], [ -87.6660877, 41.9616355 ], [ -87.6664642, 41.9616312 ], [ -87.6669422, 41.9616245 ], [ -87.6671676, 41.9616213 ], [ -87.6676133, 41.9616151 ], [ -87.6677189, 41.9616135 ], [ -87.6678484, 41.9616117 ], [ -87.6684926, 41.9616027 ], [ -87.6688693, 41.9615973 ], [ -87.6690824, 41.9615941 ], [ -87.6691851, 41.9615928 ], [ -87.6693025, 41.9615911 ], [ -87.6694308, 41.9615894 ], [ -87.6696862, 41.9615858 ], [ -87.6700576, 41.9615806 ], [ -87.6707086, 41.9615714 ], [ -87.6708455, 41.9615695 ], [ -87.6709734, 41.9615677 ], [ -87.6716269, 41.9615585 ], [ -87.6722898, 41.9615491 ], [ -87.6724109, 41.9615474 ], [ -87.6725497, 41.9615455 ], [ -87.673212, 41.9615361 ], [ -87.6738512, 41.9615271 ], [ -87.6739644, 41.9615255 ], [ -87.6739628, 41.9614334 ], [ -87.6739602, 41.961299 ], [ -87.6739592, 41.9612465 ], [ -87.6739369, 41.9600411 ], [ -87.6739308, 41.9597107 ], [ -87.673917, 41.9593597 ], [ -87.6738806, 41.9580428 ], [ -87.6738785, 41.9579739 ], [ -87.6738757, 41.9578822 ], [ -87.6738919, 41.9577927 ], [ -87.6738912, 41.9577572 ], [ -87.6738376, 41.956086 ], [ -87.6738368, 41.9560616 ], [ -87.6737955, 41.9543581 ], [ -87.6737939, 41.95429 ], [ -87.6737921, 41.9541828 ], [ -87.6737813, 41.9537194 ], [ -87.673765, 41.9528616 ], [ -87.6737562, 41.9523961 ], [ -87.6737008, 41.9506629 ], [ -87.6737302, 41.9505054 ], [ -87.6737297, 41.9504959 ], [ -87.6736548, 41.9487659 ], [ -87.6736067, 41.9474037 ], [ -87.6735968, 41.9471228 ], [ -87.6735895, 41.9469097 ], [ -87.6736766, 41.9469104 ], [ -87.6736156, 41.9451146 ], [ -87.673602, 41.9446413 ], [ -87.6735892, 41.9441956 ], [ -87.6735862, 41.9440931 ], [ -87.6735791, 41.9438388 ], [ -87.6735764, 41.9437434 ], [ -87.6735627, 41.9432766 ], [ -87.6735497, 41.9428253 ], [ -87.6735388, 41.9424439 ], [ -87.6735345, 41.9422942 ], [ -87.6735232, 41.9419037 ], [ -87.6735106, 41.9414621 ], [ -87.6734973, 41.9410028 ], [ -87.6734842, 41.9405458 ], [ -87.6734734, 41.9401706 ], [ -87.6734582, 41.9396428 ], [ -87.673445, 41.9391842 ], [ -87.6734317, 41.9387214 ], [ -87.6734188, 41.9382722 ], [ -87.6734055, 41.9378099 ], [ -87.6734035, 41.9377406 ], [ -87.6734028, 41.9377174 ], [ -87.6733926, 41.9373629 ], [ -87.673378, 41.9368969 ], [ -87.6733663, 41.9364494 ], [ -87.6733532, 41.9359931 ], [ -87.6734505, 41.9359918 ], [ -87.6733606, 41.9323381 ], [ -87.6720774, 41.9323541 ], [ -87.6709286, 41.9323685 ], [ -87.670818, 41.9323697 ], [ -87.6707255, 41.9323708 ], [ -87.6696907, 41.9323838 ], [ -87.6695937, 41.932385 ], [ -87.6695084, 41.9323861 ], [ -87.6690036, 41.9323923 ], [ -87.6685715, 41.9323981 ], [ -87.6684521, 41.9323999 ], [ -87.6683272, 41.932402 ], [ -87.6682255, 41.9324036 ], [ -87.6680884, 41.9324058 ], [ -87.6680115, 41.9324071 ], [ -87.6679004, 41.9324089 ], [ -87.6677947, 41.9324106 ], [ -87.667294, 41.9324186 ], [ -87.6671898, 41.9324203 ], [ -87.6670833, 41.9324221 ], [ -87.6660941, 41.9324377 ], [ -87.6659794, 41.9324398 ], [ -87.6658798, 41.9324406 ], [ -87.6648868, 41.9324573 ], [ -87.6647825, 41.9324591 ], [ -87.6646687, 41.932461 ], [ -87.664333, 41.9324664 ], [ -87.6639873, 41.9324724 ], [ -87.6638114, 41.9324748 ], [ -87.6636859, 41.9324767 ], [ -87.6635501, 41.932479 ], [ -87.6634496, 41.9324808 ], [ -87.6631693, 41.9324851 ], [ -87.6630074, 41.9324877 ], [ -87.6624587, 41.9324966 ], [ -87.6623582, 41.9324982 ], [ -87.6612474, 41.9325161 ], [ -87.6611337, 41.9325177 ], [ -87.6610287, 41.9325196 ], [ -87.6605267, 41.9325277 ], [ -87.6600364, 41.9325356 ], [ -87.6599187, 41.9325375 ], [ -87.6598126, 41.9325392 ], [ -87.6593221, 41.9325471 ], [ -87.6592857, 41.9325477 ], [ -87.659186, 41.9325493 ], [ -87.6588928, 41.9325548 ], [ -87.658713, 41.9325569 ], [ -87.6584194, 41.932563 ], [ -87.6582201, 41.9325672 ], [ -87.6581065, 41.932569 ], [ -87.6574606, 41.9325792 ], [ -87.6566302, 41.9325923 ], [ -87.6564007, 41.9325959 ], [ -87.6562896, 41.9325977 ], [ -87.6561791, 41.9325994 ], [ -87.6559594, 41.9326029 ], [ -87.6558432, 41.9326047 ], [ -87.6557471, 41.9326062 ], [ -87.6552784, 41.9326132 ], [ -87.6551773, 41.9326152 ], [ -87.6550958, 41.9326166 ], [ -87.6543761, 41.9326279 ], [ -87.654097, 41.9326323 ], [ -87.6539735, 41.9326342 ], [ -87.653863, 41.932636 ], [ -87.6537544, 41.9326379 ], [ -87.6535356, 41.9326422 ], [ -87.6534815, 41.9326433 ], [ -87.652634, 41.9326595 ], [ -87.6520597, 41.9326704 ], [ -87.6514305, 41.9326824 ], [ -87.6502358, 41.9327052 ], [ -87.6496267, 41.9327168 ], [ -87.6494266, 41.9327207 ], [ -87.6492761, 41.9327235 ], [ -87.6491279, 41.9327264 ], [ -87.6490131, 41.9327285 ], [ -87.6489075, 41.9327306 ], [ -87.6486971, 41.9327346 ], [ -87.6485673, 41.9327371 ], [ -87.6483645, 41.9327409 ], [ -87.6482613, 41.9327429 ], [ -87.647778, 41.932752 ], [ -87.6476559, 41.9327544 ], [ -87.6475624, 41.9327561 ], [ -87.6470668, 41.9327657 ], [ -87.6469237, 41.9327684 ], [ -87.6467036, 41.9327723 ], [ -87.6466314, 41.932774 ], [ -87.6465114, 41.9327762 ], [ -87.6463149, 41.93278 ], [ -87.6458762, 41.9327884 ], [ -87.6455041, 41.9327955 ], [ -87.6450379, 41.9328026 ] ] ] } },
{ "type": "Feature", "properties": { "name": "Uptown", "overture_id": "ffbf7242-6eaa-4c01-b6f8-5b526f80b9cd", "division_id": "e6b5235b-c91a-4ed4-ab12-5b12b41164d9" }, "geometry": { "type": "Polygon", "coordinates": [ [ [ -87.6641517, 41.9762558 ], [ -87.6646021, 41.9762486 ], [ -87.6646481, 41.9762479 ], [ -87.6647547, 41.9762462 ], [ -87.6648019, 41.9762454 ], [ -87.6648582, 41.9762451 ], [ -87.6653577, 41.9762371 ], [ -87.6677801, 41.9762009 ], [ -87.6678024, 41.9762006 ], [ -87.6680288, 41.9761971 ], [ -87.6683083, 41.9761929 ], [ -87.668416, 41.9761913 ], [ -87.6685379, 41.9761895 ], [ -87.6688126, 41.9761854 ], [ -87.6690387, 41.976182 ], [ -87.6691206, 41.9761808 ], [ -87.6694472, 41.9761759 ], [ -87.6695435, 41.9761744 ], [ -87.6696771, 41.9761726 ], [ -87.6697849, 41.9761709 ], [ -87.6700195, 41.9761674 ], [ -87.6701822, 41.976165 ], [ -87.6702443, 41.9761641 ], [ -87.6705251, 41.9761599 ], [ -87.6718902, 41.9761397 ], [ -87.6719715, 41.9761382 ], [ -87.6720778, 41.9761369 ], [ -87.6721823, 41.9761353 ], [ -87.6722165, 41.9761349 ], [ -87.6725967, 41.9761292 ], [ -87.67368, 41.9761132 ], [ -87.6738598, 41.9761105 ], [ -87.6739895, 41.9761086 ], [ -87.6740825, 41.9761072 ], [ -87.6741748, 41.9761059 ], [ -87.67427, 41.9761045 ], [ -87.6743037, 41.976104 ], [ -87.6744111, 41.9761024 ], [ -87.6744087, 41.9760276 ], [ -87.674382, 41.9751858 ], [ -87.6743562, 41.9742752 ], [ -87.6743466, 41.9738292 ], [ -87.6743387, 41.9734589 ], [ -87.6743358, 41.9734496 ], [ -87.6743318, 41.9733456 ], [ -87.674308, 41.9732779 ], [ -87.6742557, 41.9724552 ], [ -87.6742404, 41.9718347 ], [ -87.6742395, 41.9717968 ], [ -87.674229, 41.9713895 ], [ -87.6741628, 41.9688228 ], [ -87.6741609, 41.9687301 ], [ -87.674159, 41.9686352 ], [ -87.6741566, 41.9685192 ], [ -87.6741488, 41.9681336 ], [ -87.6741457, 41.9679812 ], [ -87.6741379, 41.9676004 ], [ -87.6741284, 41.9671283 ], [ -87.6741277, 41.967096 ], [ -87.6741257, 41.9669955 ], [ -87.6741223, 41.9668976 ], [ -87.6740829, 41.9657476 ], [ -87.6740669, 41.9652657 ], [ -87.6740633, 41.9651753 ], [ -87.6740622, 41.9650836 ], [ -87.6740259, 41.963455 ], [ -87.6740235, 41.9633494 ], [ -87.6740206, 41.9632601 ], [ -87.6739671, 41.9616259 ], [ -87.6739644, 41.9615255 ], [ -87.6738512, 41.9615271 ], [ -87.673212, 41.9615361 ], [ -87.6725497, 41.9615455 ], [ -87.6724109, 41.9615474 ], [ -87.6722898, 41.9615491 ], [ -87.6716269, 41.9615585 ], [ -87.6709734, 41.9615677 ], [ -87.6708455, 41.9615695 ], [ -87.6707086, 41.9615714 ], [ -87.6700576, 41.9615806 ], [ -87.6696862, 41.9615858 ], [ -87.6694308, 41.9615894 ], [ -87.6693025, 41.9615911 ], [ -87.6691851, 41.9615928 ], [ -87.6690824, 41.9615941 ], [ -87.6688693, 41.9615973 ], [ -87.6684926, 41.9616027 ], [ -87.6678484, 41.9616117 ], [ -87.6677189, 41.9616135 ], [ -87.6676133, 41.9616151 ], [ -87.6671676, 41.9616213 ], [ -87.6669422, 41.9616245 ], [ -87.6664642, 41.9616312 ], [ -87.6660877, 41.9616355 ], [ -87.6659493, 41.9616385 ], [ -87.6659175, 41.961548 ], [ -87.6658818, 41.9614464 ], [ -87.6658438, 41.9613384 ], [ -87.6657858, 41.9611734 ], [ -87.6656612, 41.9608184 ], [ -87.6656322, 41.9607362 ], [ -87.6656033, 41.9606552 ], [ -87.6654507, 41.9602687 ], [ -87.6653374, 41.9599769 ], [ -87.6653119, 41.9599112 ], [ -87.6652762, 41.9598192 ], [ -87.6652443, 41.9597439 ], [ -87.6652249, 41.9596957 ], [ -87.6650829, 41.9593635 ], [ -87.6650711, 41.9593358 ], [ -87.6649392, 41.9589964 ], [ -87.6649053, 41.9589091 ], [ -87.6648733, 41.9588394 ], [ -87.6647044, 41.9584747 ], [ -87.6645336, 41.9581056 ], [ -87.6645016, 41.9580364 ], [ -87.664497, 41.9580264 ], [ -87.6643385, 41.9577551 ], [ -87.6643238, 41.9577321 ], [ -87.6642917, 41.9576819 ], [ -87.6640899, 41.9573562 ], [ -87.663946, 41.957125 ], [ -87.6639042, 41.9570579 ], [ -87.6636938, 41.9567153 ], [ -87.6635402, 41.9564678 ], [ -87.6635034, 41.9564058 ], [ -87.6628898, 41.9554079 ], [ -87.662537, 41.9548398 ], [ -87.6624843, 41.9547533 ], [ -87.6622879, 41.9544709 ], [ -87.6622541, 41.9544222 ], [ -87.6622248, 41.9543801 ], [ -87.6620064, 41.9543833 ], [ -87.6617876, 41.9543865 ], [ -87.6569365, 41.9544573 ], [ -87.6568637, 41.9544586 ], [ -87.6567674, 41.9544598 ], [ -87.6566856, 41.954461 ], [ -87.6564563, 41.9544644 ], [ -87.6563799, 41.9544655 ], [ -87.6561381, 41.954469 ], [ -87.6554313, 41.9544793 ], [ -87.6553812, 41.95448 ], [ -87.6551886, 41.9544829 ], [ -87.6549882, 41.9544858 ], [ -87.6547046, 41.9544899 ], [ -87.6546631, 41.9544906 ], [ -87.6545493, 41.9544922 ], [ -87.65438, 41.9544947 ], [ -87.6542524, 41.9544966 ], [ -87.6541826, 41.9544976 ], [ -87.6538452, 41.9545025 ], [ -87.653814, 41.954503 ], [ -87.6532978, 41.9545105 ], [ -87.653247, 41.9545112 ], [ -87.6522395, 41.9545259 ], [ -87.6521287, 41.9545276 ], [ -87.6520156, 41.9545292 ], [ -87.651755, 41.954533 ], [ -87.6517148, 41.9545336 ], [ -87.6514427, 41.9545381 ], [ -87.6512095, 41.9545419 ], [ -87.6507702, 41.9545491 ], [ -87.650647, 41.9545506 ], [ -87.6505266, 41.9545531 ], [ -87.6504236, 41.954554 ], [ -87.6501581, 41.9545569 ], [ -87.6498121, 41.9545605 ], [ -87.6497133, 41.9545615 ], [ -87.6495987, 41.9545632 ], [ -87.6480575, 41.9545851 ], [ -87.6479389, 41.9545873 ], [ -87.6478177, 41.9545891 ], [ -87.6471991, 41.9545981 ], [ -87.6471192, 41.9545992 ], [ -87.6466486, 41.9546061 ], [ -87.6465708, 41.9546071 ], [ -87.6461499, 41.9546133 ], [ -87.6454527, 41.9546286 ], [ -87.6452662, 41.9546336 ], [ -87.6451451, 41.9546379 ], [ -87.6447055, 41.9546499 ], [ -87.6441624, 41.9546674 ], [ -87.6438423, 41.9546712 ], [ -87.6409121, 41.9547055 ], [ -87.6410603, 41.9552161 ], [ -87.6412134, 41.9559185 ], [ -87.6412991, 41.9563119 ], [ -87.6414217, 41.9569986 ], [ -87.6415249, 41.957692 ], [ -87.6416779, 41.958374 ], [ -87.6416844, 41.9584588 ], [ -87.6415847, 41.9593314 ], [ -87.6410359, 41.9593007 ], [ -87.6403498, 41.9592184 ], [ -87.6402908, 41.9592071 ], [ -87.6400927, 41.9596878 ], [ -87.6393646, 41.9595189 ], [ -87.6390401, 41.959453 ], [ -87.6388513, 41.9594208 ], [ -87.6387241, 41.9594048 ], [ -87.6384935, 41.959379 ], [ -87.638346, 41.9593702 ], [ -87.6381782, 41.9593614 ], [ -87.6380184, 41.959357 ], [ -87.637887, 41.9593548 ], [ -87.6377651, 41.9593571 ], [ -87.6376422, 41.9593646 ], [ -87.6375217, 41.9593734 ], [ -87.6374008, 41.9593841 ], [ -87.6372182, 41.9594078 ], [ -87.6370445, 41.9594398 ], [ -87.636884, 41.9594774 ], [ -87.6367941, 41.959502 ], [ -87.6367398, 41.9595189 ], [ -87.6366675, 41.9595454 ], [ -87.6365999, 41.9595726 ], [ -87.6365114, 41.9596123 ], [ -87.6364231, 41.9596557 ], [ -87.6363181, 41.9597131 ], [ -87.6361903, 41.9597882 ], [ -87.6360372, 41.959884 ], [ -87.6357291, 41.9600958 ], [ -87.6354012, 41.9603751 ], [ -87.6351697, 41.9606048 ], [ -87.6349664, 41.9608112 ], [ -87.6347812, 41.9609814 ], [ -87.6344322, 41.9612679 ], [ -87.6342982, 41.9613615 ], [ -87.6342156, 41.9614009 ], [ -87.6340873, 41.9614429 ], [ -87.6340266, 41.9614631 ], [ -87.6335683, 41.9616963 ], [ -87.6334705, 41.9617418 ], [ -87.6334166, 41.9617634 ], [ -87.6330991, 41.9618521 ], [ -87.6329373, 41.9619015 ], [ -87.6325597, 41.9620496 ], [ -87.6323424, 41.9621452 ], [ -87.632195, 41.9622002 ], [ -87.6320527, 41.9622388 ], [ -87.6318302, 41.9622887 ], [ -87.6317356, 41.9623213 ], [ -87.6315566, 41.9624009 ], [ -87.6314329, 41.9624737 ], [ -87.6313207, 41.9625581 ], [ -87.6312086, 41.9626653 ], [ -87.6310683, 41.9628531 ], [ -87.6310277, 41.9629411 ], [ -87.6310075, 41.9630644 ], [ -87.6310053, 41.9631818 ], [ -87.6310224, 41.9633151 ], [ -87.6310537, 41.9634243 ], [ -87.6311331, 41.9635593 ], [ -87.6312225, 41.9636642 ], [ -87.6313275, 41.9637783 ], [ -87.6314463, 41.9638727 ], [ -87.6316723, 41.9640127 ], [ -87.6317521, 41.9642499 ], [ -87.6318309, 41.9645348 ], [ -87.6318785, 41.9648003 ], [ -87.6319193, 41.9650618 ], [ -87.6319311, 41.9652326 ], [ -87.6319344, 41.9657044 ], [ -87.6319027, 41.9660418 ], [ -87.6318418, 41.9664123 ], [ -87.6317113, 41.9668668 ], [ -87.6316075, 41.9671287 ], [ -87.6314856, 41.9673815 ], [ -87.6312595, 41.9678035 ], [ -87.6311479, 41.9679885 ], [ -87.6310551, 41.9681121 ], [ -87.6309328, 41.9682716 ], [ -87.6309111, 41.9683227 ], [ -87.6309009, 41.9683506 ], [ -87.6308907, 41.9683974 ], [ -87.6308861, 41.9684477 ], [ -87.6308897, 41.9684889 ], [ -87.6309004, 41.9685358 ], [ -87.6309195, 41.9685825 ], [ -87.6309434, 41.968628 ], [ -87.6309753, 41.968669 ], [ -87.6310201, 41.9687167 ], [ -87.631066, 41.968753 ], [ -87.6311321, 41.9687927 ], [ -87.6311859, 41.9688167 ], [ -87.6312533, 41.9688378 ], [ -87.631326, 41.9688542 ], [ -87.6313827, 41.9688622 ], [ -87.6314515, 41.9688647 ], [ -87.6315192, 41.9688606 ], [ -87.6315845, 41.9688513 ], [ -87.6316422, 41.9688376 ], [ -87.6316976, 41.9688182 ], [ -87.6317478, 41.9687975 ], [ -87.6317984, 41.9687701 ], [ -87.6318397, 41.968741 ], [ -87.6318739, 41.9687123 ], [ -87.631907, 41.9686797 ], [ -87.6319337, 41.9686471 ], [ -87.631954, 41.9686144 ], [ -87.6319726, 41.968575 ], [ -87.6319853, 41.9685302 ], [ -87.6319909, 41.9684941 ], [ -87.6319962, 41.9684454 ], [ -87.6319926, 41.9684049 ], [ -87.6319869, 41.9683668 ], [ -87.631973, 41.9683238 ], [ -87.631955, 41.9682826 ], [ -87.6319219, 41.9682349 ], [ -87.6318767, 41.9681879 ], [ -87.6318305, 41.968148 ], [ -87.6318033, 41.9681635 ], [ -87.6317632, 41.9681857 ], [ -87.6318107, 41.9682224 ], [ -87.6318697, 41.9682903 ], [ -87.6318969, 41.9683494 ], [ -87.6319129, 41.968416 ], [ -87.6319143, 41.9684723 ], [ -87.6319053, 41.9685202 ], [ -87.6318852, 41.9685757 ], [ -87.6318509, 41.9686245 ], [ -87.6318074, 41.9686725 ], [ -87.6317644, 41.9687061 ], [ -87.6317234, 41.9687305 ], [ -87.631675, 41.9687549 ], [ -87.6316143, 41.9687762 ], [ -87.6315275, 41.9687947 ], [ -87.6314551, 41.9687996 ], [ -87.6313888, 41.9687984 ], [ -87.6313092, 41.9687861 ], [ -87.6312321, 41.9687623 ], [ -87.6311574, 41.9687264 ], [ -87.6310918, 41.9686793 ], [ -87.631036, 41.9686235 ], [ -87.6310028, 41.968566 ], [ -87.6309771, 41.9684958 ], [ -87.6309718, 41.968433 ], [ -87.6309816, 41.9683791 ], [ -87.6309967, 41.968335 ], [ -87.6310158, 41.9682987 ], [ -87.6312213, 41.968013 ], [ -87.631315, 41.9678606 ], [ -87.6315016, 41.9675364 ], [ -87.6316618, 41.9671978 ], [ -87.6317654, 41.9669421 ], [ -87.6318226, 41.9667708 ], [ -87.6321126, 41.9666339 ], [ -87.6322158, 41.9665852 ], [ -87.6327966, 41.9664885 ], [ -87.633851, 41.9665171 ], [ -87.6348443, 41.9666766 ], [ -87.6374073, 41.9674737 ], [ -87.6412977, 41.9685469 ], [ -87.643744, 41.9693134 ], [ -87.6439162, 41.969474 ], [ -87.6441262, 41.9696974 ], [ -87.6443245, 41.9699207 ], [ -87.6445651, 41.9702074 ], [ -87.6449056, 41.9706267 ], [ -87.6452153, 41.9710776 ], [ -87.6453377, 41.9712666 ], [ -87.6455429, 41.9716123 ], [ -87.6457357, 41.9719362 ], [ -87.6459138, 41.9722939 ], [ -87.6460621, 41.972603 ], [ -87.6461527, 41.9728475 ], [ -87.6462163, 41.9730968 ], [ -87.6462466, 41.9732516 ], [ -87.6462618, 41.9734065 ], [ -87.6462932, 41.974326 ], [ -87.6463111, 41.9748127 ], [ -87.646325, 41.9753051 ], [ -87.6463355, 41.9756758 ], [ -87.6463524, 41.9761217 ], [ -87.6463605, 41.9765383 ], [ -87.6463698, 41.9768882 ], [ -87.6463879, 41.9770047 ], [ -87.6464226, 41.9771121 ], [ -87.6464875, 41.9772353 ], [ -87.6465462, 41.9773177 ], [ -87.6466621, 41.9774525 ], [ -87.6466807, 41.9774663 ], [ -87.6466968, 41.9774793 ], [ -87.6468037, 41.9774195 ], [ -87.6493829, 41.9768503 ], [ -87.6493999, 41.9768484 ], [ -87.6494209, 41.9768461 ], [ -87.6494517, 41.9768424 ], [ -87.6495456, 41.9768287 ], [ -87.6496488, 41.9768122 ], [ -87.6496957, 41.976804 ], [ -87.6497349, 41.9767973 ], [ -87.6497808, 41.9767886 ], [ -87.6498273, 41.9767795 ], [ -87.6498725, 41.9767689 ], [ -87.6499258, 41.9767568 ], [ -87.6508723, 41.9765198 ], [ -87.650982, 41.9764952 ], [ -87.6510597, 41.9764786 ], [ -87.6511228, 41.9764673 ], [ -87.6511786, 41.9764604 ], [ -87.6512177, 41.9764564 ], [ -87.6512621, 41.9764535 ], [ -87.6513067, 41.9764513 ], [ -87.6514765, 41.9764465 ], [ -87.651813, 41.9764532 ], [ -87.6518951, 41.9764516 ], [ -87.6521464, 41.9764443 ], [ -87.6522985, 41.9764423 ], [ -87.6533109, 41.9764286 ], [ -87.6539078, 41.9764206 ], [ -87.6542763, 41.9764156 ], [ -87.6544274, 41.9764135 ], [ -87.6548634, 41.9764076 ], [ -87.6549916, 41.9764059 ], [ -87.655136, 41.9764035 ], [ -87.6552505, 41.9764014 ], [ -87.6553649, 41.9763993 ], [ -87.6555673, 41.9763957 ], [ -87.655706, 41.9763932 ], [ -87.6562853, 41.9763829 ], [ -87.656316, 41.9763824 ], [ -87.6564081, 41.9763807 ], [ -87.6565222, 41.9763787 ], [ -87.6565754, 41.9763778 ], [ -87.6571194, 41.9763681 ], [ -87.6577165, 41.9763575 ], [ -87.6578137, 41.9763558 ], [ -87.6579193, 41.9763542 ], [ -87.6585207, 41.976345 ], [ -87.6587691, 41.9763412 ], [ -87.6587916, 41.9763408 ], [ -87.6591093, 41.976336 ], [ -87.6592168, 41.9763343 ], [ -87.65944, 41.9763309 ], [ -87.6597047, 41.9763268 ], [ -87.659865, 41.976324 ], [ -87.6600257, 41.9763219 ], [ -87.6602141, 41.9763188 ], [ -87.6604756, 41.9763147 ], [ -87.6605423, 41.9763136 ], [ -87.6606103, 41.9763125 ], [ -87.6610437, 41.9763056 ], [ -87.6611352, 41.9763041 ], [ -87.6612452, 41.9763023 ], [ -87.6617417, 41.9762944 ], [ -87.6622029, 41.976287 ], [ -87.6622467, 41.9762863 ], [ -87.6623537, 41.9762846 ], [ -87.6624556, 41.976283 ], [ -87.6624919, 41.9762824 ], [ -87.6629431, 41.9762752 ], [ -87.6634452, 41.9762671 ], [ -87.6635505, 41.9762655 ], [ -87.6636427, 41.976264 ], [ -87.6641517, 41.9762558 ] ] ] } },
{ "type": "Feature", "properties": { "name": "Lincoln Square", "overture_id": "56efc7ff-0cf6-4fa7-9955-4f370095302b", "division_id": "615406b5-3e74-4a1e-ace6-db9df6fb80e1" }, "geometry": { "type": "Polygon", "coordinates": [ [ [ -87.7048679, 41.9761716 ], [ -87.704788, 41.9758773 ], [ -87.7043443, 41.9745317 ], [ -87.704203, 41.9736159 ], [ -87.7041212, 41.9735031 ], [ -87.70397, 41.9732134 ], [ -87.7037349, 41.972544 ], [ -87.7031792, 41.9713316 ], [ -87.7025805, 41.9703807 ], [ -87.7011322, 41.9686657 ], [ -87.6999725, 41.9675854 ], [ -87.697782, 41.9653956 ], [ -87.6972936, 41.9648882 ], [ -87.696035, 41.9636739 ], [ -87.6957027, 41.9633332 ], [ -87.6955399, 41.9631007 ], [ -87.6953494, 41.9627223 ], [ -87.6952271, 41.9623584 ], [ -87.6950421, 41.9619436 ], [ -87.6947522, 41.961395 ], [ -87.6947475, 41.9612701 ], [ -87.6888568, 41.9613178 ], [ -87.6886857, 41.961319 ], [ -87.6885221, 41.9613214 ], [ -87.6753075, 41.9615067 ], [ -87.6752636, 41.9615073 ], [ -87.6739644, 41.9615255 ], [ -87.6739671, 41.9616259 ], [ -87.6740206, 41.9632601 ], [ -87.6740235, 41.9633494 ], [ -87.6740259, 41.963455 ], [ -87.6740622, 41.9650836 ], [ -87.6740633, 41.9651753 ], [ -87.6740669, 41.9652657 ], [ -87.6740829, 41.9657476 ], [ -87.6741223, 41.9668976 ], [ -87.6741257, 41.9669955 ], [ -87.6741277, 41.967096 ], [ -87.6741284, 41.9671283 ], [ -87.6741379, 41.9676004 ], [ -87.6741457, 41.9679812 ], [ -87.6741488, 41.9681336 ], [ -87.6741566, 41.9685192 ], [ -87.674159, 41.9686352 ], [ -87.6741609, 41.9687301 ], [ -87.6741628, 41.9688228 ], [ -87.674229, 41.9713895 ], [ -87.6742395, 41.9717968 ], [ -87.6742404, 41.9718347 ], [ -87.6742557, 41.9724552 ], [ -87.674308, 41.9732779 ], [ -87.6743318, 41.9733456 ], [ -87.6743358, 41.9734496 ], [ -87.6743387, 41.9734589 ], [ -87.6743466, 41.9738292 ], [ -87.6743562, 41.9742752 ], [ -87.674382, 41.9751858 ], [ -87.6744087, 41.9760276 ], [ -87.6744111, 41.9761024 ], [ -87.6744136, 41.9761899 ], [ -87.6744173, 41.9763194 ], [ -87.6744374, 41.9770186 ], [ -87.6744553, 41.9778549 ], [ -87.6744083, 41.9779387 ], [ -87.6743709, 41.9780128 ], [ -87.6743775, 41.9782041 ], [ -87.6744003, 41.9788436 ], [ -87.6744217, 41.9796772 ], [ -87.6744526, 41.9797518 ], [ -87.6744978, 41.9798338 ], [ -87.6745092, 41.9798603 ], [ -87.6745321, 41.9806754 ], [ -87.6745564, 41.9815799 ], [ -87.6745858, 41.9824939 ], [ -87.674605, 41.9832884 ], [ -87.6746068, 41.9833647 ], [ -87.6746194, 41.9838068 ], [ -87.6746315, 41.9842283 ], [ -87.6746425, 41.9846343 ], [ -87.6746953, 41.9865738 ], [ -87.6746913, 41.9865837 ], [ -87.674675, 41.9866242 ], [ -87.6746493, 41.9866879 ], [ -87.6746454, 41.986815 ], [ -87.6746435, 41.9875281 ], [ -87.6746414, 41.9883305 ], [ -87.674655, 41.9887931 ], [ -87.6746678, 41.9891356 ], [ -87.6746723, 41.9893847 ], [ -87.674674, 41.9894224 ], [ -87.6746758, 41.9895249 ], [ -87.6746785, 41.9896703 ], [ -87.6746832, 41.989706 ], [ -87.674689, 41.9899315 ], [ -87.6746908, 41.989967 ], [ -87.6746915, 41.9900923 ], [ -87.6746958, 41.9901343 ], [ -87.6746992, 41.9902596 ], [ -87.6746988, 41.9902922 ], [ -87.6747032, 41.990417 ], [ -87.6747094, 41.9906402 ], [ -87.6747115, 41.9907183 ], [ -87.6747136, 41.990759 ], [ -87.6769199, 41.9907225 ], [ -87.6796093, 41.9906761 ], [ -87.680859, 41.9906545 ], [ -87.685424, 41.9905756 ], [ -87.6876672, 41.9905368 ], [ -87.6896303, 41.9905038 ], [ -87.6893781, 41.9831965 ], [ -87.7066285, 41.9831131 ], [ -87.7069349, 41.9831087 ], [ -87.7068541, 41.9828528 ], [ -87.7067626, 41.9825569 ], [ -87.7062123, 41.9809854 ], [ -87.7059494, 41.9800957 ], [ -87.7051163, 41.9771192 ], [ -87.7048679, 41.9761716 ] ] ] } },
{ "type": "Feature", "properties": { "name": "Edgewater", "overture_id": "987a0122-9cf9-4e07-8911-fafd0169dafc", "division_id": "936d5782-0b18-497c-82e7-d30f407d2c4e" }, "geometry": { "type": "Polygon", "coordinates": [ [ [ -87.6653577, 41.9762371 ], [ -87.6648582, 41.9762451 ], [ -87.6648019, 41.9762454 ], [ -87.6647547, 41.9762462 ], [ -87.6646481, 41.9762479 ], [ -87.6646021, 41.9762486 ], [ -87.6641517, 41.9762558 ], [ -87.6636427, 41.976264 ], [ -87.6635505, 41.9762655 ], [ -87.6634452, 41.9762671 ], [ -87.6629431, 41.9762752 ], [ -87.6624919, 41.9762824 ], [ -87.6624556, 41.976283 ], [ -87.6623537, 41.9762846 ], [ -87.6622467, 41.9762863 ], [ -87.6622029, 41.976287 ], [ -87.6617417, 41.9762944 ], [ -87.6612452, 41.9763023 ], [ -87.6611352, 41.9763041 ], [ -87.6610437, 41.9763056 ], [ -87.6606103, 41.9763125 ], [ -87.6605423, 41.9763136 ], [ -87.6604756, 41.9763147 ], [ -87.6602141, 41.9763188 ], [ -87.6600257, 41.9763219 ], [ -87.659865, 41.976324 ], [ -87.6597047, 41.9763268 ], [ -87.65944, 41.9763309 ], [ -87.6592168, 41.9763343 ], [ -87.6591093, 41.976336 ], [ -87.6587916, 41.9763408 ], [ -87.6587691, 41.9763412 ], [ -87.6585207, 41.976345 ], [ -87.6579193, 41.9763542 ], [ -87.6578137, 41.9763558 ], [ -87.6577165, 41.9763575 ], [ -87.6571194, 41.9763681 ], [ -87.6565754, 41.9763778 ], [ -87.6565222, 41.9763787 ], [ -87.6564081, 41.9763807 ], [ -87.656316, 41.9763824 ], [ -87.6562853, 41.9763829 ], [ -87.655706, 41.9763932 ], [ -87.6555673, 41.9763957 ], [ -87.6553649, 41.9763993 ], [ -87.6552505, 41.9764014 ], [ -87.655136, 41.9764035 ], [ -87.6549916, 41.9764059 ], [ -87.6548634, 41.9764076 ], [ -87.6544274, 41.9764135 ], [ -87.6542763, 41.9764156 ], [ -87.6539078, 41.9764206 ], [ -87.6533109, 41.9764286 ], [ -87.6522985, 41.9764423 ], [ -87.6521464, 41.9764443 ], [ -87.6518951, 41.9764516 ], [ -87.651813, 41.9764532 ], [ -87.6514765, 41.9764465 ], [ -87.6513067, 41.9764513 ], [ -87.6512621, 41.9764535 ], [ -87.6512177, 41.9764564 ], [ -87.6511786, 41.9764604 ], [ -87.6511228, 41.9764673 ], [ -87.6510597, 41.9764786 ], [ -87.650982, 41.9764952 ], [ -87.6508723, 41.9765198 ], [ -87.6499258, 41.9767568 ], [ -87.6498725, 41.9767689 ], [ -87.6498273, 41.9767795 ], [ -87.6497808, 41.9767886 ], [ -87.6497349, 41.9767973 ], [ -87.6496957, 41.976804 ], [ -87.6496488, 41.9768122 ], [ -87.6495456, 41.9768287 ], [ -87.6494517, 41.9768424 ], [ -87.6494209, 41.9768461 ], [ -87.6493999, 41.9768484 ], [ -87.6493829, 41.9768503 ], [ -87.6468037, 41.9774195 ], [ -87.6466968, 41.9774793 ], [ -87.6468362, 41.977574 ], [ -87.6469708, 41.977645 ], [ -87.647052, 41.9776781 ], [ -87.647135, 41.9777073 ], [ -87.647186, 41.977723 ], [ -87.6472369, 41.9777367 ], [ -87.6473124, 41.9777541 ], [ -87.6473567, 41.9777631 ], [ -87.6474013, 41.9777704 ], [ -87.6474555, 41.977777 ], [ -87.6475256, 41.9777831 ], [ -87.647943, 41.9778077 ], [ -87.6483873, 41.9778338 ], [ -87.6484008, 41.9778743 ], [ -87.6484571, 41.9780358 ], [ -87.6486478, 41.9782806 ], [ -87.6495749, 41.9790845 ], [ -87.6497327, 41.9792301 ], [ -87.6501448, 41.9796275 ], [ -87.6502331, 41.9797216 ], [ -87.6505691, 41.9802768 ], [ -87.6505875, 41.9803111 ], [ -87.6506019, 41.9803458 ], [ -87.6506197, 41.9804002 ], [ -87.6506375, 41.9804661 ], [ -87.6506562, 41.9805402 ], [ -87.6506684, 41.9805965 ], [ -87.6506775, 41.9806463 ], [ -87.6506854, 41.9806918 ], [ -87.6506905, 41.9807293 ], [ -87.6506971, 41.9807939 ], [ -87.6507024, 41.9808612 ], [ -87.6507063, 41.9809139 ], [ -87.6507109, 41.9810007 ], [ -87.6507156, 41.9811057 ], [ -87.650719, 41.9812006 ], [ -87.6507249, 41.9813487 ], [ -87.6507271, 41.9814147 ], [ -87.6507309, 41.9815132 ], [ -87.6507345, 41.9816353 ], [ -87.6507404, 41.9818905 ], [ -87.6507442, 41.9820432 ], [ -87.6507478, 41.9821708 ], [ -87.650752, 41.9823166 ], [ -87.6507559, 41.9824533 ], [ -87.6507564, 41.9825949 ], [ -87.6507534, 41.9826796 ], [ -87.6507478, 41.9827815 ], [ -87.6507412, 41.9828692 ], [ -87.6507317, 41.9829595 ], [ -87.6507208, 41.9830516 ], [ -87.6507065, 41.9831568 ], [ -87.6506855, 41.9832854 ], [ -87.6506713, 41.9833634 ], [ -87.6506551, 41.9834404 ], [ -87.6506326, 41.9835412 ], [ -87.6506139, 41.9836213 ], [ -87.6505868, 41.983723 ], [ -87.6505493, 41.9838586 ], [ -87.6505205, 41.9839543 ], [ -87.6504885, 41.9840517 ], [ -87.65046, 41.9841353 ], [ -87.6504173, 41.9842499 ], [ -87.6503868, 41.9843276 ], [ -87.6503514, 41.9844117 ], [ -87.6503049, 41.9845222 ], [ -87.6502667, 41.9846112 ], [ -87.6502258, 41.9846973 ], [ -87.6501807, 41.9847922 ], [ -87.6501286, 41.9848957 ], [ -87.650045, 41.9850571 ], [ -87.6498911, 41.985367 ], [ -87.649372, 41.9863975 ], [ -87.6494137, 41.9864096 ], [ -87.6497732, 41.9856927 ], [ -87.6498486, 41.9857136 ], [ -87.6502822, 41.9858642 ], [ -87.6505812, 41.9859872 ], [ -87.6516992, 41.9867253 ], [ -87.6533883, 41.9879884 ], [ -87.6534207, 41.9880126 ], [ -87.6538211, 41.9883891 ], [ -87.6542362, 41.9889091 ], [ -87.6542206, 41.9889366 ], [ -87.6542141, 41.9889638 ], [ -87.6542126, 41.988981 ], [ -87.6542091, 41.9890203 ], [ -87.6542044, 41.9891044 ], [ -87.6541996, 41.9891887 ], [ -87.6541932, 41.9892682 ], [ -87.6541912, 41.9893187 ], [ -87.6541894, 41.9893829 ], [ -87.654191, 41.9894388 ], [ -87.654194, 41.9894744 ], [ -87.6541964, 41.9894987 ], [ -87.6541994, 41.989519 ], [ -87.6542127, 41.9895324 ], [ -87.6537407, 41.9898812 ], [ -87.6537255, 41.989896 ], [ -87.653713, 41.9899193 ], [ -87.6537137, 41.989948 ], [ -87.6537319, 41.9899974 ], [ -87.6537706, 41.9900672 ], [ -87.6538109, 41.9901449 ], [ -87.6538323, 41.9901964 ], [ -87.6538536, 41.9902303 ], [ -87.6538713, 41.9902567 ], [ -87.6538829, 41.9902696 ], [ -87.6538998, 41.9902752 ], [ -87.6541912, 41.9903064 ], [ -87.6541921, 41.9904199 ], [ -87.6541899, 41.9904846 ], [ -87.6541841, 41.9905533 ], [ -87.654186, 41.9906133 ], [ -87.6541985, 41.9906654 ], [ -87.6542111, 41.9907321 ], [ -87.6542098, 41.9908068 ], [ -87.6542202, 41.9908599 ], [ -87.6542326, 41.9908832 ], [ -87.6542583, 41.9909035 ], [ -87.6542948, 41.990911 ], [ -87.6543493, 41.9909124 ], [ -87.6544089, 41.9909102 ], [ -87.6544199, 41.9909492 ], [ -87.6544282, 41.9909923 ], [ -87.6544176, 41.9910403 ], [ -87.6543269, 41.9910422 ], [ -87.6543406, 41.991213 ], [ -87.654313, 41.9915883 ], [ -87.6543081, 41.9918765 ], [ -87.6542331, 41.9921847 ], [ -87.6542118, 41.9922903 ], [ -87.6541986, 41.9923069 ], [ -87.6541862, 41.9923247 ], [ -87.6541759, 41.9923594 ], [ -87.6541689, 41.9924069 ], [ -87.6541613, 41.992485 ], [ -87.6541346, 41.9925613 ], [ -87.654126, 41.9926445 ], [ -87.6541154, 41.992745 ], [ -87.6541024, 41.9928612 ], [ -87.6540834, 41.9929505 ], [ -87.6540725, 41.9929918 ], [ -87.6540712, 41.9930228 ], [ -87.6540907, 41.9930557 ], [ -87.6541415, 41.9930825 ], [ -87.6542344, 41.9930905 ], [ -87.6542918, 41.9930971 ], [ -87.6543358, 41.9930969 ], [ -87.6543917, 41.9930832 ], [ -87.6544398, 41.9930882 ], [ -87.6544975, 41.993102 ], [ -87.6545331, 41.9931207 ], [ -87.6545517, 41.9931413 ], [ -87.6545543, 41.9931773 ], [ -87.6545586, 41.9931977 ], [ -87.654585, 41.9932239 ], [ -87.6545998, 41.993247 ], [ -87.6546061, 41.9932822 ], [ -87.6546328, 41.9933338 ], [ -87.6546409, 41.9933818 ], [ -87.6545994, 41.9933832 ], [ -87.6545726, 41.9933872 ], [ -87.6545446, 41.9933961 ], [ -87.6545219, 41.993422 ], [ -87.6545224, 41.9934647 ], [ -87.6544828, 41.9934656 ], [ -87.6544666, 41.9935145 ], [ -87.6544517, 41.9935618 ], [ -87.6544428, 41.9936497 ], [ -87.6544415, 41.9936627 ], [ -87.6544361, 41.9937132 ], [ -87.6544324, 41.9937814 ], [ -87.6544242, 41.9938254 ], [ -87.6544283, 41.9938527 ], [ -87.6544295, 41.9938694 ], [ -87.6544201, 41.9938761 ], [ -87.6543787, 41.9938798 ], [ -87.6543287, 41.9938763 ], [ -87.654275, 41.9938821 ], [ -87.6542598, 41.9938915 ], [ -87.6542543, 41.9939068 ], [ -87.6542557, 41.9939134 ], [ -87.6542528, 41.9939866 ], [ -87.6542387, 41.9940651 ], [ -87.6542412, 41.9941546 ], [ -87.6542706, 41.994229 ], [ -87.6542972, 41.9942794 ], [ -87.6543086, 41.9942946 ], [ -87.6543305, 41.9942973 ], [ -87.6543424, 41.9942922 ], [ -87.6543548, 41.9942772 ], [ -87.6543777, 41.9943013 ], [ -87.6543902, 41.9945382 ], [ -87.6545385, 41.9945371 ], [ -87.6545424, 41.994642 ], [ -87.6545169, 41.9946714 ], [ -87.6544847, 41.9947473 ], [ -87.6544901, 41.9948157 ], [ -87.6544967, 41.9949189 ], [ -87.6544984, 41.9949664 ], [ -87.6544925, 41.9949977 ], [ -87.6544795, 41.9950191 ], [ -87.6544642, 41.9950821 ], [ -87.6544605, 41.9951735 ], [ -87.6544764, 41.9953319 ], [ -87.6544932, 41.9954088 ], [ -87.6545471, 41.9955037 ], [ -87.6545874, 41.9955616 ], [ -87.6546167, 41.9956277 ], [ -87.6546364, 41.9957085 ], [ -87.6546424, 41.9957792 ], [ -87.6546097, 41.99585 ], [ -87.6545696, 41.9959313 ], [ -87.6545647, 41.9959379 ], [ -87.6545459, 41.9959631 ], [ -87.6545157, 41.9959921 ], [ -87.6544734, 41.9960069 ], [ -87.6544146, 41.9960088 ], [ -87.6543455, 41.9960029 ], [ -87.6543447, 41.9959862 ], [ -87.6543373, 41.995954 ], [ -87.6543149, 41.9959403 ], [ -87.6542861, 41.9959389 ], [ -87.6542661, 41.9959524 ], [ -87.6542559, 41.996008 ], [ -87.6542747, 41.9961416 ], [ -87.6542928, 41.9962255 ], [ -87.6542942, 41.9963182 ], [ -87.6542827, 41.9963616 ], [ -87.6542796, 41.9963967 ], [ -87.6542925, 41.9964559 ], [ -87.6543086, 41.9965324 ], [ -87.6543327, 41.9966028 ], [ -87.6543458, 41.996702 ], [ -87.6543533, 41.9968101 ], [ -87.6543681, 41.9969579 ], [ -87.6543982, 41.9971253 ], [ -87.6544288, 41.9972663 ], [ -87.654426, 41.9972836 ], [ -87.6544149, 41.9973512 ], [ -87.654413, 41.9974351 ], [ -87.6544232, 41.9975236 ], [ -87.6544283, 41.9976002 ], [ -87.6544223, 41.9976652 ], [ -87.6544304, 41.9977458 ], [ -87.6544707, 41.9978703 ], [ -87.6545243, 41.998036 ], [ -87.6545455, 41.9981377 ], [ -87.6545691, 41.9982106 ], [ -87.6545958, 41.9982372 ], [ -87.6585678, 41.9982042 ], [ -87.659169, 41.9981987 ], [ -87.6595907, 41.9982019 ], [ -87.6603677, 41.9981915 ], [ -87.6617256, 41.9981767 ], [ -87.6619326, 41.9981748 ], [ -87.6628319, 41.998166 ], [ -87.6629421, 41.9981645 ], [ -87.6631612, 41.9981627 ], [ -87.6632891, 41.9981616 ], [ -87.6652578, 41.9981423 ], [ -87.6656469, 41.9981386 ], [ -87.6677255, 41.9981197 ], [ -87.6677504, 41.9981195 ], [ -87.6679054, 41.998118 ], [ -87.6681035, 41.9981157 ], [ -87.6706699, 41.9980832 ], [ -87.6750152, 41.9979981 ], [ -87.674724, 41.9908919 ], [ -87.6747162, 41.9908083 ], [ -87.6747136, 41.990759 ], [ -87.6747115, 41.9907183 ], [ -87.6747094, 41.9906402 ], [ -87.6747032, 41.990417 ], [ -87.6746988, 41.9902922 ], [ -87.6746992, 41.9902596 ], [ -87.6746958, 41.9901343 ], [ -87.6746915, 41.9900923 ], [ -87.6746908, 41.989967 ], [ -87.674689, 41.9899315 ], [ -87.6746832, 41.989706 ], [ -87.6746785, 41.9896703 ], [ -87.6746758, 41.9895249 ], [ -87.674674, 41.9894224 ], [ -87.6746723, 41.9893847 ], [ -87.6746678, 41.9891356 ], [ -87.674655, 41.9887931 ], [ -87.6746414, 41.9883305 ], [ -87.6746435, 41.9875281 ], [ -87.6746454, 41.986815 ], [ -87.6746493, 41.9866879 ], [ -87.674675, 41.9866242 ], [ -87.6746913, 41.9865837 ], [ -87.6746953, 41.9865738 ], [ -87.6746425, 41.9846343 ], [ -87.6746315, 41.9842283 ], [ -87.6746194, 41.9838068 ], [ -87.6746068, 41.9833647 ], [ -87.674605, 41.9832884 ], [ -87.6745858, 41.9824939 ], [ -87.6745564, 41.9815799 ], [ -87.6745321, 41.9806754 ], [ -87.6745092, 41.9798603 ], [ -87.6744978, 41.9798338 ], [ -87.6744526, 41.9797518 ], [ -87.6744217, 41.9796772 ], [ -87.6744003, 41.9788436 ], [ -87.6743775, 41.9782041 ], [ -87.6743709, 41.9780128 ], [ -87.6744083, 41.9779387 ], [ -87.6744553, 41.9778549 ], [ -87.6744374, 41.9770186 ], [ -87.6744173, 41.9763194 ], [ -87.6744136, 41.9761899 ], [ -87.6744111, 41.9761024 ], [ -87.6743037, 41.976104 ], [ -87.67427, 41.9761045 ], [ -87.6741748, 41.9761059 ], [ -87.6740825, 41.9761072 ], [ -87.6739895, 41.9761086 ], [ -87.6738598, 41.9761105 ], [ -87.67368, 41.9761132 ], [ -87.6725967, 41.9761292 ], [ -87.6722165, 41.9761349 ], [ -87.6721823, 41.9761353 ], [ -87.6720778, 41.9761369 ], [ -87.6719715, 41.9761382 ], [ -87.6718902, 41.9761397 ], [ -87.6705251, 41.9761599 ], [ -87.6702443, 41.9761641 ], [ -87.6701822, 41.976165 ], [ -87.6700195, 41.9761674 ], [ -87.6697849, 41.9761709 ], [ -87.6696771, 41.9761726 ], [ -87.6695435, 41.9761744 ], [ -87.6694472, 41.9761759 ], [ -87.6691206, 41.9761808 ], [ -87.6690387, 41.976182 ], [ -87.6688126, 41.9761854 ], [ -87.6685379, 41.9761895 ], [ -87.668416, 41.9761913 ], [ -87.6683083, 41.9761929 ], [ -87.6680288, 41.9761971 ], [ -87.6678024, 41.9762006 ], [ -87.6677801, 41.9762009 ], [ -87.6653577, 41.9762371 ] ] ] } },
{ "type": "Feature", "properties": { "name": "West Ridge", "overture_id": "d810206c-ffdf-497e-b331-c511dc513072", "division_id": "8ed485bf-27f2-4622-902a-52163a456a68" }, "geometry": { "type": "Polygon", "coordinates": [ [ [ -87.6747136, 41.990759 ], [ -87.6747162, 41.9908083 ], [ -87.674724, 41.9908919 ], [ -87.6750152, 41.9979981 ], [ -87.6768405, 41.9979597 ], [ -87.6789026, 42.0024732 ], [ -87.680167, 42.0052244 ], [ -87.681846, 42.0089085 ], [ -87.6822815, 42.0100866 ], [ -87.6826862, 42.0112434 ], [ -87.6830729, 42.0123456 ], [ -87.6840458, 42.0151257 ], [ -87.6841561, 42.0155226 ], [ -87.6846452, 42.0194884 ], [ -87.6901786, 42.0195323 ], [ -87.7073071, 42.0191756 ], [ -87.7088881, 42.0191465 ], [ -87.7090647, 42.0118696 ], [ -87.7090682, 42.0117808 ], [ -87.70908, 42.011485 ], [ -87.7091634, 42.0107442 ], [ -87.709218, 42.009447 ], [ -87.709227, 42.009116 ], [ -87.709242, 42.008525 ], [ -87.70928, 42.007063 ], [ -87.709289, 42.006747 ], [ -87.709299, 42.006373 ], [ -87.7093, 42.006329 ], [ -87.709327, 42.005323 ], [ -87.709344, 42.004918 ], [ -87.709347, 42.004658 ], [ -87.709352, 42.004158 ], [ -87.709358, 42.003929 ], [ -87.709362, 42.003792 ], [ -87.709354, 41.9980595 ], [ -87.709349, 41.997848 ], [ -87.7093409, 41.9973809 ], [ -87.7106454, 41.9973646 ], [ -87.710397, 41.9952701 ], [ -87.7100496, 41.9936614 ], [ -87.709764, 41.9926388 ], [ -87.7096272, 41.9921533 ], [ -87.7094985, 41.9917118 ], [ -87.7091337, 41.9904588 ], [ -87.7089768, 41.9899216 ], [ -87.7087434, 41.9891022 ], [ -87.708553, 41.9884463 ], [ -87.7069349, 41.9831087 ], [ -87.7066285, 41.9831131 ], [ -87.6893781, 41.9831965 ], [ -87.6896303, 41.9905038 ], [ -87.6876672, 41.9905368 ], [ -87.685424, 41.9905756 ], [ -87.680859, 41.9906545 ], [ -87.6796093, 41.9906761 ], [ -87.6769199, 41.9907225 ], [ -87.6747136, 41.990759 ] ] ] } },
{ "type": "Feature", "properties": { "name": "Rogers Park", "overture_id": "536a1a24-ba7f-4028-b4e3-631f3827fcea", "division_id": "828e43ac-ca07-49cc-9c96-5b4b8565d770" }, "geometry": { "type": "Polygon", "coordinates": [ [ [ -87.680167, 42.0052244 ], [ -87.6789026, 42.0024732 ], [ -87.6768405, 41.9979597 ], [ -87.6750152, 41.9979981 ], [ -87.6706699, 41.9980832 ], [ -87.6681035, 41.9981157 ], [ -87.6679054, 41.998118 ], [ -87.6677504, 41.9981195 ], [ -87.6677255, 41.9981197 ], [ -87.6656469, 41.9981386 ], [ -87.6652578, 41.9981423 ], [ -87.6632891, 41.9981616 ], [ -87.6631612, 41.9981627 ], [ -87.6629421, 41.9981645 ], [ -87.6628319, 41.998166 ], [ -87.6619326, 41.9981748 ], [ -87.6617256, 41.9981767 ], [ -87.6603677, 41.9981915 ], [ -87.6595907, 41.9982019 ], [ -87.659169, 41.9981987 ], [ -87.6585678, 41.9982042 ], [ -87.6545958, 41.9982372 ], [ -87.6546656, 41.9983153 ], [ -87.6547219, 41.9983605 ], [ -87.6547559, 41.998395 ], [ -87.6547881, 41.9984706 ], [ -87.6549993, 41.9988301 ], [ -87.6551754, 41.9990638 ], [ -87.6552769, 41.9991272 ], [ -87.6553678, 41.9992048 ], [ -87.6555301, 41.9994428 ], [ -87.6555867, 41.9995709 ], [ -87.6556592, 41.9997069 ], [ -87.6557137, 41.9998893 ], [ -87.6557886, 42.0001474 ], [ -87.6559293, 42.0005212 ], [ -87.6559728, 42.0007064 ], [ -87.6559751, 42.0008013 ], [ -87.6559564, 42.0009056 ], [ -87.6559207, 42.0010194 ], [ -87.6559431, 42.0011312 ], [ -87.6560246, 42.0012932 ], [ -87.6561188, 42.0014721 ], [ -87.6562056, 42.0016055 ], [ -87.6562592, 42.0017029 ], [ -87.6563575, 42.0018921 ], [ -87.6564204, 42.0020098 ], [ -87.6564347, 42.0020633 ], [ -87.6564522, 42.0021011 ], [ -87.6564605, 42.0021145 ], [ -87.6565374, 42.002113 ], [ -87.6565617, 42.0021889 ], [ -87.6566579, 42.0023618 ], [ -87.6567601, 42.0025691 ], [ -87.6568184, 42.0027183 ], [ -87.6568679, 42.0029017 ], [ -87.656878, 42.0031171 ], [ -87.6569056, 42.0032659 ], [ -87.6569455, 42.0033931 ], [ -87.6569521, 42.0034839 ], [ -87.6569486, 42.0035671 ], [ -87.6569333, 42.0037001 ], [ -87.6569118, 42.003839 ], [ -87.6568565, 42.0039956 ], [ -87.6567891, 42.0041357 ], [ -87.6567822, 42.0042307 ], [ -87.6567321, 42.0042313 ], [ -87.656734, 42.0042965 ], [ -87.6567903, 42.0043942 ], [ -87.6568782, 42.0045782 ], [ -87.6569689, 42.0048055 ], [ -87.6570439, 42.0050934 ], [ -87.6570999, 42.0053457 ], [ -87.657108, 42.0055388 ], [ -87.6570881, 42.0056766 ], [ -87.6570809, 42.0057088 ], [ -87.6570629, 42.0057846 ], [ -87.6570382, 42.005887 ], [ -87.6569893, 42.0059915 ], [ -87.6568982, 42.0061995 ], [ -87.6568748, 42.0062525 ], [ -87.6568734, 42.0062965 ], [ -87.6558361, 42.0063094 ], [ -87.6554517, 42.0066187 ], [ -87.6554884, 42.0066472 ], [ -87.6557025, 42.0068135 ], [ -87.656156, 42.0071701 ], [ -87.6566088, 42.0075261 ], [ -87.6570905, 42.0079543 ], [ -87.6575002, 42.0083231 ], [ -87.6578091, 42.0086082 ], [ -87.6581528, 42.0089702 ], [ -87.6584025, 42.0092996 ], [ -87.6585844, 42.0096365 ], [ -87.6586843, 42.0098255 ], [ -87.6587529, 42.0099655 ], [ -87.6589242, 42.0101439 ], [ -87.6591704, 42.0103442 ], [ -87.6594554, 42.0105381 ], [ -87.6596783, 42.0106767 ], [ -87.6598968, 42.0108571 ], [ -87.6600532, 42.0110203 ], [ -87.6601679, 42.0111308 ], [ -87.6602228, 42.0111972 ], [ -87.660204, 42.0112054 ], [ -87.6602791, 42.0113078 ], [ -87.6603776, 42.0114111 ], [ -87.6605112, 42.0115395 ], [ -87.6607317, 42.0117512 ], [ -87.660886, 42.0118896 ], [ -87.6609629, 42.0119997 ], [ -87.661032, 42.0121203 ], [ -87.6610592, 42.0121892 ], [ -87.6610061, 42.0122053 ], [ -87.6609557, 42.0122206 ], [ -87.6610391, 42.0123608 ], [ -87.6611363, 42.0124864 ], [ -87.6611826, 42.0125725 ], [ -87.6612244, 42.0126829 ], [ -87.6612342, 42.0127671 ], [ -87.6613035, 42.012766 ], [ -87.6613051, 42.0128134 ], [ -87.6613175, 42.0128716 ], [ -87.6613535, 42.012953 ], [ -87.6613857, 42.0130097 ], [ -87.6614418, 42.0131016 ], [ -87.6614766, 42.0131378 ], [ -87.6615286, 42.013159 ], [ -87.6615686, 42.0131893 ], [ -87.6615913, 42.0132255 ], [ -87.6616034, 42.0132617 ], [ -87.6616166, 42.013317 ], [ -87.6616186, 42.0133597 ], [ -87.6615432, 42.0133791 ], [ -87.6614831, 42.0134107 ], [ -87.6614473, 42.013451 ], [ -87.6614482, 42.0134766 ], [ -87.6614488, 42.0134955 ], [ -87.6614813, 42.0135876 ], [ -87.661555, 42.0137243 ], [ -87.661654, 42.0139369 ], [ -87.6617327, 42.0140356 ], [ -87.6617803, 42.0141384 ], [ -87.6618137, 42.0142501 ], [ -87.661849, 42.0143709 ], [ -87.6618937, 42.0144559 ], [ -87.6619388, 42.0145077 ], [ -87.6619818, 42.0145847 ], [ -87.6620023, 42.0146504 ], [ -87.6620042, 42.0147048 ], [ -87.6620159, 42.0147866 ], [ -87.6620275, 42.0148461 ], [ -87.6620295, 42.0149304 ], [ -87.6620275, 42.0149737 ], [ -87.6622104, 42.0149724 ], [ -87.6621961, 42.0150172 ], [ -87.6621934, 42.0150914 ], [ -87.6622208, 42.0151814 ], [ -87.6622546, 42.0152497 ], [ -87.662341, 42.0153954 ], [ -87.6624182, 42.0155242 ], [ -87.662455, 42.0155961 ], [ -87.6624652, 42.0156481 ], [ -87.6624978, 42.0157176 ], [ -87.6622298, 42.0157242 ], [ -87.6622312, 42.015755 ], [ -87.6626757, 42.0157439 ], [ -87.66263, 42.0158176 ], [ -87.6626032, 42.0158902 ], [ -87.6626017, 42.0159449 ], [ -87.6626251, 42.0160066 ], [ -87.6626751, 42.0160477 ], [ -87.662704, 42.0160565 ], [ -87.6627133, 42.0161216 ], [ -87.6627328, 42.0161723 ], [ -87.662753, 42.0162004 ], [ -87.6627501, 42.0162672 ], [ -87.6628016, 42.016654 ], [ -87.6628992, 42.0166514 ], [ -87.6629225, 42.0167125 ], [ -87.6629745, 42.0167105 ], [ -87.6630194, 42.0168022 ], [ -87.6630376, 42.016854 ], [ -87.6630603, 42.0169186 ], [ -87.6631001, 42.0170207 ], [ -87.6632053, 42.0171071 ], [ -87.6632106, 42.0173004 ], [ -87.6631281, 42.0173025 ], [ -87.6631499, 42.0177368 ], [ -87.6632407, 42.0177894 ], [ -87.6632371, 42.0178443 ], [ -87.6632365, 42.0179022 ], [ -87.6632761, 42.0179717 ], [ -87.6633244, 42.0180215 ], [ -87.6633389, 42.018097 ], [ -87.6633165, 42.0182145 ], [ -87.6633205, 42.0182689 ], [ -87.6632844, 42.0182944 ], [ -87.6632182, 42.0183279 ], [ -87.6632206, 42.0184358 ], [ -87.6632983, 42.0185316 ], [ -87.663346, 42.018623 ], [ -87.6635994, 42.0187359 ], [ -87.6637769, 42.018986 ], [ -87.6638205, 42.0191069 ], [ -87.6638482, 42.0192014 ], [ -87.6638494, 42.0193399 ], [ -87.6638113, 42.0193755 ], [ -87.663641, 42.0193808 ], [ -87.6636431, 42.0195134 ], [ -87.6638102, 42.0195142 ], [ -87.6640106, 42.0201852 ], [ -87.663761, 42.0201988 ], [ -87.6637958, 42.0203596 ], [ -87.6637185, 42.0203792 ], [ -87.6638144, 42.0204842 ], [ -87.6638696, 42.0207375 ], [ -87.6640026, 42.0213485 ], [ -87.6642044, 42.0212589 ], [ -87.6643586, 42.0214705 ], [ -87.6643873, 42.0214976 ], [ -87.6644198, 42.0215009 ], [ -87.6644782, 42.021485 ], [ -87.6645587, 42.0216042 ], [ -87.6646195, 42.0217006 ], [ -87.6646174, 42.0217537 ], [ -87.664615, 42.0217897 ], [ -87.6645906, 42.0218119 ], [ -87.6645806, 42.0218474 ], [ -87.6646448, 42.0220296 ], [ -87.6647678, 42.0222224 ], [ -87.6647885, 42.0222354 ], [ -87.6648372, 42.0222831 ], [ -87.6648668, 42.022293 ], [ -87.664902, 42.0223006 ], [ -87.6649345, 42.0223148 ], [ -87.6650235, 42.022436 ], [ -87.6650778, 42.0225215 ], [ -87.6650782, 42.0225221 ], [ -87.6651227, 42.0226135 ], [ -87.6651493, 42.0227589 ], [ -87.6650617, 42.022957 ], [ -87.665289, 42.0229587 ], [ -87.6655245, 42.0229604 ], [ -87.6658083, 42.022959 ], [ -87.6663973, 42.0229574 ], [ -87.6759143, 42.0230416 ], [ -87.6769353, 42.023052 ], [ -87.6771102, 42.0230529 ], [ -87.6769892, 42.0226011 ], [ -87.6738499, 42.0199781 ], [ -87.6737136, 42.0198705 ], [ -87.6736653, 42.0198329 ], [ -87.6735535, 42.0197418 ], [ -87.6734711, 42.0196806 ], [ -87.6733253, 42.0195531 ], [ -87.6733036, 42.0195341 ], [ -87.6731196, 42.0193842 ], [ -87.673732, 42.0193878 ], [ -87.674248, 42.019396 ], [ -87.6758424, 42.0194092 ], [ -87.6783404, 42.0194298 ], [ -87.680448, 42.019447 ], [ -87.6846452, 42.0194884 ], [ -87.6841561, 42.0155226 ], [ -87.6840458, 42.0151257 ], [ -87.6830729, 42.0123456 ], [ -87.6826862, 42.0112434 ], [ -87.6822815, 42.0100866 ], [ -87.681846, 42.0089085 ], [ -87.680167, 42.0052244 ] ] ] } },
{ "type": "Feature", "properties": { "name": "Lincoln Park", "overture_id": "c3416bc8-dc6c-45ba-b96d-8e04f0f94c67", "division_id": "5b3ead38-f2da-4e25-832f-875af0359678" }, "geometry": { "type": "Polygon", "coordinates": [ [ [ -87.6796657, 41.9284731 ], [ -87.6788295, 41.9282237 ], [ -87.6785491, 41.9281786 ], [ -87.6781622, 41.9281361 ], [ -87.6779744, 41.928117 ], [ -87.6769388, 41.9277935 ], [ -87.676064, 41.9273856 ], [ -87.6753167, 41.9269343 ], [ -87.6749321, 41.9266608 ], [ -87.6747064, 41.9264047 ], [ -87.6745323, 41.9259904 ], [ -87.6744143, 41.9252793 ], [ -87.674395, 41.9250503 ], [ -87.6743899, 41.924886 ], [ -87.6743673, 41.9245873 ], [ -87.6743045, 41.9244262 ], [ -87.6731177, 41.9234728 ], [ -87.6722337, 41.9228239 ], [ -87.6718329, 41.9226359 ], [ -87.6706623, 41.9224318 ], [ -87.6696701, 41.9223993 ], [ -87.6690234, 41.922262 ], [ -87.6683074, 41.9220873 ], [ -87.6680712, 41.921916 ], [ -87.66776, 41.9213592 ], [ -87.667283, 41.9207037 ], [ -87.6666153, 41.920163 ], [ -87.6656264, 41.9188489 ], [ -87.665189, 41.9183746 ], [ -87.6645614, 41.9177884 ], [ -87.6643992, 41.9173107 ], [ -87.6641593, 41.9165734 ], [ -87.663946, 41.9159622 ], [ -87.6638357, 41.9158263 ], [ -87.6635028, 41.915664 ], [ -87.6633212, 41.9155749 ], [ -87.66298, 41.9155307 ], [ -87.6627154, 41.9155478 ], [ -87.6620525, 41.915839 ], [ -87.6614301, 41.9161182 ], [ -87.6611389, 41.916137 ], [ -87.6608348, 41.916018 ], [ -87.6603273, 41.9157432 ], [ -87.6592966, 41.9151553 ], [ -87.6584705, 41.9145175 ], [ -87.658094, 41.9140458 ], [ -87.6578463, 41.9136112 ], [ -87.6576076, 41.9127778 ], [ -87.6568124, 41.9110009 ], [ -87.6568073, 41.9107718 ], [ -87.6538343, 41.9108152 ], [ -87.6508361, 41.9108648 ], [ -87.6494615, 41.9108866 ], [ -87.6246724, 41.9112802 ], [ -87.6246799, 41.9113856 ], [ -87.624157, 41.9118139 ], [ -87.6236257, 41.9122217 ], [ -87.6233808, 41.9124096 ], [ -87.623263, 41.9124946 ], [ -87.6231363, 41.9125753 ], [ -87.6229837, 41.912653 ], [ -87.6228574, 41.9127115 ], [ -87.6227086, 41.9127633 ], [ -87.6225401, 41.912814 ], [ -87.6223425, 41.9128585 ], [ -87.6222128, 41.9128798 ], [ -87.6220842, 41.9128984 ], [ -87.621831, 41.9129082 ], [ -87.6217148, 41.9129125 ], [ -87.6215411, 41.9129327 ], [ -87.6213863, 41.9129631 ], [ -87.6211933, 41.913022 ], [ -87.6209778, 41.9130975 ], [ -87.6208291, 41.9131604 ], [ -87.6206938, 41.9132346 ], [ -87.6205761, 41.913317 ], [ -87.6204671, 41.9134084 ], [ -87.6203909, 41.9134918 ], [ -87.6203163, 41.9135961 ], [ -87.62026, 41.9136888 ], [ -87.6202222, 41.9137691 ], [ -87.6201855, 41.9138742 ], [ -87.6201652, 41.913949 ], [ -87.6201588, 41.9140342 ], [ -87.6201602, 41.9141721 ], [ -87.6201671, 41.914489 ], [ -87.6201767, 41.9145472 ], [ -87.6201888, 41.9145866 ], [ -87.620212, 41.9146344 ], [ -87.6202585, 41.9146924 ], [ -87.620304, 41.9147377 ], [ -87.6203512, 41.9147724 ], [ -87.6204021, 41.9148027 ], [ -87.6204656, 41.9148299 ], [ -87.620534, 41.914848 ], [ -87.620603, 41.9148592 ], [ -87.6206765, 41.9148611 ], [ -87.6207589, 41.9148594 ], [ -87.6208335, 41.9148497 ], [ -87.6209018, 41.9148306 ], [ -87.6209676, 41.9148048 ], [ -87.6210137, 41.9147789 ], [ -87.6209988, 41.9147624 ], [ -87.6209822, 41.9147439 ], [ -87.6209508, 41.9147595 ], [ -87.6209091, 41.9147803 ], [ -87.6208695, 41.9147943 ], [ -87.6208063, 41.9148117 ], [ -87.6207381, 41.9148188 ], [ -87.6206725, 41.9148209 ], [ -87.6206066, 41.9148183 ], [ -87.6205449, 41.9148084 ], [ -87.6205304, 41.9148043 ], [ -87.6204891, 41.9147928 ], [ -87.620434, 41.9147668 ], [ -87.6203776, 41.9147366 ], [ -87.6203297, 41.9146976 ], [ -87.6202918, 41.9146574 ], [ -87.6202637, 41.9146168 ], [ -87.6202539, 41.9145979 ], [ -87.6202408, 41.9145726 ], [ -87.6202286, 41.9145211 ], [ -87.6202233, 41.9144744 ], [ -87.620216, 41.9140993 ], [ -87.6202179, 41.9140133 ], [ -87.6202274, 41.9139378 ], [ -87.6202505, 41.9138561 ], [ -87.6206359, 41.9138851 ], [ -87.6209819, 41.9138512 ], [ -87.6215535, 41.9137419 ], [ -87.6221587, 41.9137801 ], [ -87.6226139, 41.913879 ], [ -87.6230267, 41.9140344 ], [ -87.6235305, 41.9142956 ], [ -87.6240234, 41.9145606 ], [ -87.6250037, 41.9152036 ], [ -87.6259276, 41.9158957 ], [ -87.6265733, 41.9164557 ], [ -87.6262591, 41.916667 ], [ -87.6260503, 41.9168042 ], [ -87.6260975, 41.9168426 ], [ -87.6263066, 41.9167035 ], [ -87.6269745, 41.9171937 ], [ -87.6272282, 41.9174057 ], [ -87.6273789, 41.9175396 ], [ -87.6276041, 41.9177977 ], [ -87.6270855, 41.9180981 ], [ -87.6268089, 41.9182583 ], [ -87.6268486, 41.9182991 ], [ -87.6271301, 41.9181379 ], [ -87.6274582, 41.9184302 ], [ -87.6277476, 41.9186987 ], [ -87.6280237, 41.9189984 ], [ -87.6282666, 41.9192977 ], [ -87.6277616, 41.9195435 ], [ -87.6273309, 41.9197532 ], [ -87.6273657, 41.9197975 ], [ -87.6277972, 41.9195909 ], [ -87.627922, 41.9197273 ], [ -87.628214, 41.9200359 ], [ -87.6282589, 41.9201034 ], [ -87.6282994, 41.9201852 ], [ -87.6283528, 41.920257 ], [ -87.6285137, 41.9204127 ], [ -87.6287127, 41.9207304 ], [ -87.6287704, 41.9208576 ], [ -87.6282685, 41.9210948 ], [ -87.6277078, 41.9213631 ], [ -87.6277493, 41.9214141 ], [ -87.6283106, 41.9211475 ], [ -87.6284321, 41.9213171 ], [ -87.6285135, 41.9213942 ], [ -87.6286811, 41.9215716 ], [ -87.6289273, 41.921852 ], [ -87.6290639, 41.9220478 ], [ -87.6291634, 41.9221971 ], [ -87.6291989, 41.9222473 ], [ -87.6292248, 41.922273 ], [ -87.6292719, 41.9223052 ], [ -87.6293297, 41.922369 ], [ -87.629369, 41.922432 ], [ -87.6294042, 41.9224951 ], [ -87.6293052, 41.9225569 ], [ -87.629276, 41.9225277 ], [ -87.6288603, 41.9227732 ], [ -87.6283399, 41.923081 ], [ -87.6283899, 41.9231176 ], [ -87.6288999, 41.9228149 ], [ -87.6293311, 41.9233152 ], [ -87.6298104, 41.923842 ], [ -87.6299596, 41.924039 ], [ -87.6300084, 41.9241148 ], [ -87.629955, 41.9241601 ], [ -87.6296869, 41.9243354 ], [ -87.629306, 41.9245805 ], [ -87.6291394, 41.9246902 ], [ -87.6290476, 41.9247601 ], [ -87.6289749, 41.924836 ], [ -87.6289216, 41.9249162 ], [ -87.628885, 41.925001 ], [ -87.6288621, 41.9250969 ], [ -87.628854, 41.9251449 ], [ -87.6288452, 41.9252454 ], [ -87.6288507, 41.9253763 ], [ -87.6288681, 41.9255031 ], [ -87.6289066, 41.9257349 ], [ -87.6289179, 41.9257802 ], [ -87.6289619, 41.9259528 ], [ -87.6290032, 41.9260813 ], [ -87.6290667, 41.9262596 ], [ -87.6290887, 41.9263071 ], [ -87.6291905, 41.9265236 ], [ -87.6292806, 41.9266933 ], [ -87.6293725, 41.9268501 ], [ -87.6294519, 41.9269728 ], [ -87.6295751, 41.9271465 ], [ -87.6296723, 41.9272608 ], [ -87.6297752, 41.9273798 ], [ -87.629881, 41.9274849 ], [ -87.6299915, 41.9275885 ], [ -87.6301023, 41.9277023 ], [ -87.6301689, 41.9277768 ], [ -87.6302374, 41.927857 ], [ -87.6303257, 41.9279789 ], [ -87.630382, 41.9280647 ], [ -87.630511, 41.9282866 ], [ -87.6306299, 41.9285358 ], [ -87.6307162, 41.9287196 ], [ -87.6307366, 41.9287734 ], [ -87.6306812, 41.9287881 ], [ -87.6306745, 41.9288323 ], [ -87.630688, 41.9288818 ], [ -87.6307378, 41.9289814 ], [ -87.6307848, 41.9291125 ], [ -87.6308616, 41.9291566 ], [ -87.6308962, 41.9292971 ], [ -87.6309275, 41.9294451 ], [ -87.6309579, 41.9296352 ], [ -87.6309771, 41.9298666 ], [ -87.6309883, 41.9300859 ], [ -87.630979, 41.9303498 ], [ -87.6309586, 41.9305853 ], [ -87.6309242, 41.9308042 ], [ -87.6308629, 41.9310729 ], [ -87.6308093, 41.9312492 ], [ -87.6307746, 41.9313702 ], [ -87.6306893, 41.9315832 ], [ -87.6306738, 41.93165 ], [ -87.6306611, 41.9317591 ], [ -87.6306705, 41.9318686 ], [ -87.6307138, 41.9319876 ], [ -87.6307726, 41.932084 ], [ -87.630834, 41.9321515 ], [ -87.6309127, 41.9322319 ], [ -87.631156, 41.9323709 ], [ -87.6312101, 41.9323922 ], [ -87.6312386, 41.9324019 ], [ -87.6311238, 41.9325429 ], [ -87.6310707, 41.9325538 ], [ -87.6307236, 41.932526 ], [ -87.6307032, 41.9325249 ], [ -87.6306873, 41.9325302 ], [ -87.6306772, 41.9325414 ], [ -87.6306758, 41.9325538 ], [ -87.6307104, 41.932588 ], [ -87.630721, 41.9328712 ], [ -87.6306438, 41.9328883 ], [ -87.6305673, 41.9329141 ], [ -87.6304714, 41.9329528 ], [ -87.6303813, 41.9330139 ], [ -87.6379924, 41.9329549 ], [ -87.6391477, 41.9329167 ], [ -87.63931, 41.9329137 ], [ -87.6394952, 41.9329102 ], [ -87.6398392, 41.9329036 ], [ -87.6403005, 41.9328948 ], [ -87.6412446, 41.9328765 ], [ -87.6413575, 41.9328746 ], [ -87.6424136, 41.9328541 ], [ -87.6424928, 41.932853 ], [ -87.6426197, 41.9328503 ], [ -87.6427368, 41.9328483 ], [ -87.6434479, 41.9328347 ], [ -87.6435325, 41.9328331 ], [ -87.6436145, 41.9328316 ], [ -87.6436962, 41.9328301 ], [ -87.6441201, 41.9328219 ], [ -87.6446369, 41.9328121 ], [ -87.6447752, 41.9328094 ], [ -87.644906, 41.9328069 ], [ -87.6450379, 41.9328026 ], [ -87.6455041, 41.9327955 ], [ -87.6458762, 41.9327884 ], [ -87.6463149, 41.93278 ], [ -87.6465114, 41.9327762 ], [ -87.6466314, 41.932774 ], [ -87.6467036, 41.9327723 ], [ -87.6469237, 41.9327684 ], [ -87.6470668, 41.9327657 ], [ -87.6475624, 41.9327561 ], [ -87.6476559, 41.9327544 ], [ -87.647778, 41.932752 ], [ -87.6482613, 41.9327429 ], [ -87.6483645, 41.9327409 ], [ -87.6485673, 41.9327371 ], [ -87.6486971, 41.9327346 ], [ -87.6489075, 41.9327306 ], [ -87.6490131, 41.9327285 ], [ -87.6491279, 41.9327264 ], [ -87.6492761, 41.9327235 ], [ -87.6494266, 41.9327207 ], [ -87.6496267, 41.9327168 ], [ -87.6502358, 41.9327052 ], [ -87.6514305, 41.9326824 ], [ -87.6520597, 41.9326704 ], [ -87.652634, 41.9326595 ], [ -87.6534815, 41.9326433 ], [ -87.6535356, 41.9326422 ], [ -87.6537544, 41.9326379 ], [ -87.653863, 41.932636 ], [ -87.6539735, 41.9326342 ], [ -87.654097, 41.9326323 ], [ -87.6543761, 41.9326279 ], [ -87.6550958, 41.9326166 ], [ -87.6551773, 41.9326152 ], [ -87.6552784, 41.9326132 ], [ -87.6557471, 41.9326062 ], [ -87.6558432, 41.9326047 ], [ -87.6559594, 41.9326029 ], [ -87.6561791, 41.9325994 ], [ -87.6562896, 41.9325977 ], [ -87.6564007, 41.9325959 ], [ -87.6566302, 41.9325923 ], [ -87.6574606, 41.9325792 ], [ -87.6581065, 41.932569 ], [ -87.6582201, 41.9325672 ], [ -87.6584194, 41.932563 ], [ -87.658713, 41.9325569 ], [ -87.6588928, 41.9325548 ], [ -87.659186, 41.9325493 ], [ -87.6592857, 41.9325477 ], [ -87.6593221, 41.9325471 ], [ -87.6598126, 41.9325392 ], [ -87.6599187, 41.9325375 ], [ -87.6600364, 41.9325356 ], [ -87.6605267, 41.9325277 ], [ -87.6610287, 41.9325196 ], [ -87.6611337, 41.9325177 ], [ -87.6612474, 41.9325161 ], [ -87.6623582, 41.9324982 ], [ -87.6624587, 41.9324966 ], [ -87.6630074, 41.9324877 ], [ -87.6631693, 41.9324851 ], [ -87.6634496, 41.9324808 ], [ -87.6635501, 41.932479 ], [ -87.6636859, 41.9324767 ], [ -87.6638114, 41.9324748 ], [ -87.6639873, 41.9324724 ], [ -87.664333, 41.9324664 ], [ -87.6646687, 41.932461 ], [ -87.6647825, 41.9324591 ], [ -87.6648868, 41.9324573 ], [ -87.6658798, 41.9324406 ], [ -87.6659794, 41.9324398 ], [ -87.6660941, 41.9324377 ], [ -87.6670833, 41.9324221 ], [ -87.6671898, 41.9324203 ], [ -87.667294, 41.9324186 ], [ -87.6677947, 41.9324106 ], [ -87.6679004, 41.9324089 ], [ -87.6680115, 41.9324071 ], [ -87.6680884, 41.9324058 ], [ -87.6682255, 41.9324036 ], [ -87.6683272, 41.932402 ], [ -87.6684521, 41.9323999 ], [ -87.6685715, 41.9323981 ], [ -87.6690036, 41.9323923 ], [ -87.6695084, 41.9323861 ], [ -87.6695937, 41.932385 ], [ -87.6696907, 41.9323838 ], [ -87.6707255, 41.9323708 ], [ -87.670818, 41.9323697 ], [ -87.6709286, 41.9323685 ], [ -87.6720774, 41.9323541 ], [ -87.6733606, 41.9323381 ], [ -87.673801, 41.9323327 ], [ -87.6738801, 41.9323317 ], [ -87.6744996, 41.932324 ], [ -87.6750503, 41.9323171 ], [ -87.6751394, 41.932316 ], [ -87.6755889, 41.9323104 ], [ -87.6756728, 41.9323094 ], [ -87.6758021, 41.9323076 ], [ -87.6771745, 41.9322908 ], [ -87.6776728, 41.9322846 ], [ -87.6779348, 41.9322809 ], [ -87.6781345, 41.9322779 ], [ -87.6783415, 41.9322764 ], [ -87.6786728, 41.9322737 ], [ -87.6788569, 41.9322723 ], [ -87.6805671, 41.9322589 ], [ -87.6807129, 41.9322566 ], [ -87.6808337, 41.932256 ], [ -87.6812414, 41.9322506 ], [ -87.6821638, 41.9322432 ], [ -87.6826758, 41.9322296 ], [ -87.6825984, 41.9320706 ], [ -87.6821539, 41.9315868 ], [ -87.6811307, 41.9310641 ], [ -87.680718, 41.9305404 ], [ -87.6802671, 41.9294961 ], [ -87.6798759, 41.9286692 ], [ -87.6797877, 41.9285594 ], [ -87.6796657, 41.9284731 ] ] ] } },
{ "type": "Feature", "properties": { "name": "West Town", "overture_id": "6f05c626-a952-40cf-abec-83aa811ec960", "division_id": "02c61bbf-7601-4da3-b3b3-9abea077c58e" }, "geometry": { "type": "Polygon", "coordinates": [ [ [ -87.6574412, 41.9090903 ], [ -87.6591846, 41.909073 ], [ -87.6589386, 41.9098074 ], [ -87.6567994, 41.910326 ], [ -87.6568073, 41.9107718 ], [ -87.6568124, 41.9110009 ], [ -87.6576076, 41.9127778 ], [ -87.6578463, 41.9136112 ], [ -87.658094, 41.9140458 ], [ -87.6584705, 41.9145175 ], [ -87.6592966, 41.9151553 ], [ -87.6603273, 41.9157432 ], [ -87.6608348, 41.916018 ], [ -87.6611389, 41.916137 ], [ -87.6614301, 41.9161182 ], [ -87.6620525, 41.915839 ], [ -87.6627154, 41.9155478 ], [ -87.66298, 41.9155307 ], [ -87.6633212, 41.9155749 ], [ -87.6635028, 41.915664 ], [ -87.6664713, 41.9143576 ], [ -87.6702328, 41.9142965 ], [ -87.670849, 41.9142888 ], [ -87.6713318, 41.9142828 ], [ -87.671461, 41.9142812 ], [ -87.6715537, 41.9142819 ], [ -87.6718616, 41.9142842 ], [ -87.6725322, 41.9142721 ], [ -87.672573, 41.9142713 ], [ -87.6726831, 41.9142648 ], [ -87.672773, 41.9142626 ], [ -87.6732014, 41.9142521 ], [ -87.6737669, 41.9142382 ], [ -87.6737958, 41.9142363 ], [ -87.6738995, 41.914235 ], [ -87.6739971, 41.9142332 ], [ -87.6744815, 41.9142293 ], [ -87.674981, 41.9142195 ], [ -87.6750158, 41.9142184 ], [ -87.6751198, 41.9142164 ], [ -87.6752126, 41.9142139 ], [ -87.6757383, 41.9142048 ], [ -87.6762037, 41.914195 ], [ -87.6762343, 41.9141943 ], [ -87.6763408, 41.9141941 ], [ -87.6775572, 41.9141974 ], [ -87.6775588, 41.9143043 ], [ -87.6775596, 41.9143546 ], [ -87.6775644, 41.914671 ], [ -87.6775653, 41.9147262 ], [ -87.6780821, 41.9147152 ], [ -87.6783848, 41.9147087 ], [ -87.6794993, 41.9146849 ], [ -87.6799107, 41.9146756 ], [ -87.6800154, 41.9146739 ], [ -87.6801238, 41.9146715 ], [ -87.6805334, 41.9146628 ], [ -87.6809415, 41.9146541 ], [ -87.6812724, 41.914647 ], [ -87.6819258, 41.914633 ], [ -87.6824384, 41.9146221 ], [ -87.6824333, 41.9141692 ], [ -87.6824367, 41.9135938 ], [ -87.6825302, 41.91366 ], [ -87.6829627, 41.9139312 ], [ -87.6832412, 41.9141099 ], [ -87.6832974, 41.9140931 ], [ -87.6833448, 41.9140774 ], [ -87.6839482, 41.9140657 ], [ -87.6845605, 41.9140543 ], [ -87.6847023, 41.9140517 ], [ -87.6848353, 41.9140496 ], [ -87.686028, 41.9140311 ], [ -87.6871556, 41.9140135 ], [ -87.6872705, 41.9140117 ], [ -87.6873698, 41.9140102 ], [ -87.6874865, 41.9140081 ], [ -87.6884022, 41.9139916 ], [ -87.6884416, 41.9139911 ], [ -87.6885585, 41.9139896 ], [ -87.6886526, 41.9139885 ], [ -87.6896386, 41.9139771 ], [ -87.6896649, 41.9139767 ], [ -87.6897627, 41.9139751 ], [ -87.6898627, 41.9139753 ], [ -87.6902038, 41.9139711 ], [ -87.6906375, 41.9139624 ], [ -87.690869, 41.9139808 ], [ -87.6909111, 41.9139804 ], [ -87.6909882, 41.9139797 ], [ -87.6911164, 41.9139792 ], [ -87.6920774, 41.9139666 ], [ -87.692108, 41.9139665 ], [ -87.6922041, 41.9139587 ], [ -87.6923056, 41.9139519 ], [ -87.6928404, 41.9139464 ], [ -87.6933296, 41.9139414 ], [ -87.6934262, 41.9139404 ], [ -87.6935287, 41.9139393 ], [ -87.6940509, 41.913934 ], [ -87.6945525, 41.9139287 ], [ -87.6946562, 41.9139276 ], [ -87.6947549, 41.9139266 ], [ -87.6952738, 41.9139215 ], [ -87.6957473, 41.9139198 ], [ -87.6957765, 41.9139197 ], [ -87.6958744, 41.9139202 ], [ -87.6959757, 41.9139205 ], [ -87.6961527, 41.9139325 ], [ -87.6964872, 41.913929 ], [ -87.6969948, 41.9139218 ], [ -87.6970716, 41.9139216 ], [ -87.6971016, 41.9139657 ], [ -87.6971038, 41.914016 ], [ -87.6976252, 41.9140117 ], [ -87.6979967, 41.91401 ], [ -87.6980336, 41.9140093 ], [ -87.6981195, 41.9139849 ], [ -87.698229, 41.9139536 ], [ -87.6986392, 41.9139507 ], [ -87.6990713, 41.9139475 ], [ -87.6991021, 41.9139472 ], [ -87.6991954, 41.9139462 ], [ -87.6993031, 41.9139456 ], [ -87.7002285, 41.9139403 ], [ -87.700259, 41.9139406 ], [ -87.700362, 41.9139463 ], [ -87.7004645, 41.9139505 ], [ -87.7009461, 41.9139428 ], [ -87.7015623, 41.9139414 ], [ -87.7016429, 41.9139412 ], [ -87.7019297, 41.913939 ], [ -87.7019869, 41.9139386 ], [ -87.7019866, 41.9138497 ], [ -87.7018734, 41.9101824 ], [ -87.7070026, 41.9101324 ], [ -87.7069975, 41.9098399 ], [ -87.7069954, 41.9097689 ], [ -87.7068997, 41.9065881 ], [ -87.7066771, 41.8991923 ], [ -87.7065728, 41.8991935 ], [ -87.7061548, 41.8991983 ], [ -87.703872, 41.8992231 ], [ -87.7030115, 41.8992324 ], [ -87.7024612, 41.8992385 ], [ -87.7019558, 41.8992442 ], [ -87.7019535, 41.8991624 ], [ -87.7019217, 41.8980248 ], [ -87.7018839, 41.8966768 ], [ -87.7018795, 41.8965181 ], [ -87.7018771, 41.8964327 ], [ -87.7022218, 41.8965747 ], [ -87.7022182, 41.8964593 ], [ -87.7022114, 41.8962945 ], [ -87.7021954, 41.8957307 ], [ -87.7021911, 41.8955942 ], [ -87.7020599, 41.8955958 ], [ -87.7018213, 41.8955987 ], [ -87.7017484, 41.8955996 ], [ -87.70096, 41.8956091 ], [ -87.6998994, 41.8956248 ], [ -87.6995465, 41.8956288 ], [ -87.6993454, 41.895631 ], [ -87.6991682, 41.8956308 ], [ -87.6979525, 41.8956455 ], [ -87.6966994, 41.8956607 ], [ -87.6966941, 41.8954867 ], [ -87.6966884, 41.8952974 ], [ -87.6966847, 41.8951753 ], [ -87.6966709, 41.8947227 ], [ -87.6966623, 41.8943138 ], [ -87.6941728, 41.8933404 ], [ -87.6941194, 41.8933189 ], [ -87.6937081, 41.8931531 ], [ -87.6927999, 41.8927868 ], [ -87.6916754, 41.892333 ], [ -87.6916269, 41.8882823 ], [ -87.6874446, 41.8882721 ], [ -87.6871932, 41.8882903 ], [ -87.6870296, 41.8882983 ], [ -87.6866308, 41.8883041 ], [ -87.686636, 41.8886334 ], [ -87.6866081, 41.8886316 ], [ -87.6865138, 41.8886235 ], [ -87.6859923, 41.8885741 ], [ -87.6794251, 41.8886862 ], [ -87.6694442, 41.8888448 ], [ -87.6672341, 41.8888428 ], [ -87.660796, 41.8889101 ], [ -87.6606844, 41.888909 ], [ -87.6605644, 41.8889078 ], [ -87.6604707, 41.8889094 ], [ -87.6604082, 41.8889094 ], [ -87.6590945, 41.8889209 ], [ -87.659055, 41.8889212 ], [ -87.6589429, 41.8889222 ], [ -87.657338, 41.8889415 ], [ -87.6500066, 41.8890294 ], [ -87.649889, 41.8890048 ], [ -87.6475862, 41.8890155 ], [ -87.647569, 41.8885016 ], [ -87.6473883, 41.8885016 ], [ -87.6472587, 41.8885051 ], [ -87.6469351, 41.8885097 ], [ -87.6465342, 41.8885155 ], [ -87.646452, 41.8885167 ], [ -87.6459696, 41.8885236 ], [ -87.6458798, 41.8885247 ], [ -87.6458623, 41.8885249 ], [ -87.6456942, 41.8885269 ], [ -87.645641, 41.8885274 ], [ -87.6443231, 41.8885431 ], [ -87.6443355, 41.8889339 ], [ -87.6443355, 41.8889438 ], [ -87.6443368, 41.889054 ], [ -87.6429182, 41.8890672 ], [ -87.6427978, 41.8890683 ], [ -87.6422229, 41.8890724 ], [ -87.6417685, 41.8890779 ], [ -87.6409416, 41.8890794 ], [ -87.6406796, 41.8890765 ], [ -87.6403081, 41.8890711 ], [ -87.6401489, 41.8890688 ], [ -87.6400721, 41.8890668 ], [ -87.6400105, 41.8890644 ], [ -87.6398411, 41.8890575 ], [ -87.6397669, 41.8890574 ], [ -87.6395115, 41.8890736 ], [ -87.639546, 41.8892039 ], [ -87.6396247, 41.8894409 ], [ -87.6406595, 41.8905977 ], [ -87.641109, 41.8912943 ], [ -87.6411716, 41.8915647 ], [ -87.6418027, 41.8922809 ], [ -87.6422481, 41.8927025 ], [ -87.6435693, 41.8936052 ], [ -87.6437828, 41.8938603 ], [ -87.6440655, 41.8941218 ], [ -87.644143, 41.8942943 ], [ -87.6442014, 41.8966631 ], [ -87.6442754, 41.8969622 ], [ -87.6443066, 41.897088 ], [ -87.6447394, 41.8975254 ], [ -87.6450534, 41.8977616 ], [ -87.6456915, 41.8978159 ], [ -87.6475387, 41.8979924 ], [ -87.6480597, 41.8979932 ], [ -87.6487563, 41.8980753 ], [ -87.6490539, 41.8981431 ], [ -87.649326, 41.8982518 ], [ -87.6504502, 41.899107 ], [ -87.6514305, 41.8997695 ], [ -87.6520573, 41.9000665 ], [ -87.6541421, 41.9003753 ], [ -87.6547484, 41.9005523 ], [ -87.6552882, 41.9007559 ], [ -87.6556039, 41.900943 ], [ -87.655905, 41.9011841 ], [ -87.6561267, 41.9014611 ], [ -87.6561899, 41.9017473 ], [ -87.6563079, 41.9021842 ], [ -87.656495, 41.9025607 ], [ -87.6568085, 41.9029165 ], [ -87.6572996, 41.9033524 ], [ -87.6576108, 41.903737 ], [ -87.6578652, 41.9039784 ], [ -87.6579934, 41.904154 ], [ -87.6581113, 41.9044131 ], [ -87.6582216, 41.9048588 ], [ -87.6582296, 41.9051035 ], [ -87.6581868, 41.905448 ], [ -87.658024, 41.9066451 ], [ -87.6578168, 41.9082744 ], [ -87.6577532, 41.9084992 ], [ -87.6574836, 41.9090086 ], [ -87.6574412, 41.9090903 ] ] ] } },
{ "type": "Feature", "properties": { "name": "Near North Side", "overture_id": "59cd61dd-c814-47d5-a625-ac099e4f71ab", "division_id": "33d65ca8-9bf2-438a-98f0-0c9138caf4e8" }, "geometry": { "type": "Polygon", "coordinates": [ [ [ -87.6508361, 41.9108648 ], [ -87.6538343, 41.9108152 ], [ -87.6568073, 41.9107718 ], [ -87.6567994, 41.910326 ], [ -87.6589386, 41.9098074 ], [ -87.6591846, 41.909073 ], [ -87.6574412, 41.9090903 ], [ -87.6574836, 41.9090086 ], [ -87.6577532, 41.9084992 ], [ -87.6578168, 41.9082744 ], [ -87.658024, 41.9066451 ], [ -87.6581868, 41.905448 ], [ -87.6582296, 41.9051035 ], [ -87.6582216, 41.9048588 ], [ -87.6581113, 41.9044131 ], [ -87.6579934, 41.904154 ], [ -87.6578652, 41.9039784 ], [ -87.6576108, 41.903737 ], [ -87.6572996, 41.9033524 ], [ -87.6568085, 41.9029165 ], [ -87.656495, 41.9025607 ], [ -87.6563079, 41.9021842 ], [ -87.6561899, 41.9017473 ], [ -87.6561267, 41.9014611 ], [ -87.655905, 41.9011841 ], [ -87.6556039, 41.900943 ], [ -87.6552882, 41.9007559 ], [ -87.6547484, 41.9005523 ], [ -87.6541421, 41.9003753 ], [ -87.6520573, 41.9000665 ], [ -87.6514305, 41.8997695 ], [ -87.6504502, 41.899107 ], [ -87.649326, 41.8982518 ], [ -87.6490539, 41.8981431 ], [ -87.6487563, 41.8980753 ], [ -87.6480597, 41.8979932 ], [ -87.6475387, 41.8979924 ], [ -87.6456915, 41.8978159 ], [ -87.6450534, 41.8977616 ], [ -87.6447394, 41.8975254 ], [ -87.6443066, 41.897088 ], [ -87.6442754, 41.8969622 ], [ -87.6442014, 41.8966631 ], [ -87.644143, 41.8942943 ], [ -87.6440655, 41.8941218 ], [ -87.6437828, 41.8938603 ], [ -87.6435693, 41.8936052 ], [ -87.6422481, 41.8927025 ], [ -87.6418027, 41.8922809 ], [ -87.6411716, 41.8915647 ], [ -87.641109, 41.8912943 ], [ -87.6406595, 41.8905977 ], [ -87.6396247, 41.8894409 ], [ -87.639546, 41.8892039 ], [ -87.6395115, 41.8890736 ], [ -87.6394658, 41.8889497 ], [ -87.6392755, 41.8886358 ], [ -87.6391793, 41.8883829 ], [ -87.6387979, 41.8872215 ], [ -87.6386796, 41.8869919 ], [ -87.638469, 41.886803 ], [ -87.6377617, 41.8863953 ], [ -87.6375505, 41.8865413 ], [ -87.6355963, 41.8875109 ], [ -87.6341378, 41.887516 ], [ -87.6317497, 41.8875319 ], [ -87.6313699, 41.8875339 ], [ -87.6293534, 41.8875448 ], [ -87.6277714, 41.8875606 ], [ -87.6252968, 41.8887419 ], [ -87.6252036, 41.8887883 ], [ -87.6245958, 41.8888887 ], [ -87.6226207, 41.8888005 ], [ -87.6203156, 41.888576 ], [ -87.6176507, 41.8883526 ], [ -87.6164491, 41.888369 ], [ -87.613733, 41.8884067 ], [ -87.6135948, 41.8884086 ], [ -87.6136162, 41.8889112 ], [ -87.6125389, 41.8890906 ], [ -87.6125967, 41.890177 ], [ -87.6126839, 41.8902314 ], [ -87.6127143, 41.8902402 ], [ -87.6136136, 41.8902263 ], [ -87.6136779, 41.8902256 ], [ -87.6137084, 41.8902253 ], [ -87.6143639, 41.8902187 ], [ -87.6144118, 41.8902182 ], [ -87.6144285, 41.890218 ], [ -87.6144667, 41.8902175 ], [ -87.6153835, 41.8902062 ], [ -87.6162597, 41.8902056 ], [ -87.6170473, 41.8901916 ], [ -87.6173407, 41.8901801 ], [ -87.6173314, 41.8901439 ], [ -87.6175064, 41.890141 ], [ -87.6175546, 41.8901401 ], [ -87.6175611, 41.89014 ], [ -87.619796, 41.8901104 ], [ -87.6199091, 41.8901089 ], [ -87.6199125, 41.8904153 ], [ -87.6173493, 41.8904303 ], [ -87.6173525, 41.8905128 ], [ -87.6170372, 41.8905161 ], [ -87.6170052, 41.8905166 ], [ -87.6162981, 41.8905279 ], [ -87.6156145, 41.8905388 ], [ -87.6155751, 41.8905394 ], [ -87.6144186, 41.8905597 ], [ -87.6144184, 41.8905541 ], [ -87.6144141, 41.8904094 ], [ -87.6137956, 41.8904217 ], [ -87.6136148, 41.8904253 ], [ -87.6135701, 41.8904256 ], [ -87.6135713, 41.8905349 ], [ -87.6135727, 41.8905789 ], [ -87.6117433, 41.8906291 ], [ -87.6116569, 41.8906314 ], [ -87.6115384, 41.8906347 ], [ -87.6114864, 41.8906361 ], [ -87.6114374, 41.8899846 ], [ -87.611428, 41.8898581 ], [ -87.6113683, 41.8896584 ], [ -87.611277, 41.8893779 ], [ -87.6112942, 41.8893782 ], [ -87.6112924, 41.88928 ], [ -87.6110467, 41.8892833 ], [ -87.6106658, 41.8892824 ], [ -87.6095147, 41.8892708 ], [ -87.6095148, 41.889344 ], [ -87.609515, 41.8893848 ], [ -87.6095155, 41.8894218 ], [ -87.6095161, 41.8894608 ], [ -87.6095205, 41.8896667 ], [ -87.6095651, 41.8910218 ], [ -87.6090313, 41.8910307 ], [ -87.6089367, 41.891032 ], [ -87.6088424, 41.8910331 ], [ -87.6086184, 41.8910367 ], [ -87.6081657, 41.8910439 ], [ -87.6080201, 41.8910462 ], [ -87.6068946, 41.891064 ], [ -87.6068205, 41.8910652 ], [ -87.6067464, 41.8910664 ], [ -87.6066732, 41.8910675 ], [ -87.6066026, 41.8910686 ], [ -87.6044081, 41.8911035 ], [ -87.6042311, 41.8911063 ], [ -87.6034126, 41.8911193 ], [ -87.6032392, 41.8911221 ], [ -87.6024238, 41.8911351 ], [ -87.6022468, 41.8911376 ], [ -87.6008988, 41.8911515 ], [ -87.6008972, 41.8911153 ], [ -87.6008664, 41.8911157 ], [ -87.6008138, 41.8910904 ], [ -87.6007423, 41.891082 ], [ -87.6006714, 41.8910899 ], [ -87.6006164, 41.891119 ], [ -87.6005808, 41.8911195 ], [ -87.6005903, 41.8914224 ], [ -87.5985431, 41.8914535 ], [ -87.5985659, 41.892278 ], [ -87.6004561, 41.8922378 ], [ -87.6006049, 41.8922354 ], [ -87.6006109, 41.8924149 ], [ -87.6006466, 41.8924151 ], [ -87.6006876, 41.8924336 ], [ -87.6007441, 41.8924447 ], [ -87.6007982, 41.8924434 ], [ -87.6008454, 41.8924329 ], [ -87.6008935, 41.8924106 ], [ -87.6009289, 41.8924097 ], [ -87.6009291, 41.8923803 ], [ -87.6009292, 41.8923665 ], [ -87.6048101, 41.8923057 ], [ -87.6048217, 41.8923055 ], [ -87.6048333, 41.8923053 ], [ -87.6061793, 41.8922833 ], [ -87.606202, 41.8922831 ], [ -87.6062178, 41.892283 ], [ -87.607255, 41.8922676 ], [ -87.6072717, 41.8922669 ], [ -87.6072839, 41.8922668 ], [ -87.6098187, 41.8922267 ], [ -87.6098495, 41.8931498 ], [ -87.6023767, 41.8932705 ], [ -87.6023428, 41.8932977 ], [ -87.6023146, 41.8933204 ], [ -87.6023286, 41.893953 ], [ -87.6023285, 41.8939897 ], [ -87.6023648, 41.8939857 ], [ -87.6024371, 41.8963206 ], [ -87.604263, 41.8962986 ], [ -87.6052026, 41.8962853 ], [ -87.6052029, 41.8962588 ], [ -87.6056356, 41.8962512 ], [ -87.6056358, 41.8962271 ], [ -87.605749, 41.8962246 ], [ -87.6057516, 41.8962528 ], [ -87.6058856, 41.8962501 ], [ -87.6058876, 41.8962969 ], [ -87.6065662, 41.8962858 ], [ -87.6065659, 41.8962394 ], [ -87.6067031, 41.8962355 ], [ -87.6072564, 41.8962251 ], [ -87.6072572, 41.8962468 ], [ -87.6081889, 41.896233 ], [ -87.6091273, 41.8962177 ], [ -87.6099897, 41.8962051 ], [ -87.610146, 41.8962024 ], [ -87.6102414, 41.8960522 ], [ -87.6108137, 41.8951486 ], [ -87.6108831, 41.8952226 ], [ -87.6109043, 41.8952453 ], [ -87.6110322, 41.8950372 ], [ -87.6110131, 41.895038 ], [ -87.6108762, 41.8950438 ], [ -87.6112378, 41.8944784 ], [ -87.6115651, 41.8939667 ], [ -87.6116099, 41.893894 ], [ -87.6117192, 41.8939109 ], [ -87.6119754, 41.8938499 ], [ -87.6121796, 41.8938112 ], [ -87.6124983, 41.8937414 ], [ -87.6127248, 41.8936734 ], [ -87.6131218, 41.8935342 ], [ -87.6134877, 41.8934443 ], [ -87.6135961, 41.8934176 ], [ -87.6138182, 41.8933489 ], [ -87.6138648, 41.8933344 ], [ -87.6141296, 41.8936656 ], [ -87.6144266, 41.8940408 ], [ -87.6147216, 41.894416 ], [ -87.6148971, 41.8946442 ], [ -87.6149749, 41.8947459 ], [ -87.6150889, 41.8949132 ], [ -87.6153464, 41.8953005 ], [ -87.615737, 41.8958895 ], [ -87.6157422, 41.8958974 ], [ -87.6161111, 41.8964617 ], [ -87.6163839, 41.8968867 ], [ -87.616473, 41.8970037 ], [ -87.6168587, 41.8975403 ], [ -87.6170535, 41.8978152 ], [ -87.6172601, 41.8981273 ], [ -87.6177451, 41.8988742 ], [ -87.6179085, 41.8991149 ], [ -87.6181743, 41.8995228 ], [ -87.6183097, 41.8997222 ], [ -87.6185526, 41.9000887 ], [ -87.6188045, 41.9004538 ], [ -87.6188369, 41.9005134 ], [ -87.6190349, 41.9008253 ], [ -87.6190978, 41.9009172 ], [ -87.6191561, 41.900991 ], [ -87.6192359, 41.9010905 ], [ -87.619231, 41.9010934 ], [ -87.6193501, 41.9012156 ], [ -87.6194127, 41.9012612 ], [ -87.6195346, 41.9013414 ], [ -87.6196678, 41.901421 ], [ -87.6199007, 41.9015516 ], [ -87.6205943, 41.9017541 ], [ -87.6208606, 41.9017991 ], [ -87.6212344, 41.9018702 ], [ -87.6214901, 41.9019251 ], [ -87.6216711, 41.9019735 ], [ -87.6216769, 41.9021547 ], [ -87.6218048, 41.9024231 ], [ -87.6220219, 41.9027611 ], [ -87.6222874, 41.9030584 ], [ -87.622637, 41.9033425 ], [ -87.6229502, 41.9035712 ], [ -87.6232343, 41.9037926 ], [ -87.6234756, 41.9039719 ], [ -87.6235906, 41.9040877 ], [ -87.6238048, 41.9046818 ], [ -87.6239039, 41.9049709 ], [ -87.6240068, 41.9052613 ], [ -87.6242122, 41.9058427 ], [ -87.6244035, 41.9063957 ], [ -87.6245433, 41.9067874 ], [ -87.6246692, 41.9071463 ], [ -87.6247017, 41.9072304 ], [ -87.6248227, 41.9075351 ], [ -87.624922, 41.9079916 ], [ -87.6250105, 41.9084033 ], [ -87.6250362, 41.9085621 ], [ -87.6250703, 41.908767 ], [ -87.6251072, 41.9091233 ], [ -87.6251482, 41.9096211 ], [ -87.6251566, 41.909803 ], [ -87.6251551, 41.9099371 ], [ -87.6251416, 41.9100702 ], [ -87.6251275, 41.9101675 ], [ -87.6251122, 41.9102537 ], [ -87.6250717, 41.9103548 ], [ -87.6250324, 41.9104205 ], [ -87.6249506, 41.9105079 ], [ -87.6248652, 41.9105788 ], [ -87.6247927, 41.9106544 ], [ -87.624741, 41.9107297 ], [ -87.6247072, 41.9108383 ], [ -87.6246855, 41.910953 ], [ -87.6246653, 41.9111643 ], [ -87.6246724, 41.9112802 ], [ -87.6494615, 41.9108866 ], [ -87.6508361, 41.9108648 ] ] ] } },
{ "type": "Feature", "properties": { "name": "Loop", "overture_id": "bf39ab6e-a9f5-4c4d-b6da-0b4de5034f63", "division_id": "10f9d787-edff-4988-9efa-973cebc3d9c4" }, "geometry": { "type": "Polygon", "coordinates": [ [ [ -87.6101283, 41.884083 ], [ -87.6100395, 41.8840842 ], [ -87.6100224, 41.8840845 ], [ -87.6099982, 41.8840847 ], [ -87.6100006, 41.8842206 ], [ -87.6099876, 41.8842216 ], [ -87.609982, 41.8843613 ], [ -87.6099929, 41.8843632 ], [ -87.6099906, 41.884497 ], [ -87.6099823, 41.8844971 ], [ -87.6099828, 41.8846359 ], [ -87.6099942, 41.884636 ], [ -87.6099886, 41.8847652 ], [ -87.6099976, 41.8847786 ], [ -87.6099891, 41.8849584 ], [ -87.609982, 41.8850072 ], [ -87.6099786, 41.8851754 ], [ -87.6099751, 41.8851906 ], [ -87.6099498, 41.8870392 ], [ -87.6099472, 41.887104 ], [ -87.6099112, 41.8871313 ], [ -87.6099103, 41.887179 ], [ -87.6096591, 41.8871798 ], [ -87.6095114, 41.8880172 ], [ -87.6094541, 41.8880231 ], [ -87.6079814, 41.8881757 ], [ -87.6078145, 41.888193 ], [ -87.6078128, 41.8881549 ], [ -87.6075797, 41.8881587 ], [ -87.6075338, 41.8881975 ], [ -87.6074151, 41.8881995 ], [ -87.6054267, 41.8882326 ], [ -87.6054263, 41.8881942 ], [ -87.6051882, 41.8881977 ], [ -87.6051386, 41.8882376 ], [ -87.6050336, 41.8882399 ], [ -87.6050244, 41.8882402 ], [ -87.6025749, 41.8882808 ], [ -87.6025422, 41.8882816 ], [ -87.6025203, 41.8882864 ], [ -87.6025046, 41.8882931 ], [ -87.6024929, 41.888303 ], [ -87.6024825, 41.8883144 ], [ -87.6024771, 41.8883272 ], [ -87.6024757, 41.8883401 ], [ -87.6024799, 41.8883543 ], [ -87.6024873, 41.8883663 ], [ -87.6024971, 41.8883758 ], [ -87.6025099, 41.8883833 ], [ -87.6025222, 41.8883878 ], [ -87.6025407, 41.8883919 ], [ -87.6025653, 41.8883929 ], [ -87.6050328, 41.8883528 ], [ -87.6050707, 41.8883522 ], [ -87.6050711, 41.8883437 ], [ -87.6050882, 41.8883435 ], [ -87.605089, 41.8883516 ], [ -87.6051444, 41.8883502 ], [ -87.6051503, 41.8884581 ], [ -87.6051514, 41.8885675 ], [ -87.6050966, 41.8885683 ], [ -87.6050971, 41.8885779 ], [ -87.6050791, 41.8885781 ], [ -87.6050783, 41.8885686 ], [ -87.605037, 41.8885692 ], [ -87.6047777, 41.8885729 ], [ -87.6047642, 41.888574 ], [ -87.6047488, 41.8885753 ], [ -87.6047264, 41.8885829 ], [ -87.6047095, 41.8885921 ], [ -87.6046974, 41.8886049 ], [ -87.6046905, 41.8886202 ], [ -87.6046887, 41.8886353 ], [ -87.6046926, 41.8886523 ], [ -87.6047007, 41.8886671 ], [ -87.6047166, 41.8886774 ], [ -87.6047344, 41.8886831 ], [ -87.6047556, 41.8886862 ], [ -87.6047647, 41.888686 ], [ -87.6050459, 41.88868 ], [ -87.6051528, 41.8886788 ], [ -87.6052054, 41.8887174 ], [ -87.6054502, 41.8887112 ], [ -87.6054475, 41.8886707 ], [ -87.6058687, 41.8886645 ], [ -87.607429, 41.8886416 ], [ -87.607533, 41.8886407 ], [ -87.6075892, 41.8886793 ], [ -87.6076832, 41.8886772 ], [ -87.6076937, 41.8892321 ], [ -87.6076433, 41.8892308 ], [ -87.6076248, 41.8892423 ], [ -87.6075998, 41.8892607 ], [ -87.6075903, 41.889271 ], [ -87.6075876, 41.8892926 ], [ -87.6075827, 41.8893193 ], [ -87.6075903, 41.8893522 ], [ -87.6075995, 41.8893756 ], [ -87.6076206, 41.8894021 ], [ -87.6076657, 41.8894209 ], [ -87.6077217, 41.8894244 ], [ -87.6077719, 41.8894225 ], [ -87.6077819, 41.8894442 ], [ -87.6095161, 41.8894608 ], [ -87.6095155, 41.8894218 ], [ -87.609515, 41.8893848 ], [ -87.6095148, 41.889344 ], [ -87.6095147, 41.8892708 ], [ -87.6106658, 41.8892824 ], [ -87.6110467, 41.8892833 ], [ -87.6112924, 41.88928 ], [ -87.6112942, 41.8893782 ], [ -87.611277, 41.8893779 ], [ -87.6113683, 41.8896584 ], [ -87.611428, 41.8898581 ], [ -87.6114374, 41.8899846 ], [ -87.6114864, 41.8906361 ], [ -87.6115384, 41.8906347 ], [ -87.6116569, 41.8906314 ], [ -87.6117433, 41.8906291 ], [ -87.6135727, 41.8905789 ], [ -87.6135713, 41.8905349 ], [ -87.6135701, 41.8904256 ], [ -87.6136148, 41.8904253 ], [ -87.6137956, 41.8904217 ], [ -87.6144141, 41.8904094 ], [ -87.6144184, 41.8905541 ], [ -87.6144186, 41.8905597 ], [ -87.6155751, 41.8905394 ], [ -87.6156145, 41.8905388 ], [ -87.6162981, 41.8905279 ], [ -87.6170052, 41.8905166 ], [ -87.6170372, 41.8905161 ], [ -87.6173525, 41.8905128 ], [ -87.6173493, 41.8904303 ], [ -87.6199125, 41.8904153 ], [ -87.6199091, 41.8901089 ], [ -87.619796, 41.8901104 ], [ -87.6175611, 41.89014 ], [ -87.6175546, 41.8901401 ], [ -87.6175064, 41.890141 ], [ -87.6173314, 41.8901439 ], [ -87.6173407, 41.8901801 ], [ -87.6170473, 41.8901916 ], [ -87.6162597, 41.8902056 ], [ -87.6153835, 41.8902062 ], [ -87.6144667, 41.8902175 ], [ -87.6144285, 41.890218 ], [ -87.6144118, 41.8902182 ], [ -87.6143639, 41.8902187 ], [ -87.6137084, 41.8902253 ], [ -87.6136779, 41.8902256 ], [ -87.6136136, 41.8902263 ], [ -87.6127143, 41.8902402 ], [ -87.6126839, 41.8902314 ], [ -87.6125967, 41.890177 ], [ -87.6125389, 41.8890906 ], [ -87.6136162, 41.8889112 ], [ -87.6135948, 41.8884086 ], [ -87.613733, 41.8884067 ], [ -87.6164491, 41.888369 ], [ -87.6176507, 41.8883526 ], [ -87.6203156, 41.888576 ], [ -87.6226207, 41.8888005 ], [ -87.6245958, 41.8888887 ], [ -87.6252036, 41.8887883 ], [ -87.6252968, 41.8887419 ], [ -87.6277714, 41.8875606 ], [ -87.6293534, 41.8875448 ], [ -87.6313699, 41.8875339 ], [ -87.6317497, 41.8875319 ], [ -87.6341378, 41.887516 ], [ -87.6355963, 41.8875109 ], [ -87.6375505, 41.8865413 ], [ -87.6377617, 41.8863953 ], [ -87.6377931, 41.8861587 ], [ -87.6377542, 41.8856313 ], [ -87.6379271, 41.8845873 ], [ -87.6379477, 41.8843452 ], [ -87.6380876, 41.8832895 ], [ -87.6381869, 41.8824039 ], [ -87.6382474, 41.8817893 ], [ -87.6382329, 41.8805201 ], [ -87.6381054, 41.8792423 ], [ -87.6377348, 41.8782001 ], [ -87.6374212, 41.8766991 ], [ -87.6368648, 41.8757994 ], [ -87.6363831, 41.875224 ], [ -87.6360269, 41.8745676 ], [ -87.6358928, 41.8739672 ], [ -87.6354858, 41.8721382 ], [ -87.6351589, 41.8704712 ], [ -87.635062, 41.8699773 ], [ -87.6349819, 41.8694479 ], [ -87.6347424, 41.8674637 ], [ -87.6347233, 41.8673 ], [ -87.6219114, 41.8674902 ], [ -87.620718, 41.8675065 ], [ -87.6190298, 41.8675295 ], [ -87.618331, 41.8682743 ], [ -87.6153744, 41.8683055 ], [ -87.6154001, 41.8683522 ], [ -87.6154402, 41.8684084 ], [ -87.615451, 41.8684199 ], [ -87.615459, 41.8684294 ], [ -87.6155083, 41.868479 ], [ -87.6155549, 41.8685223 ], [ -87.6156239, 41.8685829 ], [ -87.6156365, 41.8685933 ], [ -87.6156481, 41.8686028 ], [ -87.6156697, 41.8686192 ], [ -87.6157233, 41.8686566 ], [ -87.6158295, 41.8687229 ], [ -87.6160007, 41.8688162 ], [ -87.6161182, 41.868864 ], [ -87.6162361, 41.8689015 ], [ -87.6162436, 41.8693053 ], [ -87.616252, 41.8696865 ], [ -87.6162542, 41.869783 ], [ -87.6162563, 41.8698704 ], [ -87.6162961, 41.871584 ], [ -87.6162611, 41.8716349 ], [ -87.616262, 41.8716834 ], [ -87.616263, 41.8717334 ], [ -87.6162991, 41.8717824 ], [ -87.6162986, 41.8719751 ], [ -87.6162178, 41.8719753 ], [ -87.6162663, 41.8739559 ], [ -87.6162431, 41.8739561 ], [ -87.6162241, 41.8745004 ], [ -87.6162038, 41.8751015 ], [ -87.6162043, 41.8751727 ], [ -87.6162043, 41.8752034 ], [ -87.6162043, 41.8752934 ], [ -87.6162043, 41.8753288 ], [ -87.616205, 41.8753774 ], [ -87.61621, 41.8757497 ], [ -87.6162105, 41.8757713 ], [ -87.6162116, 41.8758112 ], [ -87.6162122, 41.8758332 ], [ -87.6162129, 41.8758587 ], [ -87.6162135, 41.8758791 ], [ -87.6162142, 41.8759026 ], [ -87.6162148, 41.8759247 ], [ -87.6162228, 41.8762218 ], [ -87.6162396, 41.8765198 ], [ -87.616317, 41.8776417 ], [ -87.6163281, 41.8778297 ], [ -87.6163521, 41.8778299 ], [ -87.616372, 41.8786576 ], [ -87.6163722, 41.878667 ], [ -87.6163788, 41.879013 ], [ -87.6163937, 41.8797864 ], [ -87.6164771, 41.8797854 ], [ -87.6164839, 41.8799929 ], [ -87.6164869, 41.8800807 ], [ -87.61649, 41.8801709 ], [ -87.6164906, 41.8801956 ], [ -87.6164951, 41.8803502 ], [ -87.6164998, 41.8805068 ], [ -87.6165019, 41.8805607 ], [ -87.6163927, 41.8805621 ], [ -87.6163855, 41.8805621 ], [ -87.6163652, 41.8805624 ], [ -87.6163599, 41.8805624 ], [ -87.6163554, 41.8805625 ], [ -87.6162444, 41.8805638 ], [ -87.6162389, 41.8805639 ], [ -87.6162331, 41.8805639 ], [ -87.6161925, 41.8805644 ], [ -87.6161347, 41.8805651 ], [ -87.6161295, 41.8805654 ], [ -87.6161234, 41.8805654 ], [ -87.6160828, 41.8805658 ], [ -87.6157384, 41.8805706 ], [ -87.6157593, 41.8814236 ], [ -87.615846, 41.8814227 ], [ -87.6158857, 41.8814222 ], [ -87.6158974, 41.881422 ], [ -87.6159429, 41.8814215 ], [ -87.6159499, 41.8814214 ], [ -87.6159663, 41.8814211 ], [ -87.6159815, 41.8814208 ], [ -87.6159873, 41.8814207 ], [ -87.6160369, 41.8814202 ], [ -87.6160421, 41.8814202 ], [ -87.616076, 41.8814199 ], [ -87.6160836, 41.8814198 ], [ -87.6161268, 41.8814194 ], [ -87.6161332, 41.8814193 ], [ -87.6161758, 41.8814189 ], [ -87.6161805, 41.8814189 ], [ -87.6162324, 41.8814184 ], [ -87.6162365, 41.8814183 ], [ -87.6162891, 41.8814178 ], [ -87.6163073, 41.8814177 ], [ -87.6163347, 41.8814173 ], [ -87.6163591, 41.8814169 ], [ -87.616402, 41.8814161 ], [ -87.6164113, 41.8814159 ], [ -87.6164582, 41.8814151 ], [ -87.6165196, 41.8814147 ], [ -87.6165206, 41.8814443 ], [ -87.6165206, 41.8817132 ], [ -87.6165209, 41.8817265 ], [ -87.6165222, 41.8817796 ], [ -87.6164999, 41.8818642 ], [ -87.6164711, 41.8819394 ], [ -87.6164341, 41.8820077 ], [ -87.6163837, 41.8820831 ], [ -87.6163338, 41.8821407 ], [ -87.6162746, 41.8821999 ], [ -87.6162005, 41.8822606 ], [ -87.6161104, 41.8823184 ], [ -87.6160166, 41.8823688 ], [ -87.6159213, 41.8824077 ], [ -87.6158415, 41.8824348 ], [ -87.6157342, 41.882463 ], [ -87.615643, 41.8824816 ], [ -87.6155666, 41.8824923 ], [ -87.6155055, 41.8824965 ], [ -87.6152601, 41.8825028 ], [ -87.6152353, 41.882503 ], [ -87.6152115, 41.8825036 ], [ -87.6147651, 41.8825157 ], [ -87.6146403, 41.8825255 ], [ -87.6145075, 41.8825425 ], [ -87.6143855, 41.8825635 ], [ -87.6142728, 41.8825873 ], [ -87.6141693, 41.8826112 ], [ -87.614055, 41.8826411 ], [ -87.6139668, 41.8826686 ], [ -87.6138826, 41.8826971 ], [ -87.6137997, 41.8827285 ], [ -87.613706, 41.8827679 ], [ -87.613585, 41.8828277 ], [ -87.6135106, 41.8828663 ], [ -87.6134376, 41.882907 ], [ -87.6133534, 41.8829599 ], [ -87.6132847, 41.8830082 ], [ -87.6132315, 41.8830474 ], [ -87.613154, 41.8831087 ], [ -87.6131054, 41.8831543 ], [ -87.6130517, 41.8832021 ], [ -87.6130129, 41.8832422 ], [ -87.6129707, 41.8832952 ], [ -87.6129137, 41.8833784 ], [ -87.6129098, 41.8833849 ], [ -87.6128744, 41.8834433 ], [ -87.6128623, 41.8834649 ], [ -87.6128348, 41.883514 ], [ -87.6128107, 41.8835764 ], [ -87.6127951, 41.8836208 ], [ -87.6127821, 41.8836651 ], [ -87.6127729, 41.8837133 ], [ -87.6127671, 41.8837651 ], [ -87.6127648, 41.8837997 ], [ -87.6127641, 41.8838187 ], [ -87.6127616, 41.8838716 ], [ -87.6127621, 41.8840614 ], [ -87.6112626, 41.884077 ], [ -87.6112426, 41.8840683 ], [ -87.6109589, 41.884069 ], [ -87.6109393, 41.8840761 ], [ -87.6106942, 41.8840815 ], [ -87.6103125, 41.8840798 ], [ -87.6101283, 41.884083 ] ] ] } },
{ "type": "Feature", "properties": { "name": "Near West Side", "overture_id": "8454f048-6b14-4c64-9738-3764eeaba089", "division_id": "6b28611f-83bf-4d23-97b2-15de0dbd2787" }, "geometry": { "type": "Polygon", "coordinates": [ [ [ -87.6472587, 41.8885051 ], [ -87.6473883, 41.8885016 ], [ -87.647569, 41.8885016 ], [ -87.6475862, 41.8890155 ], [ -87.649889, 41.8890048 ], [ -87.6500066, 41.8890294 ], [ -87.657338, 41.8889415 ], [ -87.6589429, 41.8889222 ], [ -87.659055, 41.8889212 ], [ -87.6590945, 41.8889209 ], [ -87.6604082, 41.8889094 ], [ -87.6604707, 41.8889094 ], [ -87.6605644, 41.8889078 ], [ -87.6606844, 41.888909 ], [ -87.660796, 41.8889101 ], [ -87.6672341, 41.8888428 ], [ -87.6694442, 41.8888448 ], [ -87.6794251, 41.8886862 ], [ -87.6859923, 41.8885741 ], [ -87.6865138, 41.8886235 ], [ -87.6866081, 41.8886316 ], [ -87.686636, 41.8886334 ], [ -87.6866308, 41.8883041 ], [ -87.6870296, 41.8882983 ], [ -87.6871932, 41.8882903 ], [ -87.6874446, 41.8882721 ], [ -87.6876129, 41.8882574 ], [ -87.6878105, 41.8882238 ], [ -87.688017, 41.8881818 ], [ -87.6882375, 41.8881362 ], [ -87.6887721, 41.888021 ], [ -87.6890838, 41.8879474 ], [ -87.6896482, 41.8878181 ], [ -87.690009, 41.8877136 ], [ -87.69019, 41.8876361 ], [ -87.6902996, 41.8875829 ], [ -87.6904183, 41.8875257 ], [ -87.6905191, 41.8874666 ], [ -87.6906017, 41.8874114 ], [ -87.6906988, 41.8873503 ], [ -87.6907669, 41.8872996 ], [ -87.6908823, 41.8872118 ], [ -87.6909697, 41.8871355 ], [ -87.6910254, 41.8870732 ], [ -87.6910813, 41.8870061 ], [ -87.6911805, 41.8868839 ], [ -87.6912422, 41.8867705 ], [ -87.6913855, 41.8864949 ], [ -87.6914536, 41.8863228 ], [ -87.691474, 41.8862537 ], [ -87.6915056, 41.8861467 ], [ -87.69152, 41.8860648 ], [ -87.6915357, 41.885951 ], [ -87.6915437, 41.8858348 ], [ -87.691515, 41.8844387 ], [ -87.6921232, 41.8844141 ], [ -87.6922722, 41.8844085 ], [ -87.6922688, 41.8843517 ], [ -87.6922672, 41.8843144 ], [ -87.6922659, 41.8842914 ], [ -87.6922514, 41.884045 ], [ -87.6922436, 41.8837657 ], [ -87.6922415, 41.8836926 ], [ -87.6922395, 41.8836212 ], [ -87.6922309, 41.8833142 ], [ -87.6922243, 41.8830715 ], [ -87.6922204, 41.8829371 ], [ -87.6922178, 41.8828456 ], [ -87.6922002, 41.8822158 ], [ -87.6921976, 41.8821196 ], [ -87.6921952, 41.8820333 ], [ -87.6921932, 41.8819577 ], [ -87.6921819, 41.8815836 ], [ -87.6921712, 41.8812239 ], [ -87.6921705, 41.8812004 ], [ -87.6921678, 41.8811119 ], [ -87.6915268, 41.8811184 ], [ -87.6914965, 41.8802111 ], [ -87.691475, 41.8793086 ], [ -87.691453, 41.8783898 ], [ -87.6914273, 41.877489 ], [ -87.691316, 41.8749512 ], [ -87.691282, 41.8738419 ], [ -87.6912105, 41.8711123 ], [ -87.6912568, 41.8711119 ], [ -87.6912105, 41.8692984 ], [ -87.6911812, 41.8687136 ], [ -87.6911731, 41.8684759 ], [ -87.6911597, 41.8682691 ], [ -87.6911329, 41.8680533 ], [ -87.6910833, 41.8678045 ], [ -87.6910404, 41.8676216 ], [ -87.691, 41.8674887 ], [ -87.6909665, 41.8673986 ], [ -87.6909074, 41.8672747 ], [ -87.6908323, 41.8671328 ], [ -87.6907289, 41.8669609 ], [ -87.6906672, 41.8668645 ], [ -87.6905948, 41.8667512 ], [ -87.6905644, 41.8667021 ], [ -87.6904333, 41.8664428 ], [ -87.6896327, 41.8651704 ], [ -87.6891633, 41.8644413 ], [ -87.6883493, 41.8635285 ], [ -87.6881582, 41.8628239 ], [ -87.6880928, 41.8611572 ], [ -87.6883266, 41.8611543 ], [ -87.6882746, 41.8593404 ], [ -87.6880965, 41.8593426 ], [ -87.6864323, 41.8593694 ], [ -87.685838, 41.8593777 ], [ -87.6858362, 41.8592999 ], [ -87.6858297, 41.8590088 ], [ -87.6858177, 41.8584694 ], [ -87.6850093, 41.8585413 ], [ -87.6822255, 41.8588662 ], [ -87.6793602, 41.8589823 ], [ -87.6761222, 41.8593707 ], [ -87.6743836, 41.8595145 ], [ -87.6736118, 41.8595171 ], [ -87.6718592, 41.8595428 ], [ -87.6713053, 41.8595509 ], [ -87.6712565, 41.8595517 ], [ -87.6711428, 41.8595533 ], [ -87.6710466, 41.8595546 ], [ -87.6710123, 41.8595552 ], [ -87.6693728, 41.8595793 ], [ -87.6688442, 41.8595871 ], [ -87.6688161, 41.8595875 ], [ -87.6687156, 41.859589 ], [ -87.6685998, 41.8595907 ], [ -87.6685645, 41.8595912 ], [ -87.6681504, 41.8595973 ], [ -87.6678651, 41.8596015 ], [ -87.6668866, 41.8596158 ], [ -87.6663779, 41.8596233 ], [ -87.6663293, 41.859624 ], [ -87.6662502, 41.8596258 ], [ -87.6661451, 41.8596266 ], [ -87.6660678, 41.8596278 ], [ -87.6660222, 41.8596285 ], [ -87.6652657, 41.8596396 ], [ -87.6639217, 41.8596593 ], [ -87.6638234, 41.8596607 ], [ -87.6637169, 41.8596623 ], [ -87.6618881, 41.8596891 ], [ -87.6614834, 41.859695 ], [ -87.6613684, 41.8596967 ], [ -87.6612717, 41.8596981 ], [ -87.6603643, 41.8597114 ], [ -87.659588, 41.8597228 ], [ -87.6594682, 41.8597246 ], [ -87.6594217, 41.8597242 ], [ -87.6589255, 41.8597326 ], [ -87.65831, 41.8597416 ], [ -87.658217, 41.859743 ], [ -87.6578043, 41.859749 ], [ -87.6577032, 41.8597505 ], [ -87.6575993, 41.859752 ], [ -87.6570987, 41.8597594 ], [ -87.6565976, 41.8597668 ], [ -87.6564872, 41.8597684 ], [ -87.656377, 41.85977 ], [ -87.6561253, 41.8597737 ], [ -87.6557919, 41.8597785 ], [ -87.6552759, 41.8597862 ], [ -87.6540356, 41.8598044 ], [ -87.6535452, 41.8598116 ], [ -87.6534456, 41.8598131 ], [ -87.6533645, 41.8598143 ], [ -87.652846, 41.8598219 ], [ -87.6527581, 41.8598232 ], [ -87.6522491, 41.8598306 ], [ -87.6487856, 41.8598815 ], [ -87.6478102, 41.8598958 ], [ -87.6476801, 41.8598977 ], [ -87.6468166, 41.8599045 ], [ -87.6467031, 41.8599052 ], [ -87.6465996, 41.8599069 ], [ -87.6463026, 41.8599118 ], [ -87.6461952, 41.8599136 ], [ -87.6459264, 41.859918 ], [ -87.6453709, 41.8599272 ], [ -87.6449756, 41.8599338 ], [ -87.6448416, 41.859936 ], [ -87.644761, 41.8599373 ], [ -87.6446899, 41.8599382 ], [ -87.6440119, 41.8599496 ], [ -87.6439888, 41.85995 ], [ -87.6438667, 41.859952 ], [ -87.6435713, 41.8599562 ], [ -87.6431061, 41.8599629 ], [ -87.6429365, 41.8599653 ], [ -87.6419371, 41.8599793 ], [ -87.6409456, 41.8599955 ], [ -87.6404743, 41.8600015 ], [ -87.6391931, 41.8600173 ], [ -87.6391494, 41.8600185 ], [ -87.6390124, 41.8600213 ], [ -87.6389741, 41.8588414 ], [ -87.6389498, 41.8581345 ], [ -87.6389483, 41.8580923 ], [ -87.6389373, 41.8577744 ], [ -87.6389337, 41.8576685 ], [ -87.6388055, 41.8576707 ], [ -87.6382564, 41.8576856 ], [ -87.6372494, 41.8576986 ], [ -87.6372139, 41.8576993 ], [ -87.6360766, 41.8577345 ], [ -87.6354914, 41.8577313 ], [ -87.635196, 41.8577304 ], [ -87.6351587, 41.8581613 ], [ -87.6350153, 41.8584115 ], [ -87.6344821, 41.8593419 ], [ -87.6344983, 41.8599958 ], [ -87.6345231, 41.8609997 ], [ -87.6346403, 41.8640603 ], [ -87.6347233, 41.8673 ], [ -87.6347424, 41.8674637 ], [ -87.6349819, 41.8694479 ], [ -87.635062, 41.8699773 ], [ -87.6351589, 41.8704712 ], [ -87.6354858, 41.8721382 ], [ -87.6358928, 41.8739672 ], [ -87.6360269, 41.8745676 ], [ -87.6363831, 41.875224 ], [ -87.6368648, 41.8757994 ], [ -87.6374212, 41.8766991 ], [ -87.6377348, 41.8782001 ], [ -87.6381054, 41.8792423 ], [ -87.6382329, 41.8805201 ], [ -87.6382474, 41.8817893 ], [ -87.6381869, 41.8824039 ], [ -87.6380876, 41.8832895 ], [ -87.6379477, 41.8843452 ], [ -87.6379271, 41.8845873 ], [ -87.6377542, 41.8856313 ], [ -87.6377931, 41.8861587 ], [ -87.6377617, 41.8863953 ], [ -87.638469, 41.886803 ], [ -87.6386796, 41.8869919 ], [ -87.6387979, 41.8872215 ], [ -87.6391793, 41.8883829 ], [ -87.6392755, 41.8886358 ], [ -87.6394658, 41.8889497 ], [ -87.6395115, 41.8890736 ], [ -87.6397669, 41.8890574 ], [ -87.6398411, 41.8890575 ], [ -87.6400105, 41.8890644 ], [ -87.6400721, 41.8890668 ], [ -87.6401489, 41.8890688 ], [ -87.6403081, 41.8890711 ], [ -87.6406796, 41.8890765 ], [ -87.6409416, 41.8890794 ], [ -87.6417685, 41.8890779 ], [ -87.6422229, 41.8890724 ], [ -87.6427978, 41.8890683 ], [ -87.6429182, 41.8890672 ], [ -87.6443368, 41.889054 ], [ -87.6443355, 41.8889438 ], [ -87.6443355, 41.8889339 ], [ -87.6443231, 41.8885431 ], [ -87.645641, 41.8885274 ], [ -87.6456942, 41.8885269 ], [ -87.6458623, 41.8885249 ], [ -87.6458798, 41.8885247 ], [ -87.6459696, 41.8885236 ], [ -87.646452, 41.8885167 ], [ -87.6465342, 41.8885155 ], [ -87.6469351, 41.8885097 ], [ -87.6472587, 41.8885051 ] ] ] } },
{ "type": "Feature", "properties": { "name": "Near South Side", "overture_id": "64c1689e-2655-4fc8-99e8-1f8fef85ef05", "division_id": "a2f82356-adc6-4667-9635-d98ac249a999" }, "geometry": { "type": "Polygon", "coordinates": [ [ [ -87.6300779, 41.853033 ], [ -87.6300691, 41.8529487 ], [ -87.6300635, 41.8528652 ], [ -87.6293264, 41.8528811 ], [ -87.6293178, 41.8523513 ], [ -87.6292875, 41.8510413 ], [ -87.6292534, 41.8492207 ], [ -87.6292183, 41.8475597 ], [ -87.6292012, 41.8467497 ], [ -87.6291992, 41.8466537 ], [ -87.629179, 41.8455623 ], [ -87.6290754, 41.8455635 ], [ -87.628669, 41.8455689 ], [ -87.6284894, 41.8455713 ], [ -87.6281096, 41.8455745 ], [ -87.6276526, 41.8455812 ], [ -87.627415, 41.8455847 ], [ -87.6270768, 41.8455896 ], [ -87.626943, 41.8455912 ], [ -87.6268247, 41.8455932 ], [ -87.6267776, 41.845594 ], [ -87.6266393, 41.845596 ], [ -87.6254697, 41.845613 ], [ -87.6254374, 41.8456136 ], [ -87.625339, 41.8456149 ], [ -87.6252225, 41.8456166 ], [ -87.62519, 41.8456171 ], [ -87.624458, 41.8456279 ], [ -87.6237644, 41.845638 ], [ -87.6236453, 41.8456398 ], [ -87.6234099, 41.8456425 ], [ -87.6232716, 41.8456446 ], [ -87.6223684, 41.8456582 ], [ -87.6222968, 41.845659 ], [ -87.6221355, 41.8456614 ], [ -87.6220587, 41.8456626 ], [ -87.6220263, 41.845663 ], [ -87.6205864, 41.8456842 ], [ -87.6205058, 41.8456856 ], [ -87.6203843, 41.8456875 ], [ -87.6203178, 41.8456884 ], [ -87.618961, 41.8457085 ], [ -87.6188583, 41.8457101 ], [ -87.618775, 41.8457113 ], [ -87.6183821, 41.8457171 ], [ -87.6181141, 41.845721 ], [ -87.6179902, 41.8457229 ], [ -87.6177939, 41.8457257 ], [ -87.6176471, 41.8457118 ], [ -87.6173157, 41.8456692 ], [ -87.6171801, 41.8456552 ], [ -87.6170718, 41.8456448 ], [ -87.6167787, 41.8456465 ], [ -87.6161201, 41.845223 ], [ -87.6092085, 41.8452547 ], [ -87.6088272, 41.8452532 ], [ -87.6087641, 41.8453324 ], [ -87.6086286, 41.8455041 ], [ -87.6085561, 41.8456191 ], [ -87.6084993, 41.845736 ], [ -87.6084629, 41.8458542 ], [ -87.6084396, 41.8459661 ], [ -87.6084326, 41.846051 ], [ -87.6084351, 41.8461577 ], [ -87.6084492, 41.8462788 ], [ -87.6084747, 41.8463756 ], [ -87.6085077, 41.8464774 ], [ -87.6085813, 41.8466237 ], [ -87.6086187, 41.8466834 ], [ -87.6087064, 41.8468014 ], [ -87.6089821, 41.8471635 ], [ -87.6091088, 41.8473267 ], [ -87.609336, 41.8476283 ], [ -87.6094018, 41.8477374 ], [ -87.6094526, 41.8478448 ], [ -87.6094856, 41.8479511 ], [ -87.6095083, 41.8480532 ], [ -87.6095156, 41.8481336 ], [ -87.6095288, 41.8482943 ], [ -87.6095528, 41.8486967 ], [ -87.6095391, 41.8486973 ], [ -87.6095443, 41.8487997 ], [ -87.6095457, 41.8488488 ], [ -87.6095205, 41.8490395 ], [ -87.6094641, 41.8493047 ], [ -87.6093999, 41.8496162 ], [ -87.6093579, 41.8498231 ], [ -87.6092983, 41.8501099 ], [ -87.60924, 41.8504013 ], [ -87.6092245, 41.8505005 ], [ -87.6092172, 41.8506041 ], [ -87.6092215, 41.8507076 ], [ -87.6092321, 41.8508064 ], [ -87.6092512, 41.8509033 ], [ -87.6092836, 41.8510108 ], [ -87.6093228, 41.851104 ], [ -87.6093688, 41.8512015 ], [ -87.6094435, 41.8513232 ], [ -87.6095511, 41.8514601 ], [ -87.6096852, 41.8516261 ], [ -87.6097953, 41.8517624 ], [ -87.6099487, 41.8519516 ], [ -87.6101082, 41.8521422 ], [ -87.6102515, 41.8523152 ], [ -87.6103777, 41.8524769 ], [ -87.6104417, 41.8525629 ], [ -87.6087492, 41.8531589 ], [ -87.6087095, 41.8531607 ], [ -87.608711, 41.8531717 ], [ -87.6085007, 41.8531878 ], [ -87.6082934, 41.8532067 ], [ -87.6080112, 41.8532408 ], [ -87.6079298, 41.8532431 ], [ -87.6078408, 41.8532468 ], [ -87.6077579, 41.8532528 ], [ -87.607094, 41.8533145 ], [ -87.6065266, 41.8533615 ], [ -87.6065313, 41.853417 ], [ -87.6066071, 41.8534109 ], [ -87.6067607, 41.8556798 ], [ -87.6068071, 41.8562631 ], [ -87.6068719, 41.8571123 ], [ -87.606933, 41.8579561 ], [ -87.6069871, 41.8587089 ], [ -87.6070689, 41.8598648 ], [ -87.607049, 41.8598812 ], [ -87.6070087, 41.8599064 ], [ -87.6069688, 41.8599226 ], [ -87.6069317, 41.8599337 ], [ -87.6068764, 41.8599511 ], [ -87.606812, 41.8599568 ], [ -87.6067397, 41.8599693 ], [ -87.6065799, 41.8599865 ], [ -87.606445, 41.8599929 ], [ -87.6063593, 41.8599924 ], [ -87.6062023, 41.8599984 ], [ -87.6060981, 41.8600097 ], [ -87.606013, 41.860032 ], [ -87.6059545, 41.8600734 ], [ -87.605944, 41.8600954 ], [ -87.6059738, 41.8607065 ], [ -87.6060093, 41.86203 ], [ -87.6060143, 41.8620471 ], [ -87.6060322, 41.862057 ], [ -87.6060725, 41.8620618 ], [ -87.6064095, 41.8620665 ], [ -87.6064398, 41.8621043 ], [ -87.6065325, 41.8621904 ], [ -87.60655, 41.8621936 ], [ -87.6066345, 41.8621563 ], [ -87.6066601, 41.8621763 ], [ -87.6069027, 41.8625108 ], [ -87.6072624, 41.8637478 ], [ -87.6073045, 41.8642114 ], [ -87.6072076, 41.8646646 ], [ -87.6070194, 41.8649936 ], [ -87.6067788, 41.8651199 ], [ -87.6065742, 41.8651405 ], [ -87.6065582, 41.8651196 ], [ -87.606472, 41.8650566 ], [ -87.6063363, 41.8649973 ], [ -87.6063299, 41.864977 ], [ -87.6063091, 41.8649519 ], [ -87.6063086, 41.8647952 ], [ -87.6060639, 41.8647997 ], [ -87.6060722, 41.8656832 ], [ -87.6059631, 41.8657518 ], [ -87.6058753, 41.8658275 ], [ -87.6057923, 41.8659164 ], [ -87.6057283, 41.8660141 ], [ -87.6056832, 41.8661063 ], [ -87.6056488, 41.8661948 ], [ -87.6056271, 41.8663208 ], [ -87.6056325, 41.8664224 ], [ -87.6056551, 41.866529 ], [ -87.6056954, 41.8666298 ], [ -87.6057494, 41.8667401 ], [ -87.605818, 41.8668405 ], [ -87.6058914, 41.8669158 ], [ -87.6059797, 41.8669904 ], [ -87.6060668, 41.867046 ], [ -87.6061439, 41.8670881 ], [ -87.6062291, 41.8671256 ], [ -87.6063148, 41.86716 ], [ -87.606394, 41.8671841 ], [ -87.606478, 41.8672044 ], [ -87.6065735, 41.8672211 ], [ -87.6066844, 41.8672345 ], [ -87.6068196, 41.8672395 ], [ -87.6069277, 41.8672343 ], [ -87.6070456, 41.8672194 ], [ -87.6071578, 41.8671966 ], [ -87.607252, 41.8671701 ], [ -87.6073772, 41.8671224 ], [ -87.6075006, 41.8670626 ], [ -87.6076152, 41.8669912 ], [ -87.6077048, 41.8669171 ], [ -87.6077631, 41.8668584 ], [ -87.6095943, 41.8668317 ], [ -87.6106162, 41.8668185 ], [ -87.6106439, 41.8668153 ], [ -87.6106636, 41.8668067 ], [ -87.6106704, 41.8667934 ], [ -87.6106733, 41.8667806 ], [ -87.6127123, 41.8667513 ], [ -87.6127154, 41.8669761 ], [ -87.6126195, 41.867055 ], [ -87.6125532, 41.8671233 ], [ -87.6124924, 41.8672027 ], [ -87.6124442, 41.8672767 ], [ -87.6124084, 41.8673564 ], [ -87.612383, 41.8674347 ], [ -87.6123707, 41.8674904 ], [ -87.6123622, 41.867554 ], [ -87.612358, 41.8676455 ], [ -87.6123668, 41.867733 ], [ -87.6123892, 41.867817 ], [ -87.6124192, 41.8678973 ], [ -87.6124596, 41.8679742 ], [ -87.6125082, 41.868045 ], [ -87.6125629, 41.8681147 ], [ -87.6126252, 41.8681775 ], [ -87.6127057, 41.8682458 ], [ -87.6127939, 41.8683052 ], [ -87.6128933, 41.8683602 ], [ -87.6129877, 41.8684024 ], [ -87.6130785, 41.8684331 ], [ -87.6131999, 41.8684672 ], [ -87.6133679, 41.8684981 ], [ -87.6135238, 41.8685094 ], [ -87.6136649, 41.8685069 ], [ -87.6138336, 41.8685066 ], [ -87.6140944, 41.8685011 ], [ -87.6142177, 41.8684898 ], [ -87.6143204, 41.8684742 ], [ -87.6144173, 41.8684504 ], [ -87.6145569, 41.8684093 ], [ -87.6146729, 41.8683667 ], [ -87.6147603, 41.8683256 ], [ -87.6148176, 41.8683243 ], [ -87.6148246, 41.8683196 ], [ -87.6148418, 41.8683217 ], [ -87.6148734, 41.8683202 ], [ -87.614887, 41.8683155 ], [ -87.6149007, 41.8683194 ], [ -87.6149759, 41.868316 ], [ -87.615002, 41.8683142 ], [ -87.61502, 41.868317 ], [ -87.615207, 41.8683128 ], [ -87.6153744, 41.8683055 ], [ -87.618331, 41.8682743 ], [ -87.6190298, 41.8675295 ], [ -87.620718, 41.8675065 ], [ -87.6219114, 41.8674902 ], [ -87.6347233, 41.8673 ], [ -87.6346403, 41.8640603 ], [ -87.6345231, 41.8609997 ], [ -87.6344983, 41.8599958 ], [ -87.6344821, 41.8593419 ], [ -87.6350153, 41.8584115 ], [ -87.6351587, 41.8581613 ], [ -87.635196, 41.8577304 ], [ -87.6343814, 41.8577227 ], [ -87.6330371, 41.8577401 ], [ -87.6325886, 41.8577491 ], [ -87.6321219, 41.8577542 ], [ -87.6320017, 41.857758 ], [ -87.6319264, 41.8577591 ], [ -87.6318804, 41.8577598 ], [ -87.6317619, 41.8577606 ], [ -87.6315907, 41.8577621 ], [ -87.6310054, 41.857766 ], [ -87.6308382, 41.8577668 ], [ -87.6305807, 41.8577688 ], [ -87.6303632, 41.8577705 ], [ -87.6302363, 41.8577714 ], [ -87.6302335, 41.8576952 ], [ -87.6302247, 41.8574563 ], [ -87.6302223, 41.8573558 ], [ -87.6302155, 41.8571557 ], [ -87.6301987, 41.8566646 ], [ -87.6301961, 41.8565866 ], [ -87.6301937, 41.8565103 ], [ -87.6301765, 41.8560077 ], [ -87.6301607, 41.8555427 ], [ -87.6301574, 41.8554437 ], [ -87.6301528, 41.8553082 ], [ -87.6301499, 41.8552512 ], [ -87.6301463, 41.8551172 ], [ -87.630143, 41.855005 ], [ -87.6301255, 41.854081 ], [ -87.6301131, 41.8534625 ], [ -87.6301006, 41.8533098 ], [ -87.6300779, 41.853033 ] ] ] } },
{ "type": "Feature", "properties": { "name": "South Shore", "overture_id": "eedf0aa6-f868-4fd3-b2e1-444d5cac9d25", "division_id": "20896d5d-a1ef-479a-b84e-97c949ecc1f3" }, "geometry": { "type": "Polygon", "coordinates": [ [ [ -87.5920618, 41.7732807 ], [ -87.5922601, 41.7723299 ], [ -87.592598, 41.7708526 ], [ -87.5928219, 41.7698854 ], [ -87.5924112, 41.7698833 ], [ -87.5922662, 41.7660187 ], [ -87.5926952, 41.7660163 ], [ -87.5931999, 41.7660135 ], [ -87.593399, 41.7660124 ], [ -87.5933974, 41.7651003 ], [ -87.5933861, 41.764636 ], [ -87.5933771, 41.7642658 ], [ -87.5933752, 41.7641852 ], [ -87.5933729, 41.7641076 ], [ -87.5933618, 41.7637277 ], [ -87.5933461, 41.7633527 ], [ -87.5933428, 41.7632744 ], [ -87.5933405, 41.7631904 ], [ -87.5933304, 41.7628154 ], [ -87.5933204, 41.762441 ], [ -87.5933181, 41.7623554 ], [ -87.5934328, 41.7623546 ], [ -87.594552, 41.7623461 ], [ -87.5953712, 41.7586725 ], [ -87.5954024, 41.7585212 ], [ -87.5948049, 41.7581012 ], [ -87.594283, 41.7577348 ], [ -87.5937089, 41.7573291 ], [ -87.5936907, 41.7573162 ], [ -87.593255, 41.7570083 ], [ -87.5932004, 41.7569696 ], [ -87.5930885, 41.7568906 ], [ -87.5929409, 41.7567849 ], [ -87.59281, 41.756691 ], [ -87.5924704, 41.7564477 ], [ -87.592351, 41.7563621 ], [ -87.5922732, 41.7563063 ], [ -87.5914355, 41.755706 ], [ -87.5912074, 41.7555426 ], [ -87.5909992, 41.7553933 ], [ -87.5908935, 41.7553176 ], [ -87.5902717, 41.754872 ], [ -87.5900937, 41.7547444 ], [ -87.5900116, 41.7546856 ], [ -87.5899391, 41.7546335 ], [ -87.5897865, 41.7545238 ], [ -87.5897028, 41.7544637 ], [ -87.589582, 41.7543769 ], [ -87.5892956, 41.7541711 ], [ -87.589002, 41.7539601 ], [ -87.5887362, 41.7537692 ], [ -87.5885046, 41.7536027 ], [ -87.5878979, 41.7531667 ], [ -87.5875221, 41.7528967 ], [ -87.587487, 41.7528715 ], [ -87.5874237, 41.7528267 ], [ -87.5873426, 41.7527693 ], [ -87.5871742, 41.7526502 ], [ -87.5868145, 41.7523957 ], [ -87.5867305, 41.7523363 ], [ -87.5866364, 41.7522697 ], [ -87.586467, 41.7521499 ], [ -87.586437, 41.7521287 ], [ -87.5862611, 41.7520042 ], [ -87.5861829, 41.7519518 ], [ -87.5861103, 41.7518987 ], [ -87.5859968, 41.7518272 ], [ -87.5858405, 41.7517178 ], [ -87.5858348, 41.7515 ], [ -87.5856757, 41.7514968 ], [ -87.5855024, 41.7514962 ], [ -87.5848663, 41.751504 ], [ -87.584778, 41.751505 ], [ -87.5845142, 41.7515082 ], [ -87.5843981, 41.7515097 ], [ -87.5833042, 41.751523 ], [ -87.5828938, 41.751528 ], [ -87.5820892, 41.7515378 ], [ -87.5816731, 41.7515429 ], [ -87.5808612, 41.7515528 ], [ -87.5805374, 41.7515567 ], [ -87.5803579, 41.7515589 ], [ -87.580047, 41.7515627 ], [ -87.5796379, 41.7515677 ], [ -87.578428, 41.7515824 ], [ -87.5772082, 41.7515973 ], [ -87.5769664, 41.7516002 ], [ -87.5766803, 41.7516037 ], [ -87.5763286, 41.751608 ], [ -87.575991, 41.751612 ], [ -87.5756393, 41.7516162 ], [ -87.5747604, 41.7516267 ], [ -87.5735505, 41.7516412 ], [ -87.5723274, 41.7516549 ], [ -87.571792, 41.7516622 ], [ -87.5711185, 41.7516703 ], [ -87.5699003, 41.7516848 ], [ -87.5694357, 41.7516904 ], [ -87.5686773, 41.7516994 ], [ -87.5685078, 41.7517015 ], [ -87.5680478, 41.751707 ], [ -87.5674518, 41.7517141 ], [ -87.5666825, 41.7517233 ], [ -87.5664844, 41.7517256 ], [ -87.5662366, 41.7517286 ], [ -87.566004, 41.7517308 ], [ -87.565939, 41.7517314 ], [ -87.5656233, 41.7517359 ], [ -87.5655708, 41.7517366 ], [ -87.5652878, 41.7517406 ], [ -87.5650276, 41.7517443 ], [ -87.5647367, 41.7517484 ], [ -87.5638179, 41.7517613 ], [ -87.5626052, 41.7517784 ], [ -87.5620219, 41.7517867 ], [ -87.5613935, 41.7517956 ], [ -87.5606058, 41.7518067 ], [ -87.5601687, 41.7518129 ], [ -87.5599076, 41.7518166 ], [ -87.5597758, 41.7518184 ], [ -87.5592408, 41.751826 ], [ -87.5591909, 41.7518266 ], [ -87.5589556, 41.75183 ], [ -87.5584884, 41.7518366 ], [ -87.5584439, 41.7518372 ], [ -87.557752, 41.751847 ], [ -87.5570855, 41.7518563 ], [ -87.5569773, 41.7518579 ], [ -87.5568706, 41.7518594 ], [ -87.5565392, 41.7518641 ], [ -87.5559291, 41.7518727 ], [ -87.5555118, 41.7518786 ], [ -87.5553261, 41.7518812 ], [ -87.5549037, 41.7518872 ], [ -87.5547287, 41.7518896 ], [ -87.5540829, 41.7518988 ], [ -87.5535039, 41.7519069 ], [ -87.5531843, 41.7519114 ], [ -87.5529016, 41.7519154 ], [ -87.552594, 41.7519194 ], [ -87.5520312, 41.7519284 ], [ -87.5520258, 41.7520072 ], [ -87.5517137, 41.7522465 ], [ -87.5509747, 41.7526819 ], [ -87.5504801, 41.7529828 ], [ -87.5502168, 41.7531429 ], [ -87.5496519, 41.7534865 ], [ -87.5487366, 41.7540248 ], [ -87.5483668, 41.7542592 ], [ -87.5478597, 41.7545763 ], [ -87.5463586, 41.7537696 ], [ -87.5439501, 41.7552394 ], [ -87.5439062, 41.7552708 ], [ -87.5410484, 41.7570109 ], [ -87.540993, 41.7570454 ], [ -87.5409136, 41.7570381 ], [ -87.5405721, 41.757245 ], [ -87.5405606, 41.7573001 ], [ -87.5407433, 41.7575 ], [ -87.54106, 41.75779 ], [ -87.541245, 41.7578531 ], [ -87.5416716, 41.7578453 ], [ -87.5425982, 41.7587126 ], [ -87.5425094, 41.7589325 ], [ -87.5424864, 41.7590373 ], [ -87.5425101, 41.759106 ], [ -87.5425696, 41.7591839 ], [ -87.5427287, 41.7593666 ], [ -87.5431097, 41.7597047 ], [ -87.5432471, 41.7597358 ], [ -87.5442089, 41.7605977 ], [ -87.54434, 41.7606845 ], [ -87.546456, 41.7606834 ], [ -87.5465167, 41.7606643 ], [ -87.5465229, 41.7606268 ], [ -87.5464957, 41.7606051 ], [ -87.5446453, 41.7606126 ], [ -87.5447907, 41.7605015 ], [ -87.5450224, 41.7603563 ], [ -87.545091, 41.7602186 ], [ -87.5454431, 41.7596925 ], [ -87.5460423, 41.7592574 ], [ -87.5463103, 41.7591251 ], [ -87.5465102, 41.7590264 ], [ -87.546993, 41.7589121 ], [ -87.5475118, 41.7588591 ], [ -87.5480832, 41.7588138 ], [ -87.5481886, 41.7588665 ], [ -87.5489721, 41.7589195 ], [ -87.5492086, 41.7589726 ], [ -87.5504069, 41.7593907 ], [ -87.5511154, 41.7596792 ], [ -87.5522523, 41.7601422 ], [ -87.5528881, 41.7604339 ], [ -87.5538589, 41.7608895 ], [ -87.5541939, 41.7611171 ], [ -87.5544002, 41.7613506 ], [ -87.5545324, 41.7615597 ], [ -87.5546123, 41.7617406 ], [ -87.5545755, 41.7618304 ], [ -87.5545577, 41.7618829 ], [ -87.5536551, 41.7623294 ], [ -87.5536673, 41.7623779 ], [ -87.5537018, 41.7623901 ], [ -87.5537445, 41.762387 ], [ -87.5546334, 41.761936 ], [ -87.555133, 41.7616934 ], [ -87.5555198, 41.7617791 ], [ -87.5559349, 41.7619631 ], [ -87.5560896, 41.7620825 ], [ -87.5560501, 41.7621108 ], [ -87.5560165, 41.7621428 ], [ -87.5560154, 41.7621975 ], [ -87.5560756, 41.7622359 ], [ -87.5561566, 41.7622467 ], [ -87.5563149, 41.7622057 ], [ -87.5565104, 41.7622795 ], [ -87.5565021, 41.7623732 ], [ -87.5566478, 41.7623663 ], [ -87.5566767, 41.7623839 ], [ -87.5567339, 41.7624217 ], [ -87.5568053, 41.7624912 ], [ -87.5568633, 41.7625499 ], [ -87.5569646, 41.762656 ], [ -87.5574949, 41.7629575 ], [ -87.5576516, 41.7630798 ], [ -87.5575729, 41.7631269 ], [ -87.5584548, 41.7640165 ], [ -87.5588139, 41.7638307 ], [ -87.5589796, 41.7637491 ], [ -87.5591894, 41.7639723 ], [ -87.559162, 41.7639901 ], [ -87.5592649, 41.7641099 ], [ -87.5593635, 41.7640533 ], [ -87.5594755, 41.7641725 ], [ -87.5596992, 41.7644107 ], [ -87.5594999, 41.7645239 ], [ -87.559469, 41.7645968 ], [ -87.5595269, 41.7646847 ], [ -87.5594865, 41.7647395 ], [ -87.5596143, 41.7649384 ], [ -87.5596955, 41.7649998 ], [ -87.559779, 41.7649852 ], [ -87.5598822, 41.7649935 ], [ -87.5599625, 41.7649484 ], [ -87.5600207, 41.7649439 ], [ -87.5601509, 41.7650726 ], [ -87.5601597, 41.7650984 ], [ -87.5601933, 41.7651307 ], [ -87.5603702, 41.7653233 ], [ -87.5603972, 41.7653053 ], [ -87.5605425, 41.7655648 ], [ -87.5604273, 41.7656886 ], [ -87.5604127, 41.7658291 ], [ -87.5603941, 41.7659643 ], [ -87.5603923, 41.7660704 ], [ -87.5603938, 41.7661112 ], [ -87.5603614, 41.7661559 ], [ -87.5603826, 41.7662911 ], [ -87.5601297, 41.7664246 ], [ -87.5598397, 41.766522 ], [ -87.5595669, 41.7665777 ], [ -87.5594894, 41.7665932 ], [ -87.5593895, 41.7666053 ], [ -87.5593512, 41.7666602 ], [ -87.5593529, 41.7668404 ], [ -87.5594383, 41.7674643 ], [ -87.5594251, 41.7680011 ], [ -87.55942, 41.7687745 ], [ -87.5594124, 41.7692672 ], [ -87.5594207, 41.7693768 ], [ -87.5595838, 41.7692928 ], [ -87.559864, 41.7689669 ], [ -87.5601857, 41.7685524 ], [ -87.560858, 41.768704 ], [ -87.5613975, 41.7688814 ], [ -87.5619577, 41.7691425 ], [ -87.5624066, 41.7693728 ], [ -87.562767, 41.7698296 ], [ -87.5628571, 41.7700392 ], [ -87.5631785, 41.7704195 ], [ -87.5633621, 41.7709266 ], [ -87.5634612, 41.7715523 ], [ -87.5634355, 41.771774 ], [ -87.5634959, 41.7719428 ], [ -87.5635773, 41.7721209 ], [ -87.5638991, 41.7721056 ], [ -87.5648308, 41.7725202 ], [ -87.5650153, 41.7725991 ], [ -87.5656056, 41.7729766 ], [ -87.5660077, 41.7732371 ], [ -87.5662763, 41.773499 ], [ -87.5662739, 41.7736202 ], [ -87.5662914, 41.7736609 ], [ -87.5663527, 41.7737462 ], [ -87.5663754, 41.773737 ], [ -87.5668173, 41.7735539 ], [ -87.5728396, 41.7734892 ], [ -87.5920618, 41.7732807 ] ] ] } },
{ "type": "Feature", "properties": { "name": "Woodlawn", "overture_id": "f6b999b7-2fc8-4c45-9325-61e72727eb96", "division_id": "ace7f5a6-711b-4f88-b07b-bc8b42405509" }, "geometry": { "type": "Polygon", "coordinates": [ [ [ -87.5725545, 41.7794877 ], [ -87.5724009, 41.7798301 ], [ -87.5724803, 41.7798519 ], [ -87.5729324, 41.7799055 ], [ -87.5730947, 41.78026 ], [ -87.5721611, 41.7805664 ], [ -87.5711003, 41.7809032 ], [ -87.5707365, 41.7809931 ], [ -87.5707292, 41.7809801 ], [ -87.5686917, 41.7814789 ], [ -87.5683235, 41.781568 ], [ -87.5683012, 41.7816515 ], [ -87.5683026, 41.781704 ], [ -87.5675627, 41.784604 ], [ -87.5676778, 41.7846186 ], [ -87.5684312, 41.7816343 ], [ -87.5688372, 41.781529 ], [ -87.5692097, 41.7814175 ], [ -87.5704198, 41.7811269 ], [ -87.571733, 41.7815911 ], [ -87.573071, 41.7821232 ], [ -87.5746794, 41.7829098 ], [ -87.5761074, 41.7836371 ], [ -87.5761554, 41.7837369 ], [ -87.576518, 41.7844903 ], [ -87.5768272, 41.785205 ], [ -87.5770457, 41.7857817 ], [ -87.5771376, 41.7860628 ], [ -87.5849872, 41.7859588 ], [ -87.5851687, 41.7860554 ], [ -87.5852728, 41.786119 ], [ -87.5856188, 41.7862928 ], [ -87.5857826, 41.7863327 ], [ -87.5858811, 41.7863543 ], [ -87.5860247, 41.7863747 ], [ -87.5861451, 41.7863865 ], [ -87.5865069, 41.7863829 ], [ -87.5865675, 41.7863821 ], [ -87.5865635, 41.7861309 ], [ -87.5866247, 41.7861296 ], [ -87.5959193, 41.7860399 ], [ -87.5960501, 41.7860349 ], [ -87.5961647, 41.7860276 ], [ -87.5963336, 41.7860071 ], [ -87.5965023, 41.7859877 ], [ -87.596604, 41.7859795 ], [ -87.6060481, 41.7858687 ], [ -87.6157504, 41.7857069 ], [ -87.6157498, 41.7856247 ], [ -87.6157496, 41.7855833 ], [ -87.6157485, 41.7854211 ], [ -87.6157469, 41.7851874 ], [ -87.6157233, 41.7842076 ], [ -87.6157177, 41.783972 ], [ -87.6157155, 41.7838856 ], [ -87.6157136, 41.7838072 ], [ -87.6157075, 41.7835636 ], [ -87.6156771, 41.7823363 ], [ -87.6156724, 41.7821469 ], [ -87.6156703, 41.7820621 ], [ -87.6156686, 41.781992 ], [ -87.6156659, 41.7818842 ], [ -87.6156365, 41.7806988 ], [ -87.6156324, 41.7805329 ], [ -87.6156313, 41.7804889 ], [ -87.615628, 41.7803269 ], [ -87.6156273, 41.7802438 ], [ -87.6156529, 41.7801008 ], [ -87.6154547, 41.7729737 ], [ -87.6057741, 41.7660122 ], [ -87.6055822, 41.7658835 ], [ -87.6055967, 41.7664606 ], [ -87.6056359, 41.7680228 ], [ -87.6057629, 41.7731462 ], [ -87.5920618, 41.7732807 ], [ -87.5728396, 41.7734892 ], [ -87.5668173, 41.7735539 ], [ -87.5663754, 41.773737 ], [ -87.5663527, 41.7737462 ], [ -87.5665578, 41.7738693 ], [ -87.5667448, 41.7740513 ], [ -87.5669097, 41.7742366 ], [ -87.5679486, 41.7756128 ], [ -87.5683454, 41.7760939 ], [ -87.5686081, 41.776372 ], [ -87.5691206, 41.776718 ], [ -87.5695437, 41.7769207 ], [ -87.5700474, 41.7771766 ], [ -87.5704532, 41.7774794 ], [ -87.5711582, 41.7780505 ], [ -87.5717233, 41.7785561 ], [ -87.5717876, 41.7785768 ], [ -87.5721635, 41.7790686 ], [ -87.5721757, 41.7791085 ], [ -87.5722267, 41.7792217 ], [ -87.5723468, 41.779356 ], [ -87.5725068, 41.7794359 ], [ -87.5725545, 41.7794877 ] ] ] } },
{ "type": "Feature", "properties": { "name": "Greater Grand Crossing", "overture_id": "12ccd61d-9dc8-4ac9-bbcf-a4f1bd21e4be", "division_id": "3b065c0a-8c41-4538-a8cf-e85dc56ddc6a" }, "geometry": { "type": "Polygon", "coordinates": [ [ [ -87.6057629, 41.7731462 ], [ -87.6056359, 41.7680228 ], [ -87.6055967, 41.7664606 ], [ -87.6055822, 41.7658835 ], [ -87.6057741, 41.7660122 ], [ -87.6154547, 41.7729737 ], [ -87.6156529, 41.7801008 ], [ -87.6156273, 41.7802438 ], [ -87.6157673, 41.7802413 ], [ -87.6162816, 41.7802321 ], [ -87.6164412, 41.7802301 ], [ -87.6201696, 41.7801717 ], [ -87.6202538, 41.7801613 ], [ -87.6202953, 41.7801562 ], [ -87.6204803, 41.7800964 ], [ -87.6206826, 41.7800656 ], [ -87.6207431, 41.7800564 ], [ -87.6210167, 41.7800464 ], [ -87.6220852, 41.7800388 ], [ -87.6236897, 41.7800171 ], [ -87.6240874, 41.780025 ], [ -87.624801, 41.7800609 ], [ -87.6251007, 41.7800644 ], [ -87.625264, 41.7800618 ], [ -87.6253675, 41.7800602 ], [ -87.6253682, 41.780157 ], [ -87.6253692, 41.7802977 ], [ -87.6253697, 41.7803638 ], [ -87.6253734, 41.7808769 ], [ -87.6253847, 41.7814259 ], [ -87.6253886, 41.7816178 ], [ -87.6254197, 41.7831299 ], [ -87.6254215, 41.7832197 ], [ -87.6255748, 41.7832169 ], [ -87.6259726, 41.7832097 ], [ -87.6264842, 41.7832003 ], [ -87.6282744, 41.7831743 ], [ -87.6288729, 41.7831615 ], [ -87.6289632, 41.7831594 ], [ -87.6289606, 41.7830812 ], [ -87.6289158, 41.7817157 ], [ -87.6289132, 41.7816279 ], [ -87.6288741, 41.7803273 ], [ -87.6285678, 41.780133 ], [ -87.6284679, 41.7800003 ], [ -87.6293346, 41.7799808 ], [ -87.6301302, 41.7799618 ], [ -87.6301396, 41.7799616 ], [ -87.6301394, 41.7799568 ], [ -87.6301386, 41.7799308 ], [ -87.630136, 41.7798464 ], [ -87.6301316, 41.7797056 ], [ -87.6301228, 41.779423 ], [ -87.6300976, 41.7786131 ], [ -87.6300932, 41.77847 ], [ -87.6300433, 41.776761 ], [ -87.6300538, 41.7766076 ], [ -87.6300705, 41.7765344 ], [ -87.6300795, 41.7764796 ], [ -87.6300787, 41.776447 ], [ -87.6300763, 41.77635 ], [ -87.6300731, 41.7762173 ], [ -87.6300487, 41.7755442 ], [ -87.629999, 41.7727327 ], [ -87.6307487, 41.7727231 ], [ -87.6314045, 41.7710665 ], [ -87.6313728, 41.7703444 ], [ -87.6313314, 41.7690715 ], [ -87.633557, 41.7690429 ], [ -87.6335543, 41.7690228 ], [ -87.6335523, 41.7689402 ], [ -87.6335139, 41.7673682 ], [ -87.6335313, 41.7672722 ], [ -87.6335553, 41.7672072 ], [ -87.6340903, 41.7671938 ], [ -87.6346072, 41.767181 ], [ -87.6347182, 41.7671782 ], [ -87.6347163, 41.7671006 ], [ -87.6346842, 41.7657843 ], [ -87.6346759, 41.7654444 ], [ -87.6346739, 41.7653617 ], [ -87.6346717, 41.765285 ], [ -87.6346431, 41.7642473 ], [ -87.6348503, 41.7636708 ], [ -87.6349031, 41.7635455 ], [ -87.6344179, 41.7635446 ], [ -87.6344553, 41.7634474 ], [ -87.6346069, 41.7630529 ], [ -87.6345819, 41.7618035 ], [ -87.63458, 41.7617225 ], [ -87.634578, 41.7616437 ], [ -87.6345673, 41.7612318 ], [ -87.6345351, 41.7599849 ], [ -87.6345331, 41.7599068 ], [ -87.634649, 41.7599051 ], [ -87.6357435, 41.7598863 ], [ -87.6357435, 41.7598003 ], [ -87.6357057, 41.7581441 ], [ -87.6357039, 41.7580631 ], [ -87.6358167, 41.7580613 ], [ -87.6364201, 41.7580515 ], [ -87.6364926, 41.7580803 ], [ -87.6368746, 41.7580741 ], [ -87.6369622, 41.7580419 ], [ -87.6370575, 41.7580411 ], [ -87.6376872, 41.7580309 ], [ -87.6383355, 41.7580203 ], [ -87.6384485, 41.7580185 ], [ -87.638553, 41.7580168 ], [ -87.6389587, 41.7580102 ], [ -87.6393014, 41.7580047 ], [ -87.6393018, 41.7578885 ], [ -87.6393018, 41.7574464 ], [ -87.6393045, 41.7571016 ], [ -87.6393166, 41.7568007 ], [ -87.639326, 41.7565588 ], [ -87.639338, 41.756365 ], [ -87.6393488, 41.7562289 ], [ -87.6393547, 41.7561619 ], [ -87.6398893, 41.7561415 ], [ -87.6398457, 41.7543364 ], [ -87.6397671, 41.7510899 ], [ -87.6397496, 41.7506984 ], [ -87.6394076, 41.7507064 ], [ -87.6346518, 41.7507768 ], [ -87.6345318, 41.7507785 ], [ -87.6344127, 41.7507806 ], [ -87.6342998, 41.7507825 ], [ -87.6342212, 41.7507838 ], [ -87.6340385, 41.7507866 ], [ -87.633989, 41.7507873 ], [ -87.6338503, 41.7507894 ], [ -87.6337124, 41.7507917 ], [ -87.6335, 41.7507953 ], [ -87.6332937, 41.7507988 ], [ -87.6330873, 41.7508023 ], [ -87.6324902, 41.7508124 ], [ -87.6318795, 41.7508228 ], [ -87.631073, 41.7508418 ], [ -87.6306684, 41.7508433 ], [ -87.6299598, 41.7508553 ], [ -87.6296982, 41.7508597 ], [ -87.6295621, 41.750862 ], [ -87.6294979, 41.7508631 ], [ -87.62946, 41.7508637 ], [ -87.6293067, 41.7508663 ], [ -87.6291674, 41.7508687 ], [ -87.6291243, 41.7508692 ], [ -87.6288484, 41.7508744 ], [ -87.6287671, 41.7508757 ], [ -87.6286413, 41.7508779 ], [ -87.6282441, 41.7508849 ], [ -87.6277837, 41.7508931 ], [ -87.6276632, 41.7508952 ], [ -87.6275308, 41.7509005 ], [ -87.6271394, 41.7509076 ], [ -87.6270335, 41.7509135 ], [ -87.6270265, 41.7509139 ], [ -87.6269288, 41.7509193 ], [ -87.6268336, 41.7509246 ], [ -87.6266128, 41.7509457 ], [ -87.6264921, 41.7509572 ], [ -87.6258303, 41.7510016 ], [ -87.6245934, 41.7510244 ], [ -87.6238096, 41.7509744 ], [ -87.623202, 41.7509845 ], [ -87.6229897, 41.750988 ], [ -87.6224189, 41.7509975 ], [ -87.6222662, 41.751 ], [ -87.6221895, 41.7510013 ], [ -87.6220716, 41.7510033 ], [ -87.6213775, 41.7510148 ], [ -87.6209251, 41.7510223 ], [ -87.6203496, 41.7510318 ], [ -87.6203027, 41.7510326 ], [ -87.6202235, 41.7510339 ], [ -87.6197654, 41.7510415 ], [ -87.61902, 41.7510539 ], [ -87.6181394, 41.7510685 ], [ -87.6165389, 41.7510951 ], [ -87.6157254, 41.7511086 ], [ -87.6154599, 41.751113 ], [ -87.6153107, 41.7511155 ], [ -87.6151878, 41.7511176 ], [ -87.6150735, 41.7511193 ], [ -87.6149592, 41.7511209 ], [ -87.6143003, 41.7511338 ], [ -87.6139759, 41.7511386 ], [ -87.6137128, 41.7511432 ], [ -87.6124997, 41.7511636 ], [ -87.6122775, 41.7511673 ], [ -87.6118959, 41.7511737 ], [ -87.6112874, 41.751184 ], [ -87.6106849, 41.7511941 ], [ -87.6100753, 41.7512043 ], [ -87.6097051, 41.7512105 ], [ -87.60936, 41.7512163 ], [ -87.6088706, 41.7512245 ], [ -87.6076443, 41.7512452 ], [ -87.605838, 41.7512756 ], [ -87.6056152, 41.7512793 ], [ -87.6053548, 41.7512829 ], [ -87.6052052, 41.751285 ], [ -87.6049231, 41.7512862 ], [ -87.60475, 41.751287 ], [ -87.6045706, 41.7512888 ], [ -87.6044736, 41.7512898 ], [ -87.6039606, 41.751295 ], [ -87.6037775, 41.7512968 ], [ -87.6034543, 41.7513001 ], [ -87.6033616, 41.751301 ], [ -87.6027493, 41.7513072 ], [ -87.6021571, 41.7513132 ], [ -87.6015453, 41.7513193 ], [ -87.6009422, 41.7513254 ], [ -87.6003284, 41.7513316 ], [ -87.5997164, 41.7513378 ], [ -87.5991215, 41.7513438 ], [ -87.5985121, 41.75135 ], [ -87.5973485, 41.7513617 ], [ -87.5967353, 41.7513685 ], [ -87.5954817, 41.7513822 ], [ -87.5954842, 41.7514863 ], [ -87.5955, 41.7521327 ], [ -87.5955245, 41.7531356 ], [ -87.5955262, 41.7532036 ], [ -87.5955091, 41.7550649 ], [ -87.5962677, 41.7550745 ], [ -87.5958534, 41.756874 ], [ -87.5934468, 41.7568868 ], [ -87.5933518, 41.7568878 ], [ -87.5933111, 41.7568882 ], [ -87.5930885, 41.7568906 ], [ -87.5932004, 41.7569696 ], [ -87.593255, 41.7570083 ], [ -87.5936907, 41.7573162 ], [ -87.5937089, 41.7573291 ], [ -87.594283, 41.7577348 ], [ -87.5948049, 41.7581012 ], [ -87.5954024, 41.7585212 ], [ -87.5953712, 41.7586725 ], [ -87.594552, 41.7623461 ], [ -87.5934328, 41.7623546 ], [ -87.5933181, 41.7623554 ], [ -87.5933204, 41.762441 ], [ -87.5933304, 41.7628154 ], [ -87.5933405, 41.7631904 ], [ -87.5933428, 41.7632744 ], [ -87.5933461, 41.7633527 ], [ -87.5933618, 41.7637277 ], [ -87.5933729, 41.7641076 ], [ -87.5933752, 41.7641852 ], [ -87.5933771, 41.7642658 ], [ -87.5933861, 41.764636 ], [ -87.5933974, 41.7651003 ], [ -87.593399, 41.7660124 ], [ -87.5931999, 41.7660135 ], [ -87.5926952, 41.7660163 ], [ -87.5922662, 41.7660187 ], [ -87.5924112, 41.7698833 ], [ -87.5928219, 41.7698854 ], [ -87.592598, 41.7708526 ], [ -87.5922601, 41.7723299 ], [ -87.5920618, 41.7732807 ], [ -87.6057629, 41.7731462 ] ] ] } },
{ "type": "Feature", "properties": { "name": "Chicago Lawn", "overture_id": "4e6f04c9-8cf9-4f0f-969f-1a62534aa7ee", "division_id": "82a290b1-168e-4602-9a44-646a47c06423" }, "geometry": { "type": "Polygon", "coordinates": [ [ [ -87.6866163, 41.7574313 ], [ -87.686623, 41.7575881 ], [ -87.678468, 41.7576713 ], [ -87.6782264, 41.7576762 ], [ -87.6784151, 41.7683978 ], [ -87.678694, 41.768395 ], [ -87.6787435, 41.7702003 ], [ -87.6787896, 41.7720177 ], [ -87.6784068, 41.772022 ], [ -87.6783625, 41.7720225 ], [ -87.6784936, 41.775643 ], [ -87.6787778, 41.7756399 ], [ -87.6787778, 41.776126 ], [ -87.6787055, 41.7766736 ], [ -87.6786234, 41.7774133 ], [ -87.6785378, 41.7780285 ], [ -87.6784592, 41.77925 ], [ -87.6790924, 41.7810851 ], [ -87.6792448, 41.7865624 ], [ -87.6796344, 41.7865578 ], [ -87.681106, 41.7865415 ], [ -87.6812161, 41.7865404 ], [ -87.6823374, 41.7865289 ], [ -87.6823958, 41.7865283 ], [ -87.6824593, 41.7865276 ], [ -87.6825508, 41.7865267 ], [ -87.6831079, 41.786521 ], [ -87.683301, 41.7865203 ], [ -87.6836229, 41.7865191 ], [ -87.6838496, 41.7865398 ], [ -87.6841577, 41.7865561 ], [ -87.6844142, 41.786552 ], [ -87.6848552, 41.7865451 ], [ -87.6849626, 41.7865433 ], [ -87.6850721, 41.7865416 ], [ -87.6851748, 41.78654 ], [ -87.686182, 41.786524 ], [ -87.6862783, 41.7865225 ], [ -87.6863945, 41.7865206 ], [ -87.6874015, 41.7865047 ], [ -87.687505, 41.7865031 ], [ -87.6876119, 41.7865014 ], [ -87.6886172, 41.7864854 ], [ -87.6887234, 41.7864838 ], [ -87.6888318, 41.7864821 ], [ -87.6894692, 41.786472 ], [ -87.6896185, 41.7864696 ], [ -87.6898385, 41.7864661 ], [ -87.689946, 41.7864644 ], [ -87.6900518, 41.7864627 ], [ -87.6902909, 41.786459 ], [ -87.6905684, 41.7864546 ], [ -87.6910561, 41.7864469 ], [ -87.6911671, 41.7864451 ], [ -87.6912672, 41.7864435 ], [ -87.69148, 41.7864401 ], [ -87.6922756, 41.7864276 ], [ -87.6923739, 41.786426 ], [ -87.6924864, 41.7864242 ], [ -87.6929491, 41.7864169 ], [ -87.6932802, 41.7864116 ], [ -87.6934942, 41.7864083 ], [ -87.6935991, 41.7864066 ], [ -87.6937093, 41.7864048 ], [ -87.6938702, 41.7864023 ], [ -87.6943356, 41.7863949 ], [ -87.6947137, 41.7863889 ], [ -87.6948117, 41.7863874 ], [ -87.6949253, 41.7863856 ], [ -87.6950007, 41.7863844 ], [ -87.6960282, 41.7863681 ], [ -87.6972649, 41.7863485 ], [ -87.6973619, 41.7863469 ], [ -87.6983692, 41.786331 ], [ -87.6984735, 41.7863294 ], [ -87.6985826, 41.7863277 ], [ -87.6995893, 41.7863117 ], [ -87.6996814, 41.7863102 ], [ -87.6998034, 41.7863083 ], [ -87.7005045, 41.7862972 ], [ -87.7008086, 41.7862924 ], [ -87.7009014, 41.7862909 ], [ -87.7010192, 41.786289 ], [ -87.7012615, 41.7862852 ], [ -87.7020264, 41.7862731 ], [ -87.7021266, 41.7862715 ], [ -87.702238, 41.7862697 ], [ -87.7031237, 41.7862557 ], [ -87.7032231, 41.7862541 ], [ -87.7033563, 41.786252 ], [ -87.7034611, 41.7862503 ], [ -87.7039436, 41.7862427 ], [ -87.7039642, 41.7862424 ], [ -87.7044615, 41.7862345 ], [ -87.7045605, 41.7862329 ], [ -87.704673, 41.7862312 ], [ -87.7051571, 41.7862235 ], [ -87.7056793, 41.7862151 ], [ -87.7057861, 41.7862135 ], [ -87.7058905, 41.7862121 ], [ -87.7064203, 41.7862035 ], [ -87.7069193, 41.7861956 ], [ -87.7070378, 41.7861937 ], [ -87.7071313, 41.7861924 ], [ -87.7081279, 41.7861765 ], [ -87.7082262, 41.7861749 ], [ -87.7083356, 41.7861732 ], [ -87.7094816, 41.786155 ], [ -87.7105624, 41.7861379 ], [ -87.7106571, 41.7861364 ], [ -87.7107806, 41.7861345 ], [ -87.7126441, 41.7861049 ], [ -87.7127769, 41.7861027 ], [ -87.7128436, 41.7861016 ], [ -87.7130417, 41.7860986 ], [ -87.7127973, 41.7788467 ], [ -87.7129235, 41.7788467 ], [ -87.7124592, 41.7604782 ], [ -87.712576, 41.7604768 ], [ -87.712485, 41.7573474 ], [ -87.7117164, 41.7572332 ], [ -87.7114535, 41.7572132 ], [ -87.7109063, 41.7571851 ], [ -87.7104691, 41.7571911 ], [ -87.7095518, 41.7572052 ], [ -87.7094177, 41.7572152 ], [ -87.7089591, 41.7572572 ], [ -87.7075214, 41.7572792 ], [ -87.7075187, 41.7571531 ], [ -87.7025794, 41.75729 ], [ -87.7025726, 41.7571855 ], [ -87.6899328, 41.7574801 ], [ -87.6891362, 41.7575281 ], [ -87.6887339, 41.7575041 ], [ -87.6882618, 41.7574661 ], [ -87.6876462, 41.7574593 ], [ -87.6866163, 41.7574313 ] ] ] } },
{ "type": "Feature", "properties": { "name": "West Englewood", "overture_id": "7dd7d69f-4f55-485e-a950-2ed697fe15d5", "division_id": "b021972c-e4a9-485b-97e8-1ae86984d11a" }, "geometry": { "type": "Polygon", "coordinates": [ [ [ -87.6782264, 41.7576762 ], [ -87.6697143, 41.7578003 ], [ -87.6697084, 41.75765 ], [ -87.6635696, 41.7577356 ], [ -87.6635707, 41.7577976 ], [ -87.6539245, 41.7578957 ], [ -87.6539289, 41.75801 ], [ -87.6539704, 41.7596 ], [ -87.6539726, 41.7596832 ], [ -87.653975, 41.7597752 ], [ -87.6539784, 41.7599042 ], [ -87.6539824, 41.7600583 ], [ -87.6539922, 41.7604338 ], [ -87.6539942, 41.7605118 ], [ -87.6539962, 41.7605885 ], [ -87.6540147, 41.7612976 ], [ -87.6540159, 41.7613432 ], [ -87.6540183, 41.7614321 ], [ -87.65402, 41.7614992 ], [ -87.6540217, 41.7615657 ], [ -87.6540297, 41.7618702 ], [ -87.6540365, 41.7621293 ], [ -87.6540398, 41.7622558 ], [ -87.6540416, 41.7623276 ], [ -87.6540438, 41.7624118 ], [ -87.6540538, 41.7627953 ], [ -87.6540623, 41.7631199 ], [ -87.6540636, 41.7631685 ], [ -87.6540654, 41.7632385 ], [ -87.6540676, 41.7633225 ], [ -87.6540693, 41.7633865 ], [ -87.6540892, 41.7641502 ], [ -87.6540913, 41.7642302 ], [ -87.6541011, 41.7646036 ], [ -87.6541076, 41.7648543 ], [ -87.6541108, 41.7649778 ], [ -87.654113, 41.7650608 ], [ -87.6541152, 41.7651443 ], [ -87.6541161, 41.7651758 ], [ -87.6541236, 41.7654651 ], [ -87.6541305, 41.7657311 ], [ -87.6541431, 41.7662119 ], [ -87.6541569, 41.7667407 ], [ -87.6541584, 41.7667998 ], [ -87.6541605, 41.766878 ], [ -87.6541626, 41.7669574 ], [ -87.6541646, 41.7670346 ], [ -87.6541986, 41.7683353 ], [ -87.6542032, 41.7685126 ], [ -87.654206, 41.7686188 ], [ -87.6542082, 41.7687033 ], [ -87.6542104, 41.7687827 ], [ -87.6542125, 41.7688686 ], [ -87.6542206, 41.7691798 ], [ -87.6542222, 41.7692419 ], [ -87.6542525, 41.7704022 ], [ -87.6542536, 41.7704433 ], [ -87.6542556, 41.7705197 ], [ -87.6542575, 41.7705928 ], [ -87.6542595, 41.7706716 ], [ -87.6542657, 41.7709805 ], [ -87.6542798, 41.7714462 ], [ -87.6542872, 41.7718436 ], [ -87.6542879, 41.7718799 ], [ -87.6542994, 41.7721973 ], [ -87.6543009, 41.772256 ], [ -87.6543032, 41.7723417 ], [ -87.6543054, 41.7724229 ], [ -87.6543084, 41.7725415 ], [ -87.6543157, 41.7727854 ], [ -87.6543481, 41.7740616 ], [ -87.6543505, 41.7741541 ], [ -87.6543528, 41.7742418 ], [ -87.6543545, 41.7743087 ], [ -87.654388, 41.7755914 ], [ -87.6543948, 41.7758521 ], [ -87.6543961, 41.7758991 ], [ -87.6543984, 41.7759889 ], [ -87.6544002, 41.7760599 ], [ -87.6544023, 41.7761393 ], [ -87.6544421, 41.7776597 ], [ -87.6544436, 41.7777179 ], [ -87.6544454, 41.7777878 ], [ -87.6544477, 41.777875 ], [ -87.6544493, 41.7779377 ], [ -87.6544601, 41.7782558 ], [ -87.654484, 41.7791564 ], [ -87.6544856, 41.7793299 ], [ -87.6544889, 41.779455 ], [ -87.6544909, 41.7795304 ], [ -87.6544933, 41.7796212 ], [ -87.6544954, 41.7796997 ], [ -87.6544975, 41.7797821 ], [ -87.654505, 41.7800693 ], [ -87.6545186, 41.7805889 ], [ -87.6545366, 41.7812777 ], [ -87.6545386, 41.7813532 ], [ -87.6545403, 41.7814371 ], [ -87.6545427, 41.7815137 ], [ -87.6545443, 41.7815758 ], [ -87.6545726, 41.7826581 ], [ -87.6545847, 41.7831222 ], [ -87.6545859, 41.783171 ], [ -87.654588, 41.7832488 ], [ -87.6545902, 41.7833315 ], [ -87.6545916, 41.7833861 ], [ -87.6546, 41.7837054 ], [ -87.6546323, 41.7849436 ], [ -87.6546337, 41.7849977 ], [ -87.6546357, 41.785073 ], [ -87.6546377, 41.7851508 ], [ -87.6546394, 41.7852165 ], [ -87.6546713, 41.7864373 ], [ -87.6546792, 41.7867395 ], [ -87.6546809, 41.7868029 ], [ -87.6546834, 41.7868983 ], [ -87.6546855, 41.7869762 ], [ -87.654688, 41.7870735 ], [ -87.654695, 41.7873423 ], [ -87.6547273, 41.7885796 ], [ -87.6547287, 41.7886309 ], [ -87.6547307, 41.7887079 ], [ -87.6547329, 41.7887926 ], [ -87.6547347, 41.7888625 ], [ -87.6547751, 41.790408 ], [ -87.6547762, 41.7904527 ], [ -87.6547785, 41.790539 ], [ -87.6547804, 41.7906119 ], [ -87.6547819, 41.7906697 ], [ -87.6548221, 41.7922065 ], [ -87.6548238, 41.7922711 ], [ -87.6548258, 41.792351 ], [ -87.654828, 41.7924363 ], [ -87.6548297, 41.7924999 ], [ -87.6548501, 41.7932816 ], [ -87.6548596, 41.7936433 ], [ -87.6548608, 41.7936881 ], [ -87.6548618, 41.7937253 ], [ -87.6548635, 41.7937935 ], [ -87.6548734, 41.794172 ], [ -87.6550031, 41.7941708 ], [ -87.6572061, 41.7941465 ], [ -87.6573058, 41.7941454 ], [ -87.6592112, 41.7941126 ], [ -87.6597337, 41.7941036 ], [ -87.6598549, 41.7941019 ], [ -87.6608443, 41.7940881 ], [ -87.6609457, 41.7940867 ], [ -87.6610612, 41.7940851 ], [ -87.6616932, 41.7940763 ], [ -87.6620568, 41.7940713 ], [ -87.6621549, 41.7940699 ], [ -87.6633661, 41.7940531 ], [ -87.6638676, 41.7940461 ], [ -87.6640511, 41.7940431 ], [ -87.66414, 41.7940416 ], [ -87.6643006, 41.7940378 ], [ -87.6644213, 41.7940355 ], [ -87.6645077, 41.7940339 ], [ -87.6646735, 41.7940321 ], [ -87.6647762, 41.7940309 ], [ -87.6652066, 41.7940259 ], [ -87.6657067, 41.7940201 ], [ -87.6658072, 41.794019 ], [ -87.6659191, 41.7940176 ], [ -87.6669187, 41.794006 ], [ -87.6670159, 41.7940049 ], [ -87.6681368, 41.7939919 ], [ -87.6682303, 41.7939908 ], [ -87.6683505, 41.7939894 ], [ -87.669345, 41.7939779 ], [ -87.6694517, 41.7939766 ], [ -87.6695576, 41.7939754 ], [ -87.6699406, 41.7939709 ], [ -87.670568, 41.7939637 ], [ -87.6706765, 41.7939624 ], [ -87.6718812, 41.7939484 ], [ -87.6731045, 41.7939342 ], [ -87.6737365, 41.7939281 ], [ -87.6740156, 41.7939253 ], [ -87.6741429, 41.7939238 ], [ -87.6743069, 41.7939224 ], [ -87.6744785, 41.7939199 ], [ -87.6746937, 41.7939173 ], [ -87.6749606, 41.7939137 ], [ -87.6750435, 41.7939126 ], [ -87.6755245, 41.7939084 ], [ -87.6766295, 41.7938934 ], [ -87.6767488, 41.7938918 ], [ -87.6768502, 41.7938906 ], [ -87.678736, 41.7938687 ], [ -87.678722, 41.7934983 ], [ -87.6793657, 41.793491 ], [ -87.6797766, 41.7902735 ], [ -87.6796344, 41.7865578 ], [ -87.6792448, 41.7865624 ], [ -87.6790924, 41.7810851 ], [ -87.6784592, 41.77925 ], [ -87.6785378, 41.7780285 ], [ -87.6786234, 41.7774133 ], [ -87.6787055, 41.7766736 ], [ -87.6787778, 41.776126 ], [ -87.6787778, 41.7756399 ], [ -87.6784936, 41.775643 ], [ -87.6783625, 41.7720225 ], [ -87.6784068, 41.772022 ], [ -87.6787896, 41.7720177 ], [ -87.6787435, 41.7702003 ], [ -87.678694, 41.768395 ], [ -87.6784151, 41.7683978 ], [ -87.6782264, 41.7576762 ] ] ] } },
{ "type": "Feature", "properties": { "name": "Englewood", "overture_id": "fd62004e-d673-493b-a36a-0e810fe10157", "division_id": "50cc8771-0e42-4653-990e-c78af704f5dd" }, "geometry": { "type": "Polygon", "coordinates": [ [ [ -87.6357435, 41.7598003 ], [ -87.6357435, 41.7598863 ], [ -87.634649, 41.7599051 ], [ -87.6345331, 41.7599068 ], [ -87.6345351, 41.7599849 ], [ -87.6345673, 41.7612318 ], [ -87.634578, 41.7616437 ], [ -87.63458, 41.7617225 ], [ -87.6345819, 41.7618035 ], [ -87.6346069, 41.7630529 ], [ -87.6344553, 41.7634474 ], [ -87.6344179, 41.7635446 ], [ -87.6349031, 41.7635455 ], [ -87.6348503, 41.7636708 ], [ -87.6346431, 41.7642473 ], [ -87.6346717, 41.765285 ], [ -87.6346739, 41.7653617 ], [ -87.6346759, 41.7654444 ], [ -87.6346842, 41.7657843 ], [ -87.6347163, 41.7671006 ], [ -87.6347182, 41.7671782 ], [ -87.6346072, 41.767181 ], [ -87.6340903, 41.7671938 ], [ -87.6335553, 41.7672072 ], [ -87.6335313, 41.7672722 ], [ -87.6335139, 41.7673682 ], [ -87.6335523, 41.7689402 ], [ -87.6335543, 41.7690228 ], [ -87.633557, 41.7690429 ], [ -87.6313314, 41.7690715 ], [ -87.6313728, 41.7703444 ], [ -87.6314045, 41.7710665 ], [ -87.6307487, 41.7727231 ], [ -87.629999, 41.7727327 ], [ -87.6300487, 41.7755442 ], [ -87.6300731, 41.7762173 ], [ -87.6300763, 41.77635 ], [ -87.6300787, 41.776447 ], [ -87.6300795, 41.7764796 ], [ -87.6300705, 41.7765344 ], [ -87.6300538, 41.7766076 ], [ -87.6300433, 41.776761 ], [ -87.6300932, 41.77847 ], [ -87.6300976, 41.7786131 ], [ -87.6301228, 41.779423 ], [ -87.6301316, 41.7797056 ], [ -87.630136, 41.7798464 ], [ -87.6301386, 41.7799308 ], [ -87.6301394, 41.7799568 ], [ -87.6301396, 41.7799616 ], [ -87.6301302, 41.7799618 ], [ -87.6293346, 41.7799808 ], [ -87.6284679, 41.7800003 ], [ -87.6285678, 41.780133 ], [ -87.6288741, 41.7803273 ], [ -87.6289132, 41.7816279 ], [ -87.6289158, 41.7817157 ], [ -87.6289606, 41.7830812 ], [ -87.6289632, 41.7831594 ], [ -87.6288729, 41.7831615 ], [ -87.6282744, 41.7831743 ], [ -87.6285299, 41.7945924 ], [ -87.6287287, 41.7945875 ], [ -87.6294544, 41.7945737 ], [ -87.6295837, 41.7945712 ], [ -87.6300329, 41.7945647 ], [ -87.6304386, 41.7945576 ], [ -87.630508, 41.7945564 ], [ -87.6306806, 41.7945539 ], [ -87.6311766, 41.7945463 ], [ -87.6318036, 41.7945383 ], [ -87.6323447, 41.7945307 ], [ -87.6324565, 41.79453 ], [ -87.6327625, 41.7945253 ], [ -87.632901, 41.7945232 ], [ -87.6330074, 41.7945215 ], [ -87.6331157, 41.79452 ], [ -87.6332014, 41.7945188 ], [ -87.633522, 41.7945143 ], [ -87.6336428, 41.7945126 ], [ -87.6342226, 41.7945045 ], [ -87.6354409, 41.7944821 ], [ -87.6377646, 41.794445 ], [ -87.6378706, 41.7944433 ], [ -87.6379792, 41.7944415 ], [ -87.6398099, 41.7944122 ], [ -87.6399611, 41.7944098 ], [ -87.6403326, 41.7944039 ], [ -87.6403943, 41.7944029 ], [ -87.6426305, 41.7943674 ], [ -87.6427284, 41.7943658 ], [ -87.6428492, 41.7943639 ], [ -87.6443013, 41.7943407 ], [ -87.6446352, 41.7943354 ], [ -87.645164, 41.7943269 ], [ -87.6453016, 41.7943247 ], [ -87.645344, 41.794324 ], [ -87.6462758, 41.7943091 ], [ -87.6475021, 41.7942895 ], [ -87.6475992, 41.7942881 ], [ -87.6493489, 41.7942602 ], [ -87.6500216, 41.7942494 ], [ -87.6501371, 41.7942476 ], [ -87.6511376, 41.7942316 ], [ -87.6512522, 41.7942298 ], [ -87.6513558, 41.7942281 ], [ -87.6523548, 41.7942122 ], [ -87.6524601, 41.7942105 ], [ -87.6525724, 41.7942087 ], [ -87.6535555, 41.794193 ], [ -87.6536591, 41.7941914 ], [ -87.6542155, 41.7941825 ], [ -87.6548734, 41.794172 ], [ -87.6548635, 41.7937935 ], [ -87.6548618, 41.7937253 ], [ -87.6548608, 41.7936881 ], [ -87.6548596, 41.7936433 ], [ -87.6548501, 41.7932816 ], [ -87.6548297, 41.7924999 ], [ -87.654828, 41.7924363 ], [ -87.6548258, 41.792351 ], [ -87.6548238, 41.7922711 ], [ -87.6548221, 41.7922065 ], [ -87.6547819, 41.7906697 ], [ -87.6547804, 41.7906119 ], [ -87.6547785, 41.790539 ], [ -87.6547762, 41.7904527 ], [ -87.6547751, 41.790408 ], [ -87.6547347, 41.7888625 ], [ -87.6547329, 41.7887926 ], [ -87.6547307, 41.7887079 ], [ -87.6547287, 41.7886309 ], [ -87.6547273, 41.7885796 ], [ -87.654695, 41.7873423 ], [ -87.654688, 41.7870735 ], [ -87.6546855, 41.7869762 ], [ -87.6546834, 41.7868983 ], [ -87.6546809, 41.7868029 ], [ -87.6546792, 41.7867395 ], [ -87.6546713, 41.7864373 ], [ -87.6546394, 41.7852165 ], [ -87.6546377, 41.7851508 ], [ -87.6546357, 41.785073 ], [ -87.6546337, 41.7849977 ], [ -87.6546323, 41.7849436 ], [ -87.6546, 41.7837054 ], [ -87.6545916, 41.7833861 ], [ -87.6545902, 41.7833315 ], [ -87.654588, 41.7832488 ], [ -87.6545859, 41.783171 ], [ -87.6545847, 41.7831222 ], [ -87.6545726, 41.7826581 ], [ -87.6545443, 41.7815758 ], [ -87.6545427, 41.7815137 ], [ -87.6545403, 41.7814371 ], [ -87.6545386, 41.7813532 ], [ -87.6545366, 41.7812777 ], [ -87.6545186, 41.7805889 ], [ -87.654505, 41.7800693 ], [ -87.6544975, 41.7797821 ], [ -87.6544954, 41.7796997 ], [ -87.6544933, 41.7796212 ], [ -87.6544909, 41.7795304 ], [ -87.6544889, 41.779455 ], [ -87.6544856, 41.7793299 ], [ -87.654484, 41.7791564 ], [ -87.6544601, 41.7782558 ], [ -87.6544493, 41.7779377 ], [ -87.6544477, 41.777875 ], [ -87.6544454, 41.7777878 ], [ -87.6544436, 41.7777179 ], [ -87.6544421, 41.7776597 ], [ -87.6544023, 41.7761393 ], [ -87.6544002, 41.7760599 ], [ -87.6543984, 41.7759889 ], [ -87.6543961, 41.7758991 ], [ -87.6543948, 41.7758521 ], [ -87.654388, 41.7755914 ], [ -87.6543545, 41.7743087 ], [ -87.6543528, 41.7742418 ], [ -87.6543505, 41.7741541 ], [ -87.6543481, 41.7740616 ], [ -87.6543157, 41.7727854 ], [ -87.6543084, 41.7725415 ], [ -87.6543054, 41.7724229 ], [ -87.6543032, 41.7723417 ], [ -87.6543009, 41.772256 ], [ -87.6542994, 41.7721973 ], [ -87.6542879, 41.7718799 ], [ -87.6542872, 41.7718436 ], [ -87.6542798, 41.7714462 ], [ -87.6542657, 41.7709805 ], [ -87.6542595, 41.7706716 ], [ -87.6542575, 41.7705928 ], [ -87.6542556, 41.7705197 ], [ -87.6542536, 41.7704433 ], [ -87.6542525, 41.7704022 ], [ -87.6542222, 41.7692419 ], [ -87.6542206, 41.7691798 ], [ -87.6542125, 41.7688686 ], [ -87.6542104, 41.7687827 ], [ -87.6542082, 41.7687033 ], [ -87.654206, 41.7686188 ], [ -87.6542032, 41.7685126 ], [ -87.6541986, 41.7683353 ], [ -87.6541646, 41.7670346 ], [ -87.6541626, 41.7669574 ], [ -87.6541605, 41.766878 ], [ -87.6541584, 41.7667998 ], [ -87.6541569, 41.7667407 ], [ -87.6541431, 41.7662119 ], [ -87.6541305, 41.7657311 ], [ -87.6541236, 41.7654651 ], [ -87.6541161, 41.7651758 ], [ -87.6541152, 41.7651443 ], [ -87.654113, 41.7650608 ], [ -87.6541108, 41.7649778 ], [ -87.6541076, 41.7648543 ], [ -87.6541011, 41.7646036 ], [ -87.6540913, 41.7642302 ], [ -87.6540892, 41.7641502 ], [ -87.6540693, 41.7633865 ], [ -87.6540676, 41.7633225 ], [ -87.6540654, 41.7632385 ], [ -87.6540636, 41.7631685 ], [ -87.6540623, 41.7631199 ], [ -87.6540538, 41.7627953 ], [ -87.6540438, 41.7624118 ], [ -87.6540416, 41.7623276 ], [ -87.6540398, 41.7622558 ], [ -87.6540365, 41.7621293 ], [ -87.6540297, 41.7618702 ], [ -87.6540217, 41.7615657 ], [ -87.65402, 41.7614992 ], [ -87.6540183, 41.7614321 ], [ -87.6540159, 41.7613432 ], [ -87.6540147, 41.7612976 ], [ -87.6539962, 41.7605885 ], [ -87.6539942, 41.7605118 ], [ -87.6539922, 41.7604338 ], [ -87.6539824, 41.7600583 ], [ -87.6539784, 41.7599042 ], [ -87.653975, 41.7597752 ], [ -87.6539726, 41.7596832 ], [ -87.6539704, 41.7596 ], [ -87.6539289, 41.75801 ], [ -87.6515064, 41.7580449 ], [ -87.6490756, 41.7580801 ], [ -87.6466937, 41.7581144 ], [ -87.6466078, 41.7580832 ], [ -87.6442317, 41.7581229 ], [ -87.6442263, 41.7577373 ], [ -87.6442237, 41.7576128 ], [ -87.6442196, 41.757421 ], [ -87.6441897, 41.7563463 ], [ -87.644189, 41.7563243 ], [ -87.6441857, 41.7562121 ], [ -87.6441846, 41.7561772 ], [ -87.6441817, 41.7560855 ], [ -87.6440551, 41.7560875 ], [ -87.64364, 41.756094 ], [ -87.6429509, 41.7561047 ], [ -87.6423391, 41.7561143 ], [ -87.6417386, 41.7561237 ], [ -87.6411128, 41.7561334 ], [ -87.6405131, 41.7561429 ], [ -87.6398893, 41.7561415 ], [ -87.6393547, 41.7561619 ], [ -87.6393488, 41.7562289 ], [ -87.639338, 41.756365 ], [ -87.639326, 41.7565588 ], [ -87.6393166, 41.7568007 ], [ -87.6393045, 41.7571016 ], [ -87.6393018, 41.7574464 ], [ -87.6393018, 41.7578885 ], [ -87.6393014, 41.7580047 ], [ -87.6389587, 41.7580102 ], [ -87.638553, 41.7580168 ], [ -87.6384485, 41.7580185 ], [ -87.6383355, 41.7580203 ], [ -87.6376872, 41.7580309 ], [ -87.6370575, 41.7580411 ], [ -87.6369622, 41.7580419 ], [ -87.6368746, 41.7580741 ], [ -87.6364926, 41.7580803 ], [ -87.6364201, 41.7580515 ], [ -87.6358167, 41.7580613 ], [ -87.6357039, 41.7580631 ], [ -87.6357057, 41.7581441 ], [ -87.6357435, 41.7598003 ] ] ] } },
{ "type": "Feature", "properties": { "name": "Washington Park", "overture_id": "d3b3d53d-4e2b-436a-bf1b-f721b588677b", "division_id": "df608614-91b4-4c22-be9a-a61b4230ca80" }, "geometry": { "type": "Polygon", "coordinates": [ [ [ -87.6288563, 41.8018908 ], [ -87.6288096, 41.7998789 ], [ -87.6286714, 41.7998816 ], [ -87.6285299, 41.7945924 ], [ -87.6282744, 41.7831743 ], [ -87.6264842, 41.7832003 ], [ -87.6259726, 41.7832097 ], [ -87.6255748, 41.7832169 ], [ -87.6254215, 41.7832197 ], [ -87.6254197, 41.7831299 ], [ -87.6253886, 41.7816178 ], [ -87.6253847, 41.7814259 ], [ -87.6253734, 41.7808769 ], [ -87.6253697, 41.7803638 ], [ -87.6253692, 41.7802977 ], [ -87.6253682, 41.780157 ], [ -87.6253675, 41.7800602 ], [ -87.625264, 41.7800618 ], [ -87.6251007, 41.7800644 ], [ -87.624801, 41.7800609 ], [ -87.6240874, 41.780025 ], [ -87.6236897, 41.7800171 ], [ -87.6220852, 41.7800388 ], [ -87.6210167, 41.7800464 ], [ -87.6207431, 41.7800564 ], [ -87.6206826, 41.7800656 ], [ -87.6204803, 41.7800964 ], [ -87.6202953, 41.7801562 ], [ -87.6202538, 41.7801613 ], [ -87.6201696, 41.7801717 ], [ -87.6164412, 41.7802301 ], [ -87.6162816, 41.7802321 ], [ -87.6157673, 41.7802413 ], [ -87.6156273, 41.7802438 ], [ -87.615628, 41.7803269 ], [ -87.6156313, 41.7804889 ], [ -87.6156324, 41.7805329 ], [ -87.6156365, 41.7806988 ], [ -87.6156659, 41.7818842 ], [ -87.6156686, 41.781992 ], [ -87.6156703, 41.7820621 ], [ -87.6156724, 41.7821469 ], [ -87.6156771, 41.7823363 ], [ -87.6157075, 41.7835636 ], [ -87.6157136, 41.7838072 ], [ -87.6157155, 41.7838856 ], [ -87.6157177, 41.783972 ], [ -87.6157233, 41.7842076 ], [ -87.6157469, 41.7851874 ], [ -87.6157485, 41.7854211 ], [ -87.6157496, 41.7855833 ], [ -87.6157498, 41.7856247 ], [ -87.6157504, 41.7857069 ], [ -87.6060481, 41.7858687 ], [ -87.6061687, 41.7914123 ], [ -87.6061704, 41.7914933 ], [ -87.6063223, 41.7984768 ], [ -87.6064102, 41.8022594 ], [ -87.6288563, 41.8018908 ] ] ] } },
{ "type": "Feature", "properties": { "name": "Hyde Park", "overture_id": "bd8af671-7c87-40f1-a32a-6fcab3671e41", "division_id": "237fa048-8070-4c65-96a6-8a312a3f729c" }, "geometry": { "type": "Polygon", "coordinates": [ [ [ -87.5861589, 41.802507 ], [ -87.5863217, 41.8025044 ], [ -87.5864207, 41.8025028 ], [ -87.5864412, 41.8025025 ], [ -87.5865989, 41.8024985 ], [ -87.5866828, 41.8024964 ], [ -87.5867714, 41.8024941 ], [ -87.5868036, 41.8024933 ], [ -87.5869355, 41.8024925 ], [ -87.5925064, 41.8024242 ], [ -87.5927893, 41.8024207 ], [ -87.6064102, 41.8022594 ], [ -87.6063223, 41.7984768 ], [ -87.6061704, 41.7914933 ], [ -87.6061687, 41.7914123 ], [ -87.6060481, 41.7858687 ], [ -87.596604, 41.7859795 ], [ -87.5965023, 41.7859877 ], [ -87.5963336, 41.7860071 ], [ -87.5961647, 41.7860276 ], [ -87.5960501, 41.7860349 ], [ -87.5959193, 41.7860399 ], [ -87.5866247, 41.7861296 ], [ -87.5865635, 41.7861309 ], [ -87.5865675, 41.7863821 ], [ -87.5865069, 41.7863829 ], [ -87.5861451, 41.7863865 ], [ -87.5860247, 41.7863747 ], [ -87.5858811, 41.7863543 ], [ -87.5857826, 41.7863327 ], [ -87.5856188, 41.7862928 ], [ -87.5852728, 41.786119 ], [ -87.5851687, 41.7860554 ], [ -87.5849872, 41.7859588 ], [ -87.5771376, 41.7860628 ], [ -87.5772526, 41.7864544 ], [ -87.5773409, 41.7868502 ], [ -87.5773684, 41.7870921 ], [ -87.5773578, 41.7874144 ], [ -87.5773123, 41.7878154 ], [ -87.577274, 41.7880994 ], [ -87.5771718, 41.7881123 ], [ -87.5771736, 41.7881219 ], [ -87.5771757, 41.7881461 ], [ -87.5771826, 41.7881836 ], [ -87.577184, 41.7881947 ], [ -87.5772095, 41.7882146 ], [ -87.5772524, 41.7882124 ], [ -87.5772727, 41.7883668 ], [ -87.5772224, 41.7883697 ], [ -87.5771998, 41.7883921 ], [ -87.5772018, 41.7884138 ], [ -87.5767072, 41.788435 ], [ -87.5767129, 41.7884976 ], [ -87.5763593, 41.7885149 ], [ -87.5747844, 41.7885967 ], [ -87.5747893, 41.7886496 ], [ -87.5763658, 41.7885675 ], [ -87.5765604, 41.7886925 ], [ -87.5770538, 41.7890005 ], [ -87.5775175, 41.7893399 ], [ -87.5780672, 41.7897703 ], [ -87.578026, 41.7898498 ], [ -87.5780461, 41.7900362 ], [ -87.5781269, 41.790292 ], [ -87.5783648, 41.7907409 ], [ -87.5786222, 41.7912101 ], [ -87.5788242, 41.791538 ], [ -87.5790063, 41.7919408 ], [ -87.5791552, 41.7922517 ], [ -87.5791641, 41.7923072 ], [ -87.5791613, 41.7924067 ], [ -87.5790568, 41.7924173 ], [ -87.5790212, 41.7924519 ], [ -87.5790192, 41.7924877 ], [ -87.5792979, 41.7926587 ], [ -87.5792872, 41.7927072 ], [ -87.5792811, 41.7927905 ], [ -87.5792658, 41.7930138 ], [ -87.579279, 41.793285 ], [ -87.5792285, 41.7933366 ], [ -87.5792233, 41.7933813 ], [ -87.5792949, 41.7934415 ], [ -87.5792816, 41.7935326 ], [ -87.5792344, 41.7936831 ], [ -87.5790857, 41.7939444 ], [ -87.5790368, 41.7940782 ], [ -87.578998, 41.794181 ], [ -87.5789737, 41.794203 ], [ -87.5789081, 41.7942696 ], [ -87.5787735, 41.794399 ], [ -87.5786652, 41.7944834 ], [ -87.5785772, 41.794552 ], [ -87.5784003, 41.7946768 ], [ -87.5782215, 41.7947746 ], [ -87.5780261, 41.7948575 ], [ -87.5778269, 41.7949284 ], [ -87.5776562, 41.7949825 ], [ -87.5774851, 41.7950238 ], [ -87.5772586, 41.7950646 ], [ -87.5770439, 41.7950949 ], [ -87.5769313, 41.7951107 ], [ -87.5768711, 41.7951106 ], [ -87.5768111, 41.7950988 ], [ -87.5767654, 41.7950727 ], [ -87.5767159, 41.7950605 ], [ -87.5766491, 41.7950584 ], [ -87.5765978, 41.7950659 ], [ -87.576562, 41.7950812 ], [ -87.5765245, 41.7950933 ], [ -87.5764851, 41.7950989 ], [ -87.5764308, 41.7951019 ], [ -87.5763655, 41.7950878 ], [ -87.5762905, 41.7950783 ], [ -87.5762178, 41.7950807 ], [ -87.5761155, 41.7951072 ], [ -87.5760161, 41.7951607 ], [ -87.575869, 41.7952931 ], [ -87.5757917, 41.7953487 ], [ -87.5756916, 41.7953881 ], [ -87.575589, 41.7954153 ], [ -87.5754646, 41.7954274 ], [ -87.5754211, 41.7954482 ], [ -87.5753972, 41.7954989 ], [ -87.5753926, 41.7956274 ], [ -87.575368, 41.795752 ], [ -87.5753168, 41.7958761 ], [ -87.5752659, 41.7959884 ], [ -87.5752148, 41.7960873 ], [ -87.5751848, 41.7961625 ], [ -87.5751756, 41.7962238 ], [ -87.5751826, 41.7962721 ], [ -87.5752024, 41.7963202 ], [ -87.5752301, 41.7963776 ], [ -87.5752457, 41.7964443 ], [ -87.5752499, 41.7964956 ], [ -87.5752639, 41.7965573 ], [ -87.5752927, 41.7966134 ], [ -87.5753373, 41.796664 ], [ -87.5754034, 41.7967078 ], [ -87.5754691, 41.7967401 ], [ -87.5755425, 41.7967869 ], [ -87.5756022, 41.7968399 ], [ -87.575672, 41.7968912 ], [ -87.5757978, 41.796959 ], [ -87.5759152, 41.7969923 ], [ -87.576133, 41.7970341 ], [ -87.5763413, 41.7970587 ], [ -87.5764988, 41.7970669 ], [ -87.5766281, 41.7970537 ], [ -87.5771734, 41.7969144 ], [ -87.5775007, 41.796869 ], [ -87.5778082, 41.7969036 ], [ -87.5781041, 41.7969741 ], [ -87.5783383, 41.7970815 ], [ -87.5784423, 41.7971835 ], [ -87.5785813, 41.7972807 ], [ -87.5786556, 41.7973274 ], [ -87.5788414, 41.7974542 ], [ -87.5789811, 41.7975071 ], [ -87.5795508, 41.7979245 ], [ -87.579772, 41.7982528 ], [ -87.579861, 41.7983912 ], [ -87.5798169, 41.7984994 ], [ -87.5801028, 41.7990942 ], [ -87.5803111, 41.7997087 ], [ -87.5804597, 41.8003376 ], [ -87.5805303, 41.8009633 ], [ -87.580534, 41.8016042 ], [ -87.5804795, 41.8022225 ], [ -87.5804096, 41.8025745 ], [ -87.5838073, 41.8025405 ], [ -87.5840394, 41.802537 ], [ -87.5840972, 41.8025363 ], [ -87.5842569, 41.8025344 ], [ -87.5842923, 41.8025339 ], [ -87.5849106, 41.8025212 ], [ -87.58506, 41.8025193 ], [ -87.5852858, 41.8025157 ], [ -87.585525, 41.8025173 ], [ -87.5856885, 41.8025144 ], [ -87.5858437, 41.802512 ], [ -87.5861589, 41.802507 ] ] ] } },
{ "type": "Feature", "properties": { "name": "Fuller Park", "overture_id": "7868d9df-dfd8-444b-ac83-5ea05c1dc8a5", "division_id": "deaf0118-d7d0-41fb-8031-35a86af15ceb" }, "geometry": { "type": "Polygon", "coordinates": [ [ [ -87.6287287, 41.7945875 ], [ -87.6285299, 41.7945924 ], [ -87.6286714, 41.7998816 ], [ -87.6288096, 41.7998789 ], [ -87.6288563, 41.8018908 ], [ -87.6289095, 41.8035294 ], [ -87.6292475, 41.8236749 ], [ -87.6350703, 41.8236038 ], [ -87.636071, 41.8235767 ], [ -87.6360687, 41.8234953 ], [ -87.6360416, 41.821804 ], [ -87.6360953, 41.821804 ], [ -87.6360166, 41.8190511 ], [ -87.6360402, 41.8190508 ], [ -87.6360181, 41.8181928 ], [ -87.6359219, 41.8181932 ], [ -87.6359232, 41.8173223 ], [ -87.6359232, 41.8173043 ], [ -87.6359227, 41.8172458 ], [ -87.6359225, 41.8172135 ], [ -87.6359206, 41.8171683 ], [ -87.6358835, 41.8163442 ], [ -87.6361882, 41.8163393 ], [ -87.6362461, 41.8159606 ], [ -87.6362639, 41.8158315 ], [ -87.6361676, 41.8122355 ], [ -87.6361743, 41.81201 ], [ -87.6361885, 41.811763 ], [ -87.6362187, 41.8114595 ], [ -87.6362679, 41.81115 ], [ -87.63634, 41.8108369 ], [ -87.635883, 41.8108446 ], [ -87.6358152, 41.8090493 ], [ -87.6358961, 41.8090478 ], [ -87.6357403, 41.8015517 ], [ -87.6357435, 41.8013861 ], [ -87.6356845, 41.8010086 ], [ -87.6356523, 41.8007559 ], [ -87.6356211, 41.8002735 ], [ -87.6354409, 41.7944821 ], [ -87.6342226, 41.7945045 ], [ -87.6336428, 41.7945126 ], [ -87.633522, 41.7945143 ], [ -87.6332014, 41.7945188 ], [ -87.6331157, 41.79452 ], [ -87.6330074, 41.7945215 ], [ -87.632901, 41.7945232 ], [ -87.6327625, 41.7945253 ], [ -87.6324565, 41.79453 ], [ -87.6323447, 41.7945307 ], [ -87.6318036, 41.7945383 ], [ -87.6311766, 41.7945463 ], [ -87.6306806, 41.7945539 ], [ -87.630508, 41.7945564 ], [ -87.6304386, 41.7945576 ], [ -87.6300329, 41.7945647 ], [ -87.6295837, 41.7945712 ], [ -87.6294544, 41.7945737 ], [ -87.6287287, 41.7945875 ] ] ] } },
{ "type": "Feature", "properties": { "name": "Oakland", "overture_id": "b597223d-4288-43b0-bbcd-89f3e755aa00", "division_id": "d7ca1cba-c4ad-4948-9404-42269c811e12" }, "geometry": { "type": "Polygon", "coordinates": [ [ [ -87.6025314, 41.8308722 ], [ -87.602595, 41.8309945 ], [ -87.6026427, 41.8311007 ], [ -87.6027057, 41.8312325 ], [ -87.6055833, 41.8311578 ], [ -87.6082847, 41.8312297 ], [ -87.6106102, 41.8311852 ], [ -87.6106301, 41.8310238 ], [ -87.6106304, 41.8310025 ], [ -87.6110014, 41.8297904 ], [ -87.611014, 41.8297032 ], [ -87.6112717, 41.8288101 ], [ -87.6114183, 41.8283002 ], [ -87.6116419, 41.8275484 ], [ -87.6118873, 41.8266171 ], [ -87.6121291, 41.8257254 ], [ -87.6123709, 41.8248423 ], [ -87.612604, 41.8239871 ], [ -87.6126292, 41.8238937 ], [ -87.6094106, 41.8239289 ], [ -87.6093385, 41.8239311 ], [ -87.606927, 41.8239327 ], [ -87.6067574, 41.8238384 ], [ -87.6064851, 41.8233557 ], [ -87.6068739, 41.8232588 ], [ -87.6068655, 41.8229295 ], [ -87.6068639, 41.8228623 ], [ -87.6068607, 41.822741 ], [ -87.6068584, 41.8226469 ], [ -87.6068573, 41.8226067 ], [ -87.6068531, 41.8224425 ], [ -87.6068452, 41.8221332 ], [ -87.6068435, 41.8220678 ], [ -87.6068432, 41.8220564 ], [ -87.606841, 41.8219689 ], [ -87.6068319, 41.821612 ], [ -87.6068292, 41.8215085 ], [ -87.6068261, 41.8213874 ], [ -87.6068227, 41.821252 ], [ -87.606815, 41.8209506 ], [ -87.6068054, 41.820575 ], [ -87.6068036, 41.8205046 ], [ -87.6068035, 41.8205008 ], [ -87.6068005, 41.8203811 ], [ -87.6068001, 41.8203683 ], [ -87.6067775, 41.8194799 ], [ -87.6067772, 41.8194686 ], [ -87.6067668, 41.8189845 ], [ -87.6067599, 41.8187937 ], [ -87.606755, 41.8186225 ], [ -87.6067522, 41.8184894 ], [ -87.606738, 41.8179478 ], [ -87.6067316, 41.817686 ], [ -87.6067255, 41.8174457 ], [ -87.606716, 41.8170733 ], [ -87.6067122, 41.8168089 ], [ -87.6064452, 41.8168124 ], [ -87.6061121, 41.8168169 ], [ -87.6059631, 41.8168189 ], [ -87.6056305, 41.8168233 ], [ -87.6053658, 41.8168268 ], [ -87.6050415, 41.8168299 ], [ -87.6047422, 41.8168351 ], [ -87.60465, 41.8168364 ], [ -87.6045308, 41.8168379 ], [ -87.6044314, 41.8168393 ], [ -87.6041806, 41.8168426 ], [ -87.6040549, 41.8168443 ], [ -87.6039509, 41.8168457 ], [ -87.6038544, 41.8168469 ], [ -87.6033724, 41.8168534 ], [ -87.6025871, 41.8168638 ], [ -87.6020882, 41.8168705 ], [ -87.6018573, 41.8168736 ], [ -87.6015908, 41.8168771 ], [ -87.6012382, 41.8168818 ], [ -87.6006351, 41.8168898 ], [ -87.6004818, 41.8168918 ], [ -87.600042, 41.8168977 ], [ -87.5994213, 41.816906 ], [ -87.5990657, 41.8169107 ], [ -87.5988844, 41.8169131 ], [ -87.5985971, 41.8169162 ], [ -87.5982008, 41.8169205 ], [ -87.5976892, 41.8169259 ], [ -87.5976536, 41.8169263 ], [ -87.5975554, 41.8169274 ], [ -87.597507, 41.8169279 ], [ -87.59649, 41.816945 ], [ -87.5921845, 41.816954 ], [ -87.5922102, 41.8175658 ], [ -87.5922178, 41.8176696 ], [ -87.5922487, 41.817759 ], [ -87.5924193, 41.818038 ], [ -87.5926173, 41.818302 ], [ -87.5926886, 41.8183836 ], [ -87.5928147, 41.8184804 ], [ -87.5930036, 41.8185922 ], [ -87.5931575, 41.8186544 ], [ -87.5933186, 41.818708 ], [ -87.593383, 41.8187373 ], [ -87.5935043, 41.8188086 ], [ -87.5935899, 41.8188915 ], [ -87.5936847, 41.8190144 ], [ -87.5937826, 41.8190856 ], [ -87.5945206, 41.8195579 ], [ -87.5947158, 41.8197712 ], [ -87.5948805, 41.820001 ], [ -87.5949075, 41.8200494 ], [ -87.5949136, 41.8200908 ], [ -87.5948997, 41.8201367 ], [ -87.5942067, 41.8214092 ], [ -87.5941856, 41.8214164 ], [ -87.5941709, 41.8214304 ], [ -87.5941617, 41.8214472 ], [ -87.5941605, 41.8214631 ], [ -87.5941636, 41.8214769 ], [ -87.5941716, 41.8214911 ], [ -87.5941921, 41.821504 ], [ -87.5942142, 41.8215131 ], [ -87.5942414, 41.8215137 ], [ -87.5942664, 41.8215069 ], [ -87.5942868, 41.8214968 ], [ -87.5942997, 41.8214836 ], [ -87.5943034, 41.8214673 ], [ -87.5943057, 41.821452 ], [ -87.5942989, 41.8214351 ], [ -87.5944556, 41.8211412 ], [ -87.5946457, 41.821228 ], [ -87.5948817, 41.8213285 ], [ -87.5950331, 41.8214115 ], [ -87.5951681, 41.8214983 ], [ -87.5953081, 41.8216142 ], [ -87.595445, 41.8217224 ], [ -87.595614, 41.8218283 ], [ -87.5959085, 41.822002 ], [ -87.5961581, 41.8221239 ], [ -87.5964008, 41.8222305 ], [ -87.5967511, 41.8223659 ], [ -87.5968396, 41.8224079 ], [ -87.5969152, 41.8224668 ], [ -87.5969006, 41.8225155 ], [ -87.5969005, 41.8225604 ], [ -87.5969163, 41.822597 ], [ -87.5969351, 41.8226098 ], [ -87.5970027, 41.8226195 ], [ -87.5970577, 41.8228262 ], [ -87.5970839, 41.8229175 ], [ -87.5971095, 41.8230067 ], [ -87.5971344, 41.8230662 ], [ -87.5971833, 41.8231397 ], [ -87.5973437, 41.8233773 ], [ -87.5968257, 41.8235556 ], [ -87.5968131, 41.8235518 ], [ -87.5967974, 41.8235517 ], [ -87.5967741, 41.8235554 ], [ -87.5967571, 41.823562 ], [ -87.5967448, 41.8235719 ], [ -87.5967366, 41.8235827 ], [ -87.596731, 41.8236143 ], [ -87.5967352, 41.8236287 ], [ -87.5967455, 41.823638 ], [ -87.5967625, 41.8236497 ], [ -87.5967834, 41.8236566 ], [ -87.5968053, 41.8236586 ], [ -87.5968279, 41.8236547 ], [ -87.5968473, 41.8236474 ], [ -87.5968627, 41.8236347 ], [ -87.5968704, 41.8236203 ], [ -87.5973894, 41.8234383 ], [ -87.5974495, 41.8235426 ], [ -87.5974976, 41.8236325 ], [ -87.5975677, 41.8237862 ], [ -87.5976308, 41.823983 ], [ -87.5976643, 41.8241199 ], [ -87.5976855, 41.8242789 ], [ -87.5976986, 41.8244058 ], [ -87.5976971, 41.8245229 ], [ -87.5976919, 41.8246326 ], [ -87.5976771, 41.8247569 ], [ -87.5976595, 41.8248547 ], [ -87.597635, 41.8249524 ], [ -87.5975706, 41.8251737 ], [ -87.5975454, 41.8252704 ], [ -87.5975232, 41.8253716 ], [ -87.5975108, 41.8254718 ], [ -87.5975028, 41.8255662 ], [ -87.5975074, 41.8256716 ], [ -87.5975207, 41.8257655 ], [ -87.5975369, 41.8258538 ], [ -87.5975753, 41.8259729 ], [ -87.5976054, 41.8260455 ], [ -87.5976304, 41.8261059 ], [ -87.5977131, 41.8262618 ], [ -87.5978011, 41.8263794 ], [ -87.5978983, 41.82649 ], [ -87.5979863, 41.8265781 ], [ -87.5981108, 41.8266796 ], [ -87.598302, 41.8268108 ], [ -87.5985735, 41.826982 ], [ -87.5987215, 41.8270765 ], [ -87.5989474, 41.8272177 ], [ -87.5993431, 41.8274862 ], [ -87.5996421, 41.8276906 ], [ -87.5997804, 41.8277924 ], [ -87.5999693, 41.8279393 ], [ -87.6001391, 41.8280867 ], [ -87.6002791, 41.828241 ], [ -87.6007884, 41.8288775 ], [ -87.6012276, 41.8294337 ], [ -87.6015293, 41.8298171 ], [ -87.6016144, 41.8299241 ], [ -87.6017062, 41.8300257 ], [ -87.6017957, 41.8301119 ], [ -87.6019184, 41.830223 ], [ -87.6021787, 41.8304507 ], [ -87.6023385, 41.8306053 ], [ -87.6024673, 41.8307519 ], [ -87.6025314, 41.8308722 ] ] ] } },
{ "type": "Feature", "properties": { "name": "Grand Boulevard", "overture_id": "b99cab60-0a30-4f33-bffc-37bbfe02a929", "division_id": "973324fb-a5f3-4379-8d3a-ee99d021b00d" }, "geometry": { "type": "Polygon", "coordinates": [ [ [ -87.6126292, 41.8238937 ], [ -87.6264191, 41.8237189 ], [ -87.6289924, 41.8236778 ], [ -87.6292475, 41.8236749 ], [ -87.6289095, 41.8035294 ], [ -87.6288563, 41.8018908 ], [ -87.6064102, 41.8022594 ], [ -87.6064205, 41.8025455 ], [ -87.6064258, 41.802763 ], [ -87.6064357, 41.8031507 ], [ -87.6064363, 41.8031731 ], [ -87.6064528, 41.8039932 ], [ -87.6064529, 41.8040241 ], [ -87.606455, 41.804095 ], [ -87.6064561, 41.804159 ], [ -87.6064567, 41.8041931 ], [ -87.6064763, 41.8053461 ], [ -87.6064806, 41.805597 ], [ -87.606484, 41.8057624 ], [ -87.6064853, 41.8058232 ], [ -87.6064868, 41.8058953 ], [ -87.6064863, 41.8059343 ], [ -87.6064879, 41.8059765 ], [ -87.6064881, 41.8060298 ], [ -87.6064925, 41.8061694 ], [ -87.6064958, 41.8063283 ], [ -87.6065131, 41.8071571 ], [ -87.606514, 41.807198 ], [ -87.6065208, 41.8075243 ], [ -87.606523, 41.8076311 ], [ -87.6065232, 41.8076429 ], [ -87.6065249, 41.8077224 ], [ -87.6065266, 41.8078024 ], [ -87.6065271, 41.807827 ], [ -87.6065451, 41.8084073 ], [ -87.6065449, 41.8084326 ], [ -87.6065446, 41.8086452 ], [ -87.6065461, 41.8087408 ], [ -87.6065536, 41.809098 ], [ -87.606557, 41.809262 ], [ -87.6065629, 41.8094416 ], [ -87.6065659, 41.8095322 ], [ -87.6065681, 41.8096322 ], [ -87.6065694, 41.8096901 ], [ -87.6065714, 41.8097759 ], [ -87.6065719, 41.8098003 ], [ -87.6065749, 41.8099524 ], [ -87.6065755, 41.8099846 ], [ -87.6065774, 41.8100783 ], [ -87.6065921, 41.8108272 ], [ -87.606601, 41.8112818 ], [ -87.6066024, 41.8113527 ], [ -87.6066042, 41.8114422 ], [ -87.6066045, 41.8114599 ], [ -87.6066082, 41.8116485 ], [ -87.6066114, 41.8118147 ], [ -87.6066332, 41.8129212 ], [ -87.606636, 41.8130651 ], [ -87.6066367, 41.8131029 ], [ -87.6066381, 41.8131751 ], [ -87.6066394, 41.813256 ], [ -87.6066405, 41.8132967 ], [ -87.6066439, 41.8134658 ], [ -87.606644, 41.8134718 ], [ -87.6066469, 41.813623 ], [ -87.60665, 41.8137759 ], [ -87.6066626, 41.8144168 ], [ -87.6066701, 41.8147997 ], [ -87.6066716, 41.8148764 ], [ -87.6066724, 41.814921 ], [ -87.6066723, 41.8149223 ], [ -87.606674, 41.8149988 ], [ -87.6066756, 41.8150811 ], [ -87.6066802, 41.8153167 ], [ -87.6066933, 41.8159812 ], [ -87.6067043, 41.816544 ], [ -87.6067044, 41.8165477 ], [ -87.6067061, 41.8166388 ], [ -87.6067097, 41.8167389 ], [ -87.6067122, 41.8168089 ], [ -87.606716, 41.8170733 ], [ -87.6067255, 41.8174457 ], [ -87.6067316, 41.817686 ], [ -87.606738, 41.8179478 ], [ -87.6067522, 41.8184894 ], [ -87.606755, 41.8186225 ], [ -87.6067599, 41.8187937 ], [ -87.6067668, 41.8189845 ], [ -87.6067772, 41.8194686 ], [ -87.6067775, 41.8194799 ], [ -87.6068001, 41.8203683 ], [ -87.6068005, 41.8203811 ], [ -87.6068035, 41.8205008 ], [ -87.6068036, 41.8205046 ], [ -87.6068054, 41.820575 ], [ -87.606815, 41.8209506 ], [ -87.6068227, 41.821252 ], [ -87.6068261, 41.8213874 ], [ -87.6068292, 41.8215085 ], [ -87.6068319, 41.821612 ], [ -87.606841, 41.8219689 ], [ -87.6068432, 41.8220564 ], [ -87.6068435, 41.8220678 ], [ -87.6068452, 41.8221332 ], [ -87.6068531, 41.8224425 ], [ -87.6068573, 41.8226067 ], [ -87.6068584, 41.8226469 ], [ -87.6068607, 41.822741 ], [ -87.6068639, 41.8228623 ], [ -87.6068655, 41.8229295 ], [ -87.6068739, 41.8232588 ], [ -87.6064851, 41.8233557 ], [ -87.6067574, 41.8238384 ], [ -87.606927, 41.8239327 ], [ -87.6093385, 41.8239311 ], [ -87.6094106, 41.8239289 ], [ -87.6126292, 41.8238937 ] ] ] } },
{ "type": "Feature", "properties": { "name": "Kenwood", "overture_id": "c79d3cd9-33f2-4370-8efe-e4449556f055", "division_id": "bea045a1-c627-49fb-b406-7812aab7cfc0" }, "geometry": { "type": "Polygon", "coordinates": [ [ [ -87.5867714, 41.8024941 ], [ -87.5866828, 41.8024964 ], [ -87.5865989, 41.8024985 ], [ -87.5864412, 41.8025025 ], [ -87.5864207, 41.8025028 ], [ -87.5863217, 41.8025044 ], [ -87.5861589, 41.802507 ], [ -87.5858437, 41.802512 ], [ -87.5856885, 41.8025144 ], [ -87.585525, 41.8025173 ], [ -87.5852858, 41.8025157 ], [ -87.58506, 41.8025193 ], [ -87.5849106, 41.8025212 ], [ -87.5842923, 41.8025339 ], [ -87.5842569, 41.8025344 ], [ -87.5840972, 41.8025363 ], [ -87.5840394, 41.802537 ], [ -87.5838073, 41.8025405 ], [ -87.5804096, 41.8025745 ], [ -87.580362, 41.8027911 ], [ -87.5803222, 41.8028146 ], [ -87.5803349, 41.8028814 ], [ -87.5803869, 41.8029103 ], [ -87.5804625, 41.8029578 ], [ -87.5801435, 41.8034809 ], [ -87.5800692, 41.8035224 ], [ -87.5800057, 41.8036876 ], [ -87.5800476, 41.8037913 ], [ -87.5801561, 41.8039298 ], [ -87.5802652, 41.804017 ], [ -87.5803131, 41.8040352 ], [ -87.5806674, 41.8042133 ], [ -87.5807471, 41.8042202 ], [ -87.5809651, 41.8042087 ], [ -87.5810811, 41.8042307 ], [ -87.5812293, 41.8042762 ], [ -87.5813752, 41.8043725 ], [ -87.581455, 41.8044517 ], [ -87.5815242, 41.8045577 ], [ -87.581684, 41.8046829 ], [ -87.582216, 41.805076 ], [ -87.5828996, 41.8055569 ], [ -87.5829093, 41.8055933 ], [ -87.582966, 41.8056405 ], [ -87.5830473, 41.8056663 ], [ -87.5832039, 41.8057761 ], [ -87.5833086, 41.8058287 ], [ -87.5842119, 41.8064272 ], [ -87.5845187, 41.8066227 ], [ -87.5847011, 41.8067699 ], [ -87.5849762, 41.807028 ], [ -87.5851681, 41.8072328 ], [ -87.5855115, 41.8077534 ], [ -87.5856199, 41.807941 ], [ -87.585701, 41.8080634 ], [ -87.5857733, 41.8081555 ], [ -87.5858445, 41.8082673 ], [ -87.585991, 41.8085082 ], [ -87.5860492, 41.8086322 ], [ -87.586074, 41.808681 ], [ -87.5861039, 41.8087503 ], [ -87.5861319, 41.808873 ], [ -87.5861609, 41.8090009 ], [ -87.5862718, 41.8091462 ], [ -87.5863032, 41.8091886 ], [ -87.5863224, 41.8092117 ], [ -87.5863796, 41.8092601 ], [ -87.5864249, 41.8093158 ], [ -87.5864514, 41.8093591 ], [ -87.5864539, 41.8093979 ], [ -87.5864396, 41.8094381 ], [ -87.5864565, 41.8094686 ], [ -87.5864922, 41.8095306 ], [ -87.5865859, 41.8096481 ], [ -87.5867817, 41.8098559 ], [ -87.5868615, 41.8099685 ], [ -87.5869201, 41.810084 ], [ -87.5869643, 41.8101953 ], [ -87.587002, 41.8103259 ], [ -87.5870339, 41.8104835 ], [ -87.5870445, 41.8106135 ], [ -87.587042, 41.8107314 ], [ -87.5869643, 41.811162 ], [ -87.5869635, 41.8112123 ], [ -87.5870071, 41.8112392 ], [ -87.5870251, 41.8112675 ], [ -87.5870785, 41.8113778 ], [ -87.5872594, 41.8116227 ], [ -87.5873401, 41.8117407 ], [ -87.5874153, 41.8118325 ], [ -87.5874627, 41.8118801 ], [ -87.5875091, 41.8119097 ], [ -87.5875715, 41.8119345 ], [ -87.5876521, 41.8119528 ], [ -87.5877288, 41.8119799 ], [ -87.5877431, 41.812015 ], [ -87.5878113, 41.812016 ], [ -87.5878965, 41.812021 ], [ -87.5880195, 41.8120163 ], [ -87.588136, 41.812033 ], [ -87.5882114, 41.8120393 ], [ -87.5882803, 41.8120568 ], [ -87.5883298, 41.8120759 ], [ -87.5883911, 41.8121076 ], [ -87.5884758, 41.812142 ], [ -87.5885661, 41.812201 ], [ -87.5886529, 41.8122558 ], [ -87.5887345, 41.812316 ], [ -87.5887792, 41.8123756 ], [ -87.5888196, 41.8124113 ], [ -87.5888377, 41.8124498 ], [ -87.5888739, 41.8125092 ], [ -87.5889126, 41.8126035 ], [ -87.5889666, 41.8126916 ], [ -87.589005, 41.8127491 ], [ -87.589075, 41.812803 ], [ -87.5890827, 41.8128089 ], [ -87.5891571, 41.8128854 ], [ -87.5891359, 41.8129643 ], [ -87.5891362, 41.8130315 ], [ -87.5891832, 41.8130761 ], [ -87.589349, 41.8131636 ], [ -87.5894686, 41.8130421 ], [ -87.5894583, 41.8130713 ], [ -87.5894527, 41.8130993 ], [ -87.589457, 41.8131306 ], [ -87.5894766, 41.8131648 ], [ -87.5895242, 41.8132064 ], [ -87.589834, 41.8134694 ], [ -87.5899798, 41.8136192 ], [ -87.5900481, 41.8137143 ], [ -87.590088, 41.8137879 ], [ -87.5901197, 41.8138584 ], [ -87.5901428, 41.8139281 ], [ -87.5901604, 41.8139883 ], [ -87.5901729, 41.8140534 ], [ -87.5901855, 41.8142157 ], [ -87.590203, 41.8143286 ], [ -87.5902225, 41.814441 ], [ -87.5902461, 41.8145172 ], [ -87.590278, 41.8145761 ], [ -87.5903324, 41.8146518 ], [ -87.5903891, 41.8147169 ], [ -87.5904621, 41.8147781 ], [ -87.5905302, 41.8148353 ], [ -87.5906145, 41.8148958 ], [ -87.5906935, 41.8149647 ], [ -87.5907599, 41.8150254 ], [ -87.5908169, 41.8150907 ], [ -87.5908607, 41.8151549 ], [ -87.5909115, 41.8152476 ], [ -87.59096, 41.8153552 ], [ -87.590999, 41.8154443 ], [ -87.5910404, 41.8155317 ], [ -87.5910869, 41.8156173 ], [ -87.5911406, 41.8157024 ], [ -87.5912027, 41.815785 ], [ -87.5912942, 41.8158796 ], [ -87.5913544, 41.8159361 ], [ -87.5914286, 41.8159965 ], [ -87.5915226, 41.8160633 ], [ -87.5916736, 41.8161688 ], [ -87.5917538, 41.8162272 ], [ -87.5918438, 41.8162988 ], [ -87.5919181, 41.816366 ], [ -87.5919854, 41.8164347 ], [ -87.5920489, 41.8165088 ], [ -87.5920867, 41.816569 ], [ -87.5921183, 41.8166236 ], [ -87.5921439, 41.816683 ], [ -87.5921636, 41.8167595 ], [ -87.5921745, 41.8168231 ], [ -87.5921845, 41.816954 ], [ -87.59649, 41.816945 ], [ -87.597507, 41.8169279 ], [ -87.5975554, 41.8169274 ], [ -87.5976536, 41.8169263 ], [ -87.5976892, 41.8169259 ], [ -87.5982008, 41.8169205 ], [ -87.5985971, 41.8169162 ], [ -87.5988844, 41.8169131 ], [ -87.5990657, 41.8169107 ], [ -87.5994213, 41.816906 ], [ -87.600042, 41.8168977 ], [ -87.6004818, 41.8168918 ], [ -87.6006351, 41.8168898 ], [ -87.6012382, 41.8168818 ], [ -87.6015908, 41.8168771 ], [ -87.6018573, 41.8168736 ], [ -87.6020882, 41.8168705 ], [ -87.6025871, 41.8168638 ], [ -87.6033724, 41.8168534 ], [ -87.6038544, 41.8168469 ], [ -87.6039509, 41.8168457 ], [ -87.6040549, 41.8168443 ], [ -87.6041806, 41.8168426 ], [ -87.6044314, 41.8168393 ], [ -87.6045308, 41.8168379 ], [ -87.60465, 41.8168364 ], [ -87.6047422, 41.8168351 ], [ -87.6050415, 41.8168299 ], [ -87.6053658, 41.8168268 ], [ -87.6056305, 41.8168233 ], [ -87.6059631, 41.8168189 ], [ -87.6061121, 41.8168169 ], [ -87.6064452, 41.8168124 ], [ -87.6067122, 41.8168089 ], [ -87.6067097, 41.8167389 ], [ -87.6067061, 41.8166388 ], [ -87.6067044, 41.8165477 ], [ -87.6067043, 41.816544 ], [ -87.6066933, 41.8159812 ], [ -87.6066802, 41.8153167 ], [ -87.6066756, 41.8150811 ], [ -87.606674, 41.8149988 ], [ -87.6066723, 41.8149223 ], [ -87.6066724, 41.814921 ], [ -87.6066716, 41.8148764 ], [ -87.6066701, 41.8147997 ], [ -87.6066626, 41.8144168 ], [ -87.60665, 41.8137759 ], [ -87.6066469, 41.813623 ], [ -87.606644, 41.8134718 ], [ -87.6066439, 41.8134658 ], [ -87.6066405, 41.8132967 ], [ -87.6066394, 41.813256 ], [ -87.6066381, 41.8131751 ], [ -87.6066367, 41.8131029 ], [ -87.606636, 41.8130651 ], [ -87.6066332, 41.8129212 ], [ -87.6066114, 41.8118147 ], [ -87.6066082, 41.8116485 ], [ -87.6066045, 41.8114599 ], [ -87.6066042, 41.8114422 ], [ -87.6066024, 41.8113527 ], [ -87.606601, 41.8112818 ], [ -87.6065921, 41.8108272 ], [ -87.6065774, 41.8100783 ], [ -87.6065755, 41.8099846 ], [ -87.6065749, 41.8099524 ], [ -87.6065719, 41.8098003 ], [ -87.6065714, 41.8097759 ], [ -87.6065694, 41.8096901 ], [ -87.6065681, 41.8096322 ], [ -87.6065659, 41.8095322 ], [ -87.6065629, 41.8094416 ], [ -87.606557, 41.809262 ], [ -87.6065536, 41.809098 ], [ -87.6065461, 41.8087408 ], [ -87.6065446, 41.8086452 ], [ -87.6065449, 41.8084326 ], [ -87.6065451, 41.8084073 ], [ -87.6065271, 41.807827 ], [ -87.6065266, 41.8078024 ], [ -87.6065249, 41.8077224 ], [ -87.6065232, 41.8076429 ], [ -87.606523, 41.8076311 ], [ -87.6065208, 41.8075243 ], [ -87.606514, 41.807198 ], [ -87.6065131, 41.8071571 ], [ -87.6064958, 41.8063283 ], [ -87.6064925, 41.8061694 ], [ -87.6064881, 41.8060298 ], [ -87.6064879, 41.8059765 ], [ -87.6064863, 41.8059343 ], [ -87.6064868, 41.8058953 ], [ -87.6064853, 41.8058232 ], [ -87.606484, 41.8057624 ], [ -87.6064806, 41.805597 ], [ -87.6064763, 41.8053461 ], [ -87.6064567, 41.8041931 ], [ -87.6064561, 41.804159 ], [ -87.606455, 41.804095 ], [ -87.6064529, 41.8040241 ], [ -87.6064528, 41.8039932 ], [ -87.6064363, 41.8031731 ], [ -87.6064357, 41.8031507 ], [ -87.6064258, 41.802763 ], [ -87.6064205, 41.8025455 ], [ -87.6064102, 41.8022594 ], [ -87.5927893, 41.8024207 ], [ -87.5925064, 41.8024242 ], [ -87.5869355, 41.8024925 ], [ -87.5868036, 41.8024933 ], [ -87.5867714, 41.8024941 ] ] ] } },
{ "type": "Feature", "properties": { "name": "Douglas", "overture_id": "1574adb3-e5db-4d77-8cc0-c4d34359e910", "division_id": "b4a02c4f-eb53-4334-8252-a4820690ecf3" }, "geometry": { "type": "Polygon", "coordinates": [ [ [ -87.629079, 41.8273243 ], [ -87.6289948, 41.8237654 ], [ -87.6289924, 41.8236778 ], [ -87.6264191, 41.8237189 ], [ -87.6126292, 41.8238937 ], [ -87.612604, 41.8239871 ], [ -87.6123709, 41.8248423 ], [ -87.6121291, 41.8257254 ], [ -87.6118873, 41.8266171 ], [ -87.6116419, 41.8275484 ], [ -87.6114183, 41.8283002 ], [ -87.6112717, 41.8288101 ], [ -87.611014, 41.8297032 ], [ -87.6110014, 41.8297904 ], [ -87.6106304, 41.8310025 ], [ -87.6106301, 41.8310238 ], [ -87.6106102, 41.8311852 ], [ -87.6082847, 41.8312297 ], [ -87.6055833, 41.8311578 ], [ -87.6027057, 41.8312325 ], [ -87.6027331, 41.8313437 ], [ -87.6027663, 41.8314739 ], [ -87.6027763, 41.8315357 ], [ -87.6027843, 41.831641 ], [ -87.6028133, 41.8317841 ], [ -87.6028, 41.8319075 ], [ -87.6027407, 41.8322254 ], [ -87.6027351, 41.8322991 ], [ -87.6027741, 41.8323882 ], [ -87.6028177, 41.8324586 ], [ -87.6027908, 41.8325197 ], [ -87.6027999, 41.8325532 ], [ -87.602841, 41.8325942 ], [ -87.6029214, 41.8327256 ], [ -87.6029153, 41.8327597 ], [ -87.6028608, 41.8328076 ], [ -87.6022435, 41.8332979 ], [ -87.602067, 41.8331783 ], [ -87.6018909, 41.833059 ], [ -87.6018954, 41.8330155 ], [ -87.6018698, 41.8329765 ], [ -87.6018323, 41.8329476 ], [ -87.601763, 41.8329343 ], [ -87.6017065, 41.8329451 ], [ -87.6016706, 41.832968 ], [ -87.6016191, 41.8330343 ], [ -87.601082, 41.8341153 ], [ -87.6010113, 41.8343092 ], [ -87.6009614, 41.8345068 ], [ -87.6008923, 41.8348507 ], [ -87.6008611, 41.835141 ], [ -87.6008475, 41.8353945 ], [ -87.6008452, 41.8356666 ], [ -87.6008944, 41.8361196 ], [ -87.6010195, 41.8366292 ], [ -87.6011484, 41.8369954 ], [ -87.6014045, 41.8375402 ], [ -87.6016209, 41.8379693 ], [ -87.6019087, 41.8383246 ], [ -87.6021946, 41.8385976 ], [ -87.6024506, 41.8388081 ], [ -87.6027606, 41.839024 ], [ -87.6029824, 41.8391709 ], [ -87.603337, 41.8393535 ], [ -87.6036894, 41.8395115 ], [ -87.6039095, 41.8395983 ], [ -87.6040486, 41.8396471 ], [ -87.6042242, 41.8396615 ], [ -87.6042241, 41.8398313 ], [ -87.6043066, 41.8398312 ], [ -87.6043086, 41.839589 ], [ -87.6047402, 41.8389602 ], [ -87.6049721, 41.838906 ], [ -87.6051947, 41.8390178 ], [ -87.6056102, 41.8391775 ], [ -87.6061899, 41.8394296 ], [ -87.6066653, 41.8396852 ], [ -87.6070017, 41.8398989 ], [ -87.607126, 41.8400091 ], [ -87.6072003, 41.8401306 ], [ -87.6072493, 41.8402647 ], [ -87.6072538, 41.8403824 ], [ -87.6072545, 41.8404546 ], [ -87.6072829, 41.840552 ], [ -87.6070189, 41.8406087 ], [ -87.6067467, 41.8405105 ], [ -87.606707, 41.8405679 ], [ -87.6070154, 41.8406758 ], [ -87.6075618, 41.8405706 ], [ -87.6078687, 41.8410517 ], [ -87.6079297, 41.8411701 ], [ -87.6079743, 41.8412881 ], [ -87.6080039, 41.8414123 ], [ -87.608009, 41.841761 ], [ -87.6080594, 41.8423188 ], [ -87.6082764, 41.8426246 ], [ -87.608411, 41.8428129 ], [ -87.6087425, 41.8432941 ], [ -87.6088001, 41.843425 ], [ -87.6088641, 41.8436597 ], [ -87.6089151, 41.8438726 ], [ -87.6089516, 41.8439731 ], [ -87.6090106, 41.844063 ], [ -87.6091709, 41.8442433 ], [ -87.6091884, 41.8444316 ], [ -87.6091836, 41.8445548 ], [ -87.6091552, 41.8447041 ], [ -87.6091369, 41.8447782 ], [ -87.6090913, 41.8448923 ], [ -87.608992, 41.8450529 ], [ -87.6088272, 41.8452532 ], [ -87.6092085, 41.8452547 ], [ -87.6161201, 41.845223 ], [ -87.6167787, 41.8456465 ], [ -87.6170718, 41.8456448 ], [ -87.6171801, 41.8456552 ], [ -87.6173157, 41.8456692 ], [ -87.6176471, 41.8457118 ], [ -87.6177939, 41.8457257 ], [ -87.6179902, 41.8457229 ], [ -87.6181141, 41.845721 ], [ -87.6183821, 41.8457171 ], [ -87.618775, 41.8457113 ], [ -87.6188583, 41.8457101 ], [ -87.618961, 41.8457085 ], [ -87.6203178, 41.8456884 ], [ -87.6203843, 41.8456875 ], [ -87.6205058, 41.8456856 ], [ -87.6205864, 41.8456842 ], [ -87.6220263, 41.845663 ], [ -87.6220587, 41.8456626 ], [ -87.6221355, 41.8456614 ], [ -87.6222968, 41.845659 ], [ -87.6223684, 41.8456582 ], [ -87.6232716, 41.8456446 ], [ -87.6234099, 41.8456425 ], [ -87.6236453, 41.8456398 ], [ -87.6237644, 41.845638 ], [ -87.624458, 41.8456279 ], [ -87.62519, 41.8456171 ], [ -87.6252225, 41.8456166 ], [ -87.625339, 41.8456149 ], [ -87.6254374, 41.8456136 ], [ -87.6254697, 41.845613 ], [ -87.6266393, 41.845596 ], [ -87.6267776, 41.845594 ], [ -87.6268247, 41.8455932 ], [ -87.626943, 41.8455912 ], [ -87.6270768, 41.8455896 ], [ -87.627415, 41.8455847 ], [ -87.6276526, 41.8455812 ], [ -87.6281096, 41.8455745 ], [ -87.6284894, 41.8455713 ], [ -87.628669, 41.8455689 ], [ -87.6290754, 41.8455635 ], [ -87.629179, 41.8455623 ], [ -87.6293739, 41.8455597 ], [ -87.6298002, 41.8455542 ], [ -87.6294114, 41.831233 ], [ -87.6294042, 41.830967 ], [ -87.6293296, 41.8309681 ], [ -87.6291121, 41.8309714 ], [ -87.6289644, 41.8309734 ], [ -87.6289215, 41.8308773 ], [ -87.6288906, 41.8299484 ], [ -87.6288877, 41.8298675 ], [ -87.6288767, 41.829555 ], [ -87.6288655, 41.8292392 ], [ -87.6288628, 41.8291637 ], [ -87.6288544, 41.8287581 ], [ -87.6288518, 41.8286357 ], [ -87.6288351, 41.8280522 ], [ -87.628848, 41.827965 ], [ -87.6288649, 41.8278867 ], [ -87.6288914, 41.8277766 ], [ -87.6288943, 41.8277628 ], [ -87.6289087, 41.8276951 ], [ -87.6289268, 41.8276391 ], [ -87.6289923, 41.8275745 ], [ -87.6290854, 41.8274405 ], [ -87.629079, 41.8273243 ] ] ] } },
{ "type": "Feature", "properties": { "name": "Bridgeport", "overture_id": "0b54ce70-ac29-41f0-a89b-ecc8109faeba", "division_id": "ad4a49ca-3cf3-4e29-85df-4592f6399799" }, "geometry": { "type": "Polygon", "coordinates": [ [ [ -87.6645304, 41.8405205 ], [ -87.6645775, 41.8400557 ], [ -87.6645194, 41.8395101 ], [ -87.6642396, 41.839043 ], [ -87.6633751, 41.8376373 ], [ -87.6630575, 41.836774 ], [ -87.6627228, 41.8363391 ], [ -87.6620276, 41.8356869 ], [ -87.6613237, 41.8349067 ], [ -87.660577, 41.8345166 ], [ -87.6590921, 41.8330457 ], [ -87.6574099, 41.8312742 ], [ -87.6573669, 41.8310312 ], [ -87.6576244, 41.8287672 ], [ -87.6574785, 41.8271491 ], [ -87.6574023, 41.8265647 ], [ -87.6574018, 41.8262877 ], [ -87.6574337, 41.8261212 ], [ -87.6574978, 41.8259827 ], [ -87.6575198, 41.825646 ], [ -87.6572801, 41.8244496 ], [ -87.6561757, 41.8235451 ], [ -87.6561214, 41.8233106 ], [ -87.6556327, 41.8233243 ], [ -87.6534657, 41.8233484 ], [ -87.6406191, 41.8235272 ], [ -87.6380714, 41.8235629 ], [ -87.6367023, 41.8235696 ], [ -87.636071, 41.8235767 ], [ -87.636075, 41.8236907 ], [ -87.6361207, 41.8252391 ], [ -87.6361246, 41.8253177 ], [ -87.6361252, 41.8253401 ], [ -87.6361264, 41.825391 ], [ -87.6361277, 41.8254448 ], [ -87.636129, 41.825494 ], [ -87.6361293, 41.8255077 ], [ -87.6361672, 41.8270454 ], [ -87.6361697, 41.8271459 ], [ -87.6361696, 41.8271714 ], [ -87.6361694, 41.8272108 ], [ -87.6361693, 41.8272379 ], [ -87.6363307, 41.8272364 ], [ -87.6364184, 41.8309717 ], [ -87.6364365, 41.8316544 ], [ -87.6364938, 41.8345218 ], [ -87.6358871, 41.8345374 ], [ -87.635908, 41.8354495 ], [ -87.6359378, 41.8364483 ], [ -87.6364507, 41.8364438 ], [ -87.6364624, 41.8369153 ], [ -87.6364776, 41.8375392 ], [ -87.6364957, 41.8381765 ], [ -87.6363673, 41.8381786 ], [ -87.6363791, 41.8385882 ], [ -87.6363883, 41.838909 ], [ -87.6363967, 41.8392365 ], [ -87.6364074, 41.8396498 ], [ -87.6364167, 41.8400498 ], [ -87.6364242, 41.8403808 ], [ -87.6364327, 41.8407042 ], [ -87.6364432, 41.8411089 ], [ -87.636452, 41.8415376 ], [ -87.6364548, 41.8418249 ], [ -87.6364791, 41.842775 ], [ -87.6364993, 41.84356 ], [ -87.6365013, 41.8436394 ], [ -87.6382838, 41.8436251 ], [ -87.6382865, 41.8437247 ], [ -87.6382962, 41.8440721 ], [ -87.6383088, 41.8445238 ], [ -87.6383217, 41.8449876 ], [ -87.6383342, 41.8454395 ], [ -87.638338, 41.8455727 ], [ -87.6383415, 41.8456991 ], [ -87.6383468, 41.8458859 ], [ -87.638349, 41.8459626 ], [ -87.63835, 41.8459807 ], [ -87.6395784, 41.8462908 ], [ -87.6399733, 41.8463257 ], [ -87.6404431, 41.8463179 ], [ -87.6414731, 41.8463008 ], [ -87.6415924, 41.8463003 ], [ -87.6416627, 41.8481153 ], [ -87.6429535, 41.8481053 ], [ -87.6429764, 41.8481051 ], [ -87.6438839, 41.8495264 ], [ -87.6461288, 41.8493781 ], [ -87.6467027, 41.849271 ], [ -87.6491103, 41.848467 ], [ -87.6495758, 41.8483869 ], [ -87.6503961, 41.848368 ], [ -87.6506942, 41.8483403 ], [ -87.6519773, 41.8481272 ], [ -87.6529689, 41.8479593 ], [ -87.6533041, 41.8479515 ], [ -87.6560186, 41.8483358 ], [ -87.6566943, 41.8483143 ], [ -87.6571172, 41.8481954 ], [ -87.6575478, 41.8480147 ], [ -87.6579882, 41.8477609 ], [ -87.6592685, 41.8468781 ], [ -87.6604541, 41.8460198 ], [ -87.6611157, 41.8456438 ], [ -87.6621191, 41.8451145 ], [ -87.6631779, 41.8446076 ], [ -87.6634158, 41.8445503 ], [ -87.6644337, 41.8447157 ], [ -87.6643054, 41.8435506 ], [ -87.6643042, 41.8427615 ], [ -87.6645696, 41.8423225 ], [ -87.6649929, 41.8417138 ], [ -87.6649639, 41.8414489 ], [ -87.6645902, 41.8407368 ], [ -87.6645856, 41.8407202 ], [ -87.6645304, 41.8405205 ] ] ] } },
{ "type": "Feature", "properties": { "name": "McKinley Park", "overture_id": "dd6a69dc-18ef-4d8f-ba61-30293b7873e3", "division_id": "4fd14984-326d-40ac-8218-c8e37d4c852b" }, "geometry": { "type": "Polygon", "coordinates": [ [ [ -87.6561757, 41.8235451 ], [ -87.6572801, 41.8244496 ], [ -87.6575198, 41.825646 ], [ -87.6574978, 41.8259827 ], [ -87.6574337, 41.8261212 ], [ -87.6574018, 41.8262877 ], [ -87.6574023, 41.8265647 ], [ -87.6574785, 41.8271491 ], [ -87.6576244, 41.8287672 ], [ -87.6573669, 41.8310312 ], [ -87.6574099, 41.8312742 ], [ -87.6590921, 41.8330457 ], [ -87.660577, 41.8345166 ], [ -87.6613237, 41.8349067 ], [ -87.6620276, 41.8356869 ], [ -87.6627228, 41.8363391 ], [ -87.6630575, 41.836774 ], [ -87.6633751, 41.8376373 ], [ -87.6642396, 41.839043 ], [ -87.6654998, 41.8383346 ], [ -87.6657671, 41.8381756 ], [ -87.6660008, 41.8380532 ], [ -87.6662723, 41.8379142 ], [ -87.6666619, 41.8377479 ], [ -87.667017, 41.8376163 ], [ -87.6671661, 41.8375669 ], [ -87.667444, 41.8374813 ], [ -87.6680469, 41.8373254 ], [ -87.6686219, 41.837218 ], [ -87.6695448, 41.8371233 ], [ -87.6705402, 41.8371002 ], [ -87.6705497, 41.8375324 ], [ -87.6753986, 41.8374757 ], [ -87.6782135, 41.8374093 ], [ -87.6783287, 41.8374058 ], [ -87.678582, 41.8373993 ], [ -87.6788237, 41.8373876 ], [ -87.6790804, 41.8373691 ], [ -87.6793811, 41.8373388 ], [ -87.6794777, 41.8373269 ], [ -87.6796543, 41.8373052 ], [ -87.6798773, 41.8372705 ], [ -87.6804924, 41.8371405 ], [ -87.680994, 41.8369913 ], [ -87.681865, 41.8367094 ], [ -87.6842347, 41.8359148 ], [ -87.6853402, 41.8355617 ], [ -87.6853996, 41.8355427 ], [ -87.6874119, 41.8348999 ], [ -87.687381, 41.8302451 ], [ -87.6873852, 41.828409 ], [ -87.6872496, 41.8266491 ], [ -87.6869015, 41.8266827 ], [ -87.6867143, 41.8261524 ], [ -87.6866259, 41.8259812 ], [ -87.6865199, 41.8257919 ], [ -87.6862967, 41.8254495 ], [ -87.6861154, 41.8252041 ], [ -87.6866763, 41.824865 ], [ -87.6866054, 41.8248112 ], [ -87.6865029, 41.8247335 ], [ -87.6863646, 41.8245946 ], [ -87.6863302, 41.8245627 ], [ -87.6862819, 41.8245055 ], [ -87.6861615, 41.8243627 ], [ -87.6861206, 41.8242294 ], [ -87.6860843, 41.8233036 ], [ -87.686073, 41.8230618 ], [ -87.6861014, 41.8229576 ], [ -87.6847505, 41.8229919 ], [ -87.6842279, 41.8229946 ], [ -87.6683579, 41.823183 ], [ -87.6654062, 41.823145 ], [ -87.6597434, 41.8232167 ], [ -87.6561214, 41.8233106 ], [ -87.6561757, 41.8235451 ] ] ] } },
{ "type": "Feature", "properties": { "name": "Armour Square", "overture_id": "7373ad56-0793-44ec-be10-ba9c8de72754", "division_id": "03e57151-2e04-4569-8c88-7050d7d005c4" }, "geometry": { "type": "Polygon", "coordinates": [ [ [ -87.6325886, 41.8577491 ], [ -87.6330371, 41.8577401 ], [ -87.6343814, 41.8577227 ], [ -87.635196, 41.8577304 ], [ -87.6352039, 41.8576053 ], [ -87.6353878, 41.8572333 ], [ -87.6356066, 41.8568628 ], [ -87.6357515, 41.8566755 ], [ -87.6368426, 41.855715 ], [ -87.6372862, 41.8554549 ], [ -87.638024, 41.8550974 ], [ -87.6383673, 41.8549103 ], [ -87.6389878, 41.8546202 ], [ -87.6392148, 41.8544508 ], [ -87.6395024, 41.8541535 ], [ -87.6406332, 41.8525025 ], [ -87.6419379, 41.8507555 ], [ -87.6423757, 41.8502136 ], [ -87.6425841, 41.8500602 ], [ -87.6435534, 41.8495856 ], [ -87.6438839, 41.8495264 ], [ -87.6429764, 41.8481051 ], [ -87.6429535, 41.8481053 ], [ -87.6416627, 41.8481153 ], [ -87.6415924, 41.8463003 ], [ -87.6414731, 41.8463008 ], [ -87.6404431, 41.8463179 ], [ -87.6399733, 41.8463257 ], [ -87.6395784, 41.8462908 ], [ -87.63835, 41.8459807 ], [ -87.638349, 41.8459626 ], [ -87.6383468, 41.8458859 ], [ -87.6383415, 41.8456991 ], [ -87.638338, 41.8455727 ], [ -87.6383342, 41.8454395 ], [ -87.6383217, 41.8449876 ], [ -87.6383088, 41.8445238 ], [ -87.6382962, 41.8440721 ], [ -87.6382865, 41.8437247 ], [ -87.6382838, 41.8436251 ], [ -87.6365013, 41.8436394 ], [ -87.6364993, 41.84356 ], [ -87.6364791, 41.842775 ], [ -87.6364548, 41.8418249 ], [ -87.636452, 41.8415376 ], [ -87.6364432, 41.8411089 ], [ -87.6364327, 41.8407042 ], [ -87.6364242, 41.8403808 ], [ -87.6364167, 41.8400498 ], [ -87.6364074, 41.8396498 ], [ -87.6363967, 41.8392365 ], [ -87.6363883, 41.838909 ], [ -87.6363791, 41.8385882 ], [ -87.6363673, 41.8381786 ], [ -87.6364957, 41.8381765 ], [ -87.6364776, 41.8375392 ], [ -87.6364624, 41.8369153 ], [ -87.6364507, 41.8364438 ], [ -87.6359378, 41.8364483 ], [ -87.635908, 41.8354495 ], [ -87.6358871, 41.8345374 ], [ -87.6364938, 41.8345218 ], [ -87.6364365, 41.8316544 ], [ -87.6364184, 41.8309717 ], [ -87.6363307, 41.8272364 ], [ -87.6361693, 41.8272379 ], [ -87.6361694, 41.8272108 ], [ -87.6361696, 41.8271714 ], [ -87.6361697, 41.8271459 ], [ -87.6361672, 41.8270454 ], [ -87.6361293, 41.8255077 ], [ -87.636129, 41.825494 ], [ -87.6361277, 41.8254448 ], [ -87.6361264, 41.825391 ], [ -87.6361252, 41.8253401 ], [ -87.6361246, 41.8253177 ], [ -87.6361207, 41.8252391 ], [ -87.636075, 41.8236907 ], [ -87.636071, 41.8235767 ], [ -87.6350703, 41.8236038 ], [ -87.6292475, 41.8236749 ], [ -87.6289924, 41.8236778 ], [ -87.6289948, 41.8237654 ], [ -87.629079, 41.8273243 ], [ -87.6290854, 41.8274405 ], [ -87.6289923, 41.8275745 ], [ -87.6289268, 41.8276391 ], [ -87.6289087, 41.8276951 ], [ -87.6288943, 41.8277628 ], [ -87.6288914, 41.8277766 ], [ -87.6288649, 41.8278867 ], [ -87.628848, 41.827965 ], [ -87.6288351, 41.8280522 ], [ -87.6288518, 41.8286357 ], [ -87.6288544, 41.8287581 ], [ -87.6288628, 41.8291637 ], [ -87.6288655, 41.8292392 ], [ -87.6288767, 41.829555 ], [ -87.6288877, 41.8298675 ], [ -87.6288906, 41.8299484 ], [ -87.6289215, 41.8308773 ], [ -87.6289644, 41.8309734 ], [ -87.6291121, 41.8309714 ], [ -87.6293296, 41.8309681 ], [ -87.6294042, 41.830967 ], [ -87.6294114, 41.831233 ], [ -87.6298002, 41.8455542 ], [ -87.6293739, 41.8455597 ], [ -87.629179, 41.8455623 ], [ -87.6291992, 41.8466537 ], [ -87.6292012, 41.8467497 ], [ -87.6292183, 41.8475597 ], [ -87.6292534, 41.8492207 ], [ -87.6292875, 41.8510413 ], [ -87.6293178, 41.8523513 ], [ -87.6293264, 41.8528811 ], [ -87.6300635, 41.8528652 ], [ -87.6300691, 41.8529487 ], [ -87.6300779, 41.853033 ], [ -87.6301006, 41.8533098 ], [ -87.6301131, 41.8534625 ], [ -87.6301255, 41.854081 ], [ -87.630143, 41.855005 ], [ -87.6301463, 41.8551172 ], [ -87.6301499, 41.8552512 ], [ -87.6301528, 41.8553082 ], [ -87.6301574, 41.8554437 ], [ -87.6301607, 41.8555427 ], [ -87.6301765, 41.8560077 ], [ -87.6301937, 41.8565103 ], [ -87.6301961, 41.8565866 ], [ -87.6301987, 41.8566646 ], [ -87.6302155, 41.8571557 ], [ -87.6302223, 41.8573558 ], [ -87.6302247, 41.8574563 ], [ -87.6302335, 41.8576952 ], [ -87.6302363, 41.8577714 ], [ -87.6303632, 41.8577705 ], [ -87.6305807, 41.8577688 ], [ -87.6308382, 41.8577668 ], [ -87.6310054, 41.857766 ], [ -87.6315907, 41.8577621 ], [ -87.6317619, 41.8577606 ], [ -87.6318804, 41.8577598 ], [ -87.6319264, 41.8577591 ], [ -87.6320017, 41.857758 ], [ -87.6321219, 41.8577542 ], [ -87.6325886, 41.8577491 ] ] ] } },
{ "type": "Feature", "properties": { "name": "Lower West Side", "overture_id": "7aa65e76-1965-45ff-bf3b-71242f3739be", "division_id": "512280ab-ad80-4b4d-8731-5e13e3fd7ce6" }, "geometry": { "type": "Polygon", "coordinates": [ [ [ -87.6660008, 41.8380532 ], [ -87.6657671, 41.8381756 ], [ -87.6654998, 41.8383346 ], [ -87.6642396, 41.839043 ], [ -87.6645194, 41.8395101 ], [ -87.6645775, 41.8400557 ], [ -87.6645304, 41.8405205 ], [ -87.6645856, 41.8407202 ], [ -87.6645902, 41.8407368 ], [ -87.6649639, 41.8414489 ], [ -87.6649929, 41.8417138 ], [ -87.6645696, 41.8423225 ], [ -87.6643042, 41.8427615 ], [ -87.6643054, 41.8435506 ], [ -87.6644337, 41.8447157 ], [ -87.6634158, 41.8445503 ], [ -87.6631779, 41.8446076 ], [ -87.6621191, 41.8451145 ], [ -87.6611157, 41.8456438 ], [ -87.6604541, 41.8460198 ], [ -87.6592685, 41.8468781 ], [ -87.6579882, 41.8477609 ], [ -87.6575478, 41.8480147 ], [ -87.6571172, 41.8481954 ], [ -87.6566943, 41.8483143 ], [ -87.6560186, 41.8483358 ], [ -87.6533041, 41.8479515 ], [ -87.6529689, 41.8479593 ], [ -87.6519773, 41.8481272 ], [ -87.6506942, 41.8483403 ], [ -87.6503961, 41.848368 ], [ -87.6495758, 41.8483869 ], [ -87.6491103, 41.848467 ], [ -87.6467027, 41.849271 ], [ -87.6461288, 41.8493781 ], [ -87.6438839, 41.8495264 ], [ -87.6435534, 41.8495856 ], [ -87.6425841, 41.8500602 ], [ -87.6423757, 41.8502136 ], [ -87.6419379, 41.8507555 ], [ -87.6406332, 41.8525025 ], [ -87.6395024, 41.8541535 ], [ -87.6392148, 41.8544508 ], [ -87.6389878, 41.8546202 ], [ -87.6383673, 41.8549103 ], [ -87.638024, 41.8550974 ], [ -87.6372862, 41.8554549 ], [ -87.6368426, 41.855715 ], [ -87.6357515, 41.8566755 ], [ -87.6356066, 41.8568628 ], [ -87.6353878, 41.8572333 ], [ -87.6352039, 41.8576053 ], [ -87.635196, 41.8577304 ], [ -87.6354914, 41.8577313 ], [ -87.6360766, 41.8577345 ], [ -87.6372139, 41.8576993 ], [ -87.6372494, 41.8576986 ], [ -87.6382564, 41.8576856 ], [ -87.6388055, 41.8576707 ], [ -87.6389337, 41.8576685 ], [ -87.6389373, 41.8577744 ], [ -87.6389483, 41.8580923 ], [ -87.6389498, 41.8581345 ], [ -87.6389741, 41.8588414 ], [ -87.6390124, 41.8600213 ], [ -87.6391494, 41.8600185 ], [ -87.6391931, 41.8600173 ], [ -87.6404743, 41.8600015 ], [ -87.6409456, 41.8599955 ], [ -87.6419371, 41.8599793 ], [ -87.6429365, 41.8599653 ], [ -87.6431061, 41.8599629 ], [ -87.6435713, 41.8599562 ], [ -87.6438667, 41.859952 ], [ -87.6439888, 41.85995 ], [ -87.6440119, 41.8599496 ], [ -87.6446899, 41.8599382 ], [ -87.644761, 41.8599373 ], [ -87.6448416, 41.859936 ], [ -87.6449756, 41.8599338 ], [ -87.6453709, 41.8599272 ], [ -87.6459264, 41.859918 ], [ -87.6461952, 41.8599136 ], [ -87.6463026, 41.8599118 ], [ -87.6465996, 41.8599069 ], [ -87.6467031, 41.8599052 ], [ -87.6468166, 41.8599045 ], [ -87.6476801, 41.8598977 ], [ -87.6478102, 41.8598958 ], [ -87.6487856, 41.8598815 ], [ -87.6522491, 41.8598306 ], [ -87.6527581, 41.8598232 ], [ -87.652846, 41.8598219 ], [ -87.6533645, 41.8598143 ], [ -87.6534456, 41.8598131 ], [ -87.6535452, 41.8598116 ], [ -87.6540356, 41.8598044 ], [ -87.6552759, 41.8597862 ], [ -87.6557919, 41.8597785 ], [ -87.6561253, 41.8597737 ], [ -87.656377, 41.85977 ], [ -87.6564872, 41.8597684 ], [ -87.6565976, 41.8597668 ], [ -87.6570987, 41.8597594 ], [ -87.6575993, 41.859752 ], [ -87.6577032, 41.8597505 ], [ -87.6578043, 41.859749 ], [ -87.658217, 41.859743 ], [ -87.65831, 41.8597416 ], [ -87.6589255, 41.8597326 ], [ -87.6594217, 41.8597242 ], [ -87.6594682, 41.8597246 ], [ -87.659588, 41.8597228 ], [ -87.6603643, 41.8597114 ], [ -87.6612717, 41.8596981 ], [ -87.6613684, 41.8596967 ], [ -87.6614834, 41.859695 ], [ -87.6618881, 41.8596891 ], [ -87.6637169, 41.8596623 ], [ -87.6638234, 41.8596607 ], [ -87.6639217, 41.8596593 ], [ -87.6652657, 41.8596396 ], [ -87.6660222, 41.8596285 ], [ -87.6660678, 41.8596278 ], [ -87.6661451, 41.8596266 ], [ -87.6662502, 41.8596258 ], [ -87.6663293, 41.859624 ], [ -87.6663779, 41.8596233 ], [ -87.6668866, 41.8596158 ], [ -87.6678651, 41.8596015 ], [ -87.6681504, 41.8595973 ], [ -87.6685645, 41.8595912 ], [ -87.6685998, 41.8595907 ], [ -87.6687156, 41.859589 ], [ -87.6688161, 41.8595875 ], [ -87.6688442, 41.8595871 ], [ -87.6693728, 41.8595793 ], [ -87.6710123, 41.8595552 ], [ -87.6710466, 41.8595546 ], [ -87.6711428, 41.8595533 ], [ -87.6712565, 41.8595517 ], [ -87.6713053, 41.8595509 ], [ -87.6718592, 41.8595428 ], [ -87.6736118, 41.8595171 ], [ -87.6743836, 41.8595145 ], [ -87.6761222, 41.8593707 ], [ -87.6793602, 41.8589823 ], [ -87.6822255, 41.8588662 ], [ -87.6850093, 41.8585413 ], [ -87.6858177, 41.8584694 ], [ -87.6858297, 41.8590088 ], [ -87.6858362, 41.8592999 ], [ -87.685838, 41.8593777 ], [ -87.6864323, 41.8593694 ], [ -87.6880965, 41.8593426 ], [ -87.6879992, 41.8569622 ], [ -87.6877005, 41.8465398 ], [ -87.6877212, 41.8448435 ], [ -87.6875442, 41.8396945 ], [ -87.6874119, 41.8348999 ], [ -87.6853996, 41.8355427 ], [ -87.6853402, 41.8355617 ], [ -87.6842347, 41.8359148 ], [ -87.681865, 41.8367094 ], [ -87.680994, 41.8369913 ], [ -87.6804924, 41.8371405 ], [ -87.6798773, 41.8372705 ], [ -87.6796543, 41.8373052 ], [ -87.6794777, 41.8373269 ], [ -87.6793811, 41.8373388 ], [ -87.6790804, 41.8373691 ], [ -87.6788237, 41.8373876 ], [ -87.678582, 41.8373993 ], [ -87.6783287, 41.8374058 ], [ -87.6782135, 41.8374093 ], [ -87.6753986, 41.8374757 ], [ -87.6705497, 41.8375324 ], [ -87.6705402, 41.8371002 ], [ -87.6695448, 41.8371233 ], [ -87.6686219, 41.837218 ], [ -87.6680469, 41.8373254 ], [ -87.667444, 41.8374813 ], [ -87.6671661, 41.8375669 ], [ -87.667017, 41.8376163 ], [ -87.6666619, 41.8377479 ], [ -87.6662723, 41.8379142 ], [ -87.6660008, 41.8380532 ] ] ] } },
{ "type": "Feature", "properties": { "name": "South Lawndale", "overture_id": "3020dad7-08ca-4f1d-bcd0-6ec0216c868a", "division_id": "01b99cdf-a6af-44bc-853e-6cbca31c26d5" }, "geometry": { "type": "Polygon", "coordinates": [ [ [ -87.7385425, 41.8187778 ], [ -87.7267513, 41.8223014 ], [ -87.7143314, 41.8260488 ], [ -87.7045967, 41.8291244 ], [ -87.7046132, 41.829744 ], [ -87.7046176, 41.8299086 ], [ -87.6963259, 41.8323773 ], [ -87.6959745, 41.8322414 ], [ -87.6947595, 41.8326172 ], [ -87.6874119, 41.8348999 ], [ -87.6875442, 41.8396945 ], [ -87.6877212, 41.8448435 ], [ -87.6877005, 41.8465398 ], [ -87.6879992, 41.8569622 ], [ -87.695563, 41.8552721 ], [ -87.6955659, 41.8553638 ], [ -87.6955677, 41.8554193 ], [ -87.695572, 41.8555548 ], [ -87.6992213, 41.8555102 ], [ -87.7028848, 41.855466 ], [ -87.7028708, 41.8538029 ], [ -87.7029812, 41.8537789 ], [ -87.7034752, 41.8536721 ], [ -87.7038037, 41.8536239 ], [ -87.7040789, 41.853602 ], [ -87.7112005, 41.8535514 ], [ -87.7111989, 41.8534797 ], [ -87.711168, 41.852063 ], [ -87.7111652, 41.8519379 ], [ -87.711201, 41.8519579 ], [ -87.7112423, 41.8519654 ], [ -87.711294, 41.8519641 ], [ -87.7113511, 41.8519547 ], [ -87.7117591, 41.8518616 ], [ -87.7123431, 41.8517301 ], [ -87.7124041, 41.8517181 ], [ -87.7124511, 41.8517107 ], [ -87.7124669, 41.8517089 ], [ -87.7125001, 41.8517052 ], [ -87.7125462, 41.8517019 ], [ -87.7125915, 41.8517 ], [ -87.7196322, 41.8516271 ], [ -87.7222784, 41.8515952 ], [ -87.7222199, 41.8493405 ], [ -87.7392483, 41.8455374 ], [ -87.7390005, 41.8367251 ], [ -87.7387666, 41.8367353 ], [ -87.7384854, 41.822112 ], [ -87.7386175, 41.8221045 ], [ -87.7385425, 41.8187778 ] ] ] } },
{ "type": "Feature", "properties": { "name": "Brighton Park", "overture_id": "e135d9fb-bf7f-4ba9-929f-90d78eb1aa6c", "division_id": "90a0d084-fdea-4b5c-a3ea-c6f114a528d6" }, "geometry": { "type": "Polygon", "coordinates": [ [ [ -87.6872496, 41.8266491 ], [ -87.6873852, 41.828409 ], [ -87.687381, 41.8302451 ], [ -87.6874119, 41.8348999 ], [ -87.6947595, 41.8326172 ], [ -87.6959745, 41.8322414 ], [ -87.6963259, 41.8323773 ], [ -87.7046176, 41.8299086 ], [ -87.7046132, 41.829744 ], [ -87.7045967, 41.8291244 ], [ -87.7143314, 41.8260488 ], [ -87.7142674, 41.8238217 ], [ -87.7138881, 41.8099489 ], [ -87.7137952, 41.8056155 ], [ -87.7137377, 41.8039109 ], [ -87.7126637, 41.8039293 ], [ -87.7124447, 41.8039501 ], [ -87.7122151, 41.8039757 ], [ -87.7119522, 41.8040133 ], [ -87.7115666, 41.8040724 ], [ -87.7113868, 41.8041045 ], [ -87.7110999, 41.8041258 ], [ -87.7104496, 41.804138 ], [ -87.7082943, 41.8041756 ], [ -87.7038645, 41.8042454 ], [ -87.703871, 41.8043644 ], [ -87.7022091, 41.8043882 ], [ -87.6998022, 41.8044396 ], [ -87.6940928, 41.8045528 ], [ -87.6940922, 41.8044722 ], [ -87.6917449, 41.8045321 ], [ -87.6917434, 41.8045174 ], [ -87.6846032, 41.8046003 ], [ -87.6845594, 41.8046077 ], [ -87.6845327, 41.804608 ], [ -87.6843721, 41.804603 ], [ -87.6843787, 41.804741 ], [ -87.684379, 41.8048265 ], [ -87.6843774, 41.8049976 ], [ -87.6843621, 41.8055349 ], [ -87.6843689, 41.8056807 ], [ -87.6843955, 41.8066249 ], [ -87.6843972, 41.8066863 ], [ -87.6844087, 41.8070945 ], [ -87.6844128, 41.8072394 ], [ -87.6844178, 41.8074402 ], [ -87.684421, 41.8075331 ], [ -87.6844337, 41.8079851 ], [ -87.6844349, 41.8080388 ], [ -87.6844385, 41.8082078 ], [ -87.6844394, 41.8082517 ], [ -87.6844414, 41.8083454 ], [ -87.6844444, 41.8084226 ], [ -87.6843114, 41.8084199 ], [ -87.6841591, 41.8084187 ], [ -87.6839882, 41.8084174 ], [ -87.6838747, 41.8084164 ], [ -87.6838768, 41.8085024 ], [ -87.6838789, 41.8085891 ], [ -87.6838821, 41.8087217 ], [ -87.6838863, 41.8088934 ], [ -87.6839078, 41.809784 ], [ -87.6839163, 41.8101336 ], [ -87.6839515, 41.8115856 ], [ -87.6839618, 41.8120145 ], [ -87.6839633, 41.8120751 ], [ -87.6839663, 41.8121546 ], [ -87.6839875, 41.813071 ], [ -87.6840072, 41.8138843 ], [ -87.6840206, 41.8144397 ], [ -87.6840348, 41.8150243 ], [ -87.6840489, 41.8156323 ], [ -87.6840513, 41.8157054 ], [ -87.6840532, 41.8157842 ], [ -87.6840594, 41.8160385 ], [ -87.6840733, 41.8166139 ], [ -87.6840952, 41.8175159 ], [ -87.6841114, 41.8181855 ], [ -87.6841394, 41.8193435 ], [ -87.6841815, 41.8210781 ], [ -87.6841917, 41.8215017 ], [ -87.6842271, 41.8229377 ], [ -87.6842279, 41.8229946 ], [ -87.6847505, 41.8229919 ], [ -87.6861014, 41.8229576 ], [ -87.686073, 41.8230618 ], [ -87.6860843, 41.8233036 ], [ -87.6861206, 41.8242294 ], [ -87.6861615, 41.8243627 ], [ -87.6862819, 41.8245055 ], [ -87.6863302, 41.8245627 ], [ -87.6863646, 41.8245946 ], [ -87.6865029, 41.8247335 ], [ -87.6866054, 41.8248112 ], [ -87.6866763, 41.824865 ], [ -87.6861154, 41.8252041 ], [ -87.6862967, 41.8254495 ], [ -87.6865199, 41.8257919 ], [ -87.6866259, 41.8259812 ], [ -87.6867143, 41.8261524 ], [ -87.6869015, 41.8266827 ], [ -87.6872496, 41.8266491 ] ] ] } },
{ "type": "Feature", "properties": { "name": "Archer Heights", "overture_id": "670ad3ad-2f42-44c7-9eb2-22eb56ed67c7", "division_id": "78531113-ebd7-4aa7-a025-6010dd17bc4a" }, "geometry": { "type": "Polygon", "coordinates": [ [ [ -87.7138881, 41.8099489 ], [ -87.7142674, 41.8238217 ], [ -87.7143314, 41.8260488 ], [ -87.7267513, 41.8223014 ], [ -87.7385425, 41.8187778 ], [ -87.7379323, 41.7953069 ], [ -87.7372948, 41.7953095 ], [ -87.7366234, 41.7953183 ], [ -87.7362403, 41.7953463 ], [ -87.7359421, 41.7953903 ], [ -87.7356985, 41.7954398 ], [ -87.7355468, 41.7954974 ], [ -87.7354806, 41.7955225 ], [ -87.7355024, 41.7959584 ], [ -87.7355229, 41.7966796 ], [ -87.7355252, 41.796759 ], [ -87.7354107, 41.7967603 ], [ -87.7349042, 41.7967659 ], [ -87.734398, 41.7967716 ], [ -87.7342977, 41.7967727 ], [ -87.7331742, 41.7967854 ], [ -87.7330634, 41.7967867 ], [ -87.7318312, 41.7967876 ], [ -87.7318184, 41.796787 ], [ -87.7317354, 41.7967888 ], [ -87.7312351, 41.7967951 ], [ -87.7306211, 41.7968029 ], [ -87.7300187, 41.7968105 ], [ -87.7293912, 41.7968185 ], [ -87.7287876, 41.7968261 ], [ -87.7282784, 41.7968326 ], [ -87.7281672, 41.796834 ], [ -87.7281775, 41.7971863 ], [ -87.7281818, 41.7973315 ], [ -87.7282021, 41.7980392 ], [ -87.7282092, 41.7983165 ], [ -87.7282095, 41.7983427 ], [ -87.7230138, 41.8005596 ], [ -87.720192, 41.8018044 ], [ -87.7192963, 41.8021966 ], [ -87.7183842, 41.8025639 ], [ -87.7161805, 41.8034501 ], [ -87.7152547, 41.803774 ], [ -87.7149775, 41.8039962 ], [ -87.7146287, 41.8043226 ], [ -87.7144728, 41.8045006 ], [ -87.7143176, 41.8047031 ], [ -87.7141858, 41.8049025 ], [ -87.7140206, 41.8051768 ], [ -87.7139266, 41.8053576 ], [ -87.7137952, 41.8056155 ], [ -87.7138881, 41.8099489 ] ] ] } },
{ "type": "Feature", "properties": { "name": "West Elsdon", "overture_id": "25f12e3b-739b-462d-9071-a1fdb4334991", "division_id": "fa56e027-da97-4868-be32-85515c2360c7" }, "geometry": { "type": "Polygon", "coordinates": [ [ [ -87.7355252, 41.796759 ], [ -87.7355229, 41.7966796 ], [ -87.7355024, 41.7959584 ], [ -87.7354806, 41.7955225 ], [ -87.7355468, 41.7954974 ], [ -87.7356985, 41.7954398 ], [ -87.7359421, 41.7953903 ], [ -87.7362403, 41.7953463 ], [ -87.7366234, 41.7953183 ], [ -87.7372948, 41.7953095 ], [ -87.7379323, 41.7953069 ], [ -87.737864, 41.7931113 ], [ -87.7376364, 41.7857938 ], [ -87.7376095, 41.7857941 ], [ -87.7372836, 41.7857974 ], [ -87.7365208, 41.785801 ], [ -87.7364183, 41.7858015 ], [ -87.7363089, 41.7858034 ], [ -87.735798, 41.7858123 ], [ -87.7353029, 41.7858174 ], [ -87.7352014, 41.7858183 ], [ -87.7350889, 41.7858194 ], [ -87.7345626, 41.7858247 ], [ -87.7340786, 41.7858296 ], [ -87.7339567, 41.7858308 ], [ -87.7338617, 41.7858317 ], [ -87.7333641, 41.7858368 ], [ -87.7328573, 41.785842 ], [ -87.7327522, 41.785843 ], [ -87.7326425, 41.785844 ], [ -87.7316327, 41.7858534 ], [ -87.731517, 41.7858545 ], [ -87.7315142, 41.7858545 ], [ -87.7314215, 41.7858555 ], [ -87.7304082, 41.7858664 ], [ -87.7302996, 41.7858676 ], [ -87.730197, 41.7858687 ], [ -87.7296908, 41.7858738 ], [ -87.7291855, 41.7858789 ], [ -87.7290746, 41.78588 ], [ -87.728972, 41.785881 ], [ -87.7285291, 41.7858854 ], [ -87.7284631, 41.7858861 ], [ -87.7278526, 41.7858923 ], [ -87.7254146, 41.7859168 ], [ -87.7253008, 41.7859179 ], [ -87.7241864, 41.7859291 ], [ -87.7239294, 41.7859317 ], [ -87.7237151, 41.7859339 ], [ -87.7235705, 41.7859353 ], [ -87.7229579, 41.7859415 ], [ -87.722786, 41.7859444 ], [ -87.7226482, 41.7859464 ], [ -87.7226188, 41.7859469 ], [ -87.7206158, 41.7859786 ], [ -87.7205146, 41.78598 ], [ -87.7203987, 41.7859821 ], [ -87.7181649, 41.7860175 ], [ -87.7180591, 41.7860191 ], [ -87.71795, 41.7860208 ], [ -87.7157132, 41.7860563 ], [ -87.7155973, 41.7860581 ], [ -87.7155012, 41.7860596 ], [ -87.7153076, 41.7860627 ], [ -87.7150903, 41.7860661 ], [ -87.7139791, 41.7860837 ], [ -87.7138811, 41.7860853 ], [ -87.7133663, 41.7860934 ], [ -87.713378, 41.7865528 ], [ -87.7133933, 41.7869951 ], [ -87.7134054, 41.7874524 ], [ -87.7134156, 41.7878392 ], [ -87.7134187, 41.7879134 ], [ -87.7134207, 41.7879824 ], [ -87.7134316, 41.7883614 ], [ -87.7134447, 41.7888166 ], [ -87.7134581, 41.7892815 ], [ -87.7134709, 41.7897275 ], [ -87.713375, 41.7897313 ], [ -87.7136663, 41.8006844 ], [ -87.7136164, 41.8006852 ], [ -87.7135158, 41.8006868 ], [ -87.7134583, 41.8006877 ], [ -87.7136693, 41.8007818 ], [ -87.7134553, 41.803637 ], [ -87.7137377, 41.8039109 ], [ -87.7137952, 41.8056155 ], [ -87.7139266, 41.8053576 ], [ -87.7140206, 41.8051768 ], [ -87.7141858, 41.8049025 ], [ -87.7143176, 41.8047031 ], [ -87.7144728, 41.8045006 ], [ -87.7146287, 41.8043226 ], [ -87.7149775, 41.8039962 ], [ -87.7152547, 41.803774 ], [ -87.7161805, 41.8034501 ], [ -87.7183842, 41.8025639 ], [ -87.7192963, 41.8021966 ], [ -87.720192, 41.8018044 ], [ -87.7230138, 41.8005596 ], [ -87.7282095, 41.7983427 ], [ -87.7282092, 41.7983165 ], [ -87.7282021, 41.7980392 ], [ -87.7281818, 41.7973315 ], [ -87.7281775, 41.7971863 ], [ -87.7281672, 41.796834 ], [ -87.7282784, 41.7968326 ], [ -87.7287876, 41.7968261 ], [ -87.7293912, 41.7968185 ], [ -87.7300187, 41.7968105 ], [ -87.7306211, 41.7968029 ], [ -87.7312351, 41.7967951 ], [ -87.7317354, 41.7967888 ], [ -87.7318184, 41.796787 ], [ -87.7318312, 41.7967876 ], [ -87.7330634, 41.7967867 ], [ -87.7331742, 41.7967854 ], [ -87.7342977, 41.7967727 ], [ -87.734398, 41.7967716 ], [ -87.7349042, 41.7967659 ], [ -87.7354107, 41.7967603 ], [ -87.7355252, 41.796759 ] ] ] } },
{ "type": "Feature", "properties": { "name": "Garfield Ridge", "overture_id": "bc73d169-c632-4322-9246-0672cae81281", "division_id": "a3a60ed5-551c-4139-94e0-490fdefe5830" }, "geometry": { "type": "Polygon", "coordinates": [ [ [ -87.7395982, 41.7857522 ], [ -87.7376364, 41.7857938 ], [ -87.737864, 41.7931113 ], [ -87.7379323, 41.7953069 ], [ -87.7385425, 41.8187778 ], [ -87.7386175, 41.8221045 ], [ -87.7435263, 41.8220083 ], [ -87.7448264, 41.8219836 ], [ -87.7445595, 41.816121 ], [ -87.745687, 41.815765 ], [ -87.74637, 41.81555 ], [ -87.747904, 41.815067 ], [ -87.748702, 41.814815 ], [ -87.748882, 41.814755 ], [ -87.748942, 41.814736 ], [ -87.751658, 41.813893 ], [ -87.752283, 41.8137 ], [ -87.753119, 41.813442 ], [ -87.753087, 41.813348 ], [ -87.752998, 41.811142 ], [ -87.752987, 41.810778 ], [ -87.752956, 41.809686 ], [ -87.752954, 41.809584 ], [ -87.75295, 41.809322 ], [ -87.75294, 41.808956 ], [ -87.752914, 41.8079493 ], [ -87.7529208, 41.8070437 ], [ -87.7528558, 41.8047994 ], [ -87.7527224, 41.8001907 ], [ -87.7528312, 41.8001893 ], [ -87.754578, 41.8001667 ], [ -87.7563921, 41.8001419 ], [ -87.762538, 41.800058 ], [ -87.7728881, 41.799874 ], [ -87.7732173, 41.799866 ], [ -87.7734977, 41.799859 ], [ -87.7736027, 41.7998567 ], [ -87.7741068, 41.7998394 ], [ -87.7746138, 41.7998262 ], [ -87.7747128, 41.7998235 ], [ -87.7748244, 41.7998213 ], [ -87.7753341, 41.7998117 ], [ -87.7755487, 41.7998055 ], [ -87.7758372, 41.7998005 ], [ -87.775941, 41.7997987 ], [ -87.7765569, 41.7997937 ], [ -87.7771526, 41.7997807 ], [ -87.7774143, 41.7997748 ], [ -87.7774475, 41.7997744 ], [ -87.7776358, 41.7997704 ], [ -87.7777759, 41.7997676 ], [ -87.7782924, 41.7997557 ], [ -87.7783891, 41.7997535 ], [ -87.7784903, 41.7997521 ], [ -87.7789815, 41.7997416 ], [ -87.7802111, 41.7997149 ], [ -87.7808134, 41.7997024 ], [ -87.7814307, 41.7996893 ], [ -87.7818053, 41.7996854 ], [ -87.7820381, 41.7996831 ], [ -87.7823399, 41.7996781 ], [ -87.7824096, 41.7996769 ], [ -87.7826499, 41.7996731 ], [ -87.7829259, 41.799668 ], [ -87.7831541, 41.7996641 ], [ -87.7832571, 41.7996623 ], [ -87.7833613, 41.7996604 ], [ -87.783867, 41.7996511 ], [ -87.7843681, 41.7996419 ], [ -87.7844666, 41.7996401 ], [ -87.7850319, 41.7996299 ], [ -87.785082, 41.7996291 ], [ -87.7855856, 41.7996199 ], [ -87.7856851, 41.7996181 ], [ -87.7858013, 41.799616 ], [ -87.7862959, 41.7996071 ], [ -87.7869046, 41.7995962 ], [ -87.7873209, 41.7995885 ], [ -87.7875206, 41.799585 ], [ -87.7881249, 41.7995751 ], [ -87.7887354, 41.799563 ], [ -87.7893491, 41.7995517 ], [ -87.7899502, 41.7995401 ], [ -87.7905523, 41.7995301 ], [ -87.7942021, 41.7994919 ], [ -87.7970671, 41.799452 ], [ -87.8018761, 41.7979119 ], [ -87.8016028, 41.7946444 ], [ -87.801585, 41.7937706 ], [ -87.8015773, 41.7935653 ], [ -87.8015711, 41.7933978 ], [ -87.8015673, 41.7932932 ], [ -87.8015531, 41.7929184 ], [ -87.8015509, 41.7928818 ], [ -87.8015511, 41.7928625 ], [ -87.8015514, 41.792839 ], [ -87.8015497, 41.7927571 ], [ -87.8015433, 41.7924758 ], [ -87.8015422, 41.792389 ], [ -87.801542, 41.7923767 ], [ -87.8015417, 41.7923629 ], [ -87.8015361, 41.7920823 ], [ -87.801415, 41.7892774 ], [ -87.8014048, 41.7890625 ], [ -87.8013966, 41.7889113 ], [ -87.8013855, 41.7886589 ], [ -87.8013672, 41.7881756 ], [ -87.8013455, 41.787715 ], [ -87.8013343, 41.7874504 ], [ -87.8012832, 41.7862439 ], [ -87.80127, 41.7859339 ], [ -87.8012607, 41.7857131 ], [ -87.801216, 41.784689 ], [ -87.796816, 41.7847626 ], [ -87.796295, 41.7847714 ], [ -87.7961854, 41.7847732 ], [ -87.7912985, 41.784855 ], [ -87.789477, 41.7848854 ], [ -87.7870357, 41.7849261 ], [ -87.7858148, 41.7849465 ], [ -87.7821587, 41.7850075 ], [ -87.7816501, 41.785016 ], [ -87.781534, 41.7850179 ], [ -87.771782, 41.7852054 ], [ -87.7656771, 41.7853228 ], [ -87.7620054, 41.785406 ], [ -87.7620006, 41.7852861 ], [ -87.7477603, 41.7855792 ], [ -87.7395982, 41.7857522 ] ] ] } },
{ "type": "Feature", "properties": { "name": "West Lawn", "overture_id": "c6b29fff-42cd-4c66-88db-887776a9af5c", "division_id": "420c5a78-ccb3-4961-9961-08ab6cdc3e02" }, "geometry": { "type": "Polygon", "coordinates": [ [ [ -87.74205, 41.771136 ], [ -87.7418927, 41.7642983 ], [ -87.7416146, 41.7572705 ], [ -87.7415781, 41.7564604 ], [ -87.741496, 41.753292 ], [ -87.7390333, 41.7530752 ], [ -87.7352905, 41.7531172 ], [ -87.7352823, 41.7529812 ], [ -87.7325353, 41.7529901 ], [ -87.732533, 41.7530373 ], [ -87.7325141, 41.753077 ], [ -87.7324497, 41.753095 ], [ -87.7323801, 41.7530813 ], [ -87.722037, 41.7533124 ], [ -87.7221366, 41.7546077 ], [ -87.7222359, 41.7613645 ], [ -87.7217209, 41.7611965 ], [ -87.7192024, 41.7598803 ], [ -87.7172337, 41.75906 ], [ -87.7164827, 41.7587398 ], [ -87.7162572, 41.7590156 ], [ -87.7147527, 41.7582376 ], [ -87.7141545, 41.7579235 ], [ -87.7138218, 41.7577571 ], [ -87.7132263, 41.757517 ], [ -87.7128832, 41.7574253 ], [ -87.712485, 41.7573474 ], [ -87.712576, 41.7604768 ], [ -87.7124592, 41.7604782 ], [ -87.7129235, 41.7788467 ], [ -87.7127973, 41.7788467 ], [ -87.7130417, 41.7860986 ], [ -87.7133663, 41.7860934 ], [ -87.7138811, 41.7860853 ], [ -87.7139791, 41.7860837 ], [ -87.7150903, 41.7860661 ], [ -87.7153076, 41.7860627 ], [ -87.7155012, 41.7860596 ], [ -87.7155973, 41.7860581 ], [ -87.7157132, 41.7860563 ], [ -87.71795, 41.7860208 ], [ -87.7180591, 41.7860191 ], [ -87.7181649, 41.7860175 ], [ -87.7203987, 41.7859821 ], [ -87.7205146, 41.78598 ], [ -87.7206158, 41.7859786 ], [ -87.7226188, 41.7859469 ], [ -87.7226482, 41.7859464 ], [ -87.722786, 41.7859444 ], [ -87.7229579, 41.7859415 ], [ -87.7235705, 41.7859353 ], [ -87.7237151, 41.7859339 ], [ -87.7239294, 41.7859317 ], [ -87.7241864, 41.7859291 ], [ -87.7253008, 41.7859179 ], [ -87.7254146, 41.7859168 ], [ -87.7278526, 41.7858923 ], [ -87.7284631, 41.7858861 ], [ -87.7285291, 41.7858854 ], [ -87.728972, 41.785881 ], [ -87.7290746, 41.78588 ], [ -87.7291855, 41.7858789 ], [ -87.7296908, 41.7858738 ], [ -87.730197, 41.7858687 ], [ -87.7302996, 41.7858676 ], [ -87.7304082, 41.7858664 ], [ -87.7314215, 41.7858555 ], [ -87.7315142, 41.7858545 ], [ -87.731517, 41.7858545 ], [ -87.7316327, 41.7858534 ], [ -87.7326425, 41.785844 ], [ -87.7327522, 41.785843 ], [ -87.7328573, 41.785842 ], [ -87.7333641, 41.7858368 ], [ -87.7338617, 41.7858317 ], [ -87.7339567, 41.7858308 ], [ -87.7340786, 41.7858296 ], [ -87.7345626, 41.7858247 ], [ -87.7350889, 41.7858194 ], [ -87.7352014, 41.7858183 ], [ -87.7353029, 41.7858174 ], [ -87.735798, 41.7858123 ], [ -87.7363089, 41.7858034 ], [ -87.7364183, 41.7858015 ], [ -87.7365208, 41.785801 ], [ -87.7372836, 41.7857974 ], [ -87.7376095, 41.7857941 ], [ -87.7376364, 41.7857938 ], [ -87.737226, 41.771198 ], [ -87.7374039, 41.7711957 ], [ -87.7411887, 41.7711471 ], [ -87.7419442, 41.7711373 ], [ -87.74205, 41.771136 ] ] ] } },
{ "type": "Feature", "properties": { "name": "Clearing", "overture_id": "5609de47-dbcc-4322-ac86-761c012a4a06", "division_id": "a549d04d-c61b-4f7c-adbb-849d17126f5a" }, "geometry": { "type": "Polygon", "coordinates": [ [ [ -87.752258, 41.774575 ], [ -87.7494863, 41.774628 ], [ -87.747038, 41.774668 ], [ -87.742165, 41.77478 ], [ -87.74205, 41.771136 ], [ -87.7419442, 41.7711373 ], [ -87.7411887, 41.7711471 ], [ -87.7374039, 41.7711957 ], [ -87.737226, 41.771198 ], [ -87.7376364, 41.7857938 ], [ -87.7395982, 41.7857522 ], [ -87.7477603, 41.7855792 ], [ -87.7620006, 41.7852861 ], [ -87.7620054, 41.785406 ], [ -87.7656771, 41.7853228 ], [ -87.771782, 41.7852054 ], [ -87.781534, 41.7850179 ], [ -87.7816501, 41.785016 ], [ -87.7821587, 41.7850075 ], [ -87.7858148, 41.7849465 ], [ -87.7870357, 41.7849261 ], [ -87.789477, 41.7848854 ], [ -87.7912985, 41.784855 ], [ -87.7961854, 41.7847732 ], [ -87.796295, 41.7847714 ], [ -87.796816, 41.7847626 ], [ -87.801216, 41.784689 ], [ -87.8012129, 41.7845964 ], [ -87.8011975, 41.7842493 ], [ -87.8011916, 41.7841128 ], [ -87.8011754, 41.783738 ], [ -87.8011654, 41.7835064 ], [ -87.8011546, 41.7832552 ], [ -87.8011501, 41.7831463 ], [ -87.8011449, 41.7830203 ], [ -87.8011381, 41.7828562 ], [ -87.8011347, 41.7827758 ], [ -87.8010954, 41.7818629 ], [ -87.8010718, 41.7813132 ], [ -87.801056, 41.7809477 ], [ -87.801038, 41.7805129 ], [ -87.8010215, 41.7800324 ], [ -87.8010121, 41.7798099 ], [ -87.8010052, 41.7796317 ], [ -87.8009873, 41.7791613 ], [ -87.8009858, 41.7791206 ], [ -87.8009504, 41.7782909 ], [ -87.8009479, 41.7782328 ], [ -87.8009315, 41.7778469 ], [ -87.8009231, 41.7776508 ], [ -87.8009213, 41.7776077 ], [ -87.8009146, 41.7774495 ], [ -87.8009115, 41.7773779 ], [ -87.8009106, 41.7773576 ], [ -87.8009026, 41.7772296 ], [ -87.8008965, 41.7771134 ], [ -87.8008855, 41.7769059 ], [ -87.80088, 41.7768025 ], [ -87.8008906, 41.7766994 ], [ -87.8009054, 41.7765874 ], [ -87.8009088, 41.7765717 ], [ -87.8009156, 41.7765408 ], [ -87.8009255, 41.7764954 ], [ -87.8009684, 41.7763713 ], [ -87.8010136, 41.7762842 ], [ -87.800985, 41.776173 ], [ -87.800895, 41.775898 ], [ -87.800865, 41.775807 ], [ -87.800853, 41.775747 ], [ -87.8008354, 41.7756298 ], [ -87.800831, 41.77547 ], [ -87.8008186, 41.7751364 ], [ -87.8008138, 41.7749706 ], [ -87.8007773, 41.7737122 ], [ -87.7908459, 41.773864 ], [ -87.7810826, 41.7740237 ], [ -87.762861, 41.77438 ], [ -87.760266, 41.774427 ], [ -87.756733, 41.774493 ], [ -87.752258, 41.774575 ] ] ] } },
{ "type": "Feature", "properties": { "name": "North Lawndale", "overture_id": "90cdf07a-f8f6-45b6-a3e1-ed755fbe63af", "division_id": "1b5bff5a-583d-499f-9824-f722d27923d7" }, "geometry": { "type": "Polygon", "coordinates": [ [ [ -87.7388837, 41.8692524 ], [ -87.7398961, 41.8689713 ], [ -87.7397212, 41.8659639 ], [ -87.7399558, 41.8659668 ], [ -87.73984, 41.861864 ], [ -87.7394848, 41.8513504 ], [ -87.7392483, 41.8455374 ], [ -87.7222199, 41.8493405 ], [ -87.7222784, 41.8515952 ], [ -87.7196322, 41.8516271 ], [ -87.7125915, 41.8517 ], [ -87.7125462, 41.8517019 ], [ -87.7125001, 41.8517052 ], [ -87.7124669, 41.8517089 ], [ -87.7124511, 41.8517107 ], [ -87.7124041, 41.8517181 ], [ -87.7123431, 41.8517301 ], [ -87.7117591, 41.8518616 ], [ -87.7113511, 41.8519547 ], [ -87.711294, 41.8519641 ], [ -87.7112423, 41.8519654 ], [ -87.711201, 41.8519579 ], [ -87.7111652, 41.8519379 ], [ -87.711168, 41.852063 ], [ -87.7111989, 41.8534797 ], [ -87.7112005, 41.8535514 ], [ -87.7040789, 41.853602 ], [ -87.7038037, 41.8536239 ], [ -87.7034752, 41.8536721 ], [ -87.7029812, 41.8537789 ], [ -87.7028708, 41.8538029 ], [ -87.7028848, 41.855466 ], [ -87.6992213, 41.8555102 ], [ -87.695572, 41.8555548 ], [ -87.6955677, 41.8554193 ], [ -87.6955659, 41.8553638 ], [ -87.695563, 41.8552721 ], [ -87.6879992, 41.8569622 ], [ -87.6880965, 41.8593426 ], [ -87.6882746, 41.8593404 ], [ -87.6883266, 41.8611543 ], [ -87.6880928, 41.8611572 ], [ -87.6881582, 41.8628239 ], [ -87.6883493, 41.8635285 ], [ -87.6891633, 41.8644413 ], [ -87.6896327, 41.8651704 ], [ -87.6904333, 41.8664428 ], [ -87.6905644, 41.8667021 ], [ -87.6905948, 41.8667512 ], [ -87.6906672, 41.8668645 ], [ -87.6907289, 41.8669609 ], [ -87.6908323, 41.8671328 ], [ -87.6909074, 41.8672747 ], [ -87.6909665, 41.8673986 ], [ -87.691, 41.8674887 ], [ -87.6910404, 41.8676216 ], [ -87.6910833, 41.8678045 ], [ -87.6911329, 41.8680533 ], [ -87.6911597, 41.8682691 ], [ -87.6911731, 41.8684759 ], [ -87.6911812, 41.8687136 ], [ -87.6912105, 41.8692984 ], [ -87.6958478, 41.8692254 ], [ -87.695864, 41.869227 ], [ -87.6959816, 41.8692354 ], [ -87.696086, 41.8692431 ], [ -87.6961005, 41.8692442 ], [ -87.7057574, 41.8691404 ], [ -87.7057647, 41.8693297 ], [ -87.7057919, 41.8700572 ], [ -87.7059197, 41.8700607 ], [ -87.7082033, 41.8700335 ], [ -87.7165865, 41.8699308 ], [ -87.7179765, 41.8699196 ], [ -87.7202387, 41.8698645 ], [ -87.7201853, 41.8685695 ], [ -87.7252544, 41.8685111 ], [ -87.7252738, 41.8690906 ], [ -87.7254096, 41.8690891 ], [ -87.726366, 41.8690785 ], [ -87.7276136, 41.8690647 ], [ -87.7277111, 41.8690636 ], [ -87.727831, 41.8690623 ], [ -87.7300664, 41.8690376 ], [ -87.7301594, 41.8690366 ], [ -87.7302782, 41.8690347 ], [ -87.7307765, 41.8690269 ], [ -87.7324765, 41.8690001 ], [ -87.7325829, 41.8689984 ], [ -87.7325957, 41.869467 ], [ -87.7326086, 41.8699402 ], [ -87.7326243, 41.870515 ], [ -87.7326382, 41.8709097 ], [ -87.7326409, 41.870986 ], [ -87.7326835, 41.8709742 ], [ -87.7327727, 41.8709494 ], [ -87.7328583, 41.8709256 ], [ -87.7347883, 41.8703897 ], [ -87.7350098, 41.8703273 ], [ -87.7351303, 41.8702947 ], [ -87.7352239, 41.8702687 ], [ -87.7355938, 41.870166 ], [ -87.7358414, 41.8700972 ], [ -87.7364238, 41.8699355 ], [ -87.7375396, 41.8696257 ], [ -87.737753, 41.8695664 ], [ -87.7388837, 41.8692524 ] ] ] } },
{ "type": "Feature", "properties": { "name": "West Garfield Park", "overture_id": "fdf3a6d0-98a9-44f6-b6b1-4fd865ff4b62", "division_id": "e2e8ec19-edcc-4392-8e54-93dd7985638d" }, "geometry": { "type": "Polygon", "coordinates": [ [ [ -87.7247993, 41.8880478 ], [ -87.7247878, 41.8878441 ], [ -87.7258722, 41.8878282 ], [ -87.7258798, 41.8880298 ], [ -87.7381614, 41.8878763 ], [ -87.7406056, 41.8878482 ], [ -87.740229, 41.8769086 ], [ -87.7395008, 41.876917 ], [ -87.7394887, 41.8765568 ], [ -87.7394855, 41.8764606 ], [ -87.7394705, 41.8760108 ], [ -87.7394551, 41.875551 ], [ -87.7394426, 41.8751769 ], [ -87.7394395, 41.8750852 ], [ -87.7394373, 41.8750181 ], [ -87.7394244, 41.8746323 ], [ -87.739412, 41.8742625 ], [ -87.7394089, 41.8741705 ], [ -87.7394068, 41.8741059 ], [ -87.7393939, 41.8737213 ], [ -87.7393787, 41.8732672 ], [ -87.7400518, 41.8732582 ], [ -87.7400193, 41.8720343 ], [ -87.7398961, 41.8689713 ], [ -87.7388837, 41.8692524 ], [ -87.737753, 41.8695664 ], [ -87.7375396, 41.8696257 ], [ -87.7364238, 41.8699355 ], [ -87.7358414, 41.8700972 ], [ -87.7355938, 41.870166 ], [ -87.7352239, 41.8702687 ], [ -87.7351303, 41.8702947 ], [ -87.7350098, 41.8703273 ], [ -87.7347883, 41.8703897 ], [ -87.7328583, 41.8709256 ], [ -87.7327727, 41.8709494 ], [ -87.7326835, 41.8709742 ], [ -87.7326409, 41.870986 ], [ -87.7326382, 41.8709097 ], [ -87.7326243, 41.870515 ], [ -87.7326086, 41.8699402 ], [ -87.7325957, 41.869467 ], [ -87.7325829, 41.8689984 ], [ -87.7324765, 41.8690001 ], [ -87.7307765, 41.8690269 ], [ -87.7302782, 41.8690347 ], [ -87.7301594, 41.8690366 ], [ -87.7300664, 41.8690376 ], [ -87.727831, 41.8690623 ], [ -87.7277111, 41.8690636 ], [ -87.7276136, 41.8690647 ], [ -87.726366, 41.8690785 ], [ -87.7254096, 41.8690891 ], [ -87.7252738, 41.8690906 ], [ -87.7252544, 41.8685111 ], [ -87.7201853, 41.8685695 ], [ -87.7202387, 41.8698645 ], [ -87.7203902, 41.8742358 ], [ -87.7204003, 41.8742495 ], [ -87.7203981, 41.8744482 ], [ -87.7203958, 41.8745351 ], [ -87.7204107, 41.874904 ], [ -87.720415, 41.8749494 ], [ -87.7204328, 41.8750596 ], [ -87.7205104, 41.8753332 ], [ -87.7205447, 41.8754418 ], [ -87.7205916, 41.8755914 ], [ -87.7206171, 41.8756971 ], [ -87.7206355, 41.8757995 ], [ -87.7206464, 41.8759242 ], [ -87.7206595, 41.8762438 ], [ -87.7206604, 41.8763252 ], [ -87.7206826, 41.8770683 ], [ -87.7206837, 41.8771542 ], [ -87.7206879, 41.8772412 ], [ -87.7206934, 41.8774395 ], [ -87.7207086, 41.8778963 ], [ -87.7207132, 41.8780361 ], [ -87.7207433, 41.8788562 ], [ -87.7207467, 41.8789379 ], [ -87.7207498, 41.879021 ], [ -87.7207722, 41.8798235 ], [ -87.7207909, 41.8803328 ], [ -87.7208109, 41.8806155 ], [ -87.720817, 41.8806968 ], [ -87.7207532, 41.8807966 ], [ -87.7207581, 41.8809011 ], [ -87.7207758, 41.8811574 ], [ -87.7207887, 41.8813571 ], [ -87.7208073, 41.8816442 ], [ -87.7208187, 41.8818053 ], [ -87.7208245, 41.8819084 ], [ -87.7208279, 41.8819985 ], [ -87.7208552, 41.8830047 ], [ -87.720859, 41.883139 ], [ -87.7208829, 41.8840145 ], [ -87.7208856, 41.8840909 ], [ -87.7209156, 41.8851126 ], [ -87.7209169, 41.8851573 ], [ -87.7209186, 41.8852152 ], [ -87.72092, 41.8852608 ], [ -87.7209222, 41.8853917 ], [ -87.7209643, 41.8868181 ], [ -87.7209907, 41.8877137 ], [ -87.7209951, 41.8878601 ], [ -87.7210012, 41.8880785 ], [ -87.7246267, 41.8880287 ], [ -87.7247993, 41.8880478 ] ] ] } },
{ "type": "Feature", "properties": { "name": "East Garfield Park", "overture_id": "bb1f7b7d-ccdb-43ec-90fc-7e10e230d1dd", "division_id": "d5ce658f-3dd4-4d67-92f6-f0a5782154c9" }, "geometry": { "type": "Polygon", "coordinates": [ [ [ -87.7112206, 41.8882031 ], [ -87.7136606, 41.8881724 ], [ -87.716577, 41.8881366 ], [ -87.7210012, 41.8880785 ], [ -87.7209951, 41.8878601 ], [ -87.7209907, 41.8877137 ], [ -87.7209643, 41.8868181 ], [ -87.7209222, 41.8853917 ], [ -87.72092, 41.8852608 ], [ -87.7209186, 41.8852152 ], [ -87.7209169, 41.8851573 ], [ -87.7209156, 41.8851126 ], [ -87.7208856, 41.8840909 ], [ -87.7208829, 41.8840145 ], [ -87.720859, 41.883139 ], [ -87.7208552, 41.8830047 ], [ -87.7208279, 41.8819985 ], [ -87.7208245, 41.8819084 ], [ -87.7208187, 41.8818053 ], [ -87.7208073, 41.8816442 ], [ -87.7207887, 41.8813571 ], [ -87.7207758, 41.8811574 ], [ -87.7207581, 41.8809011 ], [ -87.7207532, 41.8807966 ], [ -87.720817, 41.8806968 ], [ -87.7208109, 41.8806155 ], [ -87.7207909, 41.8803328 ], [ -87.7207722, 41.8798235 ], [ -87.7207498, 41.879021 ], [ -87.7207467, 41.8789379 ], [ -87.7207433, 41.8788562 ], [ -87.7207132, 41.8780361 ], [ -87.7207086, 41.8778963 ], [ -87.7206934, 41.8774395 ], [ -87.7206879, 41.8772412 ], [ -87.7206837, 41.8771542 ], [ -87.7206826, 41.8770683 ], [ -87.7206604, 41.8763252 ], [ -87.7206595, 41.8762438 ], [ -87.7206464, 41.8759242 ], [ -87.7206355, 41.8757995 ], [ -87.7206171, 41.8756971 ], [ -87.7205916, 41.8755914 ], [ -87.7205447, 41.8754418 ], [ -87.7205104, 41.8753332 ], [ -87.7204328, 41.8750596 ], [ -87.720415, 41.8749494 ], [ -87.7204107, 41.874904 ], [ -87.7203958, 41.8745351 ], [ -87.7203981, 41.8744482 ], [ -87.7204003, 41.8742495 ], [ -87.7203902, 41.8742358 ], [ -87.7202387, 41.8698645 ], [ -87.7179765, 41.8699196 ], [ -87.7165865, 41.8699308 ], [ -87.7082033, 41.8700335 ], [ -87.7059197, 41.8700607 ], [ -87.7057919, 41.8700572 ], [ -87.7057647, 41.8693297 ], [ -87.7057574, 41.8691404 ], [ -87.6961005, 41.8692442 ], [ -87.696086, 41.8692431 ], [ -87.6959816, 41.8692354 ], [ -87.695864, 41.869227 ], [ -87.6958478, 41.8692254 ], [ -87.6912105, 41.8692984 ], [ -87.6912568, 41.8711119 ], [ -87.6912105, 41.8711123 ], [ -87.691282, 41.8738419 ], [ -87.691316, 41.8749512 ], [ -87.6914273, 41.877489 ], [ -87.691453, 41.8783898 ], [ -87.691475, 41.8793086 ], [ -87.6914965, 41.8802111 ], [ -87.6915268, 41.8811184 ], [ -87.6921678, 41.8811119 ], [ -87.6921705, 41.8812004 ], [ -87.6921712, 41.8812239 ], [ -87.6921819, 41.8815836 ], [ -87.6921932, 41.8819577 ], [ -87.6921952, 41.8820333 ], [ -87.6921976, 41.8821196 ], [ -87.6922002, 41.8822158 ], [ -87.6922178, 41.8828456 ], [ -87.6922204, 41.8829371 ], [ -87.6922243, 41.8830715 ], [ -87.6922309, 41.8833142 ], [ -87.6922395, 41.8836212 ], [ -87.6922415, 41.8836926 ], [ -87.6922436, 41.8837657 ], [ -87.6922514, 41.884045 ], [ -87.6922659, 41.8842914 ], [ -87.6922672, 41.8843144 ], [ -87.6922688, 41.8843517 ], [ -87.6922722, 41.8844085 ], [ -87.6921232, 41.8844141 ], [ -87.691515, 41.8844387 ], [ -87.6915437, 41.8858348 ], [ -87.6915357, 41.885951 ], [ -87.69152, 41.8860648 ], [ -87.6915056, 41.8861467 ], [ -87.691474, 41.8862537 ], [ -87.6914536, 41.8863228 ], [ -87.6913855, 41.8864949 ], [ -87.6912422, 41.8867705 ], [ -87.6911805, 41.8868839 ], [ -87.6910813, 41.8870061 ], [ -87.6910254, 41.8870732 ], [ -87.6909697, 41.8871355 ], [ -87.6908823, 41.8872118 ], [ -87.6907669, 41.8872996 ], [ -87.6906988, 41.8873503 ], [ -87.6906017, 41.8874114 ], [ -87.6905191, 41.8874666 ], [ -87.6904183, 41.8875257 ], [ -87.6902996, 41.8875829 ], [ -87.69019, 41.8876361 ], [ -87.690009, 41.8877136 ], [ -87.6896482, 41.8878181 ], [ -87.6890838, 41.8879474 ], [ -87.6887721, 41.888021 ], [ -87.6882375, 41.8881362 ], [ -87.688017, 41.8881818 ], [ -87.6878105, 41.8882238 ], [ -87.6876129, 41.8882574 ], [ -87.6874446, 41.8882721 ], [ -87.6916269, 41.8882823 ], [ -87.6964397, 41.8883083 ], [ -87.7006176, 41.8882759 ], [ -87.7013894, 41.8882432 ], [ -87.7013858, 41.8881834 ], [ -87.7038735, 41.8881634 ], [ -87.7038723, 41.8882798 ], [ -87.7063331, 41.888256 ], [ -87.7093368, 41.8882306 ], [ -87.7112206, 41.8882031 ] ] ] } },
{ "type": "Feature", "properties": { "name": "Austin", "overture_id": "52d20aef-ba5c-4440-824c-0f82177a13e0", "division_id": "eb8e94a7-c1ce-406c-a85b-77aff1d690df" }, "geometry": { "type": "Polygon", "coordinates": [ [ [ -87.7460136, 41.9143005 ], [ -87.7482534, 41.9146192 ], [ -87.7558805, 41.9155591 ], [ -87.7558788, 41.915518 ], [ -87.756729, 41.915824 ], [ -87.7626454, 41.9165506 ], [ -87.7636271, 41.9166704 ], [ -87.7644425, 41.9167303 ], [ -87.7655967, 41.9167568 ], [ -87.7851053, 41.9164704 ], [ -87.785282, 41.9164777 ], [ -87.785642, 41.9164843 ], [ -87.786023, 41.9165204 ], [ -87.7863026, 41.9165566 ], [ -87.7868475, 41.916652 ], [ -87.7871256, 41.9167151 ], [ -87.787357, 41.9167723 ], [ -87.7876518, 41.9168565 ], [ -87.7883208, 41.9170852 ], [ -87.7892818, 41.9174376 ], [ -87.7915084, 41.9181317 ], [ -87.7924498, 41.918472 ], [ -87.7930788, 41.9187015 ], [ -87.7936072, 41.9188951 ], [ -87.7937268, 41.9189377 ], [ -87.7941812, 41.9190966 ], [ -87.7942868, 41.9191346 ], [ -87.7947049, 41.9192817 ], [ -87.794992, 41.919388 ], [ -87.7951177, 41.919431 ], [ -87.7951194, 41.9194911 ], [ -87.7952416, 41.9195325 ], [ -87.7970895, 41.9202262 ], [ -87.8002909, 41.9213773 ], [ -87.8005497, 41.9214685 ], [ -87.8006854, 41.9215172 ], [ -87.8008094, 41.9215587 ], [ -87.8014078, 41.9217812 ], [ -87.802399, 41.9221434 ], [ -87.8025332, 41.9221925 ], [ -87.8041448, 41.922768 ], [ -87.804252, 41.9228015 ], [ -87.8043724, 41.9228351 ], [ -87.8045236, 41.9228799 ], [ -87.8049431, 41.9230043 ], [ -87.8057756, 41.9232278 ], [ -87.806229, 41.923322 ], [ -87.8062285, 41.923306 ], [ -87.8062277, 41.923282 ], [ -87.8062234, 41.923146 ], [ -87.8062217, 41.9230931 ], [ -87.8062166, 41.9229331 ], [ -87.8062013, 41.9224531 ], [ -87.8061962, 41.9222931 ], [ -87.8061925, 41.9221771 ], [ -87.8061814, 41.9218301 ], [ -87.8061778, 41.9217151 ], [ -87.8061737, 41.9215861 ], [ -87.8061614, 41.9212021 ], [ -87.8061574, 41.9210741 ], [ -87.8061496, 41.9208301 ], [ -87.8061263, 41.9200991 ], [ -87.8061185, 41.9198561 ], [ -87.8061068, 41.9194891 ], [ -87.8060718, 41.9183891 ], [ -87.8060601, 41.9180231 ], [ -87.8060484, 41.9176561 ], [ -87.8060382, 41.9173361 ], [ -87.8060141, 41.9166481 ], [ -87.8060133, 41.9165551 ], [ -87.8060025, 41.9162151 ], [ -87.8060017, 41.9161891 ], [ -87.8059945, 41.9159641 ], [ -87.80599, 41.9158231 ], [ -87.8059843, 41.9156445 ], [ -87.8059768, 41.915408 ], [ -87.8059654, 41.9150501 ], [ -87.805958, 41.9148656 ], [ -87.805955, 41.9147261 ], [ -87.8059423, 41.914364 ], [ -87.8059317, 41.9139951 ], [ -87.8058968, 41.9128981 ], [ -87.8058852, 41.9125344 ], [ -87.8058735, 41.9121671 ], [ -87.8058386, 41.911071 ], [ -87.8058269, 41.910706 ], [ -87.8058154, 41.9103449 ], [ -87.8057915, 41.9095946 ], [ -87.8057701, 41.9089936 ], [ -87.8057685, 41.9088726 ], [ -87.8025656, 41.908913 ], [ -87.8013657, 41.9089281 ], [ -87.8011797, 41.9089305 ], [ -87.8009988, 41.9089327 ], [ -87.8004568, 41.9089396 ], [ -87.8002768, 41.9089419 ], [ -87.8001408, 41.9089436 ], [ -87.7997357, 41.9089487 ], [ -87.7996007, 41.9089504 ], [ -87.7993697, 41.9089533 ], [ -87.7986797, 41.908962 ], [ -87.7984497, 41.9089649 ], [ -87.7984087, 41.9089654 ], [ -87.7982877, 41.9089669 ], [ -87.7982477, 41.9089674 ], [ -87.7981237, 41.908969 ], [ -87.7980387, 41.9089701 ], [ -87.7979997, 41.9089706 ], [ -87.7976017, 41.9089756 ], [ -87.7974117, 41.908978 ], [ -87.7972037, 41.9089806 ], [ -87.7970727, 41.9089823 ], [ -87.7966817, 41.9089872 ], [ -87.7965517, 41.9089888 ], [ -87.7964387, 41.9089903 ], [ -87.7960997, 41.9089945 ], [ -87.7959877, 41.9089959 ], [ -87.7957997, 41.9089983 ], [ -87.7954629, 41.9090026 ], [ -87.7952397, 41.9090054 ], [ -87.7950593, 41.9090076 ], [ -87.7950347, 41.909008 ], [ -87.7948476, 41.9090103 ], [ -87.7946056, 41.9090134 ], [ -87.7940316, 41.9090206 ], [ -87.7938406, 41.909023 ], [ -87.7937847, 41.9090237 ], [ -87.7936196, 41.9090258 ], [ -87.7935656, 41.9090265 ], [ -87.7933776, 41.9090289 ], [ -87.7928156, 41.9090359 ], [ -87.7926286, 41.9090383 ], [ -87.7925706, 41.909039 ], [ -87.7923986, 41.9090412 ], [ -87.7923416, 41.9090419 ], [ -87.7922083, 41.9090436 ], [ -87.7916056, 41.9090512 ], [ -87.7914226, 41.9090535 ], [ -87.7913606, 41.9090543 ], [ -87.7911776, 41.9090566 ], [ -87.7911166, 41.9090574 ], [ -87.7909346, 41.9090597 ], [ -87.7903886, 41.9090665 ], [ -87.7902076, 41.9090688 ], [ -87.7901446, 41.9090696 ], [ -87.7899576, 41.909072 ], [ -87.7898956, 41.9090728 ], [ -87.7896646, 41.9090757 ], [ -87.7889736, 41.9090844 ], [ -87.7887437, 41.9090873 ], [ -87.7886467, 41.9090885 ], [ -87.7883587, 41.9090921 ], [ -87.7882627, 41.9090934 ], [ -87.7880787, 41.9090957 ], [ -87.7875287, 41.9091026 ], [ -87.7873457, 41.9091049 ], [ -87.7872027, 41.9091067 ], [ -87.7870737, 41.9091083 ], [ -87.7867746, 41.9091121 ], [ -87.7866326, 41.9091139 ], [ -87.7865146, 41.9091154 ], [ -87.7861637, 41.9091198 ], [ -87.7860467, 41.9091213 ], [ -87.7858367, 41.9091239 ], [ -87.7852107, 41.9091318 ], [ -87.7850017, 41.9091345 ], [ -87.7849597, 41.909135 ], [ -87.7848367, 41.9091366 ], [ -87.7847957, 41.9091371 ], [ -87.7846449, 41.909139 ], [ -87.7845067, 41.9091407 ], [ -87.7843885, 41.9091422 ], [ -87.7841564, 41.9091451 ], [ -87.7836427, 41.9091516 ], [ -87.7833547, 41.9091552 ], [ -87.7831077, 41.9091584 ], [ -87.7824167, 41.9091671 ], [ -87.7823668, 41.9091677 ], [ -87.7821209, 41.9091708 ], [ -87.7820389, 41.9091718 ], [ -87.781936, 41.9091731 ], [ -87.781794, 41.9091749 ], [ -87.781713, 41.9091759 ], [ -87.781534, 41.9091782 ], [ -87.780998, 41.909185 ], [ -87.78082, 41.9091872 ], [ -87.780677, 41.909189 ], [ -87.78025, 41.9091944 ], [ -87.780108, 41.9091962 ], [ -87.779989, 41.9091977 ], [ -87.779633, 41.9092022 ], [ -87.779515, 41.9092037 ], [ -87.779385, 41.9092053 ], [ -87.778997, 41.9092102 ], [ -87.778868, 41.9092118 ], [ -87.778736, 41.9092135 ], [ -87.778341, 41.9092185 ], [ -87.778098, 41.9092215 ], [ -87.777763, 41.9092258 ], [ -87.777652, 41.9092272 ], [ -87.777503, 41.909229 ], [ -87.777056, 41.9092347 ], [ -87.776813, 41.9092377 ], [ -87.776657, 41.9092397 ], [ -87.776531, 41.9092413 ], [ -87.776437, 41.9092425 ], [ -87.776269, 41.9092446 ], [ -87.775767, 41.9092509 ], [ -87.7755771, 41.9092533 ], [ -87.7750369, 41.8918642 ], [ -87.774656, 41.880087 ], [ -87.7746547, 41.8800336 ], [ -87.774208, 41.867654 ], [ -87.774195, 41.867289 ], [ -87.774181, 41.866923 ], [ -87.77417, 41.866602 ], [ -87.774143, 41.865825 ], [ -87.774139, 41.865705 ], [ -87.774135, 41.8655641 ], [ -87.7741322, 41.8654611 ], [ -87.774014, 41.8654628 ], [ -87.7684594, 41.8655425 ], [ -87.7663299, 41.8655729 ], [ -87.7659333, 41.8655786 ], [ -87.7655218, 41.8655845 ], [ -87.7654817, 41.8655851 ], [ -87.7640609, 41.8656058 ], [ -87.7636814, 41.8656118 ], [ -87.7447397, 41.8658856 ], [ -87.7440599, 41.8658971 ], [ -87.7399558, 41.8659668 ], [ -87.7397212, 41.8659639 ], [ -87.7398961, 41.8689713 ], [ -87.7400193, 41.8720343 ], [ -87.7400518, 41.8732582 ], [ -87.7393787, 41.8732672 ], [ -87.7393939, 41.8737213 ], [ -87.7394068, 41.8741059 ], [ -87.7394089, 41.8741705 ], [ -87.739412, 41.8742625 ], [ -87.7394244, 41.8746323 ], [ -87.7394373, 41.8750181 ], [ -87.7394395, 41.8750852 ], [ -87.7394426, 41.8751769 ], [ -87.7394551, 41.875551 ], [ -87.7394705, 41.8760108 ], [ -87.7394855, 41.8764606 ], [ -87.7394887, 41.8765568 ], [ -87.7395008, 41.876917 ], [ -87.740229, 41.8769086 ], [ -87.7406056, 41.8878482 ], [ -87.7407666, 41.8914475 ], [ -87.7406084, 41.8914475 ], [ -87.74111, 41.8950494 ], [ -87.7411984, 41.898771 ], [ -87.7413224, 41.8987689 ], [ -87.7413406, 41.8991222 ], [ -87.7414023, 41.9006475 ], [ -87.7411877, 41.9006475 ], [ -87.7413943, 41.9096505 ], [ -87.7413916, 41.909902 ], [ -87.7413514, 41.9105567 ], [ -87.7412575, 41.911938 ], [ -87.7413043, 41.9139149 ], [ -87.7460216, 41.9144913 ], [ -87.7460136, 41.9143005 ] ] ] } },
{ "type": "Feature", "properties": { "name": "Montclare", "overture_id": "f0b7d7b4-1ea4-4a00-a27f-3501ef551f78", "division_id": "f51ff65a-0099-47d5-ae6e-e4abf3194a17" }, "geometry": { "type": "Polygon", "coordinates": [ [ [ -87.8049834, 41.9380248 ], [ -87.8067372, 41.9380008 ], [ -87.8066781, 41.9363807 ], [ -87.8066123, 41.9345189 ], [ -87.8065597, 41.9329957 ], [ -87.8064857, 41.9308306 ], [ -87.806229, 41.923322 ], [ -87.8057756, 41.9232278 ], [ -87.8049431, 41.9230043 ], [ -87.8045236, 41.9228799 ], [ -87.8043724, 41.9228351 ], [ -87.804252, 41.9228015 ], [ -87.8041448, 41.922768 ], [ -87.8025332, 41.9221925 ], [ -87.802399, 41.9221434 ], [ -87.8014078, 41.9217812 ], [ -87.8008094, 41.9215587 ], [ -87.8006854, 41.9215172 ], [ -87.8005497, 41.9214685 ], [ -87.8002909, 41.9213773 ], [ -87.7970895, 41.9202262 ], [ -87.7952416, 41.9195325 ], [ -87.7951194, 41.9194911 ], [ -87.7951177, 41.919431 ], [ -87.794992, 41.919388 ], [ -87.7947049, 41.9192817 ], [ -87.7942868, 41.9191346 ], [ -87.7941812, 41.9190966 ], [ -87.7937268, 41.9189377 ], [ -87.7936072, 41.9188951 ], [ -87.7930788, 41.9187015 ], [ -87.7924498, 41.918472 ], [ -87.7915084, 41.9181317 ], [ -87.7892818, 41.9174376 ], [ -87.7895879, 41.9176357 ], [ -87.7896912, 41.9177275 ], [ -87.7898105, 41.9178523 ], [ -87.7899124, 41.917981 ], [ -87.7900077, 41.9181277 ], [ -87.7900801, 41.9182604 ], [ -87.7901364, 41.9183782 ], [ -87.7901874, 41.9185378 ], [ -87.7902155, 41.9186745 ], [ -87.7902343, 41.9188242 ], [ -87.790245, 41.9189819 ], [ -87.7902544, 41.9192393 ], [ -87.7902745, 41.9199259 ], [ -87.790304, 41.9207232 ], [ -87.7903322, 41.9215973 ], [ -87.790355, 41.9223487 ], [ -87.7903805, 41.9231191 ], [ -87.7903979, 41.9236341 ], [ -87.7904247, 41.924514 ], [ -87.7904502, 41.9252574 ], [ -87.7904838, 41.9262442 ], [ -87.7905159, 41.9271741 ], [ -87.7905508, 41.9283146 ], [ -87.790575, 41.9291078 ], [ -87.7906018, 41.9298791 ], [ -87.790627, 41.9308299 ], [ -87.7906301, 41.9309474 ], [ -87.7906347, 41.9310312 ], [ -87.7906759, 41.9327747 ], [ -87.7906643, 41.9327751 ], [ -87.7905827, 41.932776 ], [ -87.7907642, 41.938239 ], [ -87.8039808, 41.9380396 ], [ -87.8049834, 41.9380248 ] ] ] } },
{ "type": "Feature", "properties": { "name": "Belmont Cragin", "overture_id": "cd8045f9-3621-4729-9416-5859ca16aec3", "division_id": "c570de70-4bee-4c5a-ab65-4d4ff48f9e26" }, "geometry": { "type": "Polygon", "coordinates": [ [ [ -87.776351, 41.9384501 ], [ -87.781351, 41.93838 ], [ -87.7906798, 41.9382413 ], [ -87.7907642, 41.938239 ], [ -87.7905827, 41.932776 ], [ -87.7906643, 41.9327751 ], [ -87.7906759, 41.9327747 ], [ -87.7906347, 41.9310312 ], [ -87.7906301, 41.9309474 ], [ -87.790627, 41.9308299 ], [ -87.7906018, 41.9298791 ], [ -87.790575, 41.9291078 ], [ -87.7905508, 41.9283146 ], [ -87.7905159, 41.9271741 ], [ -87.7904838, 41.9262442 ], [ -87.7904502, 41.9252574 ], [ -87.7904247, 41.924514 ], [ -87.7903979, 41.9236341 ], [ -87.7903805, 41.9231191 ], [ -87.790355, 41.9223487 ], [ -87.7903322, 41.9215973 ], [ -87.790304, 41.9207232 ], [ -87.7902745, 41.9199259 ], [ -87.7902544, 41.9192393 ], [ -87.790245, 41.9189819 ], [ -87.7902343, 41.9188242 ], [ -87.7902155, 41.9186745 ], [ -87.7901874, 41.9185378 ], [ -87.7901364, 41.9183782 ], [ -87.7900801, 41.9182604 ], [ -87.7900077, 41.9181277 ], [ -87.7899124, 41.917981 ], [ -87.7898105, 41.9178523 ], [ -87.7896912, 41.9177275 ], [ -87.7895879, 41.9176357 ], [ -87.7892818, 41.9174376 ], [ -87.7883208, 41.9170852 ], [ -87.7876518, 41.9168565 ], [ -87.787357, 41.9167723 ], [ -87.7871256, 41.9167151 ], [ -87.7868475, 41.916652 ], [ -87.7863026, 41.9165566 ], [ -87.786023, 41.9165204 ], [ -87.785642, 41.9164843 ], [ -87.785282, 41.9164777 ], [ -87.7851053, 41.9164704 ], [ -87.7655967, 41.9167568 ], [ -87.7644425, 41.9167303 ], [ -87.7636271, 41.9166704 ], [ -87.7626454, 41.9165506 ], [ -87.756729, 41.915824 ], [ -87.7558788, 41.915518 ], [ -87.7558805, 41.9155591 ], [ -87.7482534, 41.9146192 ], [ -87.7460136, 41.9143005 ], [ -87.7460216, 41.9144913 ], [ -87.7413043, 41.9139149 ], [ -87.741393, 41.9169879 ], [ -87.7414993, 41.920644 ], [ -87.7416065, 41.9243117 ], [ -87.7421523, 41.9389026 ], [ -87.7749916, 41.938472 ], [ -87.775783, 41.9384591 ], [ -87.7760973, 41.938454 ], [ -87.7762109, 41.9384521 ], [ -87.776351, 41.9384501 ] ] ] } },
{ "type": "Feature", "properties": { "name": "Hermosa", "overture_id": "be1fc080-e62c-4e29-acf4-f55b6748cead", "division_id": "459c477d-650c-49d3-8333-4b946eb560e8" }, "geometry": { "type": "Polygon", "coordinates": [ [ [ -87.7267628, 41.9244929 ], [ -87.7268822, 41.9244922 ], [ -87.7273098, 41.9244895 ], [ -87.7277274, 41.9244837 ], [ -87.7295979, 41.9280852 ], [ -87.7314842, 41.9317364 ], [ -87.7352386, 41.9389956 ], [ -87.7421523, 41.9389026 ], [ -87.7416065, 41.9243117 ], [ -87.7414993, 41.920644 ], [ -87.741393, 41.9169879 ], [ -87.7413043, 41.9139149 ], [ -87.7403671, 41.9137664 ], [ -87.7397668, 41.9136901 ], [ -87.7390898, 41.9136131 ], [ -87.738864, 41.9135887 ], [ -87.7384118, 41.9135561 ], [ -87.7381038, 41.9135341 ], [ -87.7375722, 41.9135105 ], [ -87.7373444, 41.913502 ], [ -87.7369913, 41.9134918 ], [ -87.7238576, 41.9136119 ], [ -87.7224112, 41.9136529 ], [ -87.723165, 41.9153868 ], [ -87.7235317, 41.9153821 ], [ -87.7240531, 41.9153756 ], [ -87.7240885, 41.9167253 ], [ -87.724092, 41.9168568 ], [ -87.724109, 41.9169177 ], [ -87.7242483, 41.9171978 ], [ -87.7239582, 41.9172023 ], [ -87.724902, 41.9190202 ], [ -87.7252735, 41.9190159 ], [ -87.726622, 41.9190002 ], [ -87.7266364, 41.9194504 ], [ -87.7266516, 41.9199262 ], [ -87.7266779, 41.920753 ], [ -87.7266804, 41.9208269 ], [ -87.7267041, 41.9215677 ], [ -87.7267106, 41.9216805 ], [ -87.7267195, 41.9218345 ], [ -87.7267393, 41.9218931 ], [ -87.7267507, 41.9219269 ], [ -87.7267948, 41.9220268 ], [ -87.7269061, 41.9223354 ], [ -87.7270473, 41.922583 ], [ -87.7270804, 41.9226505 ], [ -87.7264552, 41.9226599 ], [ -87.7267219, 41.9232313 ], [ -87.7267309, 41.9232705 ], [ -87.726752, 41.9239881 ], [ -87.7267547, 41.9241068 ], [ -87.7267585, 41.9242745 ], [ -87.7267608, 41.9243639 ], [ -87.7267628, 41.9244929 ] ] ] } },
{ "type": "Feature", "properties": { "name": "Avondale", "overture_id": "9ad9e78f-6be5-42df-ba01-4f8107c6716f", "division_id": "2a8a6373-b405-4143-8779-72eee6e695e9" }, "geometry": { "type": "Polygon", "coordinates": [ [ [ -87.7338057, 41.9390135 ], [ -87.7340026, 41.939011 ], [ -87.7345669, 41.9390039 ], [ -87.7352386, 41.9389956 ], [ -87.7314842, 41.9317364 ], [ -87.7295285, 41.9317621 ], [ -87.7294306, 41.9317633 ], [ -87.7293182, 41.9317648 ], [ -87.7289393, 41.9317698 ], [ -87.7287074, 41.9317728 ], [ -87.7285128, 41.9317754 ], [ -87.7282236, 41.9317792 ], [ -87.7275802, 41.9317877 ], [ -87.7274944, 41.9317889 ], [ -87.727094, 41.9317945 ], [ -87.7269878, 41.9317958 ], [ -87.7166875, 41.9319449 ], [ -87.7130513, 41.9320176 ], [ -87.7110256, 41.9320265 ], [ -87.6879863, 41.9321761 ], [ -87.6879146, 41.9321772 ], [ -87.6879519, 41.9342354 ], [ -87.6879825, 41.9360981 ], [ -87.6882593, 41.9362083 ], [ -87.6890361, 41.9364312 ], [ -87.6898575, 41.9365454 ], [ -87.6903726, 41.9368534 ], [ -87.6905217, 41.937076 ], [ -87.6905255, 41.9374599 ], [ -87.6906481, 41.9377302 ], [ -87.6907828, 41.937864 ], [ -87.6910386, 41.9383024 ], [ -87.6914051, 41.9387364 ], [ -87.6917101, 41.938954 ], [ -87.6921595, 41.9391534 ], [ -87.6926975, 41.9396064 ], [ -87.693315, 41.9400748 ], [ -87.6939512, 41.9407389 ], [ -87.6943027, 41.9412794 ], [ -87.6950557, 41.9422939 ], [ -87.6952351, 41.9424771 ], [ -87.6953261, 41.9427919 ], [ -87.6954368, 41.9433179 ], [ -87.6957129, 41.9446297 ], [ -87.696131, 41.9463136 ], [ -87.6961531, 41.9466881 ], [ -87.696484, 41.9466994 ], [ -87.7273955, 41.9463769 ], [ -87.727246, 41.9411548 ], [ -87.7272434, 41.941025 ], [ -87.7272407, 41.9408862 ], [ -87.7272196, 41.9400909 ], [ -87.7271913, 41.9391859 ], [ -87.7271874, 41.9390962 ], [ -87.7338057, 41.9390135 ] ] ] } }
]
}
