{
"type": "FeatureCollection",
"name": "toronto-overture-neighborhood-2026-08-19.0",
"crs": { "type": "name", "properties": { "name": "urn:ogc:def:crs:OGC:1.3:CRS84" } },
"features": [
{ "type": "Feature", "properties": { "name": "West Humber-Clairville", "overture_id": "575cbe92-387e-4add-8ebd-f2120b1a7071", "division_id": "1af9cdf3-40e7-4b3d-8ec5-22b5f366ab53" }, "geometry": { "type": "Polygon", "coordinates": [ [ [ -79.6374799, 43.7506976 ], [ -79.637993, 43.7504952 ], [ -79.6383075, 43.7503353 ], [ -79.6392832, 43.7498436 ], [ -79.6385293, 43.749139 ], [ -79.6376019, 43.7483428 ], [ -79.6375457, 43.7480166 ], [ -79.6367466, 43.74678 ], [ -79.6307475, 43.7362096 ], [ -79.6302939, 43.7353235 ], [ -79.6294107, 43.7338427 ], [ -79.6289691, 43.7331533 ], [ -79.6277962, 43.7312285 ], [ -79.6268612, 43.7295611 ], [ -79.6256354, 43.7274918 ], [ -79.6238061, 43.724292 ], [ -79.6203851, 43.7186692 ], [ -79.6180198, 43.7146886 ], [ -79.616852, 43.7127231 ], [ -79.616061, 43.7113019 ], [ -79.6140194, 43.707634 ], [ -79.6105434, 43.7017256 ], [ -79.6083698, 43.6978618 ], [ -79.6075858, 43.6965129 ], [ -79.6062249, 43.6941199 ], [ -79.6059959, 43.6937787 ], [ -79.6057359, 43.6933251 ], [ -79.6055934, 43.6930765 ], [ -79.603361, 43.6891816 ], [ -79.6024815, 43.6876628 ], [ -79.6012949, 43.6856867 ], [ -79.5952971, 43.6754976 ], [ -79.5945991, 43.674298 ], [ -79.5944319, 43.6740107 ], [ -79.5921675, 43.6701045 ], [ -79.5912463, 43.6685053 ], [ -79.5843601, 43.6710379 ], [ -79.5821728, 43.6722592 ], [ -79.5803851, 43.6734785 ], [ -79.5789662, 43.6749374 ], [ -79.5779389, 43.6764544 ], [ -79.5775289, 43.6772345 ], [ -79.5765871, 43.6790267 ], [ -79.5754632, 43.6812361 ], [ -79.5745271, 43.683009 ], [ -79.5733067, 43.6851737 ], [ -79.571617, 43.6879938 ], [ -79.5705575, 43.6897937 ], [ -79.5702627, 43.6902844 ], [ -79.5691796, 43.6919429 ], [ -79.5685002, 43.6928192 ], [ -79.5670652, 43.6945471 ], [ -79.5653057, 43.6964845 ], [ -79.561501, 43.7007847 ], [ -79.5599413, 43.7025231 ], [ -79.557943, 43.7048014 ], [ -79.5560682, 43.7068606 ], [ -79.5551777, 43.7077699 ], [ -79.5543999, 43.7083671 ], [ -79.5529783, 43.7091194 ], [ -79.5523533, 43.7094645 ], [ -79.5528898, 43.7106317 ], [ -79.5532706, 43.7112889 ], [ -79.5539063, 43.71246 ], [ -79.554188, 43.7130144 ], [ -79.5548277, 43.714515 ], [ -79.5564249, 43.7141146 ], [ -79.5579618, 43.713755 ], [ -79.5593646, 43.7134235 ], [ -79.5630097, 43.7125763 ], [ -79.5666871, 43.7117116 ], [ -79.5671967, 43.7128865 ], [ -79.5681408, 43.7148523 ], [ -79.5700961, 43.718904 ], [ -79.5775326, 43.7338749 ], [ -79.5785062, 43.733638 ], [ -79.5788924, 43.7335217 ], [ -79.5794313, 43.7333494 ], [ -79.5799811, 43.7329137 ], [ -79.5802615, 43.7323665 ], [ -79.5805645, 43.7317727 ], [ -79.5799137, 43.7305546 ], [ -79.5791985, 43.7292048 ], [ -79.5793836, 43.7287893 ], [ -79.5802952, 43.7284428 ], [ -79.581218, 43.7284022 ], [ -79.5832598, 43.7288522 ], [ -79.5854139, 43.7290366 ], [ -79.5863479, 43.7289718 ], [ -79.5869537, 43.7285461 ], [ -79.5876339, 43.7281033 ], [ -79.5893778, 43.7319888 ], [ -79.5916428, 43.7367971 ], [ -79.5922722, 43.7380381 ], [ -79.594193, 43.7419484 ], [ -79.5998228, 43.7534659 ], [ -79.6000724, 43.7540354 ], [ -79.6003209, 43.7545182 ], [ -79.6006055, 43.7549009 ], [ -79.6014468, 43.7557991 ], [ -79.6027128, 43.7571277 ], [ -79.6033852, 43.7578662 ], [ -79.6043721, 43.7576487 ], [ -79.6049125, 43.7575187 ], [ -79.6066732, 43.7571304 ], [ -79.6071233, 43.7570311 ], [ -79.6077672, 43.7568891 ], [ -79.6084336, 43.756725 ], [ -79.6087359, 43.7566997 ], [ -79.6112172, 43.7561076 ], [ -79.6117854, 43.7559761 ], [ -79.6130281, 43.7556884 ], [ -79.6149259, 43.7552703 ], [ -79.6170035, 43.7548036 ], [ -79.6187747, 43.7544058 ], [ -79.6195391, 43.7542341 ], [ -79.619833, 43.7541681 ], [ -79.622453, 43.7536157 ], [ -79.6232006, 43.7534345 ], [ -79.6239446, 43.7532653 ], [ -79.6241365, 43.75322 ], [ -79.6241539, 43.7532151 ], [ -79.6250214, 43.7529721 ], [ -79.6256258, 43.752893 ], [ -79.625879, 43.7528339 ], [ -79.6278315, 43.7523782 ], [ -79.6293415, 43.7520258 ], [ -79.629973, 43.7518784 ], [ -79.6308995, 43.751672 ], [ -79.6318097, 43.7514692 ], [ -79.6320302, 43.7514274 ], [ -79.6323742, 43.7513653 ], [ -79.6326346, 43.7513283 ], [ -79.6329415, 43.7512964 ], [ -79.6332296, 43.7512699 ], [ -79.6335497, 43.7512552 ], [ -79.6341054, 43.7512412 ], [ -79.6347191, 43.7512268 ], [ -79.6351904, 43.7512181 ], [ -79.6356056, 43.7511777 ], [ -79.6360286, 43.7511111 ], [ -79.6365241, 43.7510032 ], [ -79.6374799, 43.7506976 ] ] ] } },
{ "type": "Feature", "properties": { "name": "Woodbine-Lumsden", "overture_id": "398bea29-ecb7-44d8-8fbf-7ffee74c16b3", "division_id": "82ef8682-97d0-4ef5-ad48-bb2e86546e78" }, "geometry": { "type": "Polygon", "coordinates": [ [ [ -79.3140679, 43.7000657 ], [ -79.3153037, 43.700295 ], [ -79.3181083, 43.700869 ], [ -79.3193713, 43.7011366 ], [ -79.3192828, 43.7008787 ], [ -79.3190323, 43.7001569 ], [ -79.3188811, 43.6997751 ], [ -79.3188382, 43.699667 ], [ -79.318682, 43.6992721 ], [ -79.3183661, 43.6985861 ], [ -79.3182293, 43.6982191 ], [ -79.3180493, 43.6978185 ], [ -79.3177539, 43.6971169 ], [ -79.317432, 43.6964443 ], [ -79.3171169, 43.6957224 ], [ -79.3168245, 43.6950266 ], [ -79.3165308, 43.6943025 ], [ -79.3164839, 43.6942104 ], [ -79.3160903, 43.6933559 ], [ -79.3158556, 43.6928054 ], [ -79.3157852, 43.6926177 ], [ -79.3157389, 43.6924943 ], [ -79.3157114, 43.6924291 ], [ -79.3154372, 43.6917937 ], [ -79.3151331, 43.6910868 ], [ -79.3148296, 43.6903804 ], [ -79.3145172, 43.6896497 ], [ -79.3142496, 43.6890571 ], [ -79.3141832, 43.6888928 ], [ -79.3138117, 43.6880995 ], [ -79.3134758, 43.6872878 ], [ -79.3130943, 43.6864068 ], [ -79.3112625, 43.6868366 ], [ -79.3097262, 43.6871922 ], [ -79.3095924, 43.6872232 ], [ -79.3094769, 43.68725 ], [ -79.3088706, 43.6873904 ], [ -79.3081432, 43.6875609 ], [ -79.3084386, 43.6882614 ], [ -79.3088819, 43.6892858 ], [ -79.3085342, 43.6893675 ], [ -79.3084281, 43.6894103 ], [ -79.3083171, 43.6894566 ], [ -79.3062853, 43.6899235 ], [ -79.3041523, 43.6904124 ], [ -79.3040633, 43.6904141 ], [ -79.3039404, 43.6904173 ], [ -79.3035211, 43.6905109 ], [ -79.3034158, 43.6902853 ], [ -79.3033385, 43.6903028 ], [ -79.30284, 43.6904154 ], [ -79.3034028, 43.6917001 ], [ -79.3041202, 43.6933389 ], [ -79.3047693, 43.6948361 ], [ -79.3052065, 43.6958756 ], [ -79.3056303, 43.6968297 ], [ -79.305688, 43.6969393 ], [ -79.3057658, 43.6970236 ], [ -79.3058369, 43.6970488 ], [ -79.3063116, 43.6980495 ], [ -79.3074556, 43.6984266 ], [ -79.3121484, 43.6998282 ], [ -79.3129615, 43.6998611 ], [ -79.313687, 43.6999959 ], [ -79.3140679, 43.7000657 ] ] ] } },
{ "type": "Feature", "properties": { "name": "Upper Beaches", "overture_id": "94141bf8-b43d-4855-b279-36cd0d6f93ae", "division_id": "3356853e-12a2-4dec-8d5f-d791593073ca" }, "geometry": { "type": "Polygon", "coordinates": [ [ [ -79.3045524, 43.6811098 ], [ -79.3024928, 43.6817971 ], [ -79.3038661, 43.684927 ], [ -79.3112277, 43.681957 ], [ -79.3213483, 43.6778736 ], [ -79.319304, 43.6729455 ], [ -79.3157209, 43.6738095 ], [ -79.3134101, 43.6743631 ], [ -79.3133392, 43.674345 ], [ -79.3132368, 43.6743729 ], [ -79.312551, 43.6745783 ], [ -79.312474, 43.6746061 ], [ -79.3124039, 43.6746405 ], [ -79.31236, 43.6746716 ], [ -79.3123251, 43.6747086 ], [ -79.3122943, 43.6747545 ], [ -79.3122757, 43.6748011 ], [ -79.3122681, 43.6748399 ], [ -79.3122654, 43.6748772 ], [ -79.3122732, 43.6749184 ], [ -79.3123267, 43.6750826 ], [ -79.3123471, 43.675145 ], [ -79.3122473, 43.6751654 ], [ -79.3119743, 43.6752212 ], [ -79.3118598, 43.6752516 ], [ -79.3118247, 43.6752636 ], [ -79.3117477, 43.6752899 ], [ -79.3116697, 43.6753222 ], [ -79.3110284, 43.6755874 ], [ -79.3109535, 43.6756184 ], [ -79.3108614, 43.6756565 ], [ -79.3107905, 43.6756858 ], [ -79.3102908, 43.6758923 ], [ -79.3102309, 43.6759171 ], [ -79.3101523, 43.6759524 ], [ -79.3100479, 43.6759984 ], [ -79.309764, 43.6761236 ], [ -79.3094966, 43.6762415 ], [ -79.3091155, 43.6763992 ], [ -79.3090396, 43.6764293 ], [ -79.3089601, 43.6764818 ], [ -79.3088361, 43.6766264 ], [ -79.3055897, 43.6772837 ], [ -79.3000041, 43.679076 ], [ -79.299543, 43.6798617 ], [ -79.303712, 43.6791582 ], [ -79.3045524, 43.6811098 ] ] ] } },
{ "type": "Feature", "properties": { "name": "The Beaches", "overture_id": "51c4389f-bbcc-4e50-8cd9-8813c784e0cd", "division_id": "3c048dd7-0270-4eae-be56-305667806340" }, "geometry": { "type": "Polygon", "coordinates": [ [ [ -79.2839154, 43.6804858 ], [ -79.2839826, 43.6806585 ], [ -79.2840189, 43.6807485 ], [ -79.2840678, 43.6808326 ], [ -79.2859724, 43.6806309 ], [ -79.2870976, 43.6805378 ], [ -79.288432, 43.6803962 ], [ -79.2892045, 43.6803583 ], [ -79.2899877, 43.6802798 ], [ -79.2907172, 43.6802468 ], [ -79.2912617, 43.6801964 ], [ -79.2918706, 43.680144 ], [ -79.2925867, 43.6801129 ], [ -79.2928402, 43.6800848 ], [ -79.2930602, 43.6800489 ], [ -79.2932667, 43.6800043 ], [ -79.2945313, 43.6797133 ], [ -79.2958725, 43.6793826 ], [ -79.2963164, 43.6792943 ], [ -79.2980249, 43.678885 ], [ -79.2989288, 43.6786969 ], [ -79.2999119, 43.6785155 ], [ -79.3004751, 43.6784059 ], [ -79.3010102, 43.67821 ], [ -79.3011819, 43.6781295 ], [ -79.3024841, 43.6775941 ], [ -79.3033692, 43.6772323 ], [ -79.3038916, 43.6770179 ], [ -79.3040881, 43.6769408 ], [ -79.3041893, 43.676888 ], [ -79.3043643, 43.676807 ], [ -79.3045152, 43.6767342 ], [ -79.3047237, 43.6766052 ], [ -79.3048887, 43.6765228 ], [ -79.3051764, 43.6763142 ], [ -79.3056089, 43.6759563 ], [ -79.3059046, 43.6756998 ], [ -79.3065564, 43.6751347 ], [ -79.3072826, 43.6744747 ], [ -79.3079276, 43.6739295 ], [ -79.3098749, 43.672202 ], [ -79.3099836, 43.6720715 ], [ -79.3101291, 43.6719017 ], [ -79.3102015, 43.6718091 ], [ -79.3108083, 43.6706858 ], [ -79.3111852, 43.6699709 ], [ -79.3113193, 43.6697283 ], [ -79.3116425, 43.6691123 ], [ -79.3118799, 43.6686894 ], [ -79.3122098, 43.6680278 ], [ -79.312478, 43.667501 ], [ -79.3125477, 43.6673482 ], [ -79.3125954, 43.6672444 ], [ -79.3148511, 43.6667395 ], [ -79.314887, 43.6662986 ], [ -79.3149089, 43.6662 ], [ -79.314951, 43.6657801 ], [ -79.3154653, 43.6656729 ], [ -79.315533, 43.6656544 ], [ -79.3162136, 43.6654947 ], [ -79.3176493, 43.6651786 ], [ -79.3177787, 43.665149 ], [ -79.3179242, 43.6651053 ], [ -79.3180664, 43.665051 ], [ -79.3181743, 43.6649845 ], [ -79.3182877, 43.6649035 ], [ -79.3183889, 43.6648254 ], [ -79.3184841, 43.6647299 ], [ -79.3186397, 43.6645897 ], [ -79.3190776, 43.6642458 ], [ -79.3193937, 43.6639734 ], [ -79.3197501, 43.6637719 ], [ -79.3198584, 43.6637338 ], [ -79.3199771, 43.6637037 ], [ -79.3201987, 43.6636622 ], [ -79.3205736, 43.663588 ], [ -79.3216639, 43.6633411 ], [ -79.3235562, 43.6629186 ], [ -79.3252705, 43.6625169 ], [ -79.3266344, 43.6622101 ], [ -79.3294778, 43.6615458 ], [ -79.3292968, 43.6611145 ], [ -79.3290581, 43.6605528 ], [ -79.3285967, 43.6595088 ], [ -79.3284365, 43.6592362 ], [ -79.3242395, 43.6601708 ], [ -79.3219549, 43.6606969 ], [ -79.3195342, 43.6612115 ], [ -79.3172295, 43.6617379 ], [ -79.3149305, 43.6622602 ], [ -79.3148672, 43.6622744 ], [ -79.3112962, 43.6630508 ], [ -79.3097522, 43.6633969 ], [ -79.3086582, 43.6636421 ], [ -79.3076319, 43.6638725 ], [ -79.3075166, 43.6639009 ], [ -79.3072443, 43.6639681 ], [ -79.3067907, 43.6641206 ], [ -79.3063106, 43.6643018 ], [ -79.3062248, 43.6643586 ], [ -79.3059696, 43.6645281 ], [ -79.305687, 43.6647406 ], [ -79.3054613, 43.6649232 ], [ -79.3052533, 43.6651332 ], [ -79.3049715, 43.6655484 ], [ -79.3048971, 43.6656576 ], [ -79.3044605, 43.6656527 ], [ -79.3042232, 43.6647973 ], [ -79.3039903, 43.6639358 ], [ -79.3038279, 43.6640493 ], [ -79.3036509, 43.6641948 ], [ -79.3035167, 43.6643695 ], [ -79.3034095, 43.6645111 ], [ -79.3033679, 43.6645577 ], [ -79.3032928, 43.6646013 ], [ -79.3032445, 43.6646236 ], [ -79.3031144, 43.6646324 ], [ -79.3031453, 43.6646062 ], [ -79.303162, 43.6645892 ], [ -79.3031607, 43.6645717 ], [ -79.30315, 43.6645625 ], [ -79.3031178, 43.6645606 ], [ -79.3030635, 43.6645727 ], [ -79.3030272, 43.6645902 ], [ -79.302934, 43.6646746 ], [ -79.3028703, 43.6647541 ], [ -79.3027925, 43.6648119 ], [ -79.3027215, 43.664856 ], [ -79.302643, 43.6648929 ], [ -79.30259, 43.6649132 ], [ -79.302476, 43.6649365 ], [ -79.3024338, 43.664936 ], [ -79.3023976, 43.6649268 ], [ -79.302244, 43.6648366 ], [ -79.3022236, 43.6648206 ], [ -79.3022075, 43.6648024 ], [ -79.3022377, 43.6647806 ], [ -79.3022343, 43.6647578 ], [ -79.3022108, 43.6647481 ], [ -79.3021341, 43.6647478 ], [ -79.3020777, 43.6647507 ], [ -79.3020539, 43.6647568 ], [ -79.3019765, 43.6647971 ], [ -79.3017381, 43.6649819 ], [ -79.3016835, 43.6650209 ], [ -79.3015524, 43.6650937 ], [ -79.30149, 43.6651245 ], [ -79.3013556, 43.6651752 ], [ -79.3012972, 43.6651878 ], [ -79.3012533, 43.665189 ], [ -79.301257, 43.6651674 ], [ -79.3012476, 43.6651524 ], [ -79.3012087, 43.6651381 ], [ -79.3011829, 43.665139 ], [ -79.3011467, 43.6651475 ], [ -79.3010545, 43.6652103 ], [ -79.3010018, 43.6652428 ], [ -79.3009254, 43.6652812 ], [ -79.3008047, 43.6653457 ], [ -79.300747, 43.6653726 ], [ -79.3006411, 43.6654044 ], [ -79.3005257, 43.6654036 ], [ -79.3004054, 43.6653961 ], [ -79.300421, 43.6653842 ], [ -79.3004235, 43.6653748 ], [ -79.3004164, 43.6653665 ], [ -79.3003993, 43.6653579 ], [ -79.3003725, 43.6653506 ], [ -79.3003502, 43.6653508 ], [ -79.3003259, 43.6653599 ], [ -79.3002721, 43.6653764 ], [ -79.3002178, 43.6653904 ], [ -79.3001308, 43.6654264 ], [ -79.3000326, 43.6654832 ], [ -79.2999705, 43.6655171 ], [ -79.2998163, 43.6655771 ], [ -79.2996939, 43.6656151 ], [ -79.299528, 43.6656411 ], [ -79.2994156, 43.6656581 ], [ -79.2993211, 43.6656658 ], [ -79.2992768, 43.6656568 ], [ -79.2992051, 43.6656309 ], [ -79.2991263, 43.6655863 ], [ -79.2991521, 43.6655686 ], [ -79.299164, 43.6655493 ], [ -79.299163, 43.6655327 ], [ -79.2991603, 43.6655245 ], [ -79.2991452, 43.6655139 ], [ -79.2991263, 43.6655093 ], [ -79.2990909, 43.6655116 ], [ -79.2990458, 43.6655176 ], [ -79.299011, 43.6655251 ], [ -79.2989959, 43.6654927 ], [ -79.2989888, 43.6654719 ], [ -79.2989, 43.6654936 ], [ -79.2988028, 43.665514 ], [ -79.2987065, 43.6655267 ], [ -79.2985932, 43.6655329 ], [ -79.2985325, 43.6655344 ], [ -79.29849, 43.6655318 ], [ -79.2984598, 43.6655292 ], [ -79.2982388, 43.6654725 ], [ -79.2980336, 43.6654182 ], [ -79.2977272, 43.6653464 ], [ -79.2976192, 43.665344 ], [ -79.2974576, 43.6653493 ], [ -79.2972685, 43.6653396 ], [ -79.2971599, 43.6653343 ], [ -79.297058, 43.6653348 ], [ -79.2968716, 43.6653813 ], [ -79.296655, 43.6654623 ], [ -79.2962855, 43.6655705 ], [ -79.2957088, 43.6657568 ], [ -79.2954621, 43.6658431 ], [ -79.2952703, 43.6659227 ], [ -79.2951436, 43.6659683 ], [ -79.2950658, 43.6659988 ], [ -79.295043, 43.6660561 ], [ -79.2950061, 43.6660963 ], [ -79.2949364, 43.6661196 ], [ -79.2948552, 43.6661152 ], [ -79.2947862, 43.6660779 ], [ -79.2947204, 43.6660425 ], [ -79.2946929, 43.6660454 ], [ -79.2946715, 43.6660978 ], [ -79.2945045, 43.6663704 ], [ -79.2942732, 43.6666226 ], [ -79.29407, 43.6668394 ], [ -79.2938903, 43.6670218 ], [ -79.2937253, 43.6671639 ], [ -79.2936093, 43.6672304 ], [ -79.2935088, 43.6672823 ], [ -79.2933713, 43.6673288 ], [ -79.2932479, 43.6673478 ], [ -79.2931433, 43.6673516 ], [ -79.2929535, 43.6673308 ], [ -79.2928201, 43.6672968 ], [ -79.2927618, 43.6672876 ], [ -79.2927215, 43.6672915 ], [ -79.2926826, 43.6673119 ], [ -79.292627, 43.667372 ], [ -79.2925338, 43.6675112 ], [ -79.2924734, 43.6675772 ], [ -79.2923407, 43.6676693 ], [ -79.292224, 43.6677339 ], [ -79.2921673, 43.667752 ], [ -79.2921039, 43.6677596 ], [ -79.2920322, 43.6677642 ], [ -79.2919752, 43.6677615 ], [ -79.2919192, 43.6677576 ], [ -79.2918562, 43.6677421 ], [ -79.2917901, 43.6677193 ], [ -79.2917053, 43.6676984 ], [ -79.2916738, 43.6676907 ], [ -79.2916419, 43.6676924 ], [ -79.2916178, 43.6676994 ], [ -79.2916057, 43.6677094 ], [ -79.2915997, 43.6677392 ], [ -79.2915883, 43.6677831 ], [ -79.2915162, 43.6678876 ], [ -79.2914837, 43.6679342 ], [ -79.2914471, 43.6679655 ], [ -79.2913744, 43.6680074 ], [ -79.2911702, 43.6680923 ], [ -79.2908178, 43.6681879 ], [ -79.2906133, 43.6682732 ], [ -79.2903766, 43.6683664 ], [ -79.2901909, 43.6684367 ], [ -79.29004, 43.6684682 ], [ -79.2898831, 43.6684784 ], [ -79.2897289, 43.6684668 ], [ -79.2896236, 43.6684411 ], [ -79.28959, 43.6683576 ], [ -79.2895585, 43.6683382 ], [ -79.2894794, 43.6681364 ], [ -79.2895512, 43.6680889 ], [ -79.2896145, 43.6680562 ], [ -79.2896263, 43.6680392 ], [ -79.289632, 43.6680169 ], [ -79.2896192, 43.668004 ], [ -79.2896058, 43.6679965 ], [ -79.289577, 43.6679948 ], [ -79.2895481, 43.6680045 ], [ -79.289122, 43.6681874 ], [ -79.2891076, 43.6682029 ], [ -79.2891002, 43.6682216 ], [ -79.2891015, 43.6682352 ], [ -79.2891183, 43.6682502 ], [ -79.2891626, 43.668247 ], [ -79.2892689, 43.6682031 ], [ -79.2892906, 43.6682344 ], [ -79.2893054, 43.6682715 ], [ -79.2893084, 43.6683149 ], [ -79.289299, 43.6683496 ], [ -79.2892725, 43.6683996 ], [ -79.2891867, 43.6684896 ], [ -79.2891294, 43.6685349 ], [ -79.2890432, 43.6685764 ], [ -79.2889299, 43.6686179 ], [ -79.2888427, 43.6686324 ], [ -79.2887703, 43.6686368 ], [ -79.2886928, 43.6686341 ], [ -79.2886124, 43.6686312 ], [ -79.2885738, 43.6686137 ], [ -79.2885282, 43.668612 ], [ -79.2884746, 43.6686195 ], [ -79.2884669, 43.6686841 ], [ -79.2884219, 43.6687869 ], [ -79.2883435, 43.6688849 ], [ -79.2882261, 43.6689707 ], [ -79.288094, 43.669044 ], [ -79.2879016, 43.6691104 ], [ -79.2877266, 43.6691376 ], [ -79.2875603, 43.6691347 ], [ -79.2874168, 43.6691026 ], [ -79.2872921, 43.6690595 ], [ -79.2872022, 43.6689988 ], [ -79.2871533, 43.6689372 ], [ -79.2870996, 43.6688058 ], [ -79.2873172, 43.668695 ], [ -79.2873269, 43.6686842 ], [ -79.2873263, 43.6686707 ], [ -79.287318, 43.6686604 ], [ -79.287306, 43.6686543 ], [ -79.2872869, 43.6686545 ], [ -79.2872518, 43.6686637 ], [ -79.2868683, 43.6688269 ], [ -79.2867157, 43.6688801 ], [ -79.286709, 43.6688895 ], [ -79.2867087, 43.6689048 ], [ -79.2867144, 43.6689168 ], [ -79.2867226, 43.6689239 ], [ -79.2867404, 43.6689302 ], [ -79.2867586, 43.6689292 ], [ -79.2867977, 43.6689143 ], [ -79.286815, 43.6689533 ], [ -79.2868076, 43.6690025 ], [ -79.2867915, 43.6690374 ], [ -79.2867167, 43.6691165 ], [ -79.2866594, 43.6691572 ], [ -79.2865417, 43.6692147 ], [ -79.2864418, 43.6692443 ], [ -79.2863245, 43.6692608 ], [ -79.2862158, 43.6692651 ], [ -79.2861119, 43.6692637 ], [ -79.2860167, 43.6692685 ], [ -79.2859496, 43.6692928 ], [ -79.2859194, 43.6693423 ], [ -79.2858732, 43.669449 ], [ -79.2857853, 43.6695654 ], [ -79.2856552, 43.6696663 ], [ -79.2855158, 43.669754 ], [ -79.2853843, 43.6698137 ], [ -79.2852449, 43.6698506 ], [ -79.2850638, 43.6698928 ], [ -79.2849867, 43.669706 ], [ -79.2849223, 43.6697259 ], [ -79.2848526, 43.669756 ], [ -79.2848124, 43.6697759 ], [ -79.2847681, 43.669803 ], [ -79.2847252, 43.6698394 ], [ -79.284685, 43.669886 ], [ -79.2846394, 43.6699311 ], [ -79.2845576, 43.6700024 ], [ -79.2844871, 43.6700548 ], [ -79.2844221, 43.6700931 ], [ -79.2843624, 43.6701227 ], [ -79.2843054, 43.670143 ], [ -79.2841157, 43.670176 ], [ -79.2838179, 43.6702148 ], [ -79.283711, 43.6702192 ], [ -79.283604, 43.6702158 ], [ -79.2835216, 43.6702078 ], [ -79.2834403, 43.6701952 ], [ -79.2833606, 43.670178 ], [ -79.2832894, 43.670158 ], [ -79.2832225, 43.6701314 ], [ -79.2831724, 43.6701055 ], [ -79.2831264, 43.670076 ], [ -79.283085, 43.6700431 ], [ -79.2832456, 43.669892 ], [ -79.2832517, 43.6698743 ], [ -79.2832466, 43.6698571 ], [ -79.2832356, 43.6698447 ], [ -79.2832124, 43.6698397 ], [ -79.2831739, 43.6698428 ], [ -79.2831283, 43.669869 ], [ -79.2828761, 43.6700868 ], [ -79.2828396, 43.6701093 ], [ -79.2828101, 43.6701268 ], [ -79.282794, 43.6701297 ], [ -79.2827109, 43.6700994 ], [ -79.2826545, 43.6700844 ], [ -79.2826136, 43.6700824 ], [ -79.2825891, 43.670089 ], [ -79.2825747, 43.6701072 ], [ -79.2825744, 43.6701299 ], [ -79.2825821, 43.6701426 ], [ -79.2825767, 43.6701666 ], [ -79.2825651, 43.6701821 ], [ -79.2825478, 43.6701946 ], [ -79.2825264, 43.6702032 ], [ -79.2824868, 43.6702255 ], [ -79.2824493, 43.6702497 ], [ -79.2823859, 43.6702993 ], [ -79.2823313, 43.670354 ], [ -79.2822711, 43.6703965 ], [ -79.2822059, 43.670435 ], [ -79.2821371, 43.6704688 ], [ -79.2820645, 43.6704982 ], [ -79.2819887, 43.6705228 ], [ -79.2819396, 43.6705385 ], [ -79.2818885, 43.67055 ], [ -79.2818358, 43.6705573 ], [ -79.2817732, 43.6705601 ], [ -79.2817107, 43.6705568 ], [ -79.2816494, 43.6705476 ], [ -79.2815166, 43.6705073 ], [ -79.2814341, 43.6704595 ], [ -79.2814616, 43.6704263 ], [ -79.2814898, 43.6703882 ], [ -79.2815022, 43.6703637 ], [ -79.2815015, 43.670347 ], [ -79.2814901, 43.6703322 ], [ -79.2814609, 43.6703298 ], [ -79.281415, 43.6703344 ], [ -79.2813952, 43.6703494 ], [ -79.2813453, 43.6703894 ], [ -79.2812759, 43.6704634 ], [ -79.2811632, 43.6705907 ], [ -79.2810512, 43.6707619 ], [ -79.2810261, 43.6707709 ], [ -79.2809936, 43.6707733 ], [ -79.2809637, 43.6707622 ], [ -79.2809309, 43.6707578 ], [ -79.2809037, 43.6707588 ], [ -79.2808916, 43.6707765 ], [ -79.2808866, 43.6707978 ], [ -79.2808923, 43.6708167 ], [ -79.2809081, 43.6708364 ], [ -79.2808658, 43.6708657 ], [ -79.2807891, 43.67091 ], [ -79.2807056, 43.6709472 ], [ -79.2806293, 43.6709732 ], [ -79.2805497, 43.6709933 ], [ -79.280504, 43.6710011 ], [ -79.2804571, 43.671003 ], [ -79.280407, 43.6709985 ], [ -79.2803589, 43.6709872 ], [ -79.2802898, 43.6709445 ], [ -79.2803049, 43.6709281 ], [ -79.2803455, 43.6708919 ], [ -79.2803505, 43.6708783 ], [ -79.2803482, 43.6708585 ], [ -79.2803364, 43.6708388 ], [ -79.2803126, 43.6708337 ], [ -79.2802794, 43.670832 ], [ -79.2802596, 43.67084 ], [ -79.2802345, 43.6708619 ], [ -79.280083, 43.6710161 ], [ -79.2800608, 43.6710139 ], [ -79.2800555, 43.6710081 ], [ -79.2800233, 43.6710163 ], [ -79.2800816, 43.671148 ], [ -79.2800484, 43.6711649 ], [ -79.2801308, 43.6713625 ], [ -79.2800212, 43.6713859 ], [ -79.2810635, 43.673904 ], [ -79.2811979, 43.6738733 ], [ -79.2812196, 43.6739632 ], [ -79.2830639, 43.6784176 ], [ -79.2831376, 43.6786357 ], [ -79.2832385, 43.6788778 ], [ -79.2835411, 43.6795987 ], [ -79.2839093, 43.6804756 ], [ -79.2839154, 43.6804858 ] ] ] } },
{ "type": "Feature", "properties": { "name": "East End-Danforth", "overture_id": "4bd8da70-2819-4341-87d2-8f0039006960", "division_id": "98335129-a73f-47e2-8950-f567630b243f" }, "geometry": { "type": "Polygon", "coordinates": [ [ [ -79.311843, 43.6834241 ], [ -79.3115057, 43.6826036 ], [ -79.3113084, 43.6821416 ], [ -79.3112277, 43.681957 ], [ -79.3038661, 43.684927 ], [ -79.3024928, 43.6817971 ], [ -79.3045524, 43.6811098 ], [ -79.303712, 43.6791582 ], [ -79.299543, 43.6798617 ], [ -79.3000041, 43.679076 ], [ -79.3055897, 43.6772837 ], [ -79.3088361, 43.6766264 ], [ -79.3089601, 43.6764818 ], [ -79.308802, 43.6760683 ], [ -79.3085003, 43.6753292 ], [ -79.3079276, 43.6739295 ], [ -79.3072826, 43.6744747 ], [ -79.3065564, 43.6751347 ], [ -79.3059046, 43.6756998 ], [ -79.3056089, 43.6759563 ], [ -79.3051764, 43.6763142 ], [ -79.3048887, 43.6765228 ], [ -79.3047237, 43.6766052 ], [ -79.3045152, 43.6767342 ], [ -79.3043643, 43.676807 ], [ -79.3041893, 43.676888 ], [ -79.3040881, 43.6769408 ], [ -79.3038916, 43.6770179 ], [ -79.3033692, 43.6772323 ], [ -79.3024841, 43.6775941 ], [ -79.3011819, 43.6781295 ], [ -79.3010102, 43.67821 ], [ -79.3004751, 43.6784059 ], [ -79.2999119, 43.6785155 ], [ -79.2989288, 43.6786969 ], [ -79.2980249, 43.678885 ], [ -79.2963164, 43.6792943 ], [ -79.2958725, 43.6793826 ], [ -79.2945313, 43.6797133 ], [ -79.2932667, 43.6800043 ], [ -79.2930602, 43.6800489 ], [ -79.2928402, 43.6800848 ], [ -79.2925867, 43.6801129 ], [ -79.2918706, 43.680144 ], [ -79.2912617, 43.6801964 ], [ -79.2907172, 43.6802468 ], [ -79.2899877, 43.6802798 ], [ -79.2892045, 43.6803583 ], [ -79.288432, 43.6803962 ], [ -79.2870976, 43.6805378 ], [ -79.2859724, 43.6806309 ], [ -79.2840678, 43.6808326 ], [ -79.2841069, 43.6809131 ], [ -79.2841201, 43.6809425 ], [ -79.2841539, 43.6810135 ], [ -79.2842056, 43.6811384 ], [ -79.2842241, 43.6811831 ], [ -79.2842475, 43.6812428 ], [ -79.2842612, 43.6812777 ], [ -79.2843581, 43.6815245 ], [ -79.2843868, 43.6815978 ], [ -79.2844072, 43.6816627 ], [ -79.2844422, 43.6817521 ], [ -79.2846672, 43.6823265 ], [ -79.2849695, 43.6830406 ], [ -79.285102, 43.6833523 ], [ -79.2852721, 43.6837838 ], [ -79.2858396, 43.6851686 ], [ -79.2862347, 43.6861223 ], [ -79.2865454, 43.6868481 ], [ -79.2865808, 43.6869306 ], [ -79.2865955, 43.6869728 ], [ -79.2866027, 43.6869913 ], [ -79.2866111, 43.6870144 ], [ -79.2866886, 43.6872208 ], [ -79.2867725, 43.6874074 ], [ -79.2867914, 43.6874546 ], [ -79.2868156, 43.6875132 ], [ -79.2868318, 43.6875656 ], [ -79.2868561, 43.6876146 ], [ -79.2869563, 43.6878664 ], [ -79.2869942, 43.6879485 ], [ -79.2870316, 43.6880406 ], [ -79.2875616, 43.6892841 ], [ -79.2877748, 43.689786 ], [ -79.2890929, 43.689498 ], [ -79.2926935, 43.6887163 ], [ -79.2932294, 43.6899666 ], [ -79.293282, 43.6900893 ], [ -79.2937086, 43.6910807 ], [ -79.2942673, 43.6923861 ], [ -79.2948195, 43.6922628 ], [ -79.2948878, 43.6922487 ], [ -79.29585, 43.6920259 ], [ -79.2970349, 43.6917509 ], [ -79.2999435, 43.6910849 ], [ -79.301546, 43.6907155 ], [ -79.30284, 43.6904154 ], [ -79.3033385, 43.6903028 ], [ -79.3034158, 43.6902853 ], [ -79.3035211, 43.6905109 ], [ -79.3039404, 43.6904173 ], [ -79.3040633, 43.6904141 ], [ -79.3041523, 43.6904124 ], [ -79.3062853, 43.6899235 ], [ -79.3083171, 43.6894566 ], [ -79.3084281, 43.6894103 ], [ -79.3085342, 43.6893675 ], [ -79.3088819, 43.6892858 ], [ -79.3084386, 43.6882614 ], [ -79.3081432, 43.6875609 ], [ -79.3088706, 43.6873904 ], [ -79.3094769, 43.68725 ], [ -79.3095924, 43.6872232 ], [ -79.3097262, 43.6871922 ], [ -79.3112625, 43.6868366 ], [ -79.3130943, 43.6864068 ], [ -79.3129628, 43.6861018 ], [ -79.3127787, 43.6856847 ], [ -79.3126052, 43.6852619 ], [ -79.3122135, 43.6843094 ], [ -79.311843, 43.6834241 ] ] ] } },
{ "type": "Feature", "properties": { "name": "Wexford", "overture_id": "8b80d310-4721-4167-b05e-e1fe817cfc27", "division_id": "1af32b01-67e8-42cb-8a43-65d34d7698f1" }, "geometry": { "type": "Polygon", "coordinates": [ [ [ -79.3045666, 43.7293309 ], [ -79.304514, 43.7292046 ], [ -79.3043873, 43.7288937 ], [ -79.3042379, 43.7285355 ], [ -79.303709, 43.7272594 ], [ -79.3026222, 43.7246051 ], [ -79.3019031, 43.7247632 ], [ -79.3011588, 43.7249269 ], [ -79.3009714, 43.7249681 ], [ -79.300807, 43.7250042 ], [ -79.3004766, 43.7250769 ], [ -79.2998484, 43.725215 ], [ -79.285087, 43.7284608 ], [ -79.2810448, 43.7293496 ], [ -79.277877, 43.7300461 ], [ -79.2816138, 43.7394451 ], [ -79.2913342, 43.7634234 ], [ -79.2913922, 43.7635467 ], [ -79.2914391, 43.7636723 ], [ -79.2914746, 43.7637999 ], [ -79.2914987, 43.7639289 ], [ -79.2915112, 43.7640588 ], [ -79.2915119, 43.7641922 ], [ -79.2915004, 43.7643253 ], [ -79.2914767, 43.7644576 ], [ -79.2914409, 43.7645885 ], [ -79.2913932, 43.7647174 ], [ -79.2913482, 43.7648359 ], [ -79.2913161, 43.7649566 ], [ -79.2912971, 43.7650788 ], [ -79.2912912, 43.7652016 ], [ -79.2912979, 43.7653175 ], [ -79.2913163, 43.7654328 ], [ -79.2913463, 43.7655467 ], [ -79.2913878, 43.7656588 ], [ -79.2915573, 43.7660533 ], [ -79.2927206, 43.7687614 ], [ -79.2944198, 43.7727172 ], [ -79.3090153, 43.7692654 ], [ -79.312706, 43.7686456 ], [ -79.3158818, 43.7683977 ], [ -79.3197723, 43.768329 ], [ -79.3194717, 43.7677148 ], [ -79.3187973, 43.7659618 ], [ -79.3179546, 43.7640146 ], [ -79.3178332, 43.7637308 ], [ -79.3178306, 43.7637245 ], [ -79.3176792, 43.7633706 ], [ -79.3175355, 43.7630346 ], [ -79.3175102, 43.7629823 ], [ -79.3174755, 43.7629088 ], [ -79.3173582, 43.7626607 ], [ -79.3173567, 43.7626575 ], [ -79.3172137, 43.7623549 ], [ -79.3170623, 43.7620347 ], [ -79.316846, 43.7615356 ], [ -79.3163493, 43.7603897 ], [ -79.3162311, 43.7601171 ], [ -79.3161626, 43.759959 ], [ -79.3160396, 43.7596832 ], [ -79.3160084, 43.7596134 ], [ -79.3159401, 43.7594601 ], [ -79.3156986, 43.7589186 ], [ -79.3154853, 43.7584405 ], [ -79.3154374, 43.7583332 ], [ -79.3150631, 43.7574049 ], [ -79.3149464, 43.7570586 ], [ -79.314881, 43.7568647 ], [ -79.3147988, 43.7566517 ], [ -79.3147708, 43.756579 ], [ -79.3146375, 43.7561368 ], [ -79.3146128, 43.7560683 ], [ -79.3145784, 43.7559712 ], [ -79.314494, 43.7557186 ], [ -79.3143683, 43.75543 ], [ -79.3143342, 43.7553335 ], [ -79.3139993, 43.7543656 ], [ -79.3139876, 43.7543484 ], [ -79.3139741, 43.754295 ], [ -79.3136393, 43.7532685 ], [ -79.3135802, 43.7530953 ], [ -79.3135494, 43.7530051 ], [ -79.31348, 43.7528004 ], [ -79.3134442, 43.7526947 ], [ -79.3134298, 43.7526523 ], [ -79.3133765, 43.7524951 ], [ -79.3133364, 43.7523767 ], [ -79.3132763, 43.7522341 ], [ -79.3130548, 43.7515884 ], [ -79.3130241, 43.7514908 ], [ -79.3130055, 43.7514246 ], [ -79.3128936, 43.7510905 ], [ -79.3126494, 43.7503624 ], [ -79.3126178, 43.7502672 ], [ -79.3121386, 43.7488218 ], [ -79.3120463, 43.7485718 ], [ -79.3119368, 43.7482744 ], [ -79.3119259, 43.748245 ], [ -79.3118552, 43.7480518 ], [ -79.311817, 43.7479513 ], [ -79.3117812, 43.7478507 ], [ -79.3117325, 43.7477067 ], [ -79.3116292, 43.7474071 ], [ -79.3116213, 43.7473829 ], [ -79.3116061, 43.7473386 ], [ -79.3113759, 43.7466682 ], [ -79.3113147, 43.7466403 ], [ -79.311169, 43.74622 ], [ -79.3110466, 43.7458551 ], [ -79.3108853, 43.7454 ], [ -79.3108806, 43.7452552 ], [ -79.3107063, 43.7447647 ], [ -79.3106194, 43.7445154 ], [ -79.3105647, 43.7443661 ], [ -79.3104094, 43.7439015 ], [ -79.3101659, 43.7431731 ], [ -79.3101062, 43.7429944 ], [ -79.310043, 43.7428055 ], [ -79.3099929, 43.7426556 ], [ -79.309797, 43.742143 ], [ -79.309565, 43.7415361 ], [ -79.3095145, 43.7414127 ], [ -79.309381, 43.74108 ], [ -79.309316, 43.7409217 ], [ -79.3090578, 43.7402697 ], [ -79.3089394, 43.7399877 ], [ -79.3089246, 43.739952 ], [ -79.3088564, 43.7397826 ], [ -79.3087404, 43.7395012 ], [ -79.3086817, 43.7393434 ], [ -79.3086296, 43.7392272 ], [ -79.3085984, 43.739154 ], [ -79.3085545, 43.7390456 ], [ -79.3084519, 43.7387832 ], [ -79.308379, 43.7386091 ], [ -79.3083402, 43.7385129 ], [ -79.3082781, 43.7383749 ], [ -79.3082428, 43.7382925 ], [ -79.3082288, 43.7382599 ], [ -79.3082093, 43.7382148 ], [ -79.308171, 43.7381243 ], [ -79.308087, 43.7379085 ], [ -79.3076308, 43.7368079 ], [ -79.3076137, 43.7367753 ], [ -79.3075986, 43.7367503 ], [ -79.3075519, 43.7366541 ], [ -79.3074836, 43.7364861 ], [ -79.3074726, 43.7364567 ], [ -79.3074279, 43.7363409 ], [ -79.3074095, 43.7362848 ], [ -79.3073127, 43.7360174 ], [ -79.307284, 43.735951 ], [ -79.3072358, 43.7358365 ], [ -79.3070889, 43.7354773 ], [ -79.3070589, 43.7354003 ], [ -79.3069684, 43.7351806 ], [ -79.306937, 43.7351017 ], [ -79.3067597, 43.7346594 ], [ -79.3065218, 43.7340895 ], [ -79.3064294, 43.7338706 ], [ -79.3062248, 43.733371 ], [ -79.3061522, 43.7331957 ], [ -79.3059755, 43.7327669 ], [ -79.3058856, 43.7325401 ], [ -79.3058723, 43.7325082 ], [ -79.3057792, 43.732285 ], [ -79.3057404, 43.7321877 ], [ -79.3056574, 43.7319792 ], [ -79.3056134, 43.7318734 ], [ -79.305584, 43.7318009 ], [ -79.3055065, 43.731606 ], [ -79.3054519, 43.7314721 ], [ -79.305436, 43.731433 ], [ -79.3053786, 43.7312967 ], [ -79.3052085, 43.7308944 ], [ -79.3050783, 43.7305862 ], [ -79.3050348, 43.7304703 ], [ -79.3050012, 43.7303849 ], [ -79.3049639, 43.730294 ], [ -79.3048027, 43.7299117 ], [ -79.3046202, 43.7294634 ], [ -79.3045666, 43.7293309 ] ] ] } },
{ "type": "Feature", "properties": { "name": "Victoria Village", "overture_id": "a44d4d85-a367-41ae-a748-8455ef2dc01d", "division_id": "9f4d0a9d-ad7b-4452-898b-936472103d9a" }, "geometry": { "type": "Polygon", "coordinates": [ [ [ -79.3227603, 43.7258193 ], [ -79.3225041, 43.7256022 ], [ -79.3223391, 43.7253401 ], [ -79.3223405, 43.7251908 ], [ -79.3223425, 43.7250789 ], [ -79.3225229, 43.7248376 ], [ -79.3226463, 43.7245866 ], [ -79.3227656, 43.7243094 ], [ -79.3229386, 43.7240215 ], [ -79.3231049, 43.7236988 ], [ -79.3232323, 43.7233663 ], [ -79.3232618, 43.7230514 ], [ -79.3232712, 43.7226055 ], [ -79.3232846, 43.7223952 ], [ -79.3233182, 43.7221762 ], [ -79.323345, 43.7220763 ], [ -79.3233638, 43.7220424 ], [ -79.3233986, 43.7220085 ], [ -79.3235046, 43.7219687 ], [ -79.3238278, 43.7219096 ], [ -79.3243602, 43.7218418 ], [ -79.3244903, 43.7218166 ], [ -79.3250361, 43.7216489 ], [ -79.325189, 43.7215937 ], [ -79.3255819, 43.7213843 ], [ -79.3258609, 43.7213155 ], [ -79.3265609, 43.7212011 ], [ -79.3266374, 43.7211779 ], [ -79.3266897, 43.721142 ], [ -79.3267179, 43.7211081 ], [ -79.3267326, 43.721047 ], [ -79.3267071, 43.7207727 ], [ -79.3266039, 43.7206186 ], [ -79.3264563, 43.7204936 ], [ -79.3260728, 43.7203947 ], [ -79.3256342, 43.7203327 ], [ -79.3252493, 43.7204267 ], [ -79.324839, 43.7205566 ], [ -79.3246646, 43.7206167 ], [ -79.3244487, 43.7206545 ], [ -79.3242261, 43.7206162 ], [ -79.3240424, 43.7205542 ], [ -79.32364, 43.7203433 ], [ -79.3232471, 43.7200817 ], [ -79.3228528, 43.7198306 ], [ -79.3225698, 43.719566 ], [ -79.3224826, 43.7194691 ], [ -79.3224531, 43.7193993 ], [ -79.3224753, 43.7192903 ], [ -79.3225524, 43.7192122 ], [ -79.3231264, 43.7190038 ], [ -79.3234523, 43.7188604 ], [ -79.3236092, 43.7187208 ], [ -79.3237621, 43.7185221 ], [ -79.3239364, 43.7181295 ], [ -79.323868, 43.7177195 ], [ -79.3236695, 43.7173221 ], [ -79.3235837, 43.7169625 ], [ -79.3233624, 43.7166223 ], [ -79.322944, 43.7164284 ], [ -79.322484, 43.7163247 ], [ -79.322075, 43.7161522 ], [ -79.3215801, 43.7160262 ], [ -79.3211026, 43.7159234 ], [ -79.3210195, 43.7159123 ], [ -79.3208492, 43.7159113 ], [ -79.3206742, 43.7159414 ], [ -79.3203845, 43.7159758 ], [ -79.3203335, 43.7159695 ], [ -79.3202926, 43.7159477 ], [ -79.3202088, 43.7158401 ], [ -79.319944, 43.7154708 ], [ -79.3195053, 43.7156408 ], [ -79.3168834, 43.7162174 ], [ -79.3133486, 43.7169948 ], [ -79.3119922, 43.7172806 ], [ -79.3111979, 43.7154611 ], [ -79.3100659, 43.7157023 ], [ -79.3090195, 43.7159346 ], [ -79.3048153, 43.7168593 ], [ -79.3048421, 43.7167198 ], [ -79.3048712, 43.7165938 ], [ -79.3048904, 43.7164318 ], [ -79.3049118, 43.7162743 ], [ -79.3049235, 43.7161438 ], [ -79.3049426, 43.7159954 ], [ -79.3049645, 43.7159234 ], [ -79.3049912, 43.7158469 ], [ -79.3050194, 43.7157479 ], [ -79.3050589, 43.71564 ], [ -79.3050996, 43.7155411 ], [ -79.3051535, 43.7154151 ], [ -79.3052046, 43.7153162 ], [ -79.3052717, 43.7152083 ], [ -79.3053418, 43.7151094 ], [ -79.3037581, 43.7154218 ], [ -79.3017856, 43.7158235 ], [ -79.2991645, 43.7163816 ], [ -79.2995054, 43.7172124 ], [ -79.299616, 43.7174715 ], [ -79.2996649, 43.7175861 ], [ -79.2997808, 43.7178577 ], [ -79.3000018, 43.7183786 ], [ -79.3000429, 43.7184755 ], [ -79.3001732, 43.7187827 ], [ -79.3005833, 43.7197359 ], [ -79.3010442, 43.720807 ], [ -79.3013458, 43.7215051 ], [ -79.3013854, 43.7215962 ], [ -79.3014997, 43.721877 ], [ -79.3015235, 43.7219384 ], [ -79.3015958, 43.722125 ], [ -79.3016891, 43.7223409 ], [ -79.3017304, 43.7224333 ], [ -79.30176, 43.7224998 ], [ -79.3018077, 43.7226072 ], [ -79.3026222, 43.7246051 ], [ -79.303709, 43.7272594 ], [ -79.3042379, 43.7285355 ], [ -79.3043873, 43.7288937 ], [ -79.304514, 43.7292046 ], [ -79.3045666, 43.7293309 ], [ -79.3046202, 43.7294634 ], [ -79.3048027, 43.7299117 ], [ -79.3049639, 43.730294 ], [ -79.3050012, 43.7303849 ], [ -79.3050348, 43.7304703 ], [ -79.3050783, 43.7305862 ], [ -79.3052085, 43.7308944 ], [ -79.3053786, 43.7312967 ], [ -79.305436, 43.731433 ], [ -79.3054519, 43.7314721 ], [ -79.3055065, 43.731606 ], [ -79.305584, 43.7318009 ], [ -79.3056134, 43.7318734 ], [ -79.3056574, 43.7319792 ], [ -79.3057404, 43.7321877 ], [ -79.3057792, 43.732285 ], [ -79.3058723, 43.7325082 ], [ -79.3058856, 43.7325401 ], [ -79.3059755, 43.7327669 ], [ -79.3061522, 43.7331957 ], [ -79.3062248, 43.733371 ], [ -79.3064294, 43.7338706 ], [ -79.3065218, 43.7340895 ], [ -79.3067597, 43.7346594 ], [ -79.306937, 43.7351017 ], [ -79.3069684, 43.7351806 ], [ -79.3070589, 43.7354003 ], [ -79.3070889, 43.7354773 ], [ -79.3072358, 43.7358365 ], [ -79.307284, 43.735951 ], [ -79.3073127, 43.7360174 ], [ -79.3074095, 43.7362848 ], [ -79.3074279, 43.7363409 ], [ -79.3074726, 43.7364567 ], [ -79.3074836, 43.7364861 ], [ -79.3075519, 43.7366541 ], [ -79.3075986, 43.7367503 ], [ -79.3076137, 43.7367753 ], [ -79.3076308, 43.7368079 ], [ -79.308087, 43.7379085 ], [ -79.308171, 43.7381243 ], [ -79.3082093, 43.7382148 ], [ -79.3082288, 43.7382599 ], [ -79.3082428, 43.7382925 ], [ -79.3082781, 43.7383749 ], [ -79.3083402, 43.7385129 ], [ -79.308379, 43.7386091 ], [ -79.3084519, 43.7387832 ], [ -79.3085545, 43.7390456 ], [ -79.3085984, 43.739154 ], [ -79.3086296, 43.7392272 ], [ -79.3086817, 43.7393434 ], [ -79.3087404, 43.7395012 ], [ -79.3088564, 43.7397826 ], [ -79.3089246, 43.739952 ], [ -79.3089394, 43.7399877 ], [ -79.3090578, 43.7402697 ], [ -79.309316, 43.7409217 ], [ -79.309381, 43.74108 ], [ -79.3095145, 43.7414127 ], [ -79.309565, 43.7415361 ], [ -79.309797, 43.742143 ], [ -79.311444, 43.7417996 ], [ -79.3128173, 43.7416252 ], [ -79.3137199, 43.7415389 ], [ -79.3142362, 43.7414973 ], [ -79.3160715, 43.74138 ], [ -79.3180034, 43.7412657 ], [ -79.3197079, 43.7411533 ], [ -79.322142, 43.741006 ], [ -79.324159, 43.74085 ], [ -79.3247008, 43.7407929 ], [ -79.3256691, 43.7406659 ], [ -79.3274447, 43.7403811 ], [ -79.3284425, 43.7401941 ], [ -79.3305574, 43.739791 ], [ -79.3304394, 43.7396389 ], [ -79.3302771, 43.7393802 ], [ -79.3301538, 43.739135 ], [ -79.3301149, 43.7388715 ], [ -79.3301377, 43.7386302 ], [ -79.330245, 43.7383899 ], [ -79.3304233, 43.7381903 ], [ -79.330878, 43.7378047 ], [ -79.3310818, 43.7376303 ], [ -79.3312374, 43.7374549 ], [ -79.3314278, 43.7372872 ], [ -79.3315284, 43.7371564 ], [ -79.3315579, 43.7370944 ], [ -79.3315485, 43.736951 ], [ -79.3315177, 43.7369035 ], [ -79.3314761, 43.736856 ], [ -79.3313004, 43.736734 ], [ -79.3310255, 43.7365867 ], [ -79.3308042, 43.7364103 ], [ -79.3306781, 43.7362863 ], [ -79.330658, 43.7362436 ], [ -79.330662, 43.7361865 ], [ -79.3306822, 43.7361467 ], [ -79.330996, 43.7357146 ], [ -79.3311247, 43.7355043 ], [ -79.3311918, 43.7352591 ], [ -79.3311127, 43.7349762 ], [ -79.3309759, 43.7347155 ], [ -79.3306848, 43.7345072 ], [ -79.3303831, 43.7343192 ], [ -79.3300612, 43.7341467 ], [ -79.3297461, 43.7340159 ], [ -79.3294001, 43.7339335 ], [ -79.3290742, 43.7339771 ], [ -79.328814, 43.734138 ], [ -79.3285149, 43.734231 ], [ -79.3281984, 43.7341409 ], [ -79.3279262, 43.7339277 ], [ -79.3277304, 43.7336593 ], [ -79.3276888, 43.7333696 ], [ -79.3276566, 43.7330759 ], [ -79.3274313, 43.7329286 ], [ -79.3271202, 43.7329442 ], [ -79.3268305, 43.7327765 ], [ -79.3265475, 43.7325701 ], [ -79.3260701, 43.7320924 ], [ -79.3257388, 43.7320032 ], [ -79.3253486, 43.7319383 ], [ -79.3248202, 43.7316931 ], [ -79.3247531, 43.7315487 ], [ -79.3247116, 43.7313627 ], [ -79.3246405, 43.7309198 ], [ -79.3247907, 43.7305661 ], [ -79.3248698, 43.7302385 ], [ -79.3250133, 43.7299274 ], [ -79.3251957, 43.72966 ], [ -79.3251179, 43.7294487 ], [ -79.3247022, 43.7294623 ], [ -79.3242824, 43.7294284 ], [ -79.3238626, 43.7293789 ], [ -79.3234161, 43.7293799 ], [ -79.3230137, 43.72947 ], [ -79.3226597, 43.7296706 ], [ -79.3223391, 43.729909 ], [ -79.3220454, 43.7301823 ], [ -79.3217544, 43.7304604 ], [ -79.3214741, 43.7307211 ], [ -79.3211415, 43.7309469 ], [ -79.3207687, 43.7311146 ], [ -79.3204965, 43.731351 ], [ -79.3201196, 43.731509 ], [ -79.3197227, 43.7313878 ], [ -79.319614, 43.7311 ], [ -79.3197615, 43.7307919 ], [ -79.3200593, 43.7305147 ], [ -79.3203087, 43.7301843 ], [ -79.320416, 43.7298257 ], [ -79.3202296, 43.7295369 ], [ -79.319787, 43.7294458 ], [ -79.3192922, 43.7294119 ], [ -79.3189086, 43.7292636 ], [ -79.3186672, 43.7290717 ], [ -79.318867, 43.7289176 ], [ -79.319315, 43.7288362 ], [ -79.3196985, 43.7286657 ], [ -79.3199708, 43.7284593 ], [ -79.3202618, 43.7282596 ], [ -79.3204187, 43.7280251 ], [ -79.3207526, 43.7278981 ], [ -79.3211254, 43.7278129 ], [ -79.3214929, 43.7276975 ], [ -79.3219019, 43.7275463 ], [ -79.3222667, 43.7274281 ], [ -79.3226717, 43.7273341 ], [ -79.3230486, 43.7272052 ], [ -79.3232082, 43.7269465 ], [ -79.3232417, 43.7266237 ], [ -79.3231948, 43.726331 ], [ -79.323003, 43.7260655 ], [ -79.3227603, 43.7258193 ] ] ] } },
{ "type": "Feature", "properties": { "name": "O'Connor-Parkview", "overture_id": "0af5a04e-51f1-4836-9b96-7e675a0dee8e", "division_id": "08313fed-30d0-4638-9762-41aec50fd875" }, "geometry": { "type": "Polygon", "coordinates": [ [ [ -79.3206815, 43.7013916 ], [ -79.3203476, 43.7012985 ], [ -79.3201652, 43.7013005 ], [ -79.3193713, 43.7011366 ], [ -79.3181083, 43.700869 ], [ -79.3153037, 43.700295 ], [ -79.3140679, 43.7000657 ], [ -79.313687, 43.6999959 ], [ -79.3129615, 43.6998611 ], [ -79.3121484, 43.6998282 ], [ -79.3074556, 43.6984266 ], [ -79.3063116, 43.6980495 ], [ -79.3029575, 43.6968985 ], [ -79.3006025, 43.6960957 ], [ -79.2983991, 43.6952996 ], [ -79.2973369, 43.6949156 ], [ -79.2973892, 43.6952075 ], [ -79.297459, 43.6956729 ], [ -79.2974442, 43.6958998 ], [ -79.297412, 43.6961354 ], [ -79.2973128, 43.6965281 ], [ -79.2972069, 43.6969839 ], [ -79.2971157, 43.697362 ], [ -79.2970942, 43.697489 ], [ -79.297066, 43.6977993 ], [ -79.2970701, 43.6980533 ], [ -79.2970687, 43.698574 ], [ -79.297066, 43.6990016 ], [ -79.2970285, 43.699628 ], [ -79.2969775, 43.7004628 ], [ -79.2969158, 43.7008991 ], [ -79.2969105, 43.7011405 ], [ -79.2969413, 43.7013315 ], [ -79.2969306, 43.7022564 ], [ -79.2968836, 43.7022492 ], [ -79.2968173, 43.7022511 ], [ -79.2945246, 43.7027635 ], [ -79.2933746, 43.7030403 ], [ -79.2991645, 43.7163816 ], [ -79.3017856, 43.7158235 ], [ -79.3037581, 43.7154218 ], [ -79.3053418, 43.7151094 ], [ -79.3052717, 43.7152083 ], [ -79.3052046, 43.7153162 ], [ -79.3051535, 43.7154151 ], [ -79.3050996, 43.7155411 ], [ -79.3050589, 43.71564 ], [ -79.3050194, 43.7157479 ], [ -79.3049912, 43.7158469 ], [ -79.3049645, 43.7159234 ], [ -79.3049426, 43.7159954 ], [ -79.3049235, 43.7161438 ], [ -79.3049118, 43.7162743 ], [ -79.3048904, 43.7164318 ], [ -79.3048712, 43.7165938 ], [ -79.3048421, 43.7167198 ], [ -79.3048153, 43.7168593 ], [ -79.3090195, 43.7159346 ], [ -79.3100659, 43.7157023 ], [ -79.3111979, 43.7154611 ], [ -79.3119922, 43.7172806 ], [ -79.3133486, 43.7169948 ], [ -79.3168834, 43.7162174 ], [ -79.3195053, 43.7156408 ], [ -79.3195366, 43.7134219 ], [ -79.3193438, 43.7133046 ], [ -79.3192968, 43.7126969 ], [ -79.3194068, 43.7126007 ], [ -79.3194457, 43.7125666 ], [ -79.3199009, 43.7116672 ], [ -79.3203319, 43.7115914 ], [ -79.3219167, 43.7112428 ], [ -79.3235316, 43.7108808 ], [ -79.3271083, 43.7101032 ], [ -79.3290196, 43.7096741 ], [ -79.3293913, 43.7095802 ], [ -79.3313545, 43.7091441 ], [ -79.3314657, 43.7091194 ], [ -79.333858, 43.7085905 ], [ -79.333869, 43.7085881 ], [ -79.3378784, 43.7077321 ], [ -79.3380287, 43.7074621 ], [ -79.3378108, 43.7072125 ], [ -79.3374058, 43.706991 ], [ -79.3372013, 43.7067428 ], [ -79.3372811, 43.7064355 ], [ -79.3375399, 43.7061616 ], [ -79.3378819, 43.7059251 ], [ -79.3381776, 43.7056434 ], [ -79.3381702, 43.7053346 ], [ -79.3378309, 43.705149 ], [ -79.3373629, 43.7050782 ], [ -79.3369149, 43.7049871 ], [ -79.3364409, 43.7048261 ], [ -79.336007, 43.704625 ], [ -79.3356476, 43.7044005 ], [ -79.3352935, 43.704162 ], [ -79.3350602, 43.7038532 ], [ -79.3350508, 43.7035357 ], [ -79.3352942, 43.7032473 ], [ -79.3353593, 43.7031648 ], [ -79.3352655, 43.7031622 ], [ -79.3351574, 43.7031591 ], [ -79.3349965, 43.7031465 ], [ -79.3347242, 43.7030825 ], [ -79.334397, 43.7030253 ], [ -79.3342173, 43.7030078 ], [ -79.334025, 43.7029951 ], [ -79.3337707, 43.7030088 ], [ -79.3335199, 43.7030689 ], [ -79.3334113, 43.7031154 ], [ -79.3333215, 43.7031668 ], [ -79.3331042, 43.7034199 ], [ -79.3328588, 43.7033607 ], [ -79.3327261, 43.7033394 ], [ -79.3326053, 43.70332 ], [ -79.3322375, 43.7032075 ], [ -79.3321641, 43.7031746 ], [ -79.3321124, 43.7031276 ], [ -79.331971, 43.7028721 ], [ -79.3319093, 43.702747 ], [ -79.3318744, 43.7026171 ], [ -79.3318369, 43.7023456 ], [ -79.3318489, 43.7020267 ], [ -79.3318409, 43.7019806 ], [ -79.3318158, 43.7019393 ], [ -79.3317269, 43.7018124 ], [ -79.3316612, 43.7017513 ], [ -79.3315713, 43.7016989 ], [ -79.3314412, 43.7016602 ], [ -79.3312763, 43.7016485 ], [ -79.3309383, 43.7016534 ], [ -79.3308283, 43.7016631 ], [ -79.3307559, 43.7016582 ], [ -79.3305628, 43.7016136 ], [ -79.330359, 43.7015855 ], [ -79.3302476, 43.7015942 ], [ -79.3301833, 43.7016272 ], [ -79.3301256, 43.7016728 ], [ -79.3300559, 43.701696 ], [ -79.3299472, 43.7017038 ], [ -79.3297253, 43.7016834 ], [ -79.3295389, 43.7016364 ], [ -79.3292713, 43.7016102 ], [ -79.3291305, 43.7015875 ], [ -79.3289951, 43.7015511 ], [ -79.3289112, 43.7015332 ], [ -79.3288301, 43.7015278 ], [ -79.328704, 43.7015327 ], [ -79.3286262, 43.7015424 ], [ -79.328586, 43.7015462 ], [ -79.3285167, 43.701542 ], [ -79.3279409, 43.7014769 ], [ -79.327544, 43.7014265 ], [ -79.327434, 43.7014187 ], [ -79.3273703, 43.7014154 ], [ -79.327324, 43.7014226 ], [ -79.3271571, 43.7014983 ], [ -79.3269284, 43.7015908 ], [ -79.3268124, 43.7016301 ], [ -79.3267393, 43.7016461 ], [ -79.3266795, 43.7016538 ], [ -79.3262847, 43.7016165 ], [ -79.3259266, 43.7015283 ], [ -79.3255484, 43.7014158 ], [ -79.3251662, 43.7014008 ], [ -79.3248504, 43.7014721 ], [ -79.3244722, 43.7015089 ], [ -79.3241161, 43.7014934 ], [ -79.3237875, 43.7015429 ], [ -79.3234321, 43.7016204 ], [ -79.3230821, 43.7016393 ], [ -79.3227985, 43.7017692 ], [ -79.3225946, 43.7020048 ], [ -79.3224518, 43.7022453 ], [ -79.3222164, 43.702446 ], [ -79.3219502, 43.7024848 ], [ -79.3217611, 43.7023466 ], [ -79.3215801, 43.7021653 ], [ -79.3213635, 43.7019733 ], [ -79.3211643, 43.7017397 ], [ -79.3209162, 43.7015424 ], [ -79.3206815, 43.7013916 ] ] ] } },
{ "type": "Feature", "properties": { "name": "Woodbine Corridor", "overture_id": "7f0ba60e-1cbb-43d3-bda0-a9078ed7dbdc", "division_id": "4522a359-5a67-4330-bff4-a556a9b20f65" }, "geometry": { "type": "MultiPolygon", "coordinates": [ [ [ [ -79.3108083, 43.6706858 ], [ -79.3102015, 43.6718091 ], [ -79.3101291, 43.6719017 ], [ -79.3099836, 43.6720715 ], [ -79.3098749, 43.672202 ], [ -79.3079276, 43.6739295 ], [ -79.3085003, 43.6753292 ], [ -79.308802, 43.6760683 ], [ -79.3089601, 43.6764818 ], [ -79.3090396, 43.6764293 ], [ -79.3091155, 43.6763992 ], [ -79.3094966, 43.6762415 ], [ -79.309764, 43.6761236 ], [ -79.3100479, 43.6759984 ], [ -79.3101523, 43.6759524 ], [ -79.3102309, 43.6759171 ], [ -79.3102908, 43.6758923 ], [ -79.3107905, 43.6756858 ], [ -79.3108614, 43.6756565 ], [ -79.3109535, 43.6756184 ], [ -79.3110284, 43.6755874 ], [ -79.3116697, 43.6753222 ], [ -79.3117477, 43.6752899 ], [ -79.3118247, 43.6752636 ], [ -79.3118598, 43.6752516 ], [ -79.3119743, 43.6752212 ], [ -79.3122473, 43.6751654 ], [ -79.3123471, 43.675145 ], [ -79.3123267, 43.6750826 ], [ -79.3122732, 43.6749184 ], [ -79.3122654, 43.6748772 ], [ -79.3122681, 43.6748399 ], [ -79.3122757, 43.6748011 ], [ -79.3122943, 43.6747545 ], [ -79.3123251, 43.6747086 ], [ -79.31236, 43.6746716 ], [ -79.3124039, 43.6746405 ], [ -79.312474, 43.6746061 ], [ -79.312551, 43.6745783 ], [ -79.3132368, 43.6743729 ], [ -79.3133392, 43.674345 ], [ -79.3134101, 43.6743631 ], [ -79.3157209, 43.6738095 ], [ -79.319304, 43.6729455 ], [ -79.316575, 43.666366 ], [ -79.3148511, 43.6667395 ], [ -79.3125954, 43.6672444 ], [ -79.3125477, 43.6673482 ], [ -79.312478, 43.667501 ], [ -79.3122098, 43.6680278 ], [ -79.3118799, 43.6686894 ], [ -79.3116425, 43.6691123 ], [ -79.3113193, 43.6697283 ], [ -79.3111852, 43.6699709 ], [ -79.3108083, 43.6706858 ] ] ], [ [ [ -79.3192399, 43.6842867 ], [ -79.3202041, 43.6840841 ], [ -79.3208894, 43.6839444 ], [ -79.3211898, 43.6838654 ], [ -79.3226591, 43.683566 ], [ -79.3236276, 43.6833679 ], [ -79.3213483, 43.6778736 ], [ -79.3112277, 43.681957 ], [ -79.3113084, 43.6821416 ], [ -79.3115057, 43.6826036 ], [ -79.311843, 43.6834241 ], [ -79.3122135, 43.6843094 ], [ -79.3126052, 43.6852619 ], [ -79.3127787, 43.6856847 ], [ -79.314086, 43.685405 ], [ -79.3152695, 43.6851504 ], [ -79.3162257, 43.6849462 ], [ -79.3171766, 43.6847387 ], [ -79.3176674, 43.6846276 ], [ -79.318222, 43.6845229 ], [ -79.3192399, 43.6842867 ] ] ] ] } },
{ "type": "Feature", "properties": { "name": "Greenwood-Coxwell", "overture_id": "f039e446-682f-469c-b9fe-4c77f0602973", "division_id": "f73f0b65-43aa-4f14-b721-b5a8aec35bc6" }, "geometry": { "type": "Polygon", "coordinates": [ [ [ -79.3309158, 43.6779829 ], [ -79.3308922, 43.6779267 ], [ -79.330241, 43.6763915 ], [ -79.3297005, 43.6750654 ], [ -79.3293179, 43.674085 ], [ -79.3290712, 43.6734717 ], [ -79.3287563, 43.6726938 ], [ -79.3281944, 43.6713333 ], [ -79.3280221, 43.6709225 ], [ -79.3277049, 43.6701801 ], [ -79.3274082, 43.6694504 ], [ -79.3266401, 43.6676005 ], [ -79.3260218, 43.6660963 ], [ -79.325308, 43.6643976 ], [ -79.325987, 43.6642235 ], [ -79.3273179, 43.6639198 ], [ -79.3273495, 43.6639106 ], [ -79.3278799, 43.663807 ], [ -79.3302255, 43.6632392 ], [ -79.3297357, 43.6621133 ], [ -79.3294778, 43.6615458 ], [ -79.3266344, 43.6622101 ], [ -79.3252705, 43.6625169 ], [ -79.3235562, 43.6629186 ], [ -79.3216639, 43.6633411 ], [ -79.3205736, 43.663588 ], [ -79.3201987, 43.6636622 ], [ -79.3199771, 43.6637037 ], [ -79.3198584, 43.6637338 ], [ -79.3197501, 43.6637719 ], [ -79.3193937, 43.6639734 ], [ -79.3190776, 43.6642458 ], [ -79.3186397, 43.6645897 ], [ -79.3184841, 43.6647299 ], [ -79.3183889, 43.6648254 ], [ -79.3182877, 43.6649035 ], [ -79.3181743, 43.6649845 ], [ -79.3180664, 43.665051 ], [ -79.3179242, 43.6651053 ], [ -79.3177787, 43.665149 ], [ -79.3176493, 43.6651786 ], [ -79.3162136, 43.6654947 ], [ -79.315533, 43.6656544 ], [ -79.3154653, 43.6656729 ], [ -79.314951, 43.6657801 ], [ -79.3149089, 43.6662 ], [ -79.314887, 43.6662986 ], [ -79.3148511, 43.6667395 ], [ -79.316575, 43.666366 ], [ -79.319304, 43.6729455 ], [ -79.3213483, 43.6778736 ], [ -79.3236276, 43.6833679 ], [ -79.3239451, 43.6832985 ], [ -79.3247672, 43.6831176 ], [ -79.3255699, 43.6829484 ], [ -79.3262056, 43.6828111 ], [ -79.3271698, 43.6825881 ], [ -79.3282675, 43.6823597 ], [ -79.329333, 43.6821478 ], [ -79.3297813, 43.6820614 ], [ -79.3299405, 43.682026 ], [ -79.331348, 43.6817099 ], [ -79.3323648, 43.68148 ], [ -79.3323233, 43.6813771 ], [ -79.3322219, 43.6811392 ], [ -79.3319582, 43.6805041 ], [ -79.3318097, 43.680142 ], [ -79.331609, 43.679662 ], [ -79.3315158, 43.6794426 ], [ -79.3312236, 43.6787546 ], [ -79.3309412, 43.6780435 ], [ -79.3309158, 43.6779829 ] ] ] } },
{ "type": "Feature", "properties": { "name": "Fenside", "overture_id": "88eb3031-0b02-4ecd-97df-8fcef88cbf77", "division_id": "e67768be-83e6-4702-8a10-68f9deb39603" }, "geometry": { "type": "Polygon", "coordinates": [ [ [ -79.3380795, 43.7676892 ], [ -79.3370837, 43.7638143 ], [ -79.3357218, 43.7583173 ], [ -79.3355811, 43.7583467 ], [ -79.3351745, 43.7584387 ], [ -79.3349447, 43.7585165 ], [ -79.334502, 43.7587034 ], [ -79.3340017, 43.7589549 ], [ -79.3335273, 43.7592038 ], [ -79.3328645, 43.7594633 ], [ -79.3326826, 43.7595123 ], [ -79.331907, 43.7597175 ], [ -79.331713, 43.7597629 ], [ -79.3306594, 43.7600094 ], [ -79.329646, 43.7602399 ], [ -79.328284, 43.7605537 ], [ -79.3278475, 43.7606593 ], [ -79.3276887, 43.760696 ], [ -79.3276439, 43.7607063 ], [ -79.3275672, 43.7607248 ], [ -79.3271391, 43.7608226 ], [ -79.3270112, 43.7608521 ], [ -79.3263526, 43.7610039 ], [ -79.3252936, 43.7612478 ], [ -79.3238112, 43.7615911 ], [ -79.3237952, 43.7615948 ], [ -79.3229205, 43.7617963 ], [ -79.3228858, 43.7618043 ], [ -79.3224589, 43.7619026 ], [ -79.321117, 43.7622117 ], [ -79.3210381, 43.7622299 ], [ -79.3208706, 43.7622685 ], [ -79.3203097, 43.7623977 ], [ -79.3199909, 43.7624711 ], [ -79.319311, 43.7626277 ], [ -79.3185351, 43.7628065 ], [ -79.3181577, 43.7628912 ], [ -79.3177118, 43.7629911 ], [ -79.3175355, 43.7630346 ], [ -79.3176792, 43.7633706 ], [ -79.3178306, 43.7637245 ], [ -79.3179546, 43.7640146 ], [ -79.3187973, 43.7659618 ], [ -79.3194717, 43.7677148 ], [ -79.3197723, 43.768329 ], [ -79.3237567, 43.7683667 ], [ -79.3306875, 43.7681033 ], [ -79.3380795, 43.7676892 ] ] ] } },
{ "type": "Feature", "properties": { "name": "Parkwoods-O'Connor Hills", "overture_id": "7eeea016-2eee-4e88-9833-42afbf2b1763", "division_id": "b9498cdc-5be1-4bc2-815e-fe79d5a98781" }, "geometry": { "type": "Polygon", "coordinates": [ [ [ -79.3488628, 43.7615308 ], [ -79.3493621, 43.7614676 ], [ -79.3496507, 43.7614277 ], [ -79.3498494, 43.761423 ], [ -79.3498553, 43.7613473 ], [ -79.3498439, 43.7612499 ], [ -79.3498358, 43.7611599 ], [ -79.3498063, 43.7610669 ], [ -79.3497527, 43.7610039 ], [ -79.3496494, 43.7609342 ], [ -79.3495166, 43.7608809 ], [ -79.3493691, 43.7608451 ], [ -79.3492484, 43.7608247 ], [ -79.3491411, 43.7607947 ], [ -79.3490325, 43.7607298 ], [ -79.3489198, 43.7606407 ], [ -79.3488179, 43.7605177 ], [ -79.3487629, 43.760384 ], [ -79.3487039, 43.7602707 ], [ -79.3486355, 43.7601593 ], [ -79.3485457, 43.7600576 ], [ -79.3484196, 43.7599627 ], [ -79.3482895, 43.7599046 ], [ -79.3481427, 43.7598619 ], [ -79.3479817, 43.7598067 ], [ -79.3478684, 43.7597859 ], [ -79.3477061, 43.7597462 ], [ -79.3475834, 43.7597046 ], [ -79.3474761, 43.7596828 ], [ -79.347336, 43.7596576 ], [ -79.3471858, 43.7596435 ], [ -79.3470852, 43.7596518 ], [ -79.3469457, 43.7596469 ], [ -79.3468076, 43.7596392 ], [ -79.3466453, 43.759584 ], [ -79.3464804, 43.7595055 ], [ -79.3463798, 43.7594125 ], [ -79.3463127, 43.7592633 ], [ -79.3462819, 43.7591394 ], [ -79.3462604, 43.7590076 ], [ -79.3462417, 43.7588643 ], [ -79.3461652, 43.7587306 ], [ -79.3460754, 43.7586076 ], [ -79.3459815, 43.7584952 ], [ -79.3458541, 43.7583829 ], [ -79.3456864, 43.7582705 ], [ -79.3454812, 43.7581756 ], [ -79.3450615, 43.7579518 ], [ -79.3448684, 43.7578346 ], [ -79.3446752, 43.757698 ], [ -79.3444996, 43.757544 ], [ -79.3443829, 43.7574171 ], [ -79.3442702, 43.7572912 ], [ -79.344179, 43.7571508 ], [ -79.3440275, 43.7568747 ], [ -79.3440221, 43.7568243 ], [ -79.3439014, 43.7564979 ], [ -79.3438612, 43.7562606 ], [ -79.3438572, 43.7561124 ], [ -79.3438585, 43.7559128 ], [ -79.3438183, 43.7558198 ], [ -79.3437177, 43.7556338 ], [ -79.3436332, 43.7554294 ], [ -79.3436104, 43.7553481 ], [ -79.3436345, 43.7552241 ], [ -79.3437016, 43.7551543 ], [ -79.343833, 43.7550672 ], [ -79.3439645, 43.7549964 ], [ -79.3441093, 43.7549529 ], [ -79.3445277, 43.7549044 ], [ -79.3446752, 43.7548773 ], [ -79.3452439, 43.7546332 ], [ -79.3454343, 43.7544927 ], [ -79.3455604, 43.7543668 ], [ -79.3456046, 43.7542864 ], [ -79.3456475, 43.7541934 ], [ -79.3456663, 43.7541159 ], [ -79.345661, 43.7540093 ], [ -79.3456355, 43.7538824 ], [ -79.3456073, 43.7536655 ], [ -79.3455832, 43.7535792 ], [ -79.3455054, 43.7534097 ], [ -79.3453927, 43.7532625 ], [ -79.3453605, 43.7531869 ], [ -79.3453015, 43.7529893 ], [ -79.3452854, 43.7528963 ], [ -79.3452948, 43.7528188 ], [ -79.3454316, 43.7526299 ], [ -79.3457723, 43.7523093 ], [ -79.3459962, 43.7520622 ], [ -79.3461639, 43.7518743 ], [ -79.3462202, 43.7517803 ], [ -79.3462846, 43.7517086 ], [ -79.3463556, 43.7516302 ], [ -79.3463959, 43.7515895 ], [ -79.3464093, 43.7515469 ], [ -79.3463999, 43.7515081 ], [ -79.3463543, 43.7514597 ], [ -79.3462591, 43.7514035 ], [ -79.3461384, 43.7513609 ], [ -79.346007, 43.751325 ], [ -79.3457602, 43.7512533 ], [ -79.3456449, 43.7512068 ], [ -79.3455617, 43.7511535 ], [ -79.345492, 43.751109 ], [ -79.3454115, 43.7510741 ], [ -79.3453015, 43.7510412 ], [ -79.3451996, 43.7510276 ], [ -79.3450239, 43.7510092 ], [ -79.3448161, 43.7509869 ], [ -79.3445626, 43.7509908 ], [ -79.3443708, 43.7509617 ], [ -79.3441308, 43.750954 ], [ -79.3438612, 43.7509598 ], [ -79.3436386, 43.750983 ], [ -79.343255, 43.7509395 ], [ -79.3429184, 43.7508939 ], [ -79.3427052, 43.7508416 ], [ -79.3426099, 43.7507922 ], [ -79.3425255, 43.7507331 ], [ -79.3424839, 43.7506663 ], [ -79.3424691, 43.7505645 ], [ -79.3424758, 43.7504706 ], [ -79.3425295, 43.7503543 ], [ -79.3425965, 43.7501102 ], [ -79.3426046, 43.7498486 ], [ -79.3425912, 43.7497721 ], [ -79.3425402, 43.7496859 ], [ -79.3424785, 43.7495948 ], [ -79.3422988, 43.7493449 ], [ -79.3422318, 43.7492044 ], [ -79.3421942, 43.7491182 ], [ -79.3421875, 43.7490281 ], [ -79.342213, 43.7489205 ], [ -79.3422519, 43.7488363 ], [ -79.3422841, 43.7487026 ], [ -79.3423283, 43.7486057 ], [ -79.3424074, 43.7484836 ], [ -79.3424463, 43.7483199 ], [ -79.3424477, 43.7482288 ], [ -79.3424249, 43.7480806 ], [ -79.3423873, 43.7479799 ], [ -79.342327, 43.7477871 ], [ -79.342272, 43.7476069 ], [ -79.342217, 43.7475187 ], [ -79.3421499, 43.7474596 ], [ -79.3420668, 43.7474179 ], [ -79.3419313, 43.7473802 ], [ -79.3417114, 43.7473472 ], [ -79.3413788, 43.7473046 ], [ -79.3411951, 43.7472649 ], [ -79.3410636, 43.7472067 ], [ -79.3408652, 43.7470885 ], [ -79.3406653, 43.7469946 ], [ -79.3405487, 43.746951 ], [ -79.3404374, 43.7469239 ], [ -79.3401437, 43.7468803 ], [ -79.3399398, 43.7468696 ], [ -79.3396086, 43.7468182 ], [ -79.3394248, 43.7467766 ], [ -79.339347, 43.7467359 ], [ -79.3392813, 43.7466749 ], [ -79.3392384, 43.7466138 ], [ -79.3391942, 43.7465344 ], [ -79.3391888, 43.7464811 ], [ -79.3392076, 43.7463978 ], [ -79.3393403, 43.746235 ], [ -79.3394302, 43.7461536 ], [ -79.3395697, 43.7460684 ], [ -79.3397668, 43.7458581 ], [ -79.3398325, 43.7457351 ], [ -79.339909, 43.7455597 ], [ -79.3399492, 43.7454377 ], [ -79.3399706, 43.7453418 ], [ -79.3400444, 43.7451267 ], [ -79.3401101, 43.7450317 ], [ -79.340255, 43.7448157 ], [ -79.3402697, 43.7447411 ], [ -79.3402456, 43.7446636 ], [ -79.3401839, 43.7445831 ], [ -79.3401235, 43.7444911 ], [ -79.3400659, 43.7443807 ], [ -79.3399841, 43.7442818 ], [ -79.3397185, 43.7440348 ], [ -79.3394114, 43.7437441 ], [ -79.339233, 43.7435823 ], [ -79.339103, 43.7435126 ], [ -79.3389756, 43.7434806 ], [ -79.3388106, 43.7434554 ], [ -79.3386175, 43.7434564 ], [ -79.3384163, 43.7434564 ], [ -79.3382822, 43.7434602 ], [ -79.3379805, 43.743561 ], [ -79.3378168, 43.7436356 ], [ -79.3376894, 43.7437054 ], [ -79.3375647, 43.7437654 ], [ -79.3373702, 43.7438323 ], [ -79.3372388, 43.7438274 ], [ -79.3369451, 43.7437528 ], [ -79.3367989, 43.7437044 ], [ -79.3366621, 43.7436346 ], [ -79.3365535, 43.743561 ], [ -79.3364677, 43.7434748 ], [ -79.3363202, 43.7433013 ], [ -79.3362746, 43.7432326 ], [ -79.3362544, 43.7431715 ], [ -79.3362343, 43.7430707 ], [ -79.3362477, 43.7429332 ], [ -79.3363, 43.7427888 ], [ -79.3363832, 43.7426977 ], [ -79.3365012, 43.7425999 ], [ -79.3365897, 43.7425117 ], [ -79.3366514, 43.7424013 ], [ -79.3366648, 43.742283 ], [ -79.3365669, 43.7420515 ], [ -79.3364878, 43.7419507 ], [ -79.3363121, 43.7417753 ], [ -79.3360694, 43.7414343 ], [ -79.336009, 43.74132 ], [ -79.3358642, 43.7410952 ], [ -79.3358079, 43.7409779 ], [ -79.3356778, 43.7408694 ], [ -79.3356362, 43.7408394 ], [ -79.3355155, 43.7407716 ], [ -79.3353868, 43.7407144 ], [ -79.3352701, 43.7406902 ], [ -79.3351172, 43.7406698 ], [ -79.3349482, 43.7406669 ], [ -79.3347859, 43.7406718 ], [ -79.3346344, 43.740663 ], [ -79.3344601, 43.7406698 ], [ -79.334334, 43.7406892 ], [ -79.3340081, 43.7407357 ], [ -79.3337037, 43.7408006 ], [ -79.3334261, 43.7408617 ], [ -79.3332115, 43.7409605 ], [ -79.3330546, 43.7411049 ], [ -79.3329915, 43.7411872 ], [ -79.3328883, 43.7413006 ], [ -79.3327582, 43.7414178 ], [ -79.3322606, 43.7415186 ], [ -79.3319187, 43.7415515 ], [ -79.3316008, 43.741567 ], [ -79.3312642, 43.7415438 ], [ -79.3309021, 43.7414546 ], [ -79.3306553, 43.7412647 ], [ -79.3305346, 43.7410109 ], [ -79.3305065, 43.7409169 ], [ -79.3305306, 43.7408113 ], [ -79.3306781, 43.7406233 ], [ -79.3307948, 43.740384 ], [ -79.3308082, 43.7402474 ], [ -79.3307854, 43.7401418 ], [ -79.3307264, 43.7400003 ], [ -79.3306486, 43.7398995 ], [ -79.3305574, 43.739791 ], [ -79.3284425, 43.7401941 ], [ -79.3274447, 43.7403811 ], [ -79.3256691, 43.7406659 ], [ -79.3247008, 43.7407929 ], [ -79.324159, 43.74085 ], [ -79.322142, 43.741006 ], [ -79.3197079, 43.7411533 ], [ -79.3180034, 43.7412657 ], [ -79.3160715, 43.74138 ], [ -79.3142362, 43.7414973 ], [ -79.3137199, 43.7415389 ], [ -79.3128173, 43.7416252 ], [ -79.311444, 43.7417996 ], [ -79.309797, 43.742143 ], [ -79.3099929, 43.7426556 ], [ -79.310043, 43.7428055 ], [ -79.3101062, 43.7429944 ], [ -79.3101659, 43.7431731 ], [ -79.3104094, 43.7439015 ], [ -79.3105647, 43.7443661 ], [ -79.3106194, 43.7445154 ], [ -79.3107063, 43.7447647 ], [ -79.3108806, 43.7452552 ], [ -79.3108853, 43.7454 ], [ -79.3110466, 43.7458551 ], [ -79.311169, 43.74622 ], [ -79.3113147, 43.7466403 ], [ -79.3113759, 43.7466682 ], [ -79.3116061, 43.7473386 ], [ -79.3116213, 43.7473829 ], [ -79.3116292, 43.7474071 ], [ -79.3117325, 43.7477067 ], [ -79.3117812, 43.7478507 ], [ -79.311817, 43.7479513 ], [ -79.3118552, 43.7480518 ], [ -79.3119259, 43.748245 ], [ -79.3119368, 43.7482744 ], [ -79.3120463, 43.7485718 ], [ -79.3121386, 43.7488218 ], [ -79.3126178, 43.7502672 ], [ -79.3126494, 43.7503624 ], [ -79.3128936, 43.7510905 ], [ -79.3130055, 43.7514246 ], [ -79.3130241, 43.7514908 ], [ -79.3130548, 43.7515884 ], [ -79.3132763, 43.7522341 ], [ -79.3133364, 43.7523767 ], [ -79.3133765, 43.7524951 ], [ -79.3134298, 43.7526523 ], [ -79.3134442, 43.7526947 ], [ -79.31348, 43.7528004 ], [ -79.3135494, 43.7530051 ], [ -79.3135802, 43.7530953 ], [ -79.3136393, 43.7532685 ], [ -79.3139741, 43.754295 ], [ -79.3139876, 43.7543484 ], [ -79.3159246, 43.7539222 ], [ -79.3162103, 43.7538795 ], [ -79.3164557, 43.7538592 ], [ -79.3165912, 43.7538534 ], [ -79.3169184, 43.7538902 ], [ -79.3173207, 43.7539677 ], [ -79.3183266, 43.7542128 ], [ -79.3189783, 43.7543455 ], [ -79.3191929, 43.7543576 ], [ -79.3194397, 43.7543406 ], [ -79.3197206, 43.7543188 ], [ -79.3198641, 43.7542932 ], [ -79.3200754, 43.7542409 ], [ -79.3215989, 43.7538902 ], [ -79.3217719, 43.7538418 ], [ -79.3255632, 43.7529748 ], [ -79.3264402, 43.7527636 ], [ -79.3265234, 43.7529544 ], [ -79.3265717, 43.7530106 ], [ -79.3268412, 43.7531104 ], [ -79.3274689, 43.7532857 ], [ -79.3278444, 43.7534029 ], [ -79.3281341, 43.7531734 ], [ -79.3284184, 43.7530048 ], [ -79.3288006, 43.7528672 ], [ -79.3292834, 43.7527568 ], [ -79.3303791, 43.7524836 ], [ -79.3313715, 43.7522598 ], [ -79.3315767, 43.7522395 ], [ -79.3317939, 43.7522288 ], [ -79.3325061, 43.7522172 ], [ -79.3327327, 43.7521949 ], [ -79.3328923, 43.7521659 ], [ -79.3332531, 43.7520864 ], [ -79.3337037, 43.7519847 ], [ -79.3338069, 43.752565 ], [ -79.333984, 43.753245 ], [ -79.3342093, 43.7540471 ], [ -79.3343782, 43.7546225 ], [ -79.3345959, 43.7552702 ], [ -79.3346465, 43.7554207 ], [ -79.3349925, 43.756246 ], [ -79.3352097, 43.7568292 ], [ -79.3353412, 43.7572224 ], [ -79.3354592, 43.757608 ], [ -79.335596, 43.7583151 ], [ -79.3362129, 43.7607579 ], [ -79.3365978, 43.7622863 ], [ -79.3368636, 43.7622241 ], [ -79.3378222, 43.7619696 ], [ -79.3378691, 43.7619817 ], [ -79.3379389, 43.7619928 ], [ -79.3380281, 43.7619977 ], [ -79.3381233, 43.7619812 ], [ -79.3382225, 43.7619846 ], [ -79.3383211, 43.7620166 ], [ -79.3383861, 43.7620616 ], [ -79.338419, 43.7621173 ], [ -79.3384331, 43.7621759 ], [ -79.3384264, 43.7622258 ], [ -79.3384116, 43.7623546 ], [ -79.3384673, 43.7624597 ], [ -79.3385907, 43.7626021 ], [ -79.3386409, 43.7626684 ], [ -79.3386778, 43.7627362 ], [ -79.3387677, 43.7628902 ], [ -79.3390661, 43.7635774 ], [ -79.339109, 43.7636205 ], [ -79.3391687, 43.7636476 ], [ -79.3392123, 43.7636592 ], [ -79.3392954, 43.7636491 ], [ -79.340483, 43.7633987 ], [ -79.3408169, 43.7633135 ], [ -79.3409611, 43.7632893 ], [ -79.3416128, 43.7633755 ], [ -79.341708, 43.7633953 ], [ -79.3417711, 43.7634316 ], [ -79.3418013, 43.7634767 ], [ -79.3430458, 43.7632006 ], [ -79.3451031, 43.7631009 ], [ -79.3456757, 43.7625682 ], [ -79.3460157, 43.7622427 ], [ -79.3462799, 43.7620597 ], [ -79.3463892, 43.7619982 ], [ -79.3465025, 43.7619541 ], [ -79.346827, 43.7618611 ], [ -79.3472287, 43.7617517 ], [ -79.3474929, 43.7617255 ], [ -79.3478101, 43.7616892 ], [ -79.3488628, 43.7615308 ] ] ] } },
{ "type": "Feature", "properties": { "name": "Fenside-Parkwoods", "overture_id": "00aa7f91-5a39-40f7-a694-a30df8667cae", "division_id": "0fd20c9d-52fb-4980-9b76-85e825a9afcc" }, "geometry": { "type": "Polygon", "coordinates": [ [ [ -79.3498204, 43.7615626 ], [ -79.3498418, 43.7614964 ], [ -79.3498561, 43.7614354 ], [ -79.3498494, 43.761423 ], [ -79.3496507, 43.7614277 ], [ -79.3493621, 43.7614676 ], [ -79.3488628, 43.7615308 ], [ -79.3478101, 43.7616892 ], [ -79.3474929, 43.7617255 ], [ -79.3472287, 43.7617517 ], [ -79.346827, 43.7618611 ], [ -79.3465025, 43.7619541 ], [ -79.3463892, 43.7619982 ], [ -79.3462799, 43.7620597 ], [ -79.3460157, 43.7622427 ], [ -79.3456757, 43.7625682 ], [ -79.3451031, 43.7631009 ], [ -79.3430458, 43.7632006 ], [ -79.3418013, 43.7634767 ], [ -79.3417711, 43.7634316 ], [ -79.341708, 43.7633953 ], [ -79.3416128, 43.7633755 ], [ -79.3409611, 43.7632893 ], [ -79.3408169, 43.7633135 ], [ -79.340483, 43.7633987 ], [ -79.3392954, 43.7636491 ], [ -79.3392123, 43.7636592 ], [ -79.3391687, 43.7636476 ], [ -79.339109, 43.7636205 ], [ -79.3390661, 43.7635774 ], [ -79.3387677, 43.7628902 ], [ -79.3386778, 43.7627362 ], [ -79.3386409, 43.7626684 ], [ -79.3385907, 43.7626021 ], [ -79.3384673, 43.7624597 ], [ -79.3384116, 43.7623546 ], [ -79.3384264, 43.7622258 ], [ -79.3384331, 43.7621759 ], [ -79.338419, 43.7621173 ], [ -79.3383861, 43.7620616 ], [ -79.3383211, 43.7620166 ], [ -79.3382225, 43.7619846 ], [ -79.3381233, 43.7619812 ], [ -79.3380281, 43.7619977 ], [ -79.3379389, 43.7619928 ], [ -79.3378691, 43.7619817 ], [ -79.3378222, 43.7619696 ], [ -79.3368636, 43.7622241 ], [ -79.3365978, 43.7622863 ], [ -79.3362129, 43.7607579 ], [ -79.335596, 43.7583151 ], [ -79.3354592, 43.757608 ], [ -79.3353412, 43.7572224 ], [ -79.3352097, 43.7568292 ], [ -79.3349925, 43.756246 ], [ -79.3346465, 43.7554207 ], [ -79.3345959, 43.7552702 ], [ -79.3343782, 43.7546225 ], [ -79.3342093, 43.7540471 ], [ -79.333984, 43.753245 ], [ -79.3338069, 43.752565 ], [ -79.3337037, 43.7519847 ], [ -79.3332531, 43.7520864 ], [ -79.3328923, 43.7521659 ], [ -79.3327327, 43.7521949 ], [ -79.3325061, 43.7522172 ], [ -79.3317939, 43.7522288 ], [ -79.3315767, 43.7522395 ], [ -79.3313715, 43.7522598 ], [ -79.3303791, 43.7524836 ], [ -79.3292834, 43.7527568 ], [ -79.3288006, 43.7528672 ], [ -79.3284184, 43.7530048 ], [ -79.3281341, 43.7531734 ], [ -79.3278444, 43.7534029 ], [ -79.3274689, 43.7532857 ], [ -79.3268412, 43.7531104 ], [ -79.3265717, 43.7530106 ], [ -79.3265234, 43.7529544 ], [ -79.3264402, 43.7527636 ], [ -79.3255632, 43.7529748 ], [ -79.3217719, 43.7538418 ], [ -79.3215989, 43.7538902 ], [ -79.3200754, 43.7542409 ], [ -79.3198641, 43.7542932 ], [ -79.3197206, 43.7543188 ], [ -79.3194397, 43.7543406 ], [ -79.3191929, 43.7543576 ], [ -79.3189783, 43.7543455 ], [ -79.3183266, 43.7542128 ], [ -79.3173207, 43.7539677 ], [ -79.3169184, 43.7538902 ], [ -79.3165912, 43.7538534 ], [ -79.3164557, 43.7538592 ], [ -79.3162103, 43.7538795 ], [ -79.3159246, 43.7539222 ], [ -79.3139876, 43.7543484 ], [ -79.3139993, 43.7543656 ], [ -79.3143342, 43.7553335 ], [ -79.3143683, 43.75543 ], [ -79.314494, 43.7557186 ], [ -79.3145784, 43.7559712 ], [ -79.3146128, 43.7560683 ], [ -79.3146375, 43.7561368 ], [ -79.3147708, 43.756579 ], [ -79.3147988, 43.7566517 ], [ -79.314881, 43.7568647 ], [ -79.3149464, 43.7570586 ], [ -79.3150631, 43.7574049 ], [ -79.3154374, 43.7583332 ], [ -79.3154853, 43.7584405 ], [ -79.3156986, 43.7589186 ], [ -79.3159401, 43.7594601 ], [ -79.3160084, 43.7596134 ], [ -79.3160396, 43.7596832 ], [ -79.3161626, 43.759959 ], [ -79.3162311, 43.7601171 ], [ -79.3163493, 43.7603897 ], [ -79.316846, 43.7615356 ], [ -79.3170623, 43.7620347 ], [ -79.3172137, 43.7623549 ], [ -79.3173567, 43.7626575 ], [ -79.3173582, 43.7626607 ], [ -79.3174755, 43.7629088 ], [ -79.3175102, 43.7629823 ], [ -79.3175355, 43.7630346 ], [ -79.3176792, 43.7633706 ], [ -79.3178306, 43.7637245 ], [ -79.3178332, 43.7637308 ], [ -79.3179546, 43.7640146 ], [ -79.3187973, 43.7659618 ], [ -79.3194717, 43.7677148 ], [ -79.3197723, 43.768329 ], [ -79.3237567, 43.7683667 ], [ -79.3306875, 43.7681033 ], [ -79.3372538, 43.7677355 ], [ -79.3380795, 43.7676892 ], [ -79.3384338, 43.7676694 ], [ -79.3474674, 43.7670651 ], [ -79.3581427, 43.7665615 ], [ -79.3596613, 43.766486 ], [ -79.3596675, 43.7664142 ], [ -79.3596728, 43.7661382 ], [ -79.3596648, 43.7660307 ], [ -79.3596125, 43.7659358 ], [ -79.3595132, 43.7658157 ], [ -79.3593939, 43.7657072 ], [ -79.359249, 43.7656162 ], [ -79.3590827, 43.7655212 ], [ -79.3589365, 43.7654496 ], [ -79.3584859, 43.7652404 ], [ -79.3583478, 43.7651629 ], [ -79.3582097, 43.7650835 ], [ -79.3580541, 43.7649614 ], [ -79.3579213, 43.7648801 ], [ -79.3577671, 43.7647949 ], [ -79.3576156, 43.7647503 ], [ -79.3574479, 43.7647232 ], [ -79.3571864, 43.7647309 ], [ -79.3570443, 43.7647406 ], [ -79.3569061, 43.7647687 ], [ -79.3567532, 43.7648113 ], [ -79.3566285, 43.7648501 ], [ -79.3564609, 43.7648452 ], [ -79.3562798, 43.764822 ], [ -79.3557447, 43.764729 ], [ -79.3554953, 43.7646757 ], [ -79.3552579, 43.7646438 ], [ -79.3549468, 43.7646021 ], [ -79.3548851, 43.7645895 ], [ -79.3548274, 43.7645653 ], [ -79.3547791, 43.764514 ], [ -79.3546705, 43.7641566 ], [ -79.354645, 43.7640917 ], [ -79.3546088, 43.7640268 ], [ -79.354523, 43.7639125 ], [ -79.3543808, 43.7637614 ], [ -79.3543131, 43.7636985 ], [ -79.3542729, 43.7636694 ], [ -79.3542226, 43.7636534 ], [ -79.3541361, 43.7636355 ], [ -79.3540268, 43.763622 ], [ -79.35378, 43.7636074 ], [ -79.3536848, 43.7636113 ], [ -79.3535708, 43.7636307 ], [ -79.3531725, 43.7637285 ], [ -79.3530987, 43.7637605 ], [ -79.3530343, 43.7637944 ], [ -79.3529499, 43.7638263 ], [ -79.3528587, 43.7638379 ], [ -79.3527621, 43.7638321 ], [ -79.3525542, 43.7637818 ], [ -79.3523946, 43.7637159 ], [ -79.352278, 43.7636375 ], [ -79.3521599, 43.7635832 ], [ -79.3520916, 43.7635634 ], [ -79.3518589, 43.7635261 ], [ -79.3516979, 43.7635004 ], [ -79.3515873, 43.7635091 ], [ -79.3514753, 43.7635333 ], [ -79.351364, 43.7635697 ], [ -79.3512748, 43.7636166 ], [ -79.3512064, 43.7636907 ], [ -79.3511729, 43.7637634 ], [ -79.3511655, 43.7638326 ], [ -79.3511682, 43.7638932 ], [ -79.3511481, 43.7639639 ], [ -79.3510944, 43.7640346 ], [ -79.3510039, 43.7640898 ], [ -79.3509, 43.7641057 ], [ -79.3507672, 43.764099 ], [ -79.3506311, 43.7640583 ], [ -79.3504373, 43.7639769 ], [ -79.3504024, 43.7639571 ], [ -79.3500926, 43.7638195 ], [ -79.3499458, 43.7637425 ], [ -79.3498023, 43.763651 ], [ -79.3496655, 43.7635721 ], [ -79.3495408, 43.7634588 ], [ -79.3494268, 43.7632859 ], [ -79.3494201, 43.7631609 ], [ -79.3494395, 43.7630031 ], [ -79.3494858, 43.7628495 ], [ -79.3495079, 43.7626733 ], [ -79.3495341, 43.7625624 ], [ -79.3495622, 43.7623841 ], [ -79.3495884, 43.7622423 ], [ -79.3496206, 43.7621372 ], [ -79.3496695, 43.7619895 ], [ -79.349704, 43.7618539 ], [ -79.3497486, 43.761742 ], [ -79.3497872, 43.7616505 ], [ -79.3498204, 43.7615626 ] ] ] } },
{ "type": "Feature", "properties": { "name": "Flemingdon Park", "overture_id": "dc9650dd-d70f-4750-b131-f72817f2e4ad", "division_id": "32efabce-7df5-44b8-9469-895460f166cb" }, "geometry": { "type": "Polygon", "coordinates": [ [ [ -79.3226463, 43.7245866 ], [ -79.3225229, 43.7248376 ], [ -79.3223425, 43.7250789 ], [ -79.3223405, 43.7251908 ], [ -79.322653, 43.7251114 ], [ -79.3236521, 43.7248308 ], [ -79.3255854, 43.7243398 ], [ -79.326202, 43.7241815 ], [ -79.3284157, 43.7236139 ], [ -79.3288705, 43.7234967 ], [ -79.329791, 43.7232528 ], [ -79.3305051, 43.7230565 ], [ -79.3310223, 43.7229111 ], [ -79.3316536, 43.7227228 ], [ -79.3321366, 43.7225691 ], [ -79.3334462, 43.7221607 ], [ -79.3347135, 43.7217778 ], [ -79.3352124, 43.7216266 ], [ -79.3366689, 43.7211779 ], [ -79.3381628, 43.7207194 ], [ -79.3390681, 43.7204393 ], [ -79.3396421, 43.7202784 ], [ -79.3413024, 43.7197172 ], [ -79.3430029, 43.719221 ], [ -79.3450387, 43.7185657 ], [ -79.3472542, 43.7178804 ], [ -79.3477437, 43.7177321 ], [ -79.3481272, 43.7176333 ], [ -79.348838, 43.717421 ], [ -79.3500115, 43.7171778 ], [ -79.3517949, 43.716484 ], [ -79.3513788, 43.715731 ], [ -79.3511669, 43.7157155 ], [ -79.350959, 43.7157233 ], [ -79.3507031, 43.7157397 ], [ -79.3503415, 43.7157817 ], [ -79.3500322, 43.7158263 ], [ -79.349917, 43.7158619 ], [ -79.349868, 43.7158982 ], [ -79.3498418, 43.7159481 ], [ -79.3498055, 43.7160365 ], [ -79.3497339, 43.7161057 ], [ -79.349652, 43.7161574 ], [ -79.3495295, 43.7161946 ], [ -79.3493939, 43.7162006 ], [ -79.3492615, 43.7162255 ], [ -79.3489976, 43.7162859 ], [ -79.3487886, 43.7163273 ], [ -79.3486932, 43.7163325 ], [ -79.3486208, 43.7163257 ], [ -79.3485477, 43.7162989 ], [ -79.348233, 43.7162048 ], [ -79.3482144, 43.7161949 ], [ -79.34802, 43.7161658 ], [ -79.3477968, 43.7161377 ], [ -79.347623, 43.7161241 ], [ -79.3475425, 43.716126 ], [ -79.3474719, 43.7161368 ], [ -79.3473367, 43.7161454 ], [ -79.3471138, 43.7161182 ], [ -79.3469558, 43.7160984 ], [ -79.3467657, 43.7160922 ], [ -79.3468966, 43.7156831 ], [ -79.3469274, 43.7154049 ], [ -79.3467379, 43.7151788 ], [ -79.3463789, 43.7150968 ], [ -79.3460099, 43.7150444 ], [ -79.3458246, 43.7150791 ], [ -79.3456247, 43.715062 ], [ -79.3454351, 43.7150635 ], [ -79.345301, 43.715102 ], [ -79.3451681, 43.7151737 ], [ -79.3450762, 43.7152289 ], [ -79.3450199, 43.7152459 ], [ -79.3449602, 43.7152434 ], [ -79.3449091, 43.7152276 ], [ -79.3448757, 43.7152056 ], [ -79.3448442, 43.7151635 ], [ -79.3448252, 43.7150312 ], [ -79.3447859, 43.7148378 ], [ -79.3447622, 43.7147652 ], [ -79.3447141, 43.7147001 ], [ -79.3446048, 43.7146206 ], [ -79.3443858, 43.7144644 ], [ -79.3442937, 43.7144195 ], [ -79.3441288, 43.7143718 ], [ -79.3438022, 43.7142742 ], [ -79.3436493, 43.7142082 ], [ -79.3435311, 43.7141402 ], [ -79.3434459, 43.714089 ], [ -79.3433514, 43.7139245 ], [ -79.3432931, 43.713823 ], [ -79.3431021, 43.713573 ], [ -79.3428619, 43.713363 ], [ -79.3427454, 43.7133067 ], [ -79.3426421, 43.713282 ], [ -79.3425014, 43.7132802 ], [ -79.3422867, 43.7132757 ], [ -79.3421701, 43.7132359 ], [ -79.3420883, 43.713192 ], [ -79.3418289, 43.7129535 ], [ -79.3417743, 43.7129279 ], [ -79.3416564, 43.7128632 ], [ -79.3414995, 43.7127925 ], [ -79.3413171, 43.7127386 ], [ -79.3411074, 43.7127014 ], [ -79.3409275, 43.7126945 ], [ -79.340787, 43.712696 ], [ -79.3406385, 43.7127197 ], [ -79.3405326, 43.7127532 ], [ -79.3404442, 43.7127981 ], [ -79.3403387, 43.712907 ], [ -79.3402546, 43.7129813 ], [ -79.3401665, 43.7130212 ], [ -79.3400753, 43.7130444 ], [ -79.3399733, 43.7130513 ], [ -79.3398908, 43.7130416 ], [ -79.3397621, 43.7130013 ], [ -79.3396541, 43.7129412 ], [ -79.3395796, 43.7128722 ], [ -79.3395214, 43.7127813 ], [ -79.339493, 43.7126781 ], [ -79.3394995, 43.7125764 ], [ -79.3395194, 43.7125186 ], [ -79.3395522, 43.7124633 ], [ -79.3395978, 43.7124226 ], [ -79.3396588, 43.7123911 ], [ -79.3397641, 43.7123538 ], [ -79.3398057, 43.7123247 ], [ -79.3398406, 43.7122908 ], [ -79.3399088, 43.7122009 ], [ -79.3400238, 43.7120206 ], [ -79.3401329, 43.7119074 ], [ -79.3402664, 43.7117887 ], [ -79.3403225, 43.7117062 ], [ -79.340322, 43.7115371 ], [ -79.3402854, 43.7113984 ], [ -79.3401964, 43.7112156 ], [ -79.3399882, 43.7109812 ], [ -79.3399083, 43.7108904 ], [ -79.3398255, 43.7108169 ], [ -79.3397212, 43.710748 ], [ -79.3396279, 43.7107013 ], [ -79.3394656, 43.7106579 ], [ -79.3393802, 43.7106033 ], [ -79.3393752, 43.7105415 ], [ -79.3394417, 43.7104539 ], [ -79.3395052, 43.7103673 ], [ -79.3395267, 43.7103195 ], [ -79.3395187, 43.7102759 ], [ -79.3394825, 43.7102129 ], [ -79.339394, 43.710146 ], [ -79.3392694, 43.7100937 ], [ -79.3390138, 43.7100018 ], [ -79.3388466, 43.7099448 ], [ -79.3385964, 43.7098069 ], [ -79.338344, 43.7095948 ], [ -79.3382617, 43.7095257 ], [ -79.3381387, 43.7093889 ], [ -79.3380757, 43.7092493 ], [ -79.3380569, 43.7091495 ], [ -79.3380164, 43.7090644 ], [ -79.3379014, 43.7088951 ], [ -79.3378745, 43.7088461 ], [ -79.3378718, 43.7087636 ], [ -79.3378906, 43.7086798 ], [ -79.3378638, 43.7085891 ], [ -79.3378101, 43.7085154 ], [ -79.33779, 43.7084544 ], [ -79.3378034, 43.7082585 ], [ -79.3377719, 43.7081354 ], [ -79.3378115, 43.7079328 ], [ -79.3378784, 43.7077321 ], [ -79.333869, 43.7085881 ], [ -79.333858, 43.7085905 ], [ -79.3314657, 43.7091194 ], [ -79.3313545, 43.7091441 ], [ -79.3293913, 43.7095802 ], [ -79.3290196, 43.7096741 ], [ -79.3271083, 43.7101032 ], [ -79.3235316, 43.7108808 ], [ -79.3219167, 43.7112428 ], [ -79.3203319, 43.7115914 ], [ -79.3199009, 43.7116672 ], [ -79.3194457, 43.7125666 ], [ -79.3194068, 43.7126007 ], [ -79.3192968, 43.7126969 ], [ -79.3193438, 43.7133046 ], [ -79.3195366, 43.7134219 ], [ -79.3195053, 43.7156408 ], [ -79.319944, 43.7154708 ], [ -79.3202088, 43.7158401 ], [ -79.3202926, 43.7159477 ], [ -79.3203335, 43.7159695 ], [ -79.3203845, 43.7159758 ], [ -79.3206742, 43.7159414 ], [ -79.3208492, 43.7159113 ], [ -79.3210195, 43.7159123 ], [ -79.3211026, 43.7159234 ], [ -79.3215801, 43.7160262 ], [ -79.322075, 43.7161522 ], [ -79.322484, 43.7163247 ], [ -79.322944, 43.7164284 ], [ -79.3233624, 43.7166223 ], [ -79.3235837, 43.7169625 ], [ -79.3236695, 43.7173221 ], [ -79.323868, 43.7177195 ], [ -79.3239364, 43.7181295 ], [ -79.3237621, 43.7185221 ], [ -79.3236092, 43.7187208 ], [ -79.3234523, 43.7188604 ], [ -79.3231264, 43.7190038 ], [ -79.3225524, 43.7192122 ], [ -79.3224753, 43.7192903 ], [ -79.3224531, 43.7193993 ], [ -79.3224826, 43.7194691 ], [ -79.3225698, 43.719566 ], [ -79.3228528, 43.7198306 ], [ -79.3232471, 43.7200817 ], [ -79.32364, 43.7203433 ], [ -79.3240424, 43.7205542 ], [ -79.3242261, 43.7206162 ], [ -79.3244487, 43.7206545 ], [ -79.3246646, 43.7206167 ], [ -79.324839, 43.7205566 ], [ -79.3252493, 43.7204267 ], [ -79.3256342, 43.7203327 ], [ -79.3260728, 43.7203947 ], [ -79.3264563, 43.7204936 ], [ -79.3266039, 43.7206186 ], [ -79.3267071, 43.7207727 ], [ -79.3267326, 43.721047 ], [ -79.3267179, 43.7211081 ], [ -79.3266897, 43.721142 ], [ -79.3266374, 43.7211779 ], [ -79.3265609, 43.7212011 ], [ -79.3258609, 43.7213155 ], [ -79.3255819, 43.7213843 ], [ -79.325189, 43.7215937 ], [ -79.3250361, 43.7216489 ], [ -79.3244903, 43.7218166 ], [ -79.3243602, 43.7218418 ], [ -79.3238278, 43.7219096 ], [ -79.3235046, 43.7219687 ], [ -79.3233986, 43.7220085 ], [ -79.3233638, 43.7220424 ], [ -79.323345, 43.7220763 ], [ -79.3233182, 43.7221762 ], [ -79.3232846, 43.7223952 ], [ -79.3232712, 43.7226055 ], [ -79.3232618, 43.7230514 ], [ -79.3232323, 43.7233663 ], [ -79.3231049, 43.7236988 ], [ -79.3229386, 43.7240215 ], [ -79.3227656, 43.7243094 ], [ -79.3226463, 43.7245866 ] ] ] } },
{ "type": "Feature", "properties": { "name": "The Pocket", "overture_id": "23486575-6640-48cf-81e2-072a4d591152", "division_id": "12a10f4e-ae4e-4e08-b195-337c4437142e" }, "geometry": { "type": "Polygon", "coordinates": [ [ [ -79.3324764, 43.6738823 ], [ -79.3301849, 43.6747855 ], [ -79.3297915, 43.6749406 ], [ -79.3297005, 43.6750654 ], [ -79.330241, 43.6763915 ], [ -79.3308922, 43.6779267 ], [ -79.3309158, 43.6779829 ], [ -79.3309412, 43.6780435 ], [ -79.3312236, 43.6787546 ], [ -79.3315158, 43.6794426 ], [ -79.331609, 43.679662 ], [ -79.3318097, 43.680142 ], [ -79.3319582, 43.6805041 ], [ -79.3322219, 43.6811392 ], [ -79.3323233, 43.6813771 ], [ -79.3323648, 43.68148 ], [ -79.3324677, 43.6814585 ], [ -79.3331526, 43.6813084 ], [ -79.3336364, 43.6812056 ], [ -79.3343123, 43.6810647 ], [ -79.3346087, 43.6809998 ], [ -79.3347702, 43.6809644 ], [ -79.3348591, 43.6809458 ], [ -79.3351686, 43.680879 ], [ -79.3353413, 43.680842 ], [ -79.3359198, 43.6807181 ], [ -79.3367354, 43.6805434 ], [ -79.336824, 43.6805244 ], [ -79.3371755, 43.6804491 ], [ -79.3372923, 43.6804241 ], [ -79.3374419, 43.6803942 ], [ -79.3378016, 43.6803225 ], [ -79.338082, 43.6802665 ], [ -79.3393049, 43.6800348 ], [ -79.3394212, 43.6800128 ], [ -79.3394741, 43.6800022 ], [ -79.3400295, 43.6798921 ], [ -79.3401403, 43.6798702 ], [ -79.3401081, 43.679789 ], [ -79.3400962, 43.6797591 ], [ -79.3399996, 43.6795237 ], [ -79.3399812, 43.6794789 ], [ -79.3398413, 43.6791701 ], [ -79.3397961, 43.6790671 ], [ -79.3397681, 43.6790058 ], [ -79.3396597, 43.6787399 ], [ -79.339475, 43.6783116 ], [ -79.3392103, 43.6776775 ], [ -79.3390518, 43.6773076 ], [ -79.338886, 43.6769275 ], [ -79.3388526, 43.6768436 ], [ -79.3388055, 43.6767399 ], [ -79.3381238, 43.6751471 ], [ -79.3377813, 43.6743424 ], [ -79.3371649, 43.6729106 ], [ -79.3370964, 43.6727495 ], [ -79.337064, 43.6726764 ], [ -79.3370304, 43.6725989 ], [ -79.3368084, 43.6720869 ], [ -79.3366761, 43.6720761 ], [ -79.3363923, 43.6722217 ], [ -79.3360924, 43.6723688 ], [ -79.3357727, 43.6725189 ], [ -79.3354684, 43.6726578 ], [ -79.3351443, 43.6728014 ], [ -79.3348167, 43.6729413 ], [ -79.334417, 43.6731062 ], [ -79.3339705, 43.6732902 ], [ -79.3324764, 43.6738823 ] ] ] } },
{ "type": "Feature", "properties": { "name": "Blake-Jones", "overture_id": "1341f3ad-f441-4a77-bc25-fe9155ee5530", "division_id": "80bb3882-e45f-4c9c-a3b8-7d31f0f2f251" }, "geometry": { "type": "Polygon", "coordinates": [ [ [ -79.3374386, 43.6716253 ], [ -79.337334, 43.6716781 ], [ -79.3370242, 43.6718537 ], [ -79.3366761, 43.6720761 ], [ -79.3368084, 43.6720869 ], [ -79.3370304, 43.6725989 ], [ -79.337064, 43.6726764 ], [ -79.3370964, 43.6727495 ], [ -79.3371649, 43.6729106 ], [ -79.3377813, 43.6743424 ], [ -79.3381238, 43.6751471 ], [ -79.3388055, 43.6767399 ], [ -79.3388526, 43.6768436 ], [ -79.338886, 43.6769275 ], [ -79.3390518, 43.6773076 ], [ -79.3392103, 43.6776775 ], [ -79.339475, 43.6783116 ], [ -79.3396597, 43.6787399 ], [ -79.3397681, 43.6790058 ], [ -79.3397961, 43.6790671 ], [ -79.3398413, 43.6791701 ], [ -79.3399812, 43.6794789 ], [ -79.3399996, 43.6795237 ], [ -79.3400962, 43.6797591 ], [ -79.3401081, 43.679789 ], [ -79.3401403, 43.6798702 ], [ -79.340609, 43.6797909 ], [ -79.3417785, 43.6795671 ], [ -79.3430845, 43.6793028 ], [ -79.3443648, 43.6790474 ], [ -79.3448428, 43.678952 ], [ -79.3445183, 43.6781431 ], [ -79.3442313, 43.6774137 ], [ -79.3439095, 43.6766367 ], [ -79.3436104, 43.6758773 ], [ -79.3433087, 43.6751498 ], [ -79.3429935, 43.674398 ], [ -79.3426931, 43.6736769 ], [ -79.3423927, 43.6729688 ], [ -79.3420494, 43.6721219 ], [ -79.341694, 43.6712693 ], [ -79.3412708, 43.67029 ], [ -79.3411133, 43.6699524 ], [ -79.3410187, 43.6697356 ], [ -79.3408216, 43.6692118 ], [ -79.3407284, 43.6692705 ], [ -79.3404005, 43.6695503 ], [ -79.3402905, 43.6696357 ], [ -79.3394999, 43.6702599 ], [ -79.3391519, 43.6705252 ], [ -79.3389179, 43.6706955 ], [ -79.3387335, 43.670823 ], [ -79.3385343, 43.6709564 ], [ -79.3383412, 43.6710821 ], [ -79.3381441, 43.6712028 ], [ -79.3379442, 43.6713241 ], [ -79.337845, 43.6713866 ], [ -79.3376438, 43.671503 ], [ -79.3374386, 43.6716253 ] ] ] } },
{ "type": "Feature", "properties": { "name": "Old East York", "overture_id": "cd277956-38d9-42ad-9742-7c6100f77bc4", "division_id": "5ac8e8d7-b23e-48b7-a9bd-5a31e5f54def" }, "geometry": { "type": "Polygon", "coordinates": [ [ [ -79.3216364, 43.6955207 ], [ -79.3209478, 43.6956715 ], [ -79.3199151, 43.6958828 ], [ -79.317432, 43.6964443 ], [ -79.3177539, 43.6971169 ], [ -79.3180493, 43.6978185 ], [ -79.3182293, 43.6982191 ], [ -79.3183661, 43.6985861 ], [ -79.318682, 43.6992721 ], [ -79.3188382, 43.699667 ], [ -79.3188811, 43.6997751 ], [ -79.3190323, 43.7001569 ], [ -79.3192828, 43.7008787 ], [ -79.3193713, 43.7011366 ], [ -79.3201652, 43.7013005 ], [ -79.3203476, 43.7012985 ], [ -79.3206815, 43.7013916 ], [ -79.3209162, 43.7015424 ], [ -79.3211643, 43.7017397 ], [ -79.3213635, 43.7019733 ], [ -79.3215801, 43.7021653 ], [ -79.3217611, 43.7023466 ], [ -79.3219502, 43.7024848 ], [ -79.3222164, 43.702446 ], [ -79.3224518, 43.7022453 ], [ -79.3225946, 43.7020048 ], [ -79.3227985, 43.7017692 ], [ -79.3230821, 43.7016393 ], [ -79.3234321, 43.7016204 ], [ -79.3237875, 43.7015429 ], [ -79.3241161, 43.7014934 ], [ -79.3244722, 43.7015089 ], [ -79.3248504, 43.7014721 ], [ -79.3251662, 43.7014008 ], [ -79.3255484, 43.7014158 ], [ -79.3259266, 43.7015283 ], [ -79.3262847, 43.7016165 ], [ -79.3266795, 43.7016538 ], [ -79.3267393, 43.7016461 ], [ -79.3268124, 43.7016301 ], [ -79.3269284, 43.7015908 ], [ -79.3271571, 43.7014983 ], [ -79.327324, 43.7014226 ], [ -79.3273703, 43.7014154 ], [ -79.327434, 43.7014187 ], [ -79.327544, 43.7014265 ], [ -79.3279409, 43.7014769 ], [ -79.3285167, 43.701542 ], [ -79.328586, 43.7015462 ], [ -79.3286262, 43.7015424 ], [ -79.328704, 43.7015327 ], [ -79.3288301, 43.7015278 ], [ -79.3289112, 43.7015332 ], [ -79.3289951, 43.7015511 ], [ -79.3291305, 43.7015875 ], [ -79.3292713, 43.7016102 ], [ -79.3295389, 43.7016364 ], [ -79.3297253, 43.7016834 ], [ -79.3299472, 43.7017038 ], [ -79.3300559, 43.701696 ], [ -79.3301256, 43.7016728 ], [ -79.3301833, 43.7016272 ], [ -79.3302476, 43.7015942 ], [ -79.330359, 43.7015855 ], [ -79.3305628, 43.7016136 ], [ -79.3307559, 43.7016582 ], [ -79.3308283, 43.7016631 ], [ -79.3309383, 43.7016534 ], [ -79.3312763, 43.7016485 ], [ -79.3314412, 43.7016602 ], [ -79.3315713, 43.7016989 ], [ -79.3316612, 43.7017513 ], [ -79.3317269, 43.7018124 ], [ -79.3318158, 43.7019393 ], [ -79.3318409, 43.7019806 ], [ -79.3318489, 43.7020267 ], [ -79.3318369, 43.7023456 ], [ -79.3318744, 43.7026171 ], [ -79.3319093, 43.702747 ], [ -79.331971, 43.7028721 ], [ -79.3321124, 43.7031276 ], [ -79.3321641, 43.7031746 ], [ -79.3322375, 43.7032075 ], [ -79.3326053, 43.70332 ], [ -79.3327261, 43.7033394 ], [ -79.3328588, 43.7033607 ], [ -79.3331042, 43.7034199 ], [ -79.3333215, 43.7031668 ], [ -79.3334113, 43.7031154 ], [ -79.3335199, 43.7030689 ], [ -79.3337707, 43.7030088 ], [ -79.334025, 43.7029951 ], [ -79.3342173, 43.7030078 ], [ -79.334397, 43.7030253 ], [ -79.3347242, 43.7030825 ], [ -79.3349965, 43.7031465 ], [ -79.3351574, 43.7031591 ], [ -79.3352655, 43.7031622 ], [ -79.3353593, 43.7031648 ], [ -79.3356282, 43.70316 ], [ -79.3358861, 43.703116 ], [ -79.3360841, 43.7030437 ], [ -79.3362672, 43.7029585 ], [ -79.3366807, 43.7027362 ], [ -79.3369606, 43.7025358 ], [ -79.337291, 43.7023304 ], [ -79.3374701, 43.7021802 ], [ -79.3376047, 43.7020916 ], [ -79.3379697, 43.7018512 ], [ -79.3387033, 43.7014847 ], [ -79.3390507, 43.7013402 ], [ -79.339199, 43.7012541 ], [ -79.3394785, 43.7009243 ], [ -79.3396416, 43.7007295 ], [ -79.3399117, 43.7004637 ], [ -79.3401665, 43.7002465 ], [ -79.3405898, 43.6999549 ], [ -79.341298, 43.6995575 ], [ -79.3415304, 43.6994069 ], [ -79.3417919, 43.6992841 ], [ -79.3422905, 43.6991791 ], [ -79.3425791, 43.6991218 ], [ -79.3429034, 43.6990818 ], [ -79.3430471, 43.6990355 ], [ -79.343133, 43.6989657 ], [ -79.3432195, 43.6988748 ], [ -79.3432792, 43.6987582 ], [ -79.3434617, 43.6986525 ], [ -79.3437124, 43.6984684 ], [ -79.3438451, 43.6984121 ], [ -79.344002, 43.698352 ], [ -79.3443109, 43.6982803 ], [ -79.3450504, 43.6983164 ], [ -79.3459161, 43.6985287 ], [ -79.3462568, 43.6987706 ], [ -79.3471366, 43.6990771 ], [ -79.3478564, 43.6995286 ], [ -79.3482552, 43.699921 ], [ -79.3497557, 43.6999613 ], [ -79.3501483, 43.6998687 ], [ -79.3504081, 43.6997434 ], [ -79.3505758, 43.6994241 ], [ -79.3499773, 43.69843 ], [ -79.34975, 43.6980514 ], [ -79.3492668, 43.697204 ], [ -79.3492772, 43.6970515 ], [ -79.3492985, 43.6969771 ], [ -79.3493285, 43.696908 ], [ -79.3493857, 43.6968388 ], [ -79.3494536, 43.6967708 ], [ -79.3495346, 43.6966991 ], [ -79.350324, 43.6960474 ], [ -79.3509379, 43.6955316 ], [ -79.3510091, 43.6954521 ], [ -79.3510509, 43.6953797 ], [ -79.3510561, 43.6952763 ], [ -79.3510341, 43.695119 ], [ -79.3504571, 43.693623 ], [ -79.3503642, 43.6933814 ], [ -79.3502915, 43.693242 ], [ -79.3499175, 43.6923364 ], [ -79.3495518, 43.691368 ], [ -79.3491689, 43.6904012 ], [ -79.3488159, 43.6894324 ], [ -79.3453686, 43.6900933 ], [ -79.3426723, 43.6906194 ], [ -79.3425241, 43.6906567 ], [ -79.3423538, 43.6906907 ], [ -79.3422143, 43.6907484 ], [ -79.342107, 43.6908153 ], [ -79.3420534, 43.6908618 ], [ -79.3416906, 43.6911726 ], [ -79.3411548, 43.6912938 ], [ -79.339681, 43.6916177 ], [ -79.3387167, 43.6918233 ], [ -79.3377672, 43.6920289 ], [ -79.3367721, 43.6922538 ], [ -79.3357006, 43.6925011 ], [ -79.3345566, 43.6927406 ], [ -79.3342964, 43.692793 ], [ -79.3334033, 43.6929714 ], [ -79.3330787, 43.6930451 ], [ -79.3320514, 43.6932584 ], [ -79.3311435, 43.6934757 ], [ -79.3301283, 43.6937074 ], [ -79.3299754, 43.693721 ], [ -79.3290634, 43.6938955 ], [ -79.3279968, 43.6941414 ], [ -79.3269874, 43.6943595 ], [ -79.3240162, 43.6950213 ], [ -79.3230312, 43.6952363 ], [ -79.3216364, 43.6955207 ] ] ] } },
{ "type": "Feature", "properties": { "name": "Danforth", "overture_id": "f37386a0-68c8-44ca-8dd1-c1a81cdef832", "division_id": "d2b6716a-8c29-4a8e-a2d2-389f184097e2" }, "geometry": { "type": "Polygon", "coordinates": [ [ [ -79.314086, 43.685405 ], [ -79.3127787, 43.6856847 ], [ -79.3129628, 43.6861018 ], [ -79.3130943, 43.6864068 ], [ -79.3135757, 43.6863011 ], [ -79.3136171, 43.6863931 ], [ -79.3139755, 43.6872008 ], [ -79.3140138, 43.6872886 ], [ -79.3143257, 43.6880053 ], [ -79.3146661, 43.6887906 ], [ -79.3148464, 43.6891927 ], [ -79.3167576, 43.6887814 ], [ -79.3176555, 43.6885877 ], [ -79.3191747, 43.68826 ], [ -79.3223942, 43.6875699 ], [ -79.3230792, 43.6874222 ], [ -79.3250836, 43.6869901 ], [ -79.3251266, 43.6869808 ], [ -79.3287073, 43.6862188 ], [ -79.3313394, 43.685645 ], [ -79.3313654, 43.6856393 ], [ -79.33201, 43.6855007 ], [ -79.3339075, 43.6850927 ], [ -79.334932, 43.6848732 ], [ -79.335873, 43.6846715 ], [ -79.3367547, 43.684477 ], [ -79.3376344, 43.6842737 ], [ -79.338806, 43.6840425 ], [ -79.3388549, 43.6841552 ], [ -79.3408112, 43.6837813 ], [ -79.3419983, 43.6835535 ], [ -79.3431688, 43.6833292 ], [ -79.3444621, 43.6830793 ], [ -79.3454509, 43.6828906 ], [ -79.3462768, 43.6827325 ], [ -79.346127, 43.6823495 ], [ -79.3460747, 43.6821841 ], [ -79.3451557, 43.6796794 ], [ -79.3450259, 43.6793775 ], [ -79.3448428, 43.678952 ], [ -79.3443648, 43.6790474 ], [ -79.3430845, 43.6793028 ], [ -79.3417785, 43.6795671 ], [ -79.340609, 43.6797909 ], [ -79.3401403, 43.6798702 ], [ -79.3400295, 43.6798921 ], [ -79.3394741, 43.6800022 ], [ -79.3394212, 43.6800128 ], [ -79.3393049, 43.6800348 ], [ -79.338082, 43.6802665 ], [ -79.3378016, 43.6803225 ], [ -79.3374419, 43.6803942 ], [ -79.3372923, 43.6804241 ], [ -79.3371755, 43.6804491 ], [ -79.336824, 43.6805244 ], [ -79.3367354, 43.6805434 ], [ -79.3359198, 43.6807181 ], [ -79.3353413, 43.680842 ], [ -79.3351686, 43.680879 ], [ -79.3348591, 43.6809458 ], [ -79.3347702, 43.6809644 ], [ -79.3346087, 43.6809998 ], [ -79.3343123, 43.6810647 ], [ -79.3336364, 43.6812056 ], [ -79.3331526, 43.6813084 ], [ -79.3324677, 43.6814585 ], [ -79.3323648, 43.68148 ], [ -79.331348, 43.6817099 ], [ -79.3299405, 43.682026 ], [ -79.3297813, 43.6820614 ], [ -79.329333, 43.6821478 ], [ -79.3282675, 43.6823597 ], [ -79.3271698, 43.6825881 ], [ -79.3262056, 43.6828111 ], [ -79.3255699, 43.6829484 ], [ -79.3247672, 43.6831176 ], [ -79.3239451, 43.6832985 ], [ -79.3236276, 43.6833679 ], [ -79.3226591, 43.683566 ], [ -79.3211898, 43.6838654 ], [ -79.3208894, 43.6839444 ], [ -79.3202041, 43.6840841 ], [ -79.3192399, 43.6842867 ], [ -79.318222, 43.6845229 ], [ -79.3176674, 43.6846276 ], [ -79.3171766, 43.6847387 ], [ -79.3162257, 43.6849462 ], [ -79.3152695, 43.6851504 ], [ -79.314086, 43.685405 ] ] ] } },
{ "type": "Feature", "properties": { "name": "Danforth East York", "overture_id": "2a29f216-61c8-4932-8e78-2be4dc70de04", "division_id": "5a2aabbe-59b0-46fb-b8a3-b8c55495c428" }, "geometry": { "type": "Polygon", "coordinates": [ [ [ -79.3139755, 43.6872008 ], [ -79.3136171, 43.6863931 ], [ -79.3135757, 43.6863011 ], [ -79.3130943, 43.6864068 ], [ -79.3134758, 43.6872878 ], [ -79.3138117, 43.6880995 ], [ -79.3141832, 43.6888928 ], [ -79.3142496, 43.6890571 ], [ -79.3145172, 43.6896497 ], [ -79.3148296, 43.6903804 ], [ -79.3151331, 43.6910868 ], [ -79.3154372, 43.6917937 ], [ -79.3157114, 43.6924291 ], [ -79.3157389, 43.6924943 ], [ -79.3157852, 43.6926177 ], [ -79.3158556, 43.6928054 ], [ -79.3160903, 43.6933559 ], [ -79.3164839, 43.6942104 ], [ -79.3165308, 43.6943025 ], [ -79.3168245, 43.6950266 ], [ -79.3171169, 43.6957224 ], [ -79.317432, 43.6964443 ], [ -79.3199151, 43.6958828 ], [ -79.3209478, 43.6956715 ], [ -79.3216364, 43.6955207 ], [ -79.3230312, 43.6952363 ], [ -79.3240162, 43.6950213 ], [ -79.3269874, 43.6943595 ], [ -79.3279968, 43.6941414 ], [ -79.3290634, 43.6938955 ], [ -79.3299754, 43.693721 ], [ -79.3301283, 43.6937074 ], [ -79.3311435, 43.6934757 ], [ -79.3320514, 43.6932584 ], [ -79.3330787, 43.6930451 ], [ -79.3334033, 43.6929714 ], [ -79.3342964, 43.692793 ], [ -79.3345566, 43.6927406 ], [ -79.3357006, 43.6925011 ], [ -79.3367721, 43.6922538 ], [ -79.3377672, 43.6920289 ], [ -79.3387167, 43.6918233 ], [ -79.339681, 43.6916177 ], [ -79.3411548, 43.6912938 ], [ -79.3416906, 43.6911726 ], [ -79.3420534, 43.6908618 ], [ -79.342107, 43.6908153 ], [ -79.3422143, 43.6907484 ], [ -79.3423538, 43.6906907 ], [ -79.3425241, 43.6906567 ], [ -79.3426723, 43.6906194 ], [ -79.3453686, 43.6900933 ], [ -79.3488159, 43.6894324 ], [ -79.3484712, 43.6884544 ], [ -79.3481058, 43.6875341 ], [ -79.3477692, 43.6866574 ], [ -79.3474393, 43.6857769 ], [ -79.3472046, 43.6851397 ], [ -79.3469457, 43.6844841 ], [ -79.3467861, 43.6840302 ], [ -79.3464509, 43.6831962 ], [ -79.3462768, 43.6827325 ], [ -79.3454509, 43.6828906 ], [ -79.3444621, 43.6830793 ], [ -79.3431688, 43.6833292 ], [ -79.3419983, 43.6835535 ], [ -79.3408112, 43.6837813 ], [ -79.3388549, 43.6841552 ], [ -79.338806, 43.6840425 ], [ -79.3376344, 43.6842737 ], [ -79.3367547, 43.684477 ], [ -79.335873, 43.6846715 ], [ -79.334932, 43.6848732 ], [ -79.3339075, 43.6850927 ], [ -79.33201, 43.6855007 ], [ -79.3313654, 43.6856393 ], [ -79.3313394, 43.685645 ], [ -79.3287073, 43.6862188 ], [ -79.3251266, 43.6869808 ], [ -79.3250836, 43.6869901 ], [ -79.3230792, 43.6874222 ], [ -79.3223942, 43.6875699 ], [ -79.3191747, 43.68826 ], [ -79.3176555, 43.6885877 ], [ -79.3167576, 43.6887814 ], [ -79.3148464, 43.6891927 ], [ -79.3146661, 43.6887906 ], [ -79.3143257, 43.6880053 ], [ -79.3140138, 43.6872886 ], [ -79.3139755, 43.6872008 ] ] ] } },
{ "type": "Feature", "properties": { "name": "South Riverdale", "overture_id": "b66d0378-20c8-46c2-84e0-277db627c466", "division_id": "5dfc6431-99cb-4c0a-822a-b0a6175cd032" }, "geometry": { "type": "Polygon", "coordinates": [ [ [ -79.3287563, 43.6726938 ], [ -79.3290712, 43.6734717 ], [ -79.3293179, 43.674085 ], [ -79.3297005, 43.6750654 ], [ -79.3297915, 43.6749406 ], [ -79.3301849, 43.6747855 ], [ -79.3324764, 43.6738823 ], [ -79.3339705, 43.6732902 ], [ -79.334417, 43.6731062 ], [ -79.3348167, 43.6729413 ], [ -79.3351443, 43.6728014 ], [ -79.3354684, 43.6726578 ], [ -79.3357727, 43.6725189 ], [ -79.3360924, 43.6723688 ], [ -79.3363923, 43.6722217 ], [ -79.3366761, 43.6720761 ], [ -79.3370242, 43.6718537 ], [ -79.337334, 43.6716781 ], [ -79.3374386, 43.6716253 ], [ -79.3376438, 43.671503 ], [ -79.337845, 43.6713866 ], [ -79.3379442, 43.6713241 ], [ -79.3381441, 43.6712028 ], [ -79.3383412, 43.6710821 ], [ -79.3385343, 43.6709564 ], [ -79.3387335, 43.670823 ], [ -79.3389179, 43.6706955 ], [ -79.3391519, 43.6705252 ], [ -79.3394999, 43.6702599 ], [ -79.3402905, 43.6696357 ], [ -79.3404005, 43.6695503 ], [ -79.3407284, 43.6692705 ], [ -79.3408216, 43.6692118 ], [ -79.3408792, 43.6691657 ], [ -79.3411448, 43.6689305 ], [ -79.3414573, 43.6686453 ], [ -79.3417221, 43.6683867 ], [ -79.3419146, 43.6681903 ], [ -79.3421017, 43.6679875 ], [ -79.3423099, 43.667754 ], [ -79.3427789, 43.6676362 ], [ -79.3437735, 43.6674151 ], [ -79.3451954, 43.667095 ], [ -79.3470344, 43.666679 ], [ -79.348541, 43.6663573 ], [ -79.3521405, 43.6655591 ], [ -79.3524701, 43.6654868 ], [ -79.3526236, 43.6654863 ], [ -79.3527742, 43.6654817 ], [ -79.3533086, 43.6653343 ], [ -79.3539912, 43.6651441 ], [ -79.3551533, 43.6648211 ], [ -79.3557749, 43.6646445 ], [ -79.355964, 43.6646018 ], [ -79.3562636, 43.6645418 ], [ -79.3542582, 43.6578773 ], [ -79.3542481, 43.6578439 ], [ -79.3518232, 43.6555509 ], [ -79.3493557, 43.6532176 ], [ -79.3481365, 43.6517421 ], [ -79.3472261, 43.6506403 ], [ -79.3595589, 43.6453845 ], [ -79.3505203, 43.6334908 ], [ -79.3470839, 43.6332016 ], [ -79.3470406, 43.6332166 ], [ -79.3470339, 43.6332378 ], [ -79.3470245, 43.633264 ], [ -79.3470228, 43.6332943 ], [ -79.347041, 43.6333166 ], [ -79.3470463, 43.6333603 ], [ -79.347051, 43.6334103 ], [ -79.347043, 43.6334273 ], [ -79.3470128, 43.6334428 ], [ -79.3469826, 43.6334753 ], [ -79.3469699, 43.6335078 ], [ -79.3469638, 43.6335374 ], [ -79.3469712, 43.6335607 ], [ -79.346984, 43.6335913 ], [ -79.3470108, 43.633618 ], [ -79.347049, 43.6336539 ], [ -79.3470443, 43.6337015 ], [ -79.3470356, 43.6340485 ], [ -79.3470289, 43.6341689 ], [ -79.3469719, 43.6343892 ], [ -79.3469337, 43.6344863 ], [ -79.3469042, 43.6345231 ], [ -79.3468465, 43.6345804 ], [ -79.3467647, 43.6346328 ], [ -79.3466641, 43.6346843 ], [ -79.3465649, 43.6347211 ], [ -79.346066, 43.6348464 ], [ -79.3457428, 43.6349311 ], [ -79.3455108, 43.6349919 ], [ -79.3454424, 43.6351026 ], [ -79.345268, 43.6353258 ], [ -79.3451057, 43.6354986 ], [ -79.3447088, 43.6357947 ], [ -79.3444325, 43.6360062 ], [ -79.3442018, 43.6362033 ], [ -79.3441334, 43.6363032 ], [ -79.344065, 43.6363547 ], [ -79.343884, 43.6365129 ], [ -79.3438666, 43.6365692 ], [ -79.3438344, 43.6366895 ], [ -79.3435916, 43.6368924 ], [ -79.3433797, 43.6370593 ], [ -79.3432617, 43.6372205 ], [ -79.3430538, 43.6373864 ], [ -79.3428513, 43.6375155 ], [ -79.3427512, 43.6375614 ], [ -79.3425697, 43.6376446 ], [ -79.3422458, 43.6377844 ], [ -79.3419441, 43.6378819 ], [ -79.3417161, 43.6379562 ], [ -79.3416008, 43.6380013 ], [ -79.341576, 43.638028 ], [ -79.3415612, 43.6380537 ], [ -79.3415599, 43.6380969 ], [ -79.3416034, 43.6381479 ], [ -79.3416283, 43.6382163 ], [ -79.3416323, 43.6382464 ], [ -79.3415961, 43.6383488 ], [ -79.3415833, 43.6384012 ], [ -79.3415116, 43.6384778 ], [ -79.3414271, 43.6385511 ], [ -79.3413755, 43.6386064 ], [ -79.3413087, 43.6386584 ], [ -79.3412212, 43.6387132 ], [ -79.3410754, 43.6388032 ], [ -79.3409852, 43.6388476 ], [ -79.3409305, 43.6388814 ], [ -79.3408772, 43.6389243 ], [ -79.3407679, 43.6390146 ], [ -79.3406995, 43.6390701 ], [ -79.3406486, 43.6391133 ], [ -79.3405969, 43.6391412 ], [ -79.340545, 43.6391657 ], [ -79.3404887, 43.639181 ], [ -79.3404005, 43.6391968 ], [ -79.3401534, 43.6392293 ], [ -79.3399535, 43.6392577 ], [ -79.3397889, 43.6392829 ], [ -79.339571, 43.6393186 ], [ -79.3393749, 43.6393518 ], [ -79.3393031, 43.6393676 ], [ -79.3392079, 43.6393797 ], [ -79.3390527, 43.6393894 ], [ -79.3389095, 43.6393975 ], [ -79.3388069, 43.6393984 ], [ -79.3385575, 43.6393921 ], [ -79.3384415, 43.6393814 ], [ -79.338252, 43.6393652 ], [ -79.3381343, 43.6393631 ], [ -79.3381053, 43.6393406 ], [ -79.338071, 43.6393361 ], [ -79.338014, 43.6393383 ], [ -79.3379516, 43.6393472 ], [ -79.3378631, 43.6393589 ], [ -79.3378118, 43.6393756 ], [ -79.337785, 43.6393819 ], [ -79.3377561, 43.6394009 ], [ -79.3377297, 43.6394198 ], [ -79.3376696, 43.6394125 ], [ -79.3376489, 43.6394273 ], [ -79.33761, 43.6394234 ], [ -79.3375275, 43.6394093 ], [ -79.3374155, 43.6394001 ], [ -79.3373149, 43.6393768 ], [ -79.3371547, 43.6393453 ], [ -79.337038, 43.639314 ], [ -79.3368787, 43.6392742 ], [ -79.3367092, 43.6392304 ], [ -79.3366296, 43.6392164 ], [ -79.3366085, 43.6392143 ], [ -79.3366031, 43.6392053 ], [ -79.336584, 43.6391913 ], [ -79.3365339, 43.6391838 ], [ -79.336514, 43.6391822 ], [ -79.3364953, 43.6391819 ], [ -79.3364821, 43.6391855 ], [ -79.3364823, 43.6391995 ], [ -79.3365052, 43.6392094 ], [ -79.3364258, 43.6392635 ], [ -79.3363832, 43.6392824 ], [ -79.3362769, 43.6393002 ], [ -79.3362259, 43.6392994 ], [ -79.33618, 43.6392987 ], [ -79.3361599, 43.6393045 ], [ -79.3361394, 43.6393208 ], [ -79.3361341, 43.6393399 ], [ -79.3361234, 43.6393497 ], [ -79.3360288, 43.6393669 ], [ -79.3359436, 43.6393564 ], [ -79.3358997, 43.6393562 ], [ -79.3358565, 43.6393647 ], [ -79.3358045, 43.6393776 ], [ -79.335782, 43.6394193 ], [ -79.3357656, 43.6394734 ], [ -79.3357455, 43.63951 ], [ -79.3357197, 43.6395476 ], [ -79.3356691, 43.6395901 ], [ -79.3356104, 43.6396403 ], [ -79.3354404, 43.6397566 ], [ -79.3352412, 43.6398769 ], [ -79.335077, 43.6399861 ], [ -79.3349335, 43.6400812 ], [ -79.3346954, 43.6401982 ], [ -79.3345191, 43.6402911 ], [ -79.3344849, 43.6403243 ], [ -79.3344487, 43.6403724 ], [ -79.3344346, 43.6403986 ], [ -79.3344255, 43.6404456 ], [ -79.3344342, 43.640476 ], [ -79.334447, 43.640501 ], [ -79.3344637, 43.6405143 ], [ -79.3344828, 43.6405228 ], [ -79.3345392, 43.6405233 ], [ -79.3345606, 43.6405107 ], [ -79.3345881, 43.6404675 ], [ -79.3346954, 43.6403966 ], [ -79.3347323, 43.6403651 ], [ -79.3347906, 43.6403258 ], [ -79.3348235, 43.6402996 ], [ -79.3348644, 43.640286 ], [ -79.3349046, 43.6402122 ], [ -79.334967, 43.6401516 ], [ -79.335028, 43.6401123 ], [ -79.3351661, 43.6400346 ], [ -79.3352614, 43.6399764 ], [ -79.3354223, 43.6399084 ], [ -79.3356315, 43.6398007 ], [ -79.3358595, 43.6396566 ], [ -79.3360084, 43.6395256 ], [ -79.3361894, 43.6394207 ], [ -79.3363912, 43.639414 ], [ -79.3365368, 43.6394707 ], [ -79.3366943, 43.6395576 ], [ -79.336872, 43.6396716 ], [ -79.3369887, 43.6397556 ], [ -79.3369947, 43.6397934 ], [ -79.3370692, 43.6398429 ], [ -79.337147, 43.6399133 ], [ -79.3372247, 43.6399084 ], [ -79.3372449, 43.6399259 ], [ -79.3372951, 43.6399905 ], [ -79.337381, 43.6401181 ], [ -79.3374125, 43.6402069 ], [ -79.3374165, 43.6402583 ], [ -79.3373702, 43.6403466 ], [ -79.3371061, 43.6405524 ], [ -79.3367212, 43.6409712 ], [ -79.3364898, 43.6411769 ], [ -79.3364751, 43.6411643 ], [ -79.336459, 43.6411779 ], [ -79.3364442, 43.6411731 ], [ -79.3363296, 43.6412813 ], [ -79.3363255, 43.6413172 ], [ -79.3362974, 43.6413541 ], [ -79.3361411, 43.641489 ], [ -79.3360687, 43.6415365 ], [ -79.3360244, 43.641519 ], [ -79.335891, 43.641637 ], [ -79.3359091, 43.641651 ], [ -79.3358897, 43.6416617 ], [ -79.3359111, 43.641684 ], [ -79.3357348, 43.6418252 ], [ -79.3356925, 43.6418058 ], [ -79.3355732, 43.6419451 ], [ -79.3355356, 43.6419252 ], [ -79.3354464, 43.6420184 ], [ -79.3353975, 43.6419883 ], [ -79.3352459, 43.6421014 ], [ -79.3353331, 43.6421649 ], [ -79.3352882, 43.6422304 ], [ -79.3352573, 43.6422314 ], [ -79.3352493, 43.6422455 ], [ -79.3352935, 43.6422697 ], [ -79.3352205, 43.6423314 ], [ -79.3349375, 43.6426021 ], [ -79.3345848, 43.6429379 ], [ -79.3341489, 43.6433067 ], [ -79.3338566, 43.6435649 ], [ -79.3337546, 43.6437124 ], [ -79.3335333, 43.6439502 ], [ -79.3333818, 43.6440365 ], [ -79.3332289, 43.644154 ], [ -79.3329272, 43.6444237 ], [ -79.3326281, 43.6447071 ], [ -79.3323371, 43.6449517 ], [ -79.3319871, 43.6451584 ], [ -79.3318221, 43.6452758 ], [ -79.3316585, 43.6454049 ], [ -79.3314654, 43.6455262 ], [ -79.3312803, 43.6456223 ], [ -79.3309544, 43.6458814 ], [ -79.3307459, 43.6461502 ], [ -79.3306674, 43.6462933 ], [ -79.3305668, 43.646452 ], [ -79.3304548, 43.6465859 ], [ -79.3303254, 43.6466669 ], [ -79.3301564, 43.6467553 ], [ -79.3297125, 43.6469552 ], [ -79.3296281, 43.6470144 ], [ -79.3295543, 43.6470352 ], [ -79.3294584, 43.647076 ], [ -79.3291513, 43.6472609 ], [ -79.3290574, 43.6473069 ], [ -79.3289233, 43.6473734 ], [ -79.328877, 43.6474122 ], [ -79.3287865, 43.6474278 ], [ -79.3287577, 43.6473948 ], [ -79.3286665, 43.6474283 ], [ -79.3286859, 43.6474506 ], [ -79.3283614, 43.647617 ], [ -79.3283346, 43.6475719 ], [ -79.3282407, 43.6476058 ], [ -79.3282574, 43.647632 ], [ -79.3282145, 43.647635 ], [ -79.3281944, 43.6476272 ], [ -79.3274729, 43.6473526 ], [ -79.3273576, 43.6472972 ], [ -79.3272905, 43.6472448 ], [ -79.3273482, 43.6471856 ], [ -79.327383, 43.6471022 ], [ -79.3273897, 43.6470459 ], [ -79.3272328, 43.6469848 ], [ -79.3271416, 43.6469566 ], [ -79.3270129, 43.6469285 ], [ -79.3269083, 43.6468751 ], [ -79.3268667, 43.6468567 ], [ -79.32675, 43.646846 ], [ -79.3267004, 43.6468693 ], [ -79.3266414, 43.6469081 ], [ -79.3265958, 43.6469615 ], [ -79.3264295, 43.6469139 ], [ -79.326278, 43.6468926 ], [ -79.3260875, 43.6468994 ], [ -79.3259601, 43.6469168 ], [ -79.3258528, 43.6468712 ], [ -79.3257549, 43.646812 ], [ -79.3256745, 43.6467383 ], [ -79.3256181, 43.6466412 ], [ -79.3255806, 43.6464898 ], [ -79.3255538, 43.6463239 ], [ -79.3255176, 43.6461133 ], [ -79.3254854, 43.6459595 ], [ -79.3254418, 43.6458256 ], [ -79.3253761, 43.6456921 ], [ -79.3253566, 43.6456354 ], [ -79.3253633, 43.6456019 ], [ -79.3253794, 43.645565 ], [ -79.3253928, 43.6455204 ], [ -79.3254016, 43.6454893 ], [ -79.3254539, 43.6454651 ], [ -79.3255122, 43.6454282 ], [ -79.3255571, 43.6453961 ], [ -79.3256161, 43.645336 ], [ -79.3256819, 43.6452627 ], [ -79.3257174, 43.6451928 ], [ -79.3257643, 43.6451433 ], [ -79.3258166, 43.6450696 ], [ -79.3258924, 43.6449682 ], [ -79.3259574, 43.6449032 ], [ -79.3260285, 43.6448381 ], [ -79.3260909, 43.6447576 ], [ -79.3261861, 43.6446586 ], [ -79.3262941, 43.6445315 ], [ -79.3264101, 43.6443995 ], [ -79.3264838, 43.6443383 ], [ -79.3265817, 43.6442597 ], [ -79.3266528, 43.6441821 ], [ -79.3266749, 43.6440948 ], [ -79.3267393, 43.6440234 ], [ -79.3268178, 43.6439768 ], [ -79.326913, 43.6439734 ], [ -79.3270867, 43.6439676 ], [ -79.3272248, 43.6439904 ], [ -79.3272939, 43.6439953 ], [ -79.327373, 43.644038 ], [ -79.3275674, 43.6440841 ], [ -79.3278256, 43.64417 ], [ -79.328069, 43.6442772 ], [ -79.328238, 43.6443534 ], [ -79.3283279, 43.6443713 ], [ -79.3283795, 43.6443709 ], [ -79.3284653, 43.6443442 ], [ -79.3285169, 43.6443053 ], [ -79.3285055, 43.6442568 ], [ -79.3284915, 43.6442098 ], [ -79.3284506, 43.6441651 ], [ -79.3283607, 43.6441239 ], [ -79.3282025, 43.6440783 ], [ -79.3280355, 43.6439958 ], [ -79.3278866, 43.6439443 ], [ -79.3277465, 43.6438478 ], [ -79.3274655, 43.6436212 ], [ -79.3273542, 43.6435576 ], [ -79.3272959, 43.6434591 ], [ -79.3271597, 43.6432781 ], [ -79.3271269, 43.6431694 ], [ -79.3271081, 43.6429845 ], [ -79.3271021, 43.6428079 ], [ -79.3271497, 43.6426638 ], [ -79.3271785, 43.6425604 ], [ -79.3272335, 43.6424512 ], [ -79.32731, 43.6423532 ], [ -79.327383, 43.6422853 ], [ -79.3274488, 43.6422455 ], [ -79.3275232, 43.6422091 ], [ -79.3275688, 43.6421882 ], [ -79.3275983, 43.6421591 ], [ -79.3276063, 43.6421246 ], [ -79.327601, 43.6421052 ], [ -79.3275829, 43.6420815 ], [ -79.3275621, 43.6420261 ], [ -79.3275017, 43.6419679 ], [ -79.3274488, 43.6418927 ], [ -79.3274213, 43.6418316 ], [ -79.3274112, 43.6417709 ], [ -79.3274159, 43.6417156 ], [ -79.3274226, 43.6416559 ], [ -79.3274233, 43.6416195 ], [ -79.3274407, 43.641538 ], [ -79.3274675, 43.6415035 ], [ -79.3274796, 43.6414511 ], [ -79.3275272, 43.6413822 ], [ -79.327613, 43.6412764 ], [ -79.3276801, 43.6411963 ], [ -79.3277217, 43.6411566 ], [ -79.3277867, 43.6411143 ], [ -79.3278618, 43.6410692 ], [ -79.3279899, 43.6410275 ], [ -79.3282863, 43.6409748 ], [ -79.3283939, 43.6409574 ], [ -79.3285076, 43.6409302 ], [ -79.3285988, 43.6409008 ], [ -79.3286638, 43.640861 ], [ -79.3286611, 43.6408392 ], [ -79.3286574, 43.6408154 ], [ -79.3286437, 43.6407732 ], [ -79.3286189, 43.640715 ], [ -79.3285813, 43.6406669 ], [ -79.3285612, 43.6406364 ], [ -79.3285699, 43.6405621 ], [ -79.3285981, 43.6405116 ], [ -79.3286397, 43.640434 ], [ -79.328704, 43.6403214 ], [ -79.3287825, 43.6402239 ], [ -79.3288998, 43.6401176 ], [ -79.329042, 43.6400278 ], [ -79.3291748, 43.6399492 ], [ -79.3292948, 43.639906 ], [ -79.3294249, 43.6398657 ], [ -79.3295918, 43.6398391 ], [ -79.3297836, 43.639824 ], [ -79.3298379, 43.6398148 ], [ -79.3298762, 43.6398075 ], [ -79.3298943, 43.6397881 ], [ -79.3298849, 43.639757 ], [ -79.3298091, 43.6396449 ], [ -79.3297689, 43.6395751 ], [ -79.329726, 43.6394761 ], [ -79.3297367, 43.6393975 ], [ -79.3297689, 43.6393014 ], [ -79.3298252, 43.6392082 ], [ -79.3299821, 43.6390519 ], [ -79.3300773, 43.6389612 ], [ -79.3301336, 43.6389321 ], [ -79.3302087, 43.6389044 ], [ -79.3302986, 43.638852 ], [ -79.3304032, 43.6388083 ], [ -79.3305206, 43.6387991 ], [ -79.3306386, 43.6387933 ], [ -79.3307888, 43.6387986 ], [ -79.3308619, 43.638803 ], [ -79.3309101, 43.6387952 ], [ -79.3309464, 43.6387748 ], [ -79.3309551, 43.6387448 ], [ -79.3309531, 43.6387176 ], [ -79.330941, 43.6386957 ], [ -79.3309142, 43.638669 ], [ -79.330764, 43.6386171 ], [ -79.3305722, 43.638554 ], [ -79.3305085, 43.6385269 ], [ -79.3304589, 43.638505 ], [ -79.330428, 43.6384842 ], [ -79.3303777, 43.6384429 ], [ -79.3303388, 43.6383653 ], [ -79.3302986, 43.6382745 ], [ -79.3302778, 43.6381571 ], [ -79.3302631, 43.6380605 ], [ -79.3302704, 43.6379974 ], [ -79.3302362, 43.6378843 ], [ -79.3301732, 43.6378557 ], [ -79.330129, 43.6378397 ], [ -79.3300948, 43.637798 ], [ -79.3299915, 43.6377232 ], [ -79.3298627, 43.6375917 ], [ -79.3297702, 43.6374879 ], [ -79.3297172, 43.6373957 ], [ -79.3296924, 43.6373233 ], [ -79.3296649, 43.6372326 ], [ -79.3296475, 43.6371525 ], [ -79.32962, 43.6371108 ], [ -79.3295939, 43.6370822 ], [ -79.3295583, 43.6370666 ], [ -79.3294785, 43.6370593 ], [ -79.3294289, 43.6370695 ], [ -79.3292928, 43.6371118 ], [ -79.3291412, 43.6371826 ], [ -79.3289213, 43.6372603 ], [ -79.3287161, 43.6374223 ], [ -79.3286558, 43.6374777 ], [ -79.3285847, 43.6375941 ], [ -79.3285874, 43.6376698 ], [ -79.3286236, 43.6377242 ], [ -79.3286826, 43.637763 ], [ -79.3287832, 43.6378688 ], [ -79.3288113, 43.6379445 ], [ -79.3288609, 43.6380561 ], [ -79.3288623, 43.6381105 ], [ -79.3286544, 43.6383201 ], [ -79.3284707, 43.638489 ], [ -79.3283848, 43.6385812 ], [ -79.3283178, 43.6386705 ], [ -79.3282199, 43.6387782 ], [ -79.3281247, 43.6388675 ], [ -79.3280348, 43.638952 ], [ -79.3279088, 43.6390364 ], [ -79.3278176, 43.6391179 ], [ -79.3277304, 43.639214 ], [ -79.3276539, 43.639312 ], [ -79.3275762, 43.6393975 ], [ -79.3275104, 43.6395003 ], [ -79.327426, 43.6395974 ], [ -79.3272355, 43.6397643 ], [ -79.327139, 43.6398594 ], [ -79.3270008, 43.64007 ], [ -79.32686, 43.6402632 ], [ -79.3267889, 43.6403564 ], [ -79.3267071, 43.640434 ], [ -79.3266025, 43.6404612 ], [ -79.3264671, 43.6404136 ], [ -79.3263638, 43.6403369 ], [ -79.3262431, 43.6402816 ], [ -79.3261009, 43.6402438 ], [ -79.3259628, 43.6402185 ], [ -79.3258381, 43.6401826 ], [ -79.3257147, 43.6401244 ], [ -79.3255873, 43.6400652 ], [ -79.3254854, 43.6400633 ], [ -79.3252708, 43.6399837 ], [ -79.3251689, 43.6399419 ], [ -79.3250549, 43.6399041 ], [ -79.3249583, 43.6399031 ], [ -79.3248564, 43.6399419 ], [ -79.3247893, 43.6400118 ], [ -79.3247129, 43.6400633 ], [ -79.3246968, 43.6401477 ], [ -79.3247411, 43.6401933 ], [ -79.3248591, 43.6402312 ], [ -79.3249851, 43.6402816 ], [ -79.3250804, 43.6403243 ], [ -79.3251756, 43.6403729 ], [ -79.3252775, 43.6404039 ], [ -79.3253513, 43.6404495 ], [ -79.3254197, 43.6404825 ], [ -79.3254505, 43.6404767 ], [ -79.3262914, 43.640797 ], [ -79.3253312, 43.6422693 ], [ -79.3244648, 43.64425 ], [ -79.3245828, 43.6443975 ], [ -79.3243206, 43.6452064 ], [ -79.3216847, 43.644825 ], [ -79.321676, 43.6447639 ], [ -79.3216599, 43.6447513 ], [ -79.3215801, 43.6447265 ], [ -79.3215767, 43.6446649 ], [ -79.3216103, 43.644531 ], [ -79.321631, 43.6444383 ], [ -79.3216478, 43.6443442 ], [ -79.3216605, 43.6442403 ], [ -79.3216773, 43.6441263 ], [ -79.3217169, 43.6440365 ], [ -79.3217558, 43.6439341 ], [ -79.3217504, 43.6438313 ], [ -79.3217444, 43.6437483 ], [ -79.3217605, 43.6436813 ], [ -79.3218242, 43.6435998 ], [ -79.3218564, 43.6434945 ], [ -79.3218899, 43.6434081 ], [ -79.3219429, 43.6433014 ], [ -79.3219757, 43.6431893 ], [ -79.3219757, 43.6430942 ], [ -79.3219838, 43.6429869 ], [ -79.3220287, 43.642869 ], [ -79.322077, 43.642772 ], [ -79.3221078, 43.6426589 ], [ -79.3221045, 43.6425337 ], [ -79.3221125, 43.6424211 ], [ -79.3221373, 43.642278 ], [ -79.3221883, 43.6421542 ], [ -79.3222158, 43.6420213 ], [ -79.3222386, 43.6418951 ], [ -79.3222761, 43.6417869 ], [ -79.3222936, 43.6416671 ], [ -79.3223177, 43.6415564 ], [ -79.3223573, 43.6414632 ], [ -79.3224384, 43.6413774 ], [ -79.322541, 43.6412997 ], [ -79.3226235, 43.6412085 ], [ -79.3226194, 43.6410818 ], [ -79.3226342, 43.6409552 ], [ -79.3226409, 43.6408275 ], [ -79.3226114, 43.6407014 ], [ -79.3226067, 43.640599 ], [ -79.322598, 43.6404777 ], [ -79.3226489, 43.6403515 ], [ -79.3226852, 43.6402331 ], [ -79.3226992, 43.6400929 ], [ -79.3227026, 43.6400026 ], [ -79.3227361, 43.6398784 ], [ -79.3227529, 43.6397561 ], [ -79.3227831, 43.6396415 ], [ -79.3228038, 43.6395023 ], [ -79.3228474, 43.6393766 ], [ -79.3228856, 43.6392354 ], [ -79.3229386, 43.6391107 ], [ -79.3229943, 43.6389796 ], [ -79.3229983, 43.638835 ], [ -79.3229849, 43.6387185 ], [ -79.3229607, 43.6385744 ], [ -79.3229735, 43.6384376 ], [ -79.3229728, 43.6382823 ], [ -79.3230251, 43.6381488 ], [ -79.3230928, 43.6380134 ], [ -79.323182, 43.6378897 ], [ -79.3232746, 43.6377688 ], [ -79.3233322, 43.6376446 ], [ -79.3234026, 43.6375311 ], [ -79.3235307, 43.6374597 ], [ -79.3236253, 43.6373612 ], [ -79.3237138, 43.6372263 ], [ -79.3238311, 43.6371258 ], [ -79.3239599, 43.6370404 ], [ -79.3240926, 43.636938 ], [ -79.3241932, 43.6368254 ], [ -79.3242941, 43.6367051 ], [ -79.3243709, 43.6365777 ], [ -79.3244692, 43.6364561 ], [ -79.3245932, 43.6363537 ], [ -79.3247116, 43.6362681 ], [ -79.3248416, 43.6361712 ], [ -79.3249603, 43.6360929 ], [ -79.3251109, 43.6360169 ], [ -79.3251937, 43.6359614 ], [ -79.3253268, 43.6358815 ], [ -79.3254398, 43.6358471 ], [ -79.3255766, 43.6358293 ], [ -79.3257445, 43.6358121 ], [ -79.3258277, 43.635799 ], [ -79.3259048, 43.6357818 ], [ -79.3259762, 43.6357432 ], [ -79.3260208, 43.6357063 ], [ -79.3261103, 43.6356648 ], [ -79.3261593, 43.6356187 ], [ -79.3261811, 43.6355787 ], [ -79.3261817, 43.6355418 ], [ -79.3261864, 43.6355071 ], [ -79.3261985, 43.6354848 ], [ -79.326218, 43.6353933 ], [ -79.3262277, 43.6353838 ], [ -79.326226, 43.6353453 ], [ -79.326227, 43.63532 ], [ -79.3262408, 43.6352955 ], [ -79.3262625, 43.6352756 ], [ -79.326282, 43.6352628 ], [ -79.3263122, 43.6352555 ], [ -79.3263923, 43.6352628 ], [ -79.3265988, 43.6352613 ], [ -79.3266826, 43.6352594 ], [ -79.3267212, 43.635254 ], [ -79.3267718, 43.635248 ], [ -79.3268013, 43.6352419 ], [ -79.3268298, 43.6352353 ], [ -79.3268412, 43.6352268 ], [ -79.3268459, 43.635213 ], [ -79.3268476, 43.6352004 ], [ -79.3268372, 43.6351863 ], [ -79.3268097, 43.6351737 ], [ -79.3267651, 43.6351703 ], [ -79.3267326, 43.6351781 ], [ -79.3266971, 43.635189 ], [ -79.3266649, 43.6351989 ], [ -79.3265931, 43.6352067 ], [ -79.3265385, 43.6352091 ], [ -79.3264718, 43.6352065 ], [ -79.3264084, 43.6352016 ], [ -79.3263739, 43.6352028 ], [ -79.3263229, 43.6351963 ], [ -79.3262944, 43.6351907 ], [ -79.3262646, 43.6351822 ], [ -79.3262552, 43.635172 ], [ -79.3262636, 43.6351521 ], [ -79.3262726, 43.635139 ], [ -79.3262763, 43.6351159 ], [ -79.326279, 43.6350791 ], [ -79.3262867, 43.6350478 ], [ -79.3263024, 43.6350155 ], [ -79.3263035, 43.6349934 ], [ -79.3263058, 43.6349752 ], [ -79.3263142, 43.634966 ], [ -79.3263491, 43.6349429 ], [ -79.3263886, 43.6349194 ], [ -79.3264483, 43.6348946 ], [ -79.3265217, 43.6348866 ], [ -79.3266253, 43.6348616 ], [ -79.3267125, 43.6348303 ], [ -79.3267403, 43.6348192 ], [ -79.3267799, 43.6348104 ], [ -79.3268228, 43.6347986 ], [ -79.3268553, 43.6347842 ], [ -79.3268872, 43.6347636 ], [ -79.3269576, 43.6347389 ], [ -79.3270089, 43.6347165 ], [ -79.3270568, 43.6346867 ], [ -79.3270712, 43.6346867 ], [ -79.327087, 43.6346974 ], [ -79.3271007, 43.6346915 ], [ -79.3271074, 43.6346811 ], [ -79.3271336, 43.6346721 ], [ -79.3271728, 43.6346641 ], [ -79.327209, 43.6346578 ], [ -79.3272362, 43.6346457 ], [ -79.3272905, 43.6346132 ], [ -79.327318, 43.6345908 ], [ -79.3273307, 43.6345724 ], [ -79.3273465, 43.6345593 ], [ -79.3273716, 43.6345649 ], [ -79.3274065, 43.6345287 ], [ -79.3274719, 43.634504 ], [ -79.3275926, 43.6344644 ], [ -79.3277555, 43.6344229 ], [ -79.3278531, 43.6344052 ], [ -79.3279158, 43.6343957 ], [ -79.3279601, 43.6343872 ], [ -79.3280067, 43.6343652 ], [ -79.3280536, 43.6343283 ], [ -79.3280968, 43.6342938 ], [ -79.3281481, 43.634263 ], [ -79.3281823, 43.6342353 ], [ -79.3282249, 43.6342167 ], [ -79.3282595, 43.6341834 ], [ -79.3282869, 43.634146 ], [ -79.3283195, 43.6340941 ], [ -79.3283486, 43.6340643 ], [ -79.3284227, 43.6340376 ], [ -79.3284462, 43.634033 ], [ -79.3284616, 43.6340235 ], [ -79.3284633, 43.6340014 ], [ -79.3285304, 43.6339592 ], [ -79.3285528, 43.6339087 ], [ -79.3286014, 43.6338881 ], [ -79.3286661, 43.6338529 ], [ -79.3287439, 43.6338068 ], [ -79.3288663, 43.6337209 ], [ -79.3289253, 43.6336843 ], [ -79.3290178, 43.6336292 ], [ -79.329045, 43.6335996 ], [ -79.3290417, 43.6335843 ], [ -79.3290319, 43.6335537 ], [ -79.3290195, 43.6335319 ], [ -79.3290202, 43.6335127 ], [ -79.3290343, 43.6334782 ], [ -79.328991, 43.633462 ], [ -79.3290098, 43.6334363 ], [ -79.3290517, 43.6334511 ], [ -79.3290732, 43.6334326 ], [ -79.3290879, 43.6334217 ], [ -79.3291007, 43.6334067 ], [ -79.3291238, 43.6333914 ], [ -79.3291429, 43.6333836 ], [ -79.3291533, 43.6333756 ], [ -79.3291583, 43.6333659 ], [ -79.329155, 43.6333557 ], [ -79.3291456, 43.6333419 ], [ -79.3291546, 43.6333285 ], [ -79.3291982, 43.6332921 ], [ -79.3292425, 43.6332666 ], [ -79.3292847, 43.6332521 ], [ -79.3293085, 43.633246 ], [ -79.3293166, 43.6332198 ], [ -79.3293675, 43.633181 ], [ -79.329446, 43.6331363 ], [ -79.3294738, 43.6331295 ], [ -79.3294923, 43.6331286 ], [ -79.3294919, 43.6331446 ], [ -79.3294859, 43.6331781 ], [ -79.3294879, 43.6332341 ], [ -79.3295114, 43.6333482 ], [ -79.3295228, 43.6334855 ], [ -79.3295134, 43.6335491 ], [ -79.3294745, 43.6336267 ], [ -79.3294664, 43.6336496 ], [ -79.3294664, 43.633667 ], [ -79.3294913, 43.6336884 ], [ -79.3295094, 43.6336874 ], [ -79.3295422, 43.633668 ], [ -79.3296006, 43.6336161 ], [ -79.3296354, 43.6335302 ], [ -79.3296462, 43.6334739 ], [ -79.3296475, 43.6334127 ], [ -79.3296421, 43.6333622 ], [ -79.3296267, 43.6333113 ], [ -79.3296126, 43.6332671 ], [ -79.3296053, 43.6331788 ], [ -79.3296167, 43.6330948 ], [ -79.3296448, 43.6330104 ], [ -79.3299787, 43.632856 ], [ -79.3300612, 43.6328512 ], [ -79.3302993, 43.6328507 ], [ -79.33043, 43.6328255 ], [ -79.3305675, 43.632776 ], [ -79.3306392, 43.6327425 ], [ -79.3307432, 43.6326857 ], [ -79.3308887, 43.6326245 ], [ -79.3310389, 43.632543 ], [ -79.3311355, 43.6324751 ], [ -79.3312448, 43.6323877 ], [ -79.3313165, 43.6323688 ], [ -79.3313567, 43.6323528 ], [ -79.3314459, 43.6322746 ], [ -79.3315733, 43.6322309 ], [ -79.3317309, 43.6321776 ], [ -79.3318992, 43.6321329 ], [ -79.3321661, 43.6319868 ], [ -79.3322881, 43.6319232 ], [ -79.3323894, 43.6318834 ], [ -79.3325731, 43.6318296 ], [ -79.3327066, 43.6317907 ], [ -79.3329211, 43.6317048 ], [ -79.3330861, 43.6316558 ], [ -79.3331431, 43.6316257 ], [ -79.3332041, 43.6315932 ], [ -79.3332611, 43.6315835 ], [ -79.3333369, 43.6315767 ], [ -79.3335065, 43.6315651 ], [ -79.3336205, 43.6315689 ], [ -79.3337674, 43.6315825 ], [ -79.333933, 43.6316126 ], [ -79.334098, 43.6316422 ], [ -79.3342354, 43.6316646 ], [ -79.3342938, 43.631666 ], [ -79.3344145, 43.6316631 ], [ -79.3344735, 43.6316519 ], [ -79.3345117, 43.6316364 ], [ -79.3345573, 43.6316073 ], [ -79.3345915, 43.6315636 ], [ -79.3346196, 43.6315117 ], [ -79.3346612, 43.6314214 ], [ -79.3347102, 43.6312066 ], [ -79.3347323, 43.6311477 ], [ -79.3347655, 43.6310778 ], [ -79.3348074, 43.6309991 ], [ -79.3348567, 43.6309203 ], [ -79.3348708, 43.6309033 ], [ -79.3348946, 43.630879 ], [ -79.3349516, 43.6308572 ], [ -79.3349884, 43.6308468 ], [ -79.3350059, 43.6308438 ], [ -79.3350451, 43.6308458 ], [ -79.3350582, 43.6308358 ], [ -79.3351125, 43.6307723 ], [ -79.3351497, 43.6307322 ], [ -79.3352148, 43.6306987 ], [ -79.3352992, 43.6306604 ], [ -79.3353703, 43.6306495 ], [ -79.3354206, 43.630631 ], [ -79.3354548, 43.6306101 ], [ -79.3354709, 43.6305888 ], [ -79.3355071, 43.6305621 ], [ -79.3355383, 43.6305361 ], [ -79.3355624, 43.6305087 ], [ -79.3355705, 43.6304888 ], [ -79.335602, 43.6304432 ], [ -79.3356523, 43.6303968 ], [ -79.3357079, 43.630333 ], [ -79.3357532, 43.6302811 ], [ -79.3358115, 43.6302228 ], [ -79.335883, 43.6301508 ], [ -79.335941, 43.6300993 ], [ -79.3359628, 43.6300699 ], [ -79.3360027, 43.6300488 ], [ -79.3360496, 43.6300382 ], [ -79.336119, 43.6299986 ], [ -79.3361666, 43.6299782 ], [ -79.3362055, 43.6299651 ], [ -79.3362632, 43.6299564 ], [ -79.336297, 43.6299542 ], [ -79.3363202, 43.6299416 ], [ -79.3363389, 43.6299217 ], [ -79.3363416, 43.6298976 ], [ -79.3363359, 43.62986 ], [ -79.3363416, 43.6298025 ], [ -79.3363389, 43.629722 ], [ -79.3363621, 43.6296603 ], [ -79.336403, 43.6295691 ], [ -79.3364187, 43.6294997 ], [ -79.3364218, 43.6294582 ], [ -79.3364285, 43.6294159 ], [ -79.3364264, 43.6293844 ], [ -79.336457, 43.6293737 ], [ -79.3364526, 43.6293325 ], [ -79.3364328, 43.6292961 ], [ -79.3364177, 43.6292732 ], [ -79.3363795, 43.6292444 ], [ -79.3363534, 43.6292397 ], [ -79.3363255, 43.6291912 ], [ -79.3362957, 43.6291592 ], [ -79.3362571, 43.6291376 ], [ -79.3362048, 43.6291116 ], [ -79.3361602, 43.6290937 ], [ -79.3361475, 43.6290864 ], [ -79.336124, 43.6290856 ], [ -79.3361086, 43.6291291 ], [ -79.3361059, 43.629158 ], [ -79.3361073, 43.6291832 ], [ -79.3360851, 43.6292213 ], [ -79.3360372, 43.6292812 ], [ -79.3359691, 43.6293468 ], [ -79.3358923, 43.6294023 ], [ -79.3358132, 43.6294472 ], [ -79.3356855, 43.6295174 ], [ -79.3355185, 43.6296026 ], [ -79.335373, 43.6296705 ], [ -79.3352835, 43.6296996 ], [ -79.3352389, 43.6297154 ], [ -79.3351936, 43.6297283 ], [ -79.335145, 43.6297351 ], [ -79.3350806, 43.6297399 ], [ -79.3350354, 43.6297341 ], [ -79.3349844, 43.629721 ], [ -79.334916, 43.6296936 ], [ -79.3348637, 43.6296671 ], [ -79.3347772, 43.6296225 ], [ -79.3346217, 43.6295234 ], [ -79.3345144, 43.6294596 ], [ -79.3344584, 43.6294412 ], [ -79.3343662, 43.629415 ], [ -79.334273, 43.6293963 ], [ -79.334167, 43.6293846 ], [ -79.3340892, 43.6293827 ], [ -79.3340483, 43.6293917 ], [ -79.3340148, 43.6294031 ], [ -79.3339756, 43.6294208 ], [ -79.3339216, 43.629455 ], [ -79.3338747, 43.6294875 ], [ -79.3337858, 43.6295581 ], [ -79.3337509, 43.6295967 ], [ -79.3337342, 43.6296246 ], [ -79.3337228, 43.6296579 ], [ -79.3337164, 43.629753 ], [ -79.3337238, 43.6298302 ], [ -79.3337513, 43.6299246 ], [ -79.3337841, 43.6300008 ], [ -79.3338344, 43.6300736 ], [ -79.3339055, 43.6301835 ], [ -79.3339149, 43.6302483 ], [ -79.3339172, 43.6302733 ], [ -79.3339115, 43.6303044 ], [ -79.333872, 43.630383 ], [ -79.3338247, 43.630432 ], [ -79.3337841, 43.6304592 ], [ -79.3336939, 43.6305148 ], [ -79.3336316, 43.6305383 ], [ -79.3333469, 43.6306184 ], [ -79.3330536, 43.6306791 ], [ -79.3329711, 43.6306888 ], [ -79.3328983, 43.6306961 ], [ -79.3327914, 43.6306946 ], [ -79.332667, 43.6306635 ], [ -79.3326304, 43.6306478 ], [ -79.3325979, 43.6306368 ], [ -79.3325631, 43.6306169 ], [ -79.3325386, 43.6306007 ], [ -79.3325235, 43.6305796 ], [ -79.3325128, 43.6305587 ], [ -79.3325141, 43.6305019 ], [ -79.3325185, 43.630475 ], [ -79.3325238, 43.6304524 ], [ -79.3325325, 43.6304332 ], [ -79.3325473, 43.6304109 ], [ -79.3325651, 43.6303908 ], [ -79.3325832, 43.6303791 ], [ -79.3326076, 43.630374 ], [ -79.3326412, 43.6303432 ], [ -79.3326543, 43.630309 ], [ -79.332661, 43.6302714 ], [ -79.332665, 43.630242 ], [ -79.3326569, 43.6302231 ], [ -79.3326301, 43.6301957 ], [ -79.3326026, 43.6301782 ], [ -79.3325748, 43.6301588 ], [ -79.3325372, 43.6301573 ], [ -79.332503, 43.630169 ], [ -79.3324836, 43.630191 ], [ -79.3324541, 43.6302791 ], [ -79.3324417, 43.6303092 ], [ -79.3324145, 43.6303493 ], [ -79.3323414, 43.630401 ], [ -79.3322767, 43.6304257 ], [ -79.3322241, 43.6304381 ], [ -79.3321651, 43.6304437 ], [ -79.3321148, 43.6304495 ], [ -79.3319871, 43.630473 ], [ -79.3319532, 43.6304852 ], [ -79.3318794, 43.6305429 ], [ -79.3318519, 43.6305735 ], [ -79.3318154, 43.6306322 ], [ -79.3318144, 43.6306895 ], [ -79.331809, 43.6307327 ], [ -79.3317728, 43.6307754 ], [ -79.3316917, 43.6308633 ], [ -79.3316669, 43.6308943 ], [ -79.3316481, 43.6309261 ], [ -79.3316203, 43.6310421 ], [ -79.3315753, 43.6311215 ], [ -79.331515, 43.6311843 ], [ -79.3314754, 43.6312035 ], [ -79.3314476, 43.6312268 ], [ -79.3314033, 43.6312445 ], [ -79.3313487, 43.6312605 ], [ -79.3313088, 43.6312641 ], [ -79.3312568, 43.6312717 ], [ -79.3311529, 43.6312746 ], [ -79.3310225, 43.6312666 ], [ -79.3309524, 43.6312586 ], [ -79.3308676, 43.6312498 ], [ -79.3308588, 43.6312416 ], [ -79.3308582, 43.6312345 ], [ -79.330835, 43.6312345 ], [ -79.3307945, 43.6312425 ], [ -79.3307284, 43.6312506 ], [ -79.3306835, 43.6312476 ], [ -79.3306325, 43.6312581 ], [ -79.3304683, 43.6312532 ], [ -79.3304441, 43.6312474 ], [ -79.3304052, 43.6312493 ], [ -79.3303529, 43.6312578 ], [ -79.3302446, 43.631269 ], [ -79.3302248, 43.6312867 ], [ -79.3301799, 43.6313015 ], [ -79.3301363, 43.6313015 ], [ -79.3300827, 43.6312899 ], [ -79.3300391, 43.6312874 ], [ -79.3299828, 43.6312753 ], [ -79.3299157, 43.6312544 ], [ -79.3298607, 43.6312331 ], [ -79.3296334, 43.6311676 ], [ -79.3293639, 43.6310904 ], [ -79.3291137, 43.6310084 ], [ -79.3290789, 43.6309989 ], [ -79.3289397, 43.6309562 ], [ -79.3289085, 43.6309421 ], [ -79.3287858, 43.6308448 ], [ -79.3287453, 43.630804 ], [ -79.3287158, 43.6307691 ], [ -79.3286785, 43.630714 ], [ -79.3286557, 43.6306728 ], [ -79.3286511, 43.6306347 ], [ -79.3286537, 43.630566 ], [ -79.3286594, 43.6305325 ], [ -79.3286749, 43.6304871 ], [ -79.3286749, 43.6304323 ], [ -79.3286792, 43.6304056 ], [ -79.3286879, 43.630383 ], [ -79.3287074, 43.6303512 ], [ -79.3287158, 43.6303325 ], [ -79.3287218, 43.6303151 ], [ -79.3287238, 43.6303022 ], [ -79.3287278, 43.6302927 ], [ -79.3287372, 43.6302845 ], [ -79.3287577, 43.6302711 ], [ -79.3287889, 43.6301665 ], [ -79.3288157, 43.6301338 ], [ -79.328816, 43.6301136 ], [ -79.3288402, 43.6300877 ], [ -79.3289025, 43.6299964 ], [ -79.3289927, 43.6298841 ], [ -79.3290108, 43.6298542 ], [ -79.3290205, 43.6298248 ], [ -79.3290785, 43.6297816 ], [ -79.3290983, 43.6297617 ], [ -79.3291211, 43.6297321 ], [ -79.3291382, 43.6296928 ], [ -79.3292019, 43.6296195 ], [ -79.3292452, 43.6295652 ], [ -79.3293095, 43.6294943 ], [ -79.3293394, 43.6294659 ], [ -79.3293535, 43.6294472 ], [ -79.3293618, 43.6294208 ], [ -79.3293655, 43.6293329 ], [ -79.3294329, 43.6292703 ], [ -79.3294457, 43.6292543 ], [ -79.3294628, 43.6292089 ], [ -79.3294628, 43.6291893 ], [ -79.3294778, 43.6291293 ], [ -79.329505, 43.6290859 ], [ -79.3295312, 43.6290364 ], [ -79.3295422, 43.6290048 ], [ -79.3295724, 43.6289432 ], [ -79.3295912, 43.6289032 ], [ -79.3295996, 43.6288692 ], [ -79.3296395, 43.628825 ], [ -79.3296472, 43.6288104 ], [ -79.3296529, 43.6287956 ], [ -79.329676, 43.6287753 ], [ -79.3296958, 43.6287478 ], [ -79.3297374, 43.6286843 ], [ -79.3297441, 43.6286624 ], [ -79.3297826, 43.6286481 ], [ -79.3297997, 43.6286064 ], [ -79.3298322, 43.6285423 ], [ -79.3298406, 43.6285134 ], [ -79.3298557, 43.6285039 ], [ -79.3298698, 43.6284802 ], [ -79.3298886, 43.6284556 ], [ -79.3299157, 43.6284078 ], [ -79.3299372, 43.6283702 ], [ -79.3299754, 43.6283307 ], [ -79.3300019, 43.6283117 ], [ -79.3300438, 43.628294 ], [ -79.3300803, 43.6282858 ], [ -79.3301638, 43.6282882 ], [ -79.3302124, 43.6282843 ], [ -79.330248, 43.6282724 ], [ -79.3302852, 43.6282588 ], [ -79.3303134, 43.6282195 ], [ -79.3303164, 43.6281984 ], [ -79.3303345, 43.6281678 ], [ -79.3303549, 43.6281596 ], [ -79.3304314, 43.6281601 ], [ -79.3304773, 43.6281518 ], [ -79.330533, 43.6281542 ], [ -79.330592, 43.6281637 ], [ -79.3306128, 43.6281618 ], [ -79.3306506, 43.6281499 ], [ -79.3306704, 43.6281084 ], [ -79.3306875, 43.6280744 ], [ -79.3307046, 43.6280232 ], [ -79.330717, 43.6280043 ], [ -79.3307445, 43.6279737 ], [ -79.3307757, 43.6279521 ], [ -79.3308116, 43.6279208 ], [ -79.3308216, 43.627904 ], [ -79.330834, 43.6278676 ], [ -79.3308441, 43.6278565 ], [ -79.3308498, 43.6278366 ], [ -79.3308485, 43.6278067 ], [ -79.3308937, 43.627789 ], [ -79.3309427, 43.6277771 ], [ -79.3309982, 43.6277499 ], [ -79.3310382, 43.6277224 ], [ -79.3310781, 43.6277059 ], [ -79.3311086, 43.6276901 ], [ -79.331137, 43.627669 ], [ -79.3311634, 43.6276448 ], [ -79.3311836, 43.6276156 ], [ -79.3312168, 43.6275815 ], [ -79.3312215, 43.6275668 ], [ -79.3312215, 43.6275553 ], [ -79.3312466, 43.6275398 ], [ -79.3312578, 43.6275243 ], [ -79.3312686, 43.627502 ], [ -79.3312746, 43.6274804 ], [ -79.3312979, 43.6274463 ], [ -79.3313302, 43.627408 ], [ -79.3313432, 43.6273844 ], [ -79.3313519, 43.6273594 ], [ -79.3313653, 43.6273418 ], [ -79.3314194, 43.6272937 ], [ -79.3314399, 43.6272861 ], [ -79.3315126, 43.6272721 ], [ -79.3315264, 43.6272614 ], [ -79.3315374, 43.6272444 ], [ -79.3315291, 43.6271784 ], [ -79.3314912, 43.6271041 ], [ -79.3314862, 43.6270794 ], [ -79.3314878, 43.6270415 ], [ -79.331466, 43.6270197 ], [ -79.3314292, 43.6270003 ], [ -79.3314265, 43.6269355 ], [ -79.3314362, 43.626919 ], [ -79.3314473, 43.626902 ], [ -79.3314788, 43.6268755 ], [ -79.3315727, 43.626817 ], [ -79.3316082, 43.6267891 ], [ -79.331629, 43.6267806 ], [ -79.3316521, 43.6267758 ], [ -79.3316628, 43.6267622 ], [ -79.3316655, 43.6267263 ], [ -79.3316565, 43.6266702 ], [ -79.331629, 43.6266493 ], [ -79.3315797, 43.626601 ], [ -79.3315371, 43.6265773 ], [ -79.3314476, 43.6265234 ], [ -79.3314077, 43.6264993 ], [ -79.331408, 43.6264845 ], [ -79.331398, 43.6264722 ], [ -79.3313373, 43.6264712 ], [ -79.3312689, 43.6264394 ], [ -79.3312521, 43.6264076 ], [ -79.3312374, 43.6263918 ], [ -79.3312109, 43.6263671 ], [ -79.3311609, 43.6263401 ], [ -79.3310838, 43.6262918 ], [ -79.3310268, 43.626227 ], [ -79.331005, 43.6262021 ], [ -79.3310101, 43.6261768 ], [ -79.331004, 43.6261644 ], [ -79.3309584, 43.6261601 ], [ -79.3309896, 43.6261263 ], [ -79.331283, 43.6258543 ], [ -79.3313547, 43.625815 ], [ -79.3314268, 43.6258305 ], [ -79.3314459, 43.62583 ], [ -79.3314845, 43.6258368 ], [ -79.3315415, 43.625854 ], [ -79.331693, 43.6259183 ], [ -79.3317564, 43.625954 ], [ -79.3318506, 43.6259943 ], [ -79.331921, 43.6260377 ], [ -79.3319368, 43.6260567 ], [ -79.3319787, 43.6260807 ], [ -79.3320068, 43.6260902 ], [ -79.332037, 43.6261161 ], [ -79.3320467, 43.6261358 ], [ -79.3320759, 43.6261826 ], [ -79.33209, 43.626196 ], [ -79.3321067, 43.6261979 ], [ -79.3321289, 43.6261957 ], [ -79.332148, 43.6261902 ], [ -79.3321822, 43.6261542 ], [ -79.3322067, 43.6261358 ], [ -79.3322057, 43.6260975 ], [ -79.3322274, 43.6260851 ], [ -79.3325798, 43.6259237 ], [ -79.3326341, 43.6259055 ], [ -79.3326734, 43.6259035 ], [ -79.3327173, 43.6258941 ], [ -79.3327525, 43.6258994 ], [ -79.3327595, 43.6259261 ], [ -79.3328809, 43.6259251 ], [ -79.3330291, 43.6259348 ], [ -79.333121, 43.62593 ], [ -79.3331766, 43.6258897 ], [ -79.3332443, 43.6258727 ], [ -79.3333563, 43.6258684 ], [ -79.3334368, 43.6258528 ], [ -79.3335226, 43.6258213 ], [ -79.3335206, 43.6257989 ], [ -79.3334717, 43.6257684 ], [ -79.3335266, 43.6257509 ], [ -79.3336286, 43.6257261 ], [ -79.3338452, 43.6257305 ], [ -79.3339712, 43.6257504 ], [ -79.3340852, 43.6258489 ], [ -79.3341824, 43.6259256 ], [ -79.3342361, 43.6259713 ], [ -79.3342736, 43.6259907 ], [ -79.3343038, 43.6259839 ], [ -79.3343896, 43.6259319 ], [ -79.334391, 43.6259014 ], [ -79.3343125, 43.6257761 ], [ -79.334275, 43.6256708 ], [ -79.3342213, 43.6256383 ], [ -79.3343112, 43.6255509 ], [ -79.3343072, 43.6255339 ], [ -79.3342716, 43.6254965 ], [ -79.334228, 43.625447 ], [ -79.3342334, 43.6253184 ], [ -79.334273, 43.6252757 ], [ -79.3343286, 43.6252364 ], [ -79.3343494, 43.6252092 ], [ -79.3343394, 43.6251543 ], [ -79.3344359, 43.6251417 ], [ -79.3345794, 43.6251568 ], [ -79.3348704, 43.625249 ], [ -79.3351159, 43.6254024 ], [ -79.3354283, 43.6256868 ], [ -79.3357126, 43.6261693 ], [ -79.3357596, 43.6263479 ], [ -79.3356134, 43.6265382 ], [ -79.3351038, 43.6268779 ], [ -79.334904, 43.6270818 ], [ -79.3348745, 43.6272721 ], [ -79.3349831, 43.6274284 ], [ -79.3352593, 43.6275128 ], [ -79.3359044, 43.6275686 ], [ -79.3364161, 43.6275026 ], [ -79.3365913, 43.6275084 ], [ -79.3366588, 43.6275117 ], [ -79.3367247, 43.6275224 ], [ -79.3367875, 43.6275405 ], [ -79.3368389, 43.627562 ], [ -79.3368858, 43.6275883 ], [ -79.3369273, 43.627619 ], [ -79.3369626, 43.6276536 ], [ -79.3371637, 43.627872 ], [ -79.3372925, 43.6281545 ], [ -79.337314, 43.6282311 ], [ -79.3373272, 43.6283088 ], [ -79.3373321, 43.6283869 ], [ -79.3373287, 43.6284651 ], [ -79.337319, 43.6285323 ], [ -79.3373031, 43.6285989 ], [ -79.3372811, 43.6286646 ], [ -79.3372361, 43.6287714 ], [ -79.3372294, 43.628849 ], [ -79.3372563, 43.6289374 ], [ -79.3373092, 43.6289976 ], [ -79.3373904, 43.629033 ], [ -79.3374863, 43.6290286 ], [ -79.3376063, 43.6289883 ], [ -79.3377189, 43.6289592 ], [ -79.3379536, 43.6289325 ], [ -79.3380978, 43.6289194 ], [ -79.3381749, 43.6288903 ], [ -79.3383043, 43.6288893 ], [ -79.3383781, 43.6288947 ], [ -79.3384445, 43.6289243 ], [ -79.3384981, 43.6289291 ], [ -79.3385947, 43.6289602 ], [ -79.3386503, 43.6289971 ], [ -79.3386684, 43.6290374 ], [ -79.3386684, 43.6290912 ], [ -79.3386114, 43.6290772 ], [ -79.3386121, 43.6290995 ], [ -79.3387516, 43.6291383 ], [ -79.3388562, 43.6291776 ], [ -79.3389528, 43.6292815 ], [ -79.339001, 43.6293368 ], [ -79.3389983, 43.6293834 ], [ -79.3390372, 43.6294164 ], [ -79.3391123, 43.6294188 ], [ -79.3391787, 43.6293955 ], [ -79.3391948, 43.6293591 ], [ -79.3391727, 43.6292999 ], [ -79.3390171, 43.6290446 ], [ -79.3388119, 43.6287 ], [ -79.3384995, 43.6282952 ], [ -79.3383479, 43.6280545 ], [ -79.3382393, 43.6277526 ], [ -79.3380851, 43.6273653 ], [ -79.3379033, 43.6269779 ], [ -79.3378041, 43.626825 ], [ -79.3376405, 43.6265061 ], [ -79.3374333, 43.6261465 ], [ -79.3373112, 43.6259232 ], [ -79.3372697, 43.6258048 ], [ -79.3372536, 43.6256048 ], [ -79.337149, 43.6253048 ], [ -79.337045, 43.6249286 ], [ -79.3370283, 43.6248369 ], [ -79.3370269, 43.6246719 ], [ -79.3370377, 43.6245918 ], [ -79.3371335, 43.6243345 ], [ -79.3372381, 43.6241379 ], [ -79.3373984, 43.6238603 ], [ -79.3375667, 43.6236632 ], [ -79.3377169, 43.6235013 ], [ -79.3378262, 43.6234008 ], [ -79.3378735, 43.6233535 ], [ -79.3379221, 43.6232991 ], [ -79.3379744, 43.6232593 ], [ -79.3380629, 43.623214 ], [ -79.3381082, 43.6231962 ], [ -79.3381813, 43.6231733 ], [ -79.3382185, 43.6231636 ], [ -79.3382354, 43.6231564 ], [ -79.3382297, 43.6231376 ], [ -79.3382213, 43.6231249 ], [ -79.3382133, 43.6231209 ], [ -79.3382016, 43.6231177 ], [ -79.3380961, 43.6231455 ], [ -79.3380328, 43.6231644 ], [ -79.3379831, 43.6231744 ], [ -79.3379292, 43.6231817 ], [ -79.3378257, 43.6231859 ], [ -79.3377399, 43.6231835 ], [ -79.3376936, 43.6231749 ], [ -79.3376809, 43.6231682 ], [ -79.337644, 43.623146 ], [ -79.337623, 43.623135 ], [ -79.3375994, 43.6231268 ], [ -79.337592, 43.6231147 ], [ -79.3376212, 43.6231144 ], [ -79.3376683, 43.6231217 ], [ -79.337694, 43.6231277 ], [ -79.3377142, 43.6231379 ], [ -79.3377458, 43.6231505 ], [ -79.3377558, 43.6231515 ], [ -79.3377644, 43.6231517 ], [ -79.3377722, 43.623145 ], [ -79.3377744, 43.6231381 ], [ -79.3377645, 43.6231152 ], [ -79.3377464, 43.6230819 ], [ -79.3377263, 43.6230557 ], [ -79.3376589, 43.6229902 ], [ -79.3376351, 43.622979 ], [ -79.3375751, 43.6229674 ], [ -79.3375399, 43.6229657 ], [ -79.3375094, 43.6229594 ], [ -79.3374591, 43.6229523 ], [ -79.3374457, 43.6229523 ], [ -79.3374309, 43.6229547 ], [ -79.3374189, 43.622964 ], [ -79.3373689, 43.6229564 ], [ -79.3373746, 43.6229152 ], [ -79.3375479, 43.6227455 ], [ -79.3377149, 43.622665 ], [ -79.3377518, 43.6226327 ], [ -79.3377521, 43.622571 ], [ -79.3378433, 43.6225259 ], [ -79.3378983, 43.6224737 ], [ -79.3379737, 43.622414 ], [ -79.3381333, 43.6223201 ], [ -79.3382571, 43.6222613 ], [ -79.3384059, 43.6222048 ], [ -79.338484, 43.6221592 ], [ -79.3385588, 43.6221453 ], [ -79.3386664, 43.6221407 ], [ -79.3388223, 43.6221504 ], [ -79.3389336, 43.6221827 ], [ -79.3390114, 43.6222312 ], [ -79.3390486, 43.6222781 ], [ -79.3391043, 43.6223337 ], [ -79.3391415, 43.6223931 ], [ -79.3391657, 43.6224247 ], [ -79.3391744, 43.6224465 ], [ -79.339176, 43.6224759 ], [ -79.3391693, 43.622531 ], [ -79.339163, 43.6225567 ], [ -79.33911, 43.6226094 ], [ -79.3390905, 43.6226198 ], [ -79.3390724, 43.6226271 ], [ -79.3390621, 43.6226271 ], [ -79.3390533, 43.6226188 ], [ -79.3390476, 43.6225965 ], [ -79.3390466, 43.6225722 ], [ -79.3390507, 43.6225511 ], [ -79.3390466, 43.6225434 ], [ -79.3390389, 43.6225339 ], [ -79.3389869, 43.6225155 ], [ -79.3389507, 43.622505 ], [ -79.3389212, 43.6225077 ], [ -79.3389118, 43.6225164 ], [ -79.3389035, 43.6225368 ], [ -79.3389078, 43.6225504 ], [ -79.3389226, 43.6225621 ], [ -79.3389658, 43.6225837 ], [ -79.3389896, 43.6225982 ], [ -79.3390084, 43.6226167 ], [ -79.3390175, 43.6226468 ], [ -79.3390255, 43.622705 ], [ -79.3390168, 43.6227441 ], [ -79.3390061, 43.6227722 ], [ -79.3389658, 43.6228264 ], [ -79.3389132, 43.6228419 ], [ -79.3389021, 43.62287 ], [ -79.3388833, 43.6229038 ], [ -79.3388716, 43.6229089 ], [ -79.3388552, 43.6229249 ], [ -79.3388518, 43.6229436 ], [ -79.3388582, 43.6229749 ], [ -79.338875, 43.6230152 ], [ -79.3389172, 43.6230249 ], [ -79.338993, 43.6230103 ], [ -79.3391217, 43.6229812 ], [ -79.3392491, 43.6229725 ], [ -79.3393765, 43.6229793 ], [ -79.3394744, 43.6229938 ], [ -79.3396072, 43.6230375 ], [ -79.3398191, 43.6231822 ], [ -79.3400431, 43.6233385 ], [ -79.3402724, 43.6235006 ], [ -79.340377, 43.6235783 ], [ -79.3404736, 43.6236802 ], [ -79.3405125, 43.6237423 ], [ -79.3405634, 43.623752 ], [ -79.3406412, 43.623754 ], [ -79.3407539, 43.6237462 ], [ -79.3409953, 43.6237394 ], [ -79.3411421, 43.6237054 ], [ -79.3412574, 43.6236486 ], [ -79.3413922, 43.6235661 ], [ -79.341523, 43.62347 ], [ -79.3416732, 43.623369 ], [ -79.3417355, 43.6233433 ], [ -79.3418039, 43.6233268 ], [ -79.3418797, 43.6233021 ], [ -79.3420628, 43.6232695 ], [ -79.3422767, 43.6232322 ], [ -79.3423256, 43.6232283 ], [ -79.3424168, 43.6232341 ], [ -79.3424752, 43.6232443 ], [ -79.3425268, 43.6232574 ], [ -79.3425717, 43.6232739 ], [ -79.3426046, 43.6232904 ], [ -79.3426884, 43.6233681 ], [ -79.3427152, 43.6234016 ], [ -79.3428145, 43.6234326 ], [ -79.3428802, 43.623454 ], [ -79.3429117, 43.6234525 ], [ -79.3429754, 43.623438 ], [ -79.3430364, 43.6234093 ], [ -79.3430659, 43.6233855 ], [ -79.3431551, 43.6234006 ], [ -79.3432061, 43.6233841 ], [ -79.3432329, 43.6233457 ], [ -79.3432336, 43.6232977 ], [ -79.3432242, 43.6232569 ], [ -79.3431873, 43.6231817 ], [ -79.3431551, 43.6231103 ], [ -79.3430766, 43.6230302 ], [ -79.343029, 43.6229807 ], [ -79.3429559, 43.6229186 ], [ -79.3428902, 43.622872 ], [ -79.3428332, 43.6228278 ], [ -79.3427662, 43.6228089 ], [ -79.3426871, 43.6227919 ], [ -79.3426515, 43.6227671 ], [ -79.3426321, 43.6227579 ], [ -79.3425972, 43.6227487 ], [ -79.342559, 43.6227599 ], [ -79.3425214, 43.6227909 ], [ -79.3424745, 43.6228162 ], [ -79.3424343, 43.6228589 ], [ -79.3424001, 43.6228734 ], [ -79.3423102, 43.6228768 ], [ -79.3422425, 43.6228599 ], [ -79.3420668, 43.6228065 ], [ -79.3418831, 43.6227288 ], [ -79.3414231, 43.6225599 ], [ -79.3411388, 43.6224492 ], [ -79.3411213, 43.6222045 ], [ -79.3411307, 43.6220754 ], [ -79.3411186, 43.6220317 ], [ -79.3410999, 43.6219948 ], [ -79.3410623, 43.6219628 ], [ -79.3410368, 43.6219308 ], [ -79.3409604, 43.6218764 ], [ -79.3405755, 43.6216521 ], [ -79.3400565, 43.6214842 ], [ -79.3398768, 43.6213696 ], [ -79.3397655, 43.6212133 ], [ -79.3396528, 43.6208628 ], [ -79.3396434, 43.6206968 ], [ -79.3397547, 43.6205124 ], [ -79.3400444, 43.6201798 ], [ -79.3404447, 43.6198677 ], [ -79.3406834, 43.6197245 ], [ -79.3412266, 43.6195017 ], [ -79.3421312, 43.6193614 ], [ -79.3424477, 43.6194192 ], [ -79.3427152, 43.6195148 ], [ -79.3428513, 43.6196735 ], [ -79.3428715, 43.6198653 ], [ -79.3428057, 43.6200405 ], [ -79.3427783, 43.6202473 ], [ -79.3428104, 43.6204468 ], [ -79.342903, 43.6208041 ], [ -79.3429157, 43.6209099 ], [ -79.3429459, 43.6210303 ], [ -79.3429633, 43.6211648 ], [ -79.3429774, 43.621224 ], [ -79.3430317, 43.6212944 ], [ -79.3431149, 43.6213691 ], [ -79.3432114, 43.6214521 ], [ -79.3432617, 43.6215143 ], [ -79.3432999, 43.6215949 ], [ -79.3433154, 43.6216551 ], [ -79.3433174, 43.6217128 ], [ -79.3432926, 43.6217648 ], [ -79.3432617, 43.6218182 ], [ -79.3432235, 43.6218332 ], [ -79.3431745, 43.6218458 ], [ -79.3431169, 43.6218735 ], [ -79.3431062, 43.6219036 ], [ -79.3431048, 43.6219414 ], [ -79.3431115, 43.6219672 ], [ -79.3431363, 43.6220016 ], [ -79.3431933, 43.6220191 ], [ -79.3432383, 43.6220293 ], [ -79.3432644, 43.6220579 ], [ -79.3432792, 43.6220914 ], [ -79.3432771, 43.6221288 ], [ -79.3432899, 43.6221448 ], [ -79.3433207, 43.6221555 ], [ -79.3433764, 43.622155 ], [ -79.3434227, 43.622189 ], [ -79.3434589, 43.6222036 ], [ -79.3434991, 43.6221939 ], [ -79.3435682, 43.6221842 ], [ -79.3436164, 43.6221832 ], [ -79.3437244, 43.6222395 ], [ -79.3438143, 43.6222769 ], [ -79.3438867, 43.6222778 ], [ -79.3440302, 43.622324 ], [ -79.3440637, 43.6223283 ], [ -79.3441167, 43.622322 ], [ -79.3442146, 43.6222987 ], [ -79.3442716, 43.6222909 ], [ -79.3443152, 43.6222361 ], [ -79.3444097, 43.6221589 ], [ -79.3444935, 43.6220973 ], [ -79.3445237, 43.6220531 ], [ -79.3445773, 43.6219992 ], [ -79.3446779, 43.6219317 ], [ -79.3447859, 43.6218822 ], [ -79.3449019, 43.6218429 ], [ -79.3449824, 43.6218191 ], [ -79.3450273, 43.6217944 ], [ -79.3450528, 43.621772 ], [ -79.3450662, 43.6217483 ], [ -79.3450742, 43.621707 ], [ -79.3450575, 43.6216672 ], [ -79.345036, 43.6216497 ], [ -79.3450065, 43.6216356 ], [ -79.3449435, 43.6216284 ], [ -79.3448348, 43.6216274 ], [ -79.3447825, 43.6216361 ], [ -79.3445116, 43.6214764 ], [ -79.3441227, 43.6212541 ], [ -79.3439443, 43.6211308 ], [ -79.3436936, 43.6208939 ], [ -79.3435554, 43.620757 ], [ -79.3433757, 43.6203541 ], [ -79.3433596, 43.620124 ], [ -79.3434448, 43.6197226 ], [ -79.3435454, 43.619509 ], [ -79.3435802, 43.6194415 ], [ -79.3437331, 43.6192245 ], [ -79.343939, 43.6190211 ], [ -79.3441455, 43.6188478 ], [ -79.3442246, 43.6187973 ], [ -79.344289, 43.6187323 ], [ -79.3443339, 43.6186628 ], [ -79.3443889, 43.6185934 ], [ -79.3444164, 43.6185371 ], [ -79.3444587, 43.6185153 ], [ -79.3445311, 43.6184934 ], [ -79.3446732, 43.6184269 ], [ -79.344698, 43.6183905 ], [ -79.3447457, 43.6183274 ], [ -79.3447664, 43.6182784 ], [ -79.3447651, 43.6182017 ], [ -79.3447772, 43.6181502 ], [ -79.3447678, 43.6180924 ], [ -79.3447678, 43.6180259 ], [ -79.3447369, 43.6179934 ], [ -79.3446866, 43.6179512 ], [ -79.3446256, 43.6178643 ], [ -79.3445928, 43.617841 ], [ -79.3444566, 43.6178007 ], [ -79.3443601, 43.6177182 ], [ -79.3437646, 43.6167259 ], [ -79.3436922, 43.616223 ], [ -79.3436962, 43.6153268 ], [ -79.3438223, 43.6148666 ], [ -79.3439417, 43.6139136 ], [ -79.3440027, 43.613831 ], [ -79.3440469, 43.613731 ], [ -79.3440717, 43.6136286 ], [ -79.3440758, 43.6135329 ], [ -79.3440885, 43.6133921 ], [ -79.3441247, 43.6132975 ], [ -79.3441234, 43.6132567 ], [ -79.3440865, 43.6131873 ], [ -79.3440101, 43.613079 ], [ -79.3439195, 43.6129775 ], [ -79.3437418, 43.6128499 ], [ -79.3437029, 43.612812 ], [ -79.3436386, 43.6127901 ], [ -79.3436077, 43.6127688 ], [ -79.343536, 43.6127819 ], [ -79.343485, 43.6127668 ], [ -79.343428, 43.6127324 ], [ -79.3433429, 43.6127324 ], [ -79.3432577, 43.6127508 ], [ -79.343133, 43.6127654 ], [ -79.3430049, 43.6127994 ], [ -79.3429694, 43.6128227 ], [ -79.3428138, 43.6129771 ], [ -79.342728, 43.6130955 ], [ -79.3426743, 43.6132169 ], [ -79.3425831, 43.6134208 ], [ -79.3425214, 43.6136383 ], [ -79.3420614, 43.6144588 ], [ -79.3418361, 43.614717 ], [ -79.3416202, 43.6148714 ], [ -79.3414003, 43.6149462 ], [ -79.3412165, 43.6149996 ], [ -79.3410395, 43.6150637 ], [ -79.3409497, 43.6151306 ], [ -79.3407552, 43.6154006 ], [ -79.3406519, 43.6156016 ], [ -79.3405581, 43.6157346 ], [ -79.3404293, 43.6159093 ], [ -79.3402858, 43.6160472 ], [ -79.3402362, 43.6161472 ], [ -79.3401034, 43.6162754 ], [ -79.3398285, 43.6166405 ], [ -79.3396823, 43.6168356 ], [ -79.3394677, 43.6170249 ], [ -79.3392894, 43.617224 ], [ -79.3390842, 43.617423 ], [ -79.3389581, 43.6176434 ], [ -79.3382259, 43.618324 ], [ -79.3375285, 43.6188832 ], [ -79.337098, 43.6191425 ], [ -79.3365113, 43.6193196 ], [ -79.3362048, 43.6193968 ], [ -79.3360546, 43.6194279 ], [ -79.3359339, 43.619423 ], [ -79.3357247, 43.6194279 ], [ -79.3354189, 43.6194085 ], [ -79.3351306, 43.6193357 ], [ -79.3349858, 43.6193629 ], [ -79.3348517, 43.6194396 ], [ -79.3348034, 43.6196764 ], [ -79.3345606, 43.6198677 ], [ -79.3339008, 43.6201357 ], [ -79.333072, 43.6202871 ], [ -79.3326992, 43.6203454 ], [ -79.3324068, 43.6204211 ], [ -79.3318784, 43.6203997 ], [ -79.3306553, 43.6203279 ], [ -79.3301162, 43.6202366 ], [ -79.3295208, 43.6200929 ], [ -79.3282521, 43.6196328 ], [ -79.3279637, 43.6194502 ], [ -79.3277156, 43.6189075 ], [ -79.3274809, 43.6187959 ], [ -79.3271926, 43.6188463 ], [ -79.3269646, 43.6190318 ], [ -79.3267085, 43.6195658 ], [ -79.3266937, 43.6197192 ], [ -79.3267903, 43.6201027 ], [ -79.3268399, 43.6202143 ], [ -79.3269767, 43.6203308 ], [ -79.3273763, 43.6205143 ], [ -79.3286571, 43.6213221 ], [ -79.3286973, 43.6214784 ], [ -79.3286464, 43.6216764 ], [ -79.3283795, 43.6217774 ], [ -79.3276995, 43.6219211 ], [ -79.3274313, 43.6219075 ], [ -79.3265744, 43.6220667 ], [ -79.3260339, 43.6220842 ], [ -79.3257348, 43.6220502 ], [ -79.32548, 43.6219842 ], [ -79.3248296, 43.6215871 ], [ -79.3247786, 43.6213929 ], [ -79.3248081, 43.6212191 ], [ -79.3248846, 43.6209628 ], [ -79.3250227, 43.6207182 ], [ -79.3251582, 43.620491 ], [ -79.3251501, 43.6203968 ], [ -79.3251233, 43.620326 ], [ -79.3251233, 43.6202861 ], [ -79.3251756, 43.6202308 ], [ -79.325083, 43.619857 ], [ -79.3250267, 43.6196143 ], [ -79.3250562, 43.619426 ], [ -79.325299, 43.619058 ], [ -79.3254451, 43.6188929 ], [ -79.325645, 43.6185162 ], [ -79.3258475, 43.6183725 ], [ -79.3262994, 43.6181211 ], [ -79.326573, 43.6180803 ], [ -79.3268064, 43.6180463 ], [ -79.3269391, 43.6180182 ], [ -79.3270317, 43.6179813 ], [ -79.3272355, 43.6178162 ], [ -79.3272664, 43.6177531 ], [ -79.3272932, 43.6176434 ], [ -79.3272275, 43.6175288 ], [ -79.3270706, 43.6174696 ], [ -79.3268104, 43.6174686 ], [ -79.3266454, 43.6174929 ], [ -79.3264429, 43.6175356 ], [ -79.326176, 43.6176308 ], [ -79.3258971, 43.6177075 ], [ -79.3257603, 43.617756 ], [ -79.3255712, 43.6177871 ], [ -79.3254465, 43.6177852 ], [ -79.3253151, 43.617791 ], [ -79.3251514, 43.6177677 ], [ -79.3249878, 43.6177337 ], [ -79.3247639, 43.6176483 ], [ -79.3246056, 43.6175861 ], [ -79.3245265, 43.6175385 ], [ -79.3244326, 43.6174249 ], [ -79.324324, 43.6173686 ], [ -79.3241899, 43.6173123 ], [ -79.3240611, 43.6172706 ], [ -79.3239418, 43.6172453 ], [ -79.3237849, 43.6172434 ], [ -79.3236507, 43.6172919 ], [ -79.3235381, 43.6173356 ], [ -79.3234938, 43.6174172 ], [ -79.3234965, 43.6174832 ], [ -79.3234871, 43.6175677 ], [ -79.3234952, 43.6176279 ], [ -79.3235314, 43.6177075 ], [ -79.3236132, 43.6177881 ], [ -79.3237138, 43.6178531 ], [ -79.3239069, 43.6179512 ], [ -79.3241094, 43.6181289 ], [ -79.3242247, 43.618356 ], [ -79.324261, 43.6188677 ], [ -79.3240598, 43.6208483 ], [ -79.3238452, 43.621657 ], [ -79.3237098, 43.6218881 ], [ -79.3233691, 43.6221405 ], [ -79.3231814, 43.6222201 ], [ -79.3229373, 43.6222832 ], [ -79.3225604, 43.6222609 ], [ -79.3222171, 43.6222579 ], [ -79.3219489, 43.6222511 ], [ -79.3218175, 43.6222764 ], [ -79.3217906, 43.6223783 ], [ -79.3217799, 43.6224764 ], [ -79.3218268, 43.6225647 ], [ -79.3219019, 43.6226065 ], [ -79.3221313, 43.6226113 ], [ -79.3223727, 43.6226395 ], [ -79.3227401, 43.6227667 ], [ -79.3229239, 43.6228764 ], [ -79.3231224, 43.6230734 ], [ -79.3231626, 43.6233938 ], [ -79.3231384, 43.6239889 ], [ -79.323011, 43.6246704 ], [ -79.3229467, 43.6249296 ], [ -79.3228635, 43.6251529 ], [ -79.3228152, 43.6253208 ], [ -79.3227616, 43.6253975 ], [ -79.3226248, 43.6255558 ], [ -79.322547, 43.6256179 ], [ -79.322421, 43.6256577 ], [ -79.3222372, 43.6256839 ], [ -79.3218336, 43.6257344 ], [ -79.3217075, 43.6257354 ], [ -79.3215063, 43.6257752 ], [ -79.3214446, 43.6258305 ], [ -79.3214232, 43.6258907 ], [ -79.32145, 43.6259839 ], [ -79.3215747, 43.6260664 ], [ -79.3216646, 43.6260771 ], [ -79.3221071, 43.626112 ], [ -79.3224558, 43.6262091 ], [ -79.3225658, 43.6262926 ], [ -79.3226731, 43.6264828 ], [ -79.3226945, 43.6266906 ], [ -79.3226677, 43.6270342 ], [ -79.3224692, 43.6282613 ], [ -79.322378, 43.6287233 ], [ -79.3222788, 43.6289582 ], [ -79.3221152, 43.6291213 ], [ -79.3218228, 43.6291854 ], [ -79.3212971, 43.6292126 ], [ -79.3212193, 43.62923 ], [ -79.3211362, 43.6292902 ], [ -79.3210879, 43.6293446 ], [ -79.3210906, 43.6294242 ], [ -79.3212032, 43.6294785 ], [ -79.3214473, 43.6295018 ], [ -79.3217799, 43.6295465 ], [ -79.3220106, 43.629628 ], [ -79.322201, 43.6297018 ], [ -79.322311, 43.629861 ], [ -79.32237, 43.630094 ], [ -79.3223593, 43.6303891 ], [ -79.3222654, 43.6308472 ], [ -79.3221125, 43.6318335 ], [ -79.3219918, 43.6324624 ], [ -79.3218899, 43.6327498 ], [ -79.3217075, 43.6328488 ], [ -79.3215358, 43.6329361 ], [ -79.3212006, 43.6330177 ], [ -79.3210316, 43.6330623 ], [ -79.320935, 43.6331497 ], [ -79.3208465, 43.6332079 ], [ -79.320935, 43.6333496 ], [ -79.3211657, 43.633468 ], [ -79.3219838, 43.633767 ], [ -79.3225202, 43.6339806 ], [ -79.3229279, 43.6342504 ], [ -79.3231103, 43.6344659 ], [ -79.3231586, 43.6346794 ], [ -79.3231398, 43.6349162 ], [ -79.3230647, 43.6352637 ], [ -79.3228313, 43.6358461 ], [ -79.322608, 43.6365275 ], [ -79.3225108, 43.6368861 ], [ -79.322431, 43.6370462 ], [ -79.3223438, 43.6371569 ], [ -79.3222218, 43.6373403 ], [ -79.3221004, 43.6374427 ], [ -79.3219361, 43.6375645 ], [ -79.3218242, 43.6376281 ], [ -79.3217068, 43.6376902 ], [ -79.3216424, 43.637713 ], [ -79.3216042, 43.6377679 ], [ -79.321574, 43.6378805 ], [ -79.3215546, 43.6379979 ], [ -79.3215975, 43.6381134 ], [ -79.3217075, 43.6382435 ], [ -79.3217926, 43.6383701 ], [ -79.3219033, 43.638488 ], [ -79.3219683, 43.6386152 ], [ -79.3220501, 43.6387515 ], [ -79.3220615, 43.6389131 ], [ -79.3220019, 43.6390165 ], [ -79.3218892, 43.63928 ], [ -79.3218295, 43.6394605 ], [ -79.3217826, 43.6396843 ], [ -79.3217316, 43.6398206 ], [ -79.3216458, 43.6399788 ], [ -79.3215191, 43.6403462 ], [ -79.3214413, 43.6405223 ], [ -79.3213749, 43.6406766 ], [ -79.3213286, 43.6407363 ], [ -79.3212944, 43.6408751 ], [ -79.3212026, 43.6411012 ], [ -79.3211429, 43.6412109 ], [ -79.3210778, 43.6413109 ], [ -79.3209712, 43.6414254 ], [ -79.3208606, 43.6415059 ], [ -79.3207553, 43.6415996 ], [ -79.3206722, 43.641701 ], [ -79.3206393, 43.6417767 ], [ -79.3206373, 43.6418607 ], [ -79.3206353, 43.6419407 ], [ -79.3206755, 43.6420184 ], [ -79.320764, 43.6420752 ], [ -79.3210389, 43.6422125 ], [ -79.3211516, 43.6422945 ], [ -79.321271, 43.6423911 ], [ -79.3212971, 43.6424876 ], [ -79.3212971, 43.6426856 ], [ -79.3212515, 43.6428516 ], [ -79.3210121, 43.6436639 ], [ -79.3209115, 43.6439943 ], [ -79.3208405, 43.6442025 ], [ -79.3207526, 43.6443762 ], [ -79.3206608, 43.6446135 ], [ -79.3205414, 43.6449148 ], [ -79.3205059, 43.6450769 ], [ -79.3204468, 43.6452312 ], [ -79.3203402, 43.6455422 ], [ -79.3202303, 43.6456587 ], [ -79.3201223, 43.6456824 ], [ -79.3199989, 43.6457499 ], [ -79.3198809, 43.6458649 ], [ -79.3198514, 43.6459246 ], [ -79.3198105, 43.6460391 ], [ -79.3197736, 43.6461051 ], [ -79.319775, 43.6461356 ], [ -79.3197864, 43.6461643 ], [ -79.3198568, 43.646254 ], [ -79.3199513, 43.6464331 ], [ -79.3200224, 43.6465738 ], [ -79.3200479, 43.6467295 ], [ -79.320066, 43.6469639 ], [ -79.3200304, 43.647372 ], [ -79.3199828, 43.6476262 ], [ -79.3199835, 43.6477548 ], [ -79.3199641, 43.6478484 ], [ -79.3199426, 43.6479581 ], [ -79.3199922, 43.6480828 ], [ -79.3199895, 43.6481881 ], [ -79.3200036, 43.6482293 ], [ -79.3200365, 43.6482507 ], [ -79.3200948, 43.6482754 ], [ -79.3201498, 43.6483108 ], [ -79.3202155, 43.6484157 ], [ -79.3201766, 43.6487868 ], [ -79.3201786, 43.6488853 ], [ -79.3201424, 43.6489421 ], [ -79.320121, 43.6490605 ], [ -79.3201022, 43.6493875 ], [ -79.3200579, 43.6495049 ], [ -79.3198796, 43.6500726 ], [ -79.3198219, 43.6503249 ], [ -79.319732, 43.6506995 ], [ -79.3196261, 43.6511255 ], [ -79.3194585, 43.6515971 ], [ -79.3191889, 43.6521172 ], [ -79.3189622, 43.6524665 ], [ -79.3187141, 43.6529148 ], [ -79.318407, 43.6534582 ], [ -79.3182394, 43.6538686 ], [ -79.3180101, 43.6543227 ], [ -79.3177003, 43.654707 ], [ -79.3175098, 43.6549136 ], [ -79.3169774, 43.6553697 ], [ -79.3169338, 43.6554522 ], [ -79.3168272, 43.6555662 ], [ -79.3166006, 43.65572 ], [ -79.3163672, 43.6559009 ], [ -79.3162318, 43.6559509 ], [ -79.3161131, 43.6560246 ], [ -79.3160427, 43.6560431 ], [ -79.3160044, 43.656093 ], [ -79.3159843, 43.6562007 ], [ -79.31604, 43.6563744 ], [ -79.3161238, 43.656486 ], [ -79.3162023, 43.6566374 ], [ -79.3162794, 43.6567892 ], [ -79.3163739, 43.65691 ], [ -79.3164638, 43.6569876 ], [ -79.3165543, 43.6571021 ], [ -79.3166649, 43.6572486 ], [ -79.3167213, 43.65727 ], [ -79.3167508, 43.6572976 ], [ -79.3160909, 43.6576343 ], [ -79.3157215, 43.6575843 ], [ -79.3152883, 43.6575271 ], [ -79.3152809, 43.6575062 ], [ -79.3152259, 43.6574834 ], [ -79.3152045, 43.6574611 ], [ -79.3151166, 43.6574276 ], [ -79.3150435, 43.6574276 ], [ -79.3149074, 43.6573937 ], [ -79.3147512, 43.6573733 ], [ -79.3144286, 43.6574053 ], [ -79.3139532, 43.6575072 ], [ -79.3137158, 43.6575737 ], [ -79.3131358, 43.65792 ], [ -79.3131405, 43.6580738 ], [ -79.3135066, 43.6583537 ], [ -79.3137024, 43.658493 ], [ -79.313911, 43.6586186 ], [ -79.3141182, 43.658752 ], [ -79.3143381, 43.6589063 ], [ -79.3145379, 43.658998 ], [ -79.3147733, 43.6591023 ], [ -79.315071, 43.6592512 ], [ -79.3151817, 43.6593191 ], [ -79.3153406, 43.659422 ], [ -79.3156135, 43.6595855 ], [ -79.3158093, 43.6597329 ], [ -79.316046, 43.6598862 ], [ -79.3162579, 43.6600711 ], [ -79.3170737, 43.6607929 ], [ -79.317591, 43.6608249 ], [ -79.3176718, 43.6608271 ], [ -79.3180483, 43.6608814 ], [ -79.3180563, 43.6608907 ], [ -79.3180488, 43.6609147 ], [ -79.3179871, 43.6609312 ], [ -79.3178835, 43.6609091 ], [ -79.3178699, 43.6609075 ], [ -79.3178682, 43.6609144 ], [ -79.3179266, 43.6610655 ], [ -79.3178763, 43.6610767 ], [ -79.317827, 43.6610316 ], [ -79.3178089, 43.6610267 ], [ -79.3178069, 43.6610088 ], [ -79.3177834, 43.6609452 ], [ -79.317599, 43.6608885 ], [ -79.3172671, 43.6609137 ], [ -79.3170773, 43.6609486 ], [ -79.3171109, 43.6614759 ], [ -79.3151602, 43.6619113 ], [ -79.3148243, 43.6619862 ], [ -79.3147968, 43.6619848 ], [ -79.314727, 43.6618664 ], [ -79.3146365, 43.6617815 ], [ -79.3145393, 43.6617587 ], [ -79.3144682, 43.6617592 ], [ -79.3144152, 43.6617811 ], [ -79.314367, 43.6617612 ], [ -79.3143542, 43.6616215 ], [ -79.3142597, 43.661604 ], [ -79.3141993, 43.6616147 ], [ -79.3139371, 43.6615802 ], [ -79.3136716, 43.6616001 ], [ -79.3135194, 43.66162 ], [ -79.3133564, 43.6616501 ], [ -79.3132813, 43.6615138 ], [ -79.3133149, 43.6614148 ], [ -79.3134027, 43.661326 ], [ -79.3135522, 43.6612911 ], [ -79.3136635, 43.6612833 ], [ -79.313744, 43.6612906 ], [ -79.3139358, 43.6611393 ], [ -79.314027, 43.6611984 ], [ -79.3140786, 43.6611645 ], [ -79.3139861, 43.6610849 ], [ -79.3140297, 43.6610524 ], [ -79.3141396, 43.6611368 ], [ -79.3144139, 43.6609501 ], [ -79.314371, 43.6608652 ], [ -79.3141631, 43.660691 ], [ -79.3139827, 43.6605358 ], [ -79.3139137, 43.660562 ], [ -79.313864, 43.6605266 ], [ -79.3139391, 43.6604737 ], [ -79.3139076, 43.6604281 ], [ -79.313805, 43.6603262 ], [ -79.3136005, 43.6601977 ], [ -79.3132605, 43.6599163 ], [ -79.3129447, 43.6596626 ], [ -79.3128052, 43.6595927 ], [ -79.3126128, 43.6594176 ], [ -79.3125129, 43.6594826 ], [ -79.3124284, 43.6594259 ], [ -79.3126517, 43.6592832 ], [ -79.312474, 43.6591406 ], [ -79.312244, 43.6592929 ], [ -79.3121595, 43.6592231 ], [ -79.3123902, 43.6590746 ], [ -79.3122145, 43.6589335 ], [ -79.3119972, 43.6590722 ], [ -79.3119121, 43.6590111 ], [ -79.312124, 43.6588685 ], [ -79.3120478, 43.6588013 ], [ -79.3119798, 43.65881 ], [ -79.3119416, 43.6587916 ], [ -79.3120401, 43.6587518 ], [ -79.3119208, 43.6585585 ], [ -79.3118064, 43.6585721 ], [ -79.3117726, 43.6584641 ], [ -79.3117163, 43.658378 ], [ -79.3116995, 43.6583416 ], [ -79.3117444, 43.6582111 ], [ -79.31178, 43.6581148 ], [ -79.311843, 43.6579598 ], [ -79.3117934, 43.657817 ], [ -79.3116992, 43.6577794 ], [ -79.3116713, 43.6577789 ], [ -79.3117377, 43.6575353 ], [ -79.3118765, 43.6575601 ], [ -79.3119624, 43.6575285 ], [ -79.3121213, 43.6574014 ], [ -79.3122447, 43.6572355 ], [ -79.3123882, 43.657187 ], [ -79.3125209, 43.6571269 ], [ -79.3126222, 43.6570847 ], [ -79.3126436, 43.6569799 ], [ -79.3125672, 43.6568537 ], [ -79.3124425, 43.6567771 ], [ -79.3122943, 43.6567334 ], [ -79.3121729, 43.6567538 ], [ -79.3120623, 43.6568154 ], [ -79.3119543, 43.6568877 ], [ -79.3118108, 43.6569187 ], [ -79.3116391, 43.6569226 ], [ -79.3114487, 43.6568959 ], [ -79.3112603, 43.6568794 ], [ -79.3110853, 43.6568426 ], [ -79.3109552, 43.6567727 ], [ -79.310864, 43.6566815 ], [ -79.310752, 43.6566165 ], [ -79.3105643, 43.6565971 ], [ -79.3104174, 43.6566849 ], [ -79.3103336, 43.6567931 ], [ -79.3102685, 43.6568693 ], [ -79.3102276, 43.6569328 ], [ -79.3102504, 43.6569474 ], [ -79.3111476, 43.6572001 ], [ -79.3111832, 43.6572215 ], [ -79.3112033, 43.6572588 ], [ -79.3111765, 43.657318 ], [ -79.3110933, 43.6575247 ], [ -79.310923, 43.6579356 ], [ -79.3105676, 43.6582548 ], [ -79.310408, 43.658362 ], [ -79.3103436, 43.6583974 ], [ -79.3101948, 43.6583232 ], [ -79.3099668, 43.6581607 ], [ -79.3097113, 43.6580908 ], [ -79.3095839, 43.6581 ], [ -79.3095423, 43.658167 ], [ -79.3095383, 43.6581874 ], [ -79.309602, 43.6582252 ], [ -79.3095598, 43.6582611 ], [ -79.3093841, 43.6582344 ], [ -79.3091896, 43.6581844 ], [ -79.3089972, 43.6581253 ], [ -79.308798, 43.658037 ], [ -79.3085881, 43.6579574 ], [ -79.3083756, 43.6578774 ], [ -79.308161, 43.6578177 ], [ -79.3079323, 43.6577774 ], [ -79.3076896, 43.6577449 ], [ -79.3075944, 43.6577187 ], [ -79.3074978, 43.6576702 ], [ -79.3074254, 43.6576202 ], [ -79.3073416, 43.6575611 ], [ -79.3072296, 43.657465 ], [ -79.3071585, 43.6574097 ], [ -79.3070767, 43.6573544 ], [ -79.3069285, 43.6572661 ], [ -79.3068782, 43.6572278 ], [ -79.3068581, 43.6571967 ], [ -79.3068373, 43.6571526 ], [ -79.3068246, 43.6570963 ], [ -79.3068246, 43.6570274 ], [ -79.3068346, 43.656974 ], [ -79.3068487, 43.6569401 ], [ -79.3068621, 43.6569139 ], [ -79.3068749, 43.6568964 ], [ -79.3069057, 43.6568945 ], [ -79.3069278, 43.6569066 ], [ -79.3069567, 43.6569066 ], [ -79.3069949, 43.656895 ], [ -79.3070606, 43.6569299 ], [ -79.307123, 43.656925 ], [ -79.3072316, 43.6569124 ], [ -79.3073523, 43.6568916 ], [ -79.3074824, 43.6568615 ], [ -79.3076018, 43.6568212 ], [ -79.3077204, 43.6567751 ], [ -79.3078787, 43.6566912 ], [ -79.3079437, 43.6566495 ], [ -79.308051, 43.6565719 ], [ -79.3080939, 43.6565321 ], [ -79.3081483, 43.6564821 ], [ -79.3081979, 43.6564239 ], [ -79.3082488, 43.6563565 ], [ -79.3082911, 43.6562876 ], [ -79.3083119, 43.6562507 ], [ -79.3083333, 43.6562129 ], [ -79.3083092, 43.6561682 ], [ -79.308385, 43.6560785 ], [ -79.3084567, 43.6560203 ], [ -79.3085365, 43.6559722 ], [ -79.3085861, 43.6559586 ], [ -79.3087149, 43.6559271 ], [ -79.3087678, 43.6559116 ], [ -79.3088758, 43.6559043 ], [ -79.309028, 43.6559024 ], [ -79.3090864, 43.6559048 ], [ -79.309248, 43.6559368 ], [ -79.3093023, 43.6559436 ], [ -79.3093412, 43.6559436 ], [ -79.3094143, 43.6559582 ], [ -79.3094069, 43.65598 ], [ -79.3095645, 43.6560411 ], [ -79.3096979, 43.6560819 ], [ -79.3098515, 43.6561149 ], [ -79.3099929, 43.6561333 ], [ -79.3101519, 43.656144 ], [ -79.3102417, 43.6560959 ], [ -79.3103161, 43.6560838 ], [ -79.3104462, 43.6560562 ], [ -79.3105696, 43.6560329 ], [ -79.3106326, 43.656013 ], [ -79.3107138, 43.6560076 ], [ -79.3107728, 43.6560173 ], [ -79.3108197, 43.6560314 ], [ -79.3108365, 43.6560649 ], [ -79.3108948, 43.6560518 ], [ -79.3110242, 43.6560052 ], [ -79.3110839, 43.6559834 ], [ -79.3111268, 43.6559572 ], [ -79.3111584, 43.6559252 ], [ -79.3111885, 43.6558878 ], [ -79.311214, 43.6558461 ], [ -79.3112301, 43.6558039 ], [ -79.3112489, 43.6557641 ], [ -79.3112496, 43.6557335 ], [ -79.3112496, 43.655668 ], [ -79.3112382, 43.6556346 ], [ -79.3112294, 43.6555705 ], [ -79.3112221, 43.6555133 ], [ -79.3112087, 43.655473 ], [ -79.311151, 43.6554017 ], [ -79.3111175, 43.65536 ], [ -79.311037, 43.6552921 ], [ -79.3109518, 43.6552513 ], [ -79.3108626, 43.6552188 ], [ -79.3107875, 43.6552013 ], [ -79.3107373, 43.6551921 ], [ -79.3107024, 43.6551737 ], [ -79.3106528, 43.6551649 ], [ -79.3105803, 43.6551591 ], [ -79.3105153, 43.6551543 ], [ -79.310465, 43.6551679 ], [ -79.3104114, 43.6551727 ], [ -79.3103664, 43.655179 ], [ -79.3103255, 43.6551965 ], [ -79.3102954, 43.6552513 ], [ -79.3102786, 43.6552901 ], [ -79.3102699, 43.6553532 ], [ -79.3102612, 43.6553886 ], [ -79.3102504, 43.6554036 ], [ -79.3102243, 43.6554201 ], [ -79.3100875, 43.655441 ], [ -79.3099621, 43.6554429 ], [ -79.3098662, 43.65544 ], [ -79.3097924, 43.6554318 ], [ -79.3097086, 43.6554099 ], [ -79.3096476, 43.6553833 ], [ -79.3095571, 43.6553178 ], [ -79.3095162, 43.6553008 ], [ -79.3094652, 43.6552862 ], [ -79.3094008, 43.655246 ], [ -79.3093512, 43.6552038 ], [ -79.3093318, 43.6551722 ], [ -79.309315, 43.6551383 ], [ -79.3092875, 43.6551092 ], [ -79.3092044, 43.6550073 ], [ -79.3090703, 43.6548423 ], [ -79.3089703, 43.6546856 ], [ -79.3089274, 43.6546133 ], [ -79.3088745, 43.6545449 ], [ -79.3088295, 43.6544901 ], [ -79.3087799, 43.6544358 ], [ -79.3087611, 43.6543984 ], [ -79.3087383, 43.6543218 ], [ -79.3087162, 43.6542558 ], [ -79.3086934, 43.6542204 ], [ -79.3086579, 43.6541815 ], [ -79.308625, 43.6541636 ], [ -79.3085559, 43.6541616 ], [ -79.3084902, 43.6541747 ], [ -79.3084426, 43.6542136 ], [ -79.308393, 43.6542606 ], [ -79.3083655, 43.6542989 ], [ -79.3083467, 43.6543586 ], [ -79.3083561, 43.654427 ], [ -79.3083964, 43.6545624 ], [ -79.3084131, 43.654656 ], [ -79.3084131, 43.6547535 ], [ -79.3083856, 43.6548215 ], [ -79.3084265, 43.6548802 ], [ -79.3084259, 43.6549229 ], [ -79.3084198, 43.6549743 ], [ -79.3083903, 43.6550393 ], [ -79.3083394, 43.6551703 ], [ -79.3083233, 43.6552615 ], [ -79.3082904, 43.6553352 ], [ -79.3082113, 43.6554614 ], [ -79.3081181, 43.6555919 ], [ -79.3080524, 43.6556661 ], [ -79.3080148, 43.6557292 ], [ -79.3079612, 43.6558359 ], [ -79.3078894, 43.6559485 ], [ -79.3078277, 43.656045 ], [ -79.3077727, 43.6561217 ], [ -79.3076923, 43.6561915 ], [ -79.3075803, 43.6562551 ], [ -79.3074884, 43.6562769 ], [ -79.3074334, 43.6563012 ], [ -79.3073718, 43.6563395 ], [ -79.3072792, 43.6564156 ], [ -79.3072041, 43.6564671 ], [ -79.3071183, 43.6565064 ], [ -79.3070164, 43.6565442 ], [ -79.3068876, 43.656584 ], [ -79.3066509, 43.656616 ], [ -79.3065336, 43.6566257 ], [ -79.3063713, 43.6566189 ], [ -79.3062747, 43.6565952 ], [ -79.3061762, 43.6565602 ], [ -79.3060689, 43.6565297 ], [ -79.305924, 43.6565107 ], [ -79.3058181, 43.6564899 ], [ -79.3056934, 43.6564768 ], [ -79.3055901, 43.6564598 ], [ -79.3054895, 43.6564535 ], [ -79.3053916, 43.6564404 ], [ -79.3053018, 43.6564549 ], [ -79.3051502, 43.656534 ], [ -79.3050704, 43.6565947 ], [ -79.3050288, 43.6566378 ], [ -79.3049893, 43.6567931 ], [ -79.3049893, 43.6568309 ], [ -79.304992, 43.6568916 ], [ -79.3050617, 43.6570065 ], [ -79.3051911, 43.6571589 ], [ -79.305336, 43.6573272 ], [ -79.3054882, 43.6574694 ], [ -79.3056491, 43.6576168 ], [ -79.305802, 43.6577667 ], [ -79.3058402, 43.6578056 ], [ -79.3059334, 43.6578837 ], [ -79.305971, 43.6579278 ], [ -79.3059971, 43.6580006 ], [ -79.3060253, 43.6581422 ], [ -79.3060286, 43.6582043 ], [ -79.3061158, 43.6583872 ], [ -79.3061205, 43.6584459 ], [ -79.3061185, 43.6585628 ], [ -79.3060823, 43.6586574 ], [ -79.3060005, 43.6587768 ], [ -79.3059126, 43.6589233 ], [ -79.3058409, 43.65903 ], [ -79.3057396, 43.6591702 ], [ -79.3056947, 43.6592396 ], [ -79.3056344, 43.6593051 ], [ -79.3056122, 43.6593381 ], [ -79.3055566, 43.6593613 ], [ -79.3054546, 43.6593783 ], [ -79.3053675, 43.6593851 ], [ -79.3053165, 43.6593832 ], [ -79.3052743, 43.6594006 ], [ -79.3052327, 43.6594996 ], [ -79.3051281, 43.659569 ], [ -79.3050811, 43.6595976 ], [ -79.3050114, 43.6597116 ], [ -79.3049692, 43.6598591 ], [ -79.3050174, 43.6599852 ], [ -79.3051328, 43.6601171 ], [ -79.3052857, 43.660221 ], [ -79.305466, 43.6603243 ], [ -79.3056739, 43.660383 ], [ -79.3058905, 43.6604063 ], [ -79.3060984, 43.6604058 ], [ -79.306272, 43.6603752 ], [ -79.3063807, 43.6604684 ], [ -79.3064108, 43.6605353 ], [ -79.3064202, 43.660595 ], [ -79.3064008, 43.6607192 ], [ -79.3063083, 43.660969 ], [ -79.3060843, 43.6614022 ], [ -79.3058704, 43.6618431 ], [ -79.305576, 43.6622608 ], [ -79.3053011, 43.6626494 ], [ -79.305006, 43.6630173 ], [ -79.3046309, 43.6633838 ], [ -79.3043968, 43.663516 ], [ -79.3043459, 43.663538 ], [ -79.3043251, 43.6636043 ], [ -79.3041937, 43.66375 ], [ -79.3040532, 43.6638669 ], [ -79.3039903, 43.6639358 ], [ -79.3042232, 43.6647973 ], [ -79.3044605, 43.6656527 ], [ -79.3048971, 43.6656576 ], [ -79.3049715, 43.6655484 ], [ -79.3052533, 43.6651332 ], [ -79.3054613, 43.6649232 ], [ -79.305687, 43.6647406 ], [ -79.3059696, 43.6645281 ], [ -79.3062248, 43.6643586 ], [ -79.3063106, 43.6643018 ], [ -79.3067907, 43.6641206 ], [ -79.3072443, 43.6639681 ], [ -79.3075166, 43.6639009 ], [ -79.3076319, 43.6638725 ], [ -79.3086582, 43.6636421 ], [ -79.3097522, 43.6633969 ], [ -79.3112962, 43.6630508 ], [ -79.3148672, 43.6622744 ], [ -79.3149305, 43.6622602 ], [ -79.3172295, 43.6617379 ], [ -79.3195342, 43.6612115 ], [ -79.3219549, 43.6606969 ], [ -79.3242395, 43.6601708 ], [ -79.3284365, 43.6592362 ], [ -79.3285967, 43.6595088 ], [ -79.3290581, 43.6605528 ], [ -79.3292968, 43.6611145 ], [ -79.3294778, 43.6615458 ], [ -79.3297357, 43.6621133 ], [ -79.3302255, 43.6632392 ], [ -79.3278799, 43.663807 ], [ -79.3273495, 43.6639106 ], [ -79.3273179, 43.6639198 ], [ -79.325987, 43.6642235 ], [ -79.325308, 43.6643976 ], [ -79.3260218, 43.6660963 ], [ -79.3266401, 43.6676005 ], [ -79.3274082, 43.6694504 ], [ -79.3277049, 43.6701801 ], [ -79.3280221, 43.6709225 ], [ -79.3281944, 43.6713333 ], [ -79.3287563, 43.6726938 ] ] ] } },
{ "type": "Feature", "properties": { "name": "Ward's Island", "overture_id": "6b68208a-f5dd-4bd7-9fdd-f6a573a79272", "division_id": "0becca50-714a-43fc-a341-d3c964f3e1df" }, "geometry": { "type": "Polygon", "coordinates": [ [ [ -79.3577421, 43.6271389 ], [ -79.3576887, 43.6271134 ], [ -79.3575571, 43.6270506 ], [ -79.3566268, 43.6266063 ], [ -79.356226, 43.6270494 ], [ -79.3559113, 43.6274465 ], [ -79.3555868, 43.627874 ], [ -79.355475, 43.6280295 ], [ -79.3553798, 43.6281774 ], [ -79.3551643, 43.6285349 ], [ -79.3551369, 43.6285804 ], [ -79.3548202, 43.6290258 ], [ -79.3547904, 43.6290815 ], [ -79.3546219, 43.6293648 ], [ -79.354423, 43.6298036 ], [ -79.3538056, 43.6298423 ], [ -79.3531357, 43.629899 ], [ -79.3526219, 43.6298933 ], [ -79.3521358, 43.629878 ], [ -79.3515951, 43.6298749 ], [ -79.350874, 43.6297908 ], [ -79.3503993, 43.629745 ], [ -79.3499271, 43.6296583 ], [ -79.3498374, 43.6296364 ], [ -79.3497436, 43.629612 ], [ -79.349687, 43.6301175 ], [ -79.3495534, 43.6309723 ], [ -79.3495255, 43.6309901 ], [ -79.3494405, 43.6310442 ], [ -79.3509163, 43.6323289 ], [ -79.3524308, 43.6336471 ], [ -79.3525082, 43.633712 ], [ -79.3528703, 43.6340263 ], [ -79.3529931, 43.6341328 ], [ -79.3530698, 43.6341993 ], [ -79.3531069, 43.6341786 ], [ -79.353128, 43.634162 ], [ -79.3534354, 43.6338717 ], [ -79.3536176, 43.6337616 ], [ -79.3537088, 43.6337235 ], [ -79.3537613, 43.6336727 ], [ -79.3540215, 43.6335559 ], [ -79.3540933, 43.6335851 ], [ -79.3541652, 43.6335775 ], [ -79.3542291, 43.633547 ], [ -79.3542685, 43.6335052 ], [ -79.3545336, 43.6334182 ], [ -79.3545955, 43.6333978 ], [ -79.3547018, 43.6333671 ], [ -79.3547984, 43.6333604 ], [ -79.3548984, 43.6333717 ], [ -79.3549451, 43.6333963 ], [ -79.354994, 43.6334086 ], [ -79.3550461, 43.6334101 ], [ -79.3550907, 43.6333901 ], [ -79.3551467, 43.6333529 ], [ -79.3552277, 43.6332671 ], [ -79.3552949, 43.6332701 ], [ -79.3553675, 43.6332779 ], [ -79.3554409, 43.6332924 ], [ -79.3555014, 43.6333363 ], [ -79.3555381, 43.6333835 ], [ -79.3555615, 43.6334432 ], [ -79.35555, 43.6334546 ], [ -79.3555094, 43.6334951 ], [ -79.3555036, 43.633529 ], [ -79.3555371, 43.6335644 ], [ -79.3555944, 43.6335826 ], [ -79.3556587, 43.6335708 ], [ -79.3557118, 43.6335239 ], [ -79.3560487, 43.633445 ], [ -79.356127, 43.6334612 ], [ -79.3562262, 43.6334531 ], [ -79.3564307, 43.6333532 ], [ -79.3567244, 43.6333165 ], [ -79.3568049, 43.6331761 ], [ -79.357005, 43.6329427 ], [ -79.3570156, 43.6327758 ], [ -79.357118, 43.6326049 ], [ -79.3571907, 43.6325516 ], [ -79.3572204, 43.6325012 ], [ -79.3571995, 43.6324541 ], [ -79.3571273, 43.6324184 ], [ -79.3570394, 43.632353 ], [ -79.3570476, 43.6322988 ], [ -79.3570598, 43.6321521 ], [ -79.3570989, 43.631822 ], [ -79.3571662, 43.6316704 ], [ -79.3572671, 43.6315558 ], [ -79.3573506, 43.6314921 ], [ -79.3574758, 43.6314308 ], [ -79.3575022, 43.6314135 ], [ -79.3576441, 43.6315545 ], [ -79.3578808, 43.6316081 ], [ -79.3579124, 43.631547 ], [ -79.3578875, 43.6315178 ], [ -79.357774, 43.6314618 ], [ -79.3577582, 43.6314367 ], [ -79.3577684, 43.6314159 ], [ -79.3577786, 43.6313952 ], [ -79.3578148, 43.631383 ], [ -79.3578793, 43.6313871 ], [ -79.3580593, 43.6314144 ], [ -79.3581077, 43.6314151 ], [ -79.3581273, 43.631412 ], [ -79.3581467, 43.6313652 ], [ -79.3581466, 43.6313538 ], [ -79.3581368, 43.6313425 ], [ -79.3577079, 43.6312464 ], [ -79.357704, 43.631256 ], [ -79.3575699, 43.6312289 ], [ -79.3575621, 43.6312263 ], [ -79.3572198, 43.6311441 ], [ -79.357215, 43.6308636 ], [ -79.3572083, 43.6304741 ], [ -79.3571152, 43.6303484 ], [ -79.356807, 43.6300825 ], [ -79.3564749, 43.6297434 ], [ -79.3563062, 43.6290134 ], [ -79.3566296, 43.6285936 ], [ -79.3566121, 43.6285167 ], [ -79.3566338, 43.6284539 ], [ -79.3567105, 43.6284096 ], [ -79.3567511, 43.6283598 ], [ -79.3568162, 43.6283358 ], [ -79.3568713, 43.6282657 ], [ -79.3568957, 43.6282106 ], [ -79.3568873, 43.628147 ], [ -79.3569362, 43.6280879 ], [ -79.3569361, 43.6280357 ], [ -79.3569879, 43.6279982 ], [ -79.3570446, 43.627979 ], [ -79.3570716, 43.6279416 ], [ -79.3570548, 43.6279021 ], [ -79.357148, 43.627808 ], [ -79.357227, 43.6277855 ], [ -79.3572764, 43.6277837 ], [ -79.3573172, 43.6277465 ], [ -79.3572143, 43.6276873 ], [ -79.3572494, 43.6276766 ], [ -79.3572613, 43.6276604 ], [ -79.3572811, 43.6276401 ], [ -79.3573052, 43.6276132 ], [ -79.3573647, 43.6275787 ], [ -79.3574177, 43.6275474 ], [ -79.3576062, 43.6273119 ], [ -79.3576257, 43.6272757 ], [ -79.3576384, 43.6272043 ], [ -79.3577421, 43.6271389 ] ] ] } },
{ "type": "Feature", "properties": { "name": "Broadview North", "overture_id": "abe58737-17eb-4afb-b6dd-a59070cd2737", "division_id": "b346d651-71e3-4858-aeb9-4d983f994654" }, "geometry": { "type": "Polygon", "coordinates": [ [ [ -79.3477692, 43.6866574 ], [ -79.3481058, 43.6875341 ], [ -79.3484712, 43.6884544 ], [ -79.3488159, 43.6894324 ], [ -79.3491689, 43.6904012 ], [ -79.3495518, 43.691368 ], [ -79.3499175, 43.6923364 ], [ -79.3502915, 43.693242 ], [ -79.3503642, 43.6933814 ], [ -79.3504571, 43.693623 ], [ -79.3510341, 43.695119 ], [ -79.3510561, 43.6952763 ], [ -79.3510509, 43.6953797 ], [ -79.3510091, 43.6954521 ], [ -79.3509379, 43.6955316 ], [ -79.350324, 43.6960474 ], [ -79.3495346, 43.6966991 ], [ -79.3494536, 43.6967708 ], [ -79.3493857, 43.6968388 ], [ -79.3493285, 43.696908 ], [ -79.3492985, 43.6969771 ], [ -79.3492772, 43.6970515 ], [ -79.3492668, 43.697204 ], [ -79.34975, 43.6980514 ], [ -79.3499773, 43.69843 ], [ -79.3505758, 43.6994241 ], [ -79.3506328, 43.6993155 ], [ -79.3508782, 43.6990783 ], [ -79.3514753, 43.6987182 ], [ -79.352714, 43.6986529 ], [ -79.3533073, 43.6983596 ], [ -79.3541987, 43.698368 ], [ -79.3546043, 43.6983133 ], [ -79.3548681, 43.698153 ], [ -79.3559219, 43.697161 ], [ -79.3561691, 43.6964386 ], [ -79.3567223, 43.6955443 ], [ -79.3572386, 43.6953178 ], [ -79.3577317, 43.6952828 ], [ -79.3589021, 43.6955901 ], [ -79.3598401, 43.6953927 ], [ -79.3607084, 43.6949336 ], [ -79.3618007, 43.6941739 ], [ -79.361866, 43.6938113 ], [ -79.361296, 43.6929177 ], [ -79.3607179, 43.6924621 ], [ -79.3601805, 43.6922144 ], [ -79.3599364, 43.6919248 ], [ -79.359877, 43.6917465 ], [ -79.3598997, 43.6914949 ], [ -79.3600651, 43.6912653 ], [ -79.3605851, 43.6904924 ], [ -79.3616695, 43.6888014 ], [ -79.3618635, 43.6886511 ], [ -79.3621826, 43.6885222 ], [ -79.3624808, 43.6883417 ], [ -79.3625691, 43.6882559 ], [ -79.3625936, 43.6881539 ], [ -79.3625949, 43.6878396 ], [ -79.3625536, 43.6875686 ], [ -79.3623917, 43.6872289 ], [ -79.3618341, 43.6862085 ], [ -79.3616603, 43.6856413 ], [ -79.3616627, 43.6855499 ], [ -79.3616846, 43.6850052 ], [ -79.3618231, 43.6847031 ], [ -79.3620415, 43.6844839 ], [ -79.362705, 43.6839121 ], [ -79.3631695, 43.6833552 ], [ -79.3636869, 43.6830732 ], [ -79.3646772, 43.6827465 ], [ -79.365154, 43.6824388 ], [ -79.3663716, 43.6815833 ], [ -79.3664038, 43.6813117 ], [ -79.3663073, 43.6809315 ], [ -79.3657494, 43.6803806 ], [ -79.3649984, 43.6798996 ], [ -79.3641879, 43.6792115 ], [ -79.3626963, 43.6795114 ], [ -79.362442, 43.6795617 ], [ -79.3623457, 43.6795802 ], [ -79.3622828, 43.6795923 ], [ -79.3616964, 43.6797086 ], [ -79.3623459, 43.6812715 ], [ -79.3623336, 43.6817043 ], [ -79.3620973, 43.6817432 ], [ -79.3620446, 43.6817519 ], [ -79.3619702, 43.6818854 ], [ -79.3617704, 43.6817443 ], [ -79.3614222, 43.6817061 ], [ -79.3612942, 43.681674 ], [ -79.36065, 43.6816988 ], [ -79.3606356, 43.6816993 ], [ -79.3603295, 43.6816598 ], [ -79.3575793, 43.6817115 ], [ -79.3574432, 43.6817157 ], [ -79.3573657, 43.6819706 ], [ -79.3572193, 43.6824519 ], [ -79.3551944, 43.6828441 ], [ -79.3528093, 43.6833033 ], [ -79.3494018, 43.6839625 ], [ -79.3487554, 43.6840887 ], [ -79.3485907, 43.6836957 ], [ -79.348233, 43.6828466 ], [ -79.3481266, 43.6825959 ], [ -79.3480411, 43.682397 ], [ -79.347514, 43.6824957 ], [ -79.3473834, 43.6825207 ], [ -79.3463548, 43.6827176 ], [ -79.3462768, 43.6827325 ], [ -79.3464509, 43.6831962 ], [ -79.3467861, 43.6840302 ], [ -79.3469457, 43.6844841 ], [ -79.3472046, 43.6851397 ], [ -79.3474393, 43.6857769 ], [ -79.3477692, 43.6866574 ] ] ] } },
{ "type": "Feature", "properties": { "name": "Playter Estates-Danforth", "overture_id": "fda80b08-2585-4571-8f87-99906a42b473", "division_id": "1759ec4e-abd3-4fac-b457-d0a56e3fc829" }, "geometry": { "type": "Polygon", "coordinates": [ [ [ -79.3519722, 43.6775572 ], [ -79.3507504, 43.6777958 ], [ -79.3461163, 43.6787022 ], [ -79.3448428, 43.678952 ], [ -79.3450259, 43.6793775 ], [ -79.3451557, 43.6796794 ], [ -79.3460747, 43.6821841 ], [ -79.346127, 43.6823495 ], [ -79.3462768, 43.6827325 ], [ -79.3463548, 43.6827176 ], [ -79.3473834, 43.6825207 ], [ -79.347514, 43.6824957 ], [ -79.3480411, 43.682397 ], [ -79.3481266, 43.6825959 ], [ -79.348233, 43.6828466 ], [ -79.3485907, 43.6836957 ], [ -79.3487554, 43.6840887 ], [ -79.3494018, 43.6839625 ], [ -79.3528093, 43.6833033 ], [ -79.3551944, 43.6828441 ], [ -79.3572193, 43.6824519 ], [ -79.3573657, 43.6819706 ], [ -79.3574432, 43.6817157 ], [ -79.3575793, 43.6817115 ], [ -79.3603295, 43.6816598 ], [ -79.3606356, 43.6816993 ], [ -79.36065, 43.6816988 ], [ -79.3612942, 43.681674 ], [ -79.3614222, 43.6817061 ], [ -79.3617704, 43.6817443 ], [ -79.3619702, 43.6818854 ], [ -79.3620446, 43.6817519 ], [ -79.3620973, 43.6817432 ], [ -79.3623336, 43.6817043 ], [ -79.3623459, 43.6812715 ], [ -79.3616964, 43.6797086 ], [ -79.3622828, 43.6795923 ], [ -79.3623457, 43.6795802 ], [ -79.362442, 43.6795617 ], [ -79.3626963, 43.6795114 ], [ -79.3641879, 43.6792115 ], [ -79.3636572, 43.6787822 ], [ -79.3635285, 43.6781072 ], [ -79.3636143, 43.6778278 ], [ -79.3648696, 43.6770131 ], [ -79.3648911, 43.6768113 ], [ -79.3643546, 43.6762061 ], [ -79.3634427, 43.6753991 ], [ -79.3631852, 43.6753758 ], [ -79.3620694, 43.675595 ], [ -79.361724, 43.6756532 ], [ -79.3614907, 43.6756891 ], [ -79.3604486, 43.6759044 ], [ -79.3588728, 43.6762017 ], [ -79.3563717, 43.6766872 ], [ -79.3540576, 43.6771445 ], [ -79.3532597, 43.6773031 ], [ -79.3527903, 43.6773894 ], [ -79.3519722, 43.6775572 ] ] ] } },
{ "type": "Feature", "properties": { "name": "North Riverdale", "overture_id": "f1617259-85d9-47df-9e67-07bf73675213", "division_id": "80f627ea-52ca-4420-8667-dbb2220f9c4a" }, "geometry": { "type": "Polygon", "coordinates": [ [ [ -79.3414573, 43.6686453 ], [ -79.3411448, 43.6689305 ], [ -79.3408792, 43.6691657 ], [ -79.3408216, 43.6692118 ], [ -79.3410187, 43.6697356 ], [ -79.3411133, 43.6699524 ], [ -79.3412708, 43.67029 ], [ -79.341694, 43.6712693 ], [ -79.3420494, 43.6721219 ], [ -79.3423927, 43.6729688 ], [ -79.3426931, 43.6736769 ], [ -79.3429935, 43.674398 ], [ -79.3433087, 43.6751498 ], [ -79.3436104, 43.6758773 ], [ -79.3439095, 43.6766367 ], [ -79.3442313, 43.6774137 ], [ -79.3445183, 43.6781431 ], [ -79.3448428, 43.678952 ], [ -79.3461163, 43.6787022 ], [ -79.3507504, 43.6777958 ], [ -79.3519722, 43.6775572 ], [ -79.3527903, 43.6773894 ], [ -79.3532597, 43.6773031 ], [ -79.3540576, 43.6771445 ], [ -79.3563717, 43.6766872 ], [ -79.3588728, 43.6762017 ], [ -79.3604486, 43.6759044 ], [ -79.3614907, 43.6756891 ], [ -79.361724, 43.6756532 ], [ -79.3620694, 43.675595 ], [ -79.3631852, 43.6753758 ], [ -79.362917, 43.6751352 ], [ -79.3628419, 43.6744601 ], [ -79.3630457, 43.6737074 ], [ -79.3630135, 43.6734513 ], [ -79.3626702, 43.6731797 ], [ -79.3622625, 43.6730013 ], [ -79.3610072, 43.6724037 ], [ -79.360224, 43.6718062 ], [ -79.3599665, 43.6710922 ], [ -79.3598271, 43.6707663 ], [ -79.3596125, 43.6704947 ], [ -79.3593335, 43.670161 ], [ -79.3585074, 43.6695091 ], [ -79.3578851, 43.6691832 ], [ -79.3573058, 43.6684149 ], [ -79.3572843, 43.6680812 ], [ -79.357177, 43.6675767 ], [ -79.3562636, 43.6645418 ], [ -79.355964, 43.6646018 ], [ -79.3557749, 43.6646445 ], [ -79.3551533, 43.6648211 ], [ -79.3539912, 43.6651441 ], [ -79.3533086, 43.6653343 ], [ -79.3527742, 43.6654817 ], [ -79.3526236, 43.6654863 ], [ -79.3524701, 43.6654868 ], [ -79.3521405, 43.6655591 ], [ -79.348541, 43.6663573 ], [ -79.3470344, 43.666679 ], [ -79.3451954, 43.667095 ], [ -79.3437735, 43.6674151 ], [ -79.3427789, 43.6676362 ], [ -79.3423099, 43.667754 ], [ -79.3421017, 43.6679875 ], [ -79.3419146, 43.6681903 ], [ -79.3417221, 43.6683867 ], [ -79.3414573, 43.6686453 ] ] ] } },
{ "type": "Feature", "properties": { "name": "East Chinatown", "overture_id": "6ed5b18c-3962-4191-a895-029c287f253b", "division_id": "ef5c2e21-de5d-439e-a621-924703bb93aa" }, "geometry": { "type": "Polygon", "coordinates": [ [ [ -79.3529694, 43.6654468 ], [ -79.3532213, 43.6653833 ], [ -79.353509, 43.6653018 ], [ -79.353504, 43.66529 ], [ -79.3534798, 43.6652369 ], [ -79.3533043, 43.6648518 ], [ -79.3528879, 43.6649426 ], [ -79.3528958, 43.6650131 ], [ -79.3524932, 43.6650991 ], [ -79.3524684, 43.665105 ], [ -79.3524343, 43.6650271 ], [ -79.3524154, 43.6650312 ], [ -79.3492449, 43.6657244 ], [ -79.3491028, 43.6653662 ], [ -79.3481748, 43.665511 ], [ -79.3481085, 43.6655258 ], [ -79.3477016, 43.6656162 ], [ -79.3478984, 43.6660686 ], [ -79.3476778, 43.6661222 ], [ -79.3475487, 43.6661252 ], [ -79.3467027, 43.6662952 ], [ -79.3462705, 43.6663806 ], [ -79.3449973, 43.6666793 ], [ -79.3448261, 43.6662551 ], [ -79.3447033, 43.6662825 ], [ -79.3441321, 43.6664102 ], [ -79.3439154, 43.6664586 ], [ -79.3436972, 43.6665147 ], [ -79.3434398, 43.6667415 ], [ -79.3431752, 43.6670935 ], [ -79.3429672, 43.6673423 ], [ -79.3429317, 43.6673836 ], [ -79.3428062, 43.6674167 ], [ -79.3427092, 43.6675561 ], [ -79.3427371, 43.6676239 ], [ -79.3430883, 43.668433 ], [ -79.3431881, 43.6684105 ], [ -79.3455052, 43.6678774 ], [ -79.3453461, 43.6674991 ], [ -79.3472055, 43.6671051 ], [ -79.3473234, 43.6673857 ], [ -79.3473421, 43.6674304 ], [ -79.347473, 43.6673723 ], [ -79.3478482, 43.6672694 ], [ -79.3528152, 43.6661923 ], [ -79.3528938, 43.6661753 ], [ -79.3529085, 43.6661722 ], [ -79.3527725, 43.6658453 ], [ -79.3526602, 43.6655673 ], [ -79.3526321, 43.6654978 ], [ -79.352625, 43.6654804 ], [ -79.3526447, 43.6654817 ], [ -79.3527095, 43.6654876 ], [ -79.3527527, 43.6654882 ], [ -79.3527723, 43.6654885 ], [ -79.3529694, 43.6654468 ] ] ] } },
{ "type": "Feature", "properties": { "name": "Banbury-Don Mills", "overture_id": "cb470b0f-f874-44ed-85d8-ad493a898bc1", "division_id": "d1699b22-6496-4cbb-84c2-312e66aa2fd0" }, "geometry": { "type": "Polygon", "coordinates": [ [ [ -79.3255854, 43.7243398 ], [ -79.3236521, 43.7248308 ], [ -79.322653, 43.7251114 ], [ -79.3223405, 43.7251908 ], [ -79.3223391, 43.7253401 ], [ -79.3225041, 43.7256022 ], [ -79.3227603, 43.7258193 ], [ -79.323003, 43.7260655 ], [ -79.3231948, 43.726331 ], [ -79.3232417, 43.7266237 ], [ -79.3232082, 43.7269465 ], [ -79.3230486, 43.7272052 ], [ -79.3226717, 43.7273341 ], [ -79.3222667, 43.7274281 ], [ -79.3219019, 43.7275463 ], [ -79.3214929, 43.7276975 ], [ -79.3211254, 43.7278129 ], [ -79.3207526, 43.7278981 ], [ -79.3204187, 43.7280251 ], [ -79.3202618, 43.7282596 ], [ -79.3199708, 43.7284593 ], [ -79.3196985, 43.7286657 ], [ -79.319315, 43.7288362 ], [ -79.318867, 43.7289176 ], [ -79.3186672, 43.7290717 ], [ -79.3189086, 43.7292636 ], [ -79.3192922, 43.7294119 ], [ -79.319787, 43.7294458 ], [ -79.3202296, 43.7295369 ], [ -79.320416, 43.7298257 ], [ -79.3203087, 43.7301843 ], [ -79.3200593, 43.7305147 ], [ -79.3197615, 43.7307919 ], [ -79.319614, 43.7311 ], [ -79.3197227, 43.7313878 ], [ -79.3201196, 43.731509 ], [ -79.3204965, 43.731351 ], [ -79.3207687, 43.7311146 ], [ -79.3211415, 43.7309469 ], [ -79.3214741, 43.7307211 ], [ -79.3217544, 43.7304604 ], [ -79.3220454, 43.7301823 ], [ -79.3223391, 43.729909 ], [ -79.3226597, 43.7296706 ], [ -79.3230137, 43.72947 ], [ -79.3234161, 43.7293799 ], [ -79.3238626, 43.7293789 ], [ -79.3242824, 43.7294284 ], [ -79.3247022, 43.7294623 ], [ -79.3251179, 43.7294487 ], [ -79.3251957, 43.72966 ], [ -79.3250133, 43.7299274 ], [ -79.3248698, 43.7302385 ], [ -79.3247907, 43.7305661 ], [ -79.3246405, 43.7309198 ], [ -79.3247116, 43.7313627 ], [ -79.3247531, 43.7315487 ], [ -79.3248202, 43.7316931 ], [ -79.3253486, 43.7319383 ], [ -79.3257388, 43.7320032 ], [ -79.3260701, 43.7320924 ], [ -79.3265475, 43.7325701 ], [ -79.3268305, 43.7327765 ], [ -79.3271202, 43.7329442 ], [ -79.3274313, 43.7329286 ], [ -79.3276566, 43.7330759 ], [ -79.3276888, 43.7333696 ], [ -79.3277304, 43.7336593 ], [ -79.3279262, 43.7339277 ], [ -79.3281984, 43.7341409 ], [ -79.3285149, 43.734231 ], [ -79.328814, 43.734138 ], [ -79.3290742, 43.7339771 ], [ -79.3294001, 43.7339335 ], [ -79.3297461, 43.7340159 ], [ -79.3300612, 43.7341467 ], [ -79.3303831, 43.7343192 ], [ -79.3306848, 43.7345072 ], [ -79.3309759, 43.7347155 ], [ -79.3311127, 43.7349762 ], [ -79.3311918, 43.7352591 ], [ -79.3311247, 43.7355043 ], [ -79.330996, 43.7357146 ], [ -79.3306822, 43.7361467 ], [ -79.330662, 43.7361865 ], [ -79.330658, 43.7362436 ], [ -79.3306781, 43.7362863 ], [ -79.3308042, 43.7364103 ], [ -79.3310255, 43.7365867 ], [ -79.3313004, 43.736734 ], [ -79.3314761, 43.736856 ], [ -79.3315177, 43.7369035 ], [ -79.3315485, 43.736951 ], [ -79.3315579, 43.7370944 ], [ -79.3315284, 43.7371564 ], [ -79.3314278, 43.7372872 ], [ -79.3312374, 43.7374549 ], [ -79.3310818, 43.7376303 ], [ -79.330878, 43.7378047 ], [ -79.3304233, 43.7381903 ], [ -79.330245, 43.7383899 ], [ -79.3301377, 43.7386302 ], [ -79.3301149, 43.7388715 ], [ -79.3301538, 43.739135 ], [ -79.3302771, 43.7393802 ], [ -79.3304394, 43.7396389 ], [ -79.3305574, 43.739791 ], [ -79.3306486, 43.7398995 ], [ -79.3307264, 43.7400003 ], [ -79.3307854, 43.7401418 ], [ -79.3308082, 43.7402474 ], [ -79.3307948, 43.740384 ], [ -79.3306781, 43.7406233 ], [ -79.3305306, 43.7408113 ], [ -79.3305065, 43.7409169 ], [ -79.3305346, 43.7410109 ], [ -79.3306553, 43.7412647 ], [ -79.3309021, 43.7414546 ], [ -79.3312642, 43.7415438 ], [ -79.3316008, 43.741567 ], [ -79.3319187, 43.7415515 ], [ -79.3322606, 43.7415186 ], [ -79.3327582, 43.7414178 ], [ -79.3328883, 43.7413006 ], [ -79.3329915, 43.7411872 ], [ -79.3330546, 43.7411049 ], [ -79.3332115, 43.7409605 ], [ -79.3334261, 43.7408617 ], [ -79.3337037, 43.7408006 ], [ -79.3340081, 43.7407357 ], [ -79.334334, 43.7406892 ], [ -79.3344601, 43.7406698 ], [ -79.3346344, 43.740663 ], [ -79.3347859, 43.7406718 ], [ -79.3349482, 43.7406669 ], [ -79.3351172, 43.7406698 ], [ -79.3352701, 43.7406902 ], [ -79.3353868, 43.7407144 ], [ -79.3355155, 43.7407716 ], [ -79.3356362, 43.7408394 ], [ -79.3356778, 43.7408694 ], [ -79.3358079, 43.7409779 ], [ -79.3358642, 43.7410952 ], [ -79.336009, 43.74132 ], [ -79.3360694, 43.7414343 ], [ -79.3363121, 43.7417753 ], [ -79.3364878, 43.7419507 ], [ -79.3365669, 43.7420515 ], [ -79.3366648, 43.742283 ], [ -79.3366514, 43.7424013 ], [ -79.3365897, 43.7425117 ], [ -79.3365012, 43.7425999 ], [ -79.3363832, 43.7426977 ], [ -79.3363, 43.7427888 ], [ -79.3362477, 43.7429332 ], [ -79.3362343, 43.7430707 ], [ -79.3362544, 43.7431715 ], [ -79.3362746, 43.7432326 ], [ -79.3363202, 43.7433013 ], [ -79.3364677, 43.7434748 ], [ -79.3365535, 43.743561 ], [ -79.3366621, 43.7436346 ], [ -79.3367989, 43.7437044 ], [ -79.3369451, 43.7437528 ], [ -79.3372388, 43.7438274 ], [ -79.3373702, 43.7438323 ], [ -79.3375647, 43.7437654 ], [ -79.3376894, 43.7437054 ], [ -79.3378168, 43.7436356 ], [ -79.3379805, 43.743561 ], [ -79.3382822, 43.7434602 ], [ -79.3384163, 43.7434564 ], [ -79.3386175, 43.7434564 ], [ -79.3388106, 43.7434554 ], [ -79.3389756, 43.7434806 ], [ -79.339103, 43.7435126 ], [ -79.339233, 43.7435823 ], [ -79.3394114, 43.7437441 ], [ -79.3397185, 43.7440348 ], [ -79.3399841, 43.7442818 ], [ -79.3400659, 43.7443807 ], [ -79.3401235, 43.7444911 ], [ -79.3401839, 43.7445831 ], [ -79.3402456, 43.7446636 ], [ -79.3402697, 43.7447411 ], [ -79.340255, 43.7448157 ], [ -79.3401101, 43.7450317 ], [ -79.3400444, 43.7451267 ], [ -79.3399706, 43.7453418 ], [ -79.3399492, 43.7454377 ], [ -79.339909, 43.7455597 ], [ -79.3398325, 43.7457351 ], [ -79.3397668, 43.7458581 ], [ -79.3395697, 43.7460684 ], [ -79.3394302, 43.7461536 ], [ -79.3393403, 43.746235 ], [ -79.3392076, 43.7463978 ], [ -79.3391888, 43.7464811 ], [ -79.3391942, 43.7465344 ], [ -79.3392384, 43.7466138 ], [ -79.3392813, 43.7466749 ], [ -79.339347, 43.7467359 ], [ -79.3394248, 43.7467766 ], [ -79.3396086, 43.7468182 ], [ -79.3399398, 43.7468696 ], [ -79.3401437, 43.7468803 ], [ -79.3404374, 43.7469239 ], [ -79.3405487, 43.746951 ], [ -79.3406653, 43.7469946 ], [ -79.3408652, 43.7470885 ], [ -79.3410636, 43.7472067 ], [ -79.3411951, 43.7472649 ], [ -79.3413788, 43.7473046 ], [ -79.3417114, 43.7473472 ], [ -79.3419313, 43.7473802 ], [ -79.3420668, 43.7474179 ], [ -79.3421499, 43.7474596 ], [ -79.342217, 43.7475187 ], [ -79.342272, 43.7476069 ], [ -79.342327, 43.7477871 ], [ -79.3423873, 43.7479799 ], [ -79.3424249, 43.7480806 ], [ -79.3424477, 43.7482288 ], [ -79.3424463, 43.7483199 ], [ -79.3424074, 43.7484836 ], [ -79.3423283, 43.7486057 ], [ -79.3422841, 43.7487026 ], [ -79.3422519, 43.7488363 ], [ -79.342213, 43.7489205 ], [ -79.3421875, 43.7490281 ], [ -79.3421942, 43.7491182 ], [ -79.3422318, 43.7492044 ], [ -79.3422988, 43.7493449 ], [ -79.3424785, 43.7495948 ], [ -79.3425402, 43.7496859 ], [ -79.3425912, 43.7497721 ], [ -79.3426046, 43.7498486 ], [ -79.3425965, 43.7501102 ], [ -79.3425295, 43.7503543 ], [ -79.3424758, 43.7504706 ], [ -79.3424691, 43.7505645 ], [ -79.3424839, 43.7506663 ], [ -79.3425255, 43.7507331 ], [ -79.3426099, 43.7507922 ], [ -79.3427052, 43.7508416 ], [ -79.3429184, 43.7508939 ], [ -79.343255, 43.7509395 ], [ -79.3436386, 43.750983 ], [ -79.3438612, 43.7509598 ], [ -79.3441308, 43.750954 ], [ -79.3443708, 43.7509617 ], [ -79.3445626, 43.7509908 ], [ -79.3448161, 43.7509869 ], [ -79.3450239, 43.7510092 ], [ -79.3451996, 43.7510276 ], [ -79.3453015, 43.7510412 ], [ -79.3454115, 43.7510741 ], [ -79.345492, 43.751109 ], [ -79.3455617, 43.7511535 ], [ -79.3456449, 43.7512068 ], [ -79.3457602, 43.7512533 ], [ -79.346007, 43.751325 ], [ -79.3461384, 43.7513609 ], [ -79.3462591, 43.7514035 ], [ -79.3463543, 43.7514597 ], [ -79.3463999, 43.7515081 ], [ -79.3464093, 43.7515469 ], [ -79.3463959, 43.7515895 ], [ -79.3463556, 43.7516302 ], [ -79.3462846, 43.7517086 ], [ -79.3462202, 43.7517803 ], [ -79.3461639, 43.7518743 ], [ -79.3459962, 43.7520622 ], [ -79.3457723, 43.7523093 ], [ -79.3454316, 43.7526299 ], [ -79.3452948, 43.7528188 ], [ -79.3452854, 43.7528963 ], [ -79.3453015, 43.7529893 ], [ -79.3453605, 43.7531869 ], [ -79.3453927, 43.7532625 ], [ -79.3455054, 43.7534097 ], [ -79.3455832, 43.7535792 ], [ -79.3456073, 43.7536655 ], [ -79.3456355, 43.7538824 ], [ -79.345661, 43.7540093 ], [ -79.3456663, 43.7541159 ], [ -79.3456475, 43.7541934 ], [ -79.3456046, 43.7542864 ], [ -79.3455604, 43.7543668 ], [ -79.3454343, 43.7544927 ], [ -79.3452439, 43.7546332 ], [ -79.3446752, 43.7548773 ], [ -79.3445277, 43.7549044 ], [ -79.3441093, 43.7549529 ], [ -79.3439645, 43.7549964 ], [ -79.343833, 43.7550672 ], [ -79.3437016, 43.7551543 ], [ -79.3436345, 43.7552241 ], [ -79.3436104, 43.7553481 ], [ -79.3436332, 43.7554294 ], [ -79.3437177, 43.7556338 ], [ -79.3438183, 43.7558198 ], [ -79.3438585, 43.7559128 ], [ -79.3438572, 43.7561124 ], [ -79.3438612, 43.7562606 ], [ -79.3439014, 43.7564979 ], [ -79.3470463, 43.7558082 ], [ -79.3483202, 43.755524 ], [ -79.3508305, 43.7549729 ], [ -79.3508872, 43.7549596 ], [ -79.3526441, 43.7545586 ], [ -79.3555596, 43.7539193 ], [ -79.3587461, 43.7532237 ], [ -79.3599587, 43.7529476 ], [ -79.3603849, 43.7529118 ], [ -79.3606398, 43.7529041 ], [ -79.3608516, 43.7529041 ], [ -79.3619272, 43.7529312 ], [ -79.3630484, 43.7529505 ], [ -79.363499, 43.752906 ], [ -79.3641481, 43.7527936 ], [ -79.3655026, 43.7524933 ], [ -79.3690217, 43.7517726 ], [ -79.3704459, 43.7514568 ], [ -79.3716663, 43.7512243 ], [ -79.3748903, 43.7505481 ], [ -79.3762797, 43.7502478 ], [ -79.3787554, 43.7497459 ], [ -79.3799865, 43.7494747 ], [ -79.3806598, 43.7493507 ], [ -79.3818936, 43.7490794 ], [ -79.3821202, 43.7490378 ], [ -79.3823576, 43.7489554 ], [ -79.3825226, 43.7488799 ], [ -79.3826728, 43.7488091 ], [ -79.382312, 43.748534 ], [ -79.3820478, 43.7484332 ], [ -79.3815355, 43.748163 ], [ -79.3814228, 43.7479731 ], [ -79.3813585, 43.747728 ], [ -79.3812458, 43.7474984 ], [ -79.3810433, 43.7473918 ], [ -79.3807147, 43.747324 ], [ -79.3804318, 43.7472377 ], [ -79.3801796, 43.7470934 ], [ -79.3799691, 43.7468822 ], [ -79.3799222, 43.7466313 ], [ -79.3797317, 43.7464646 ], [ -79.3795292, 43.74633 ], [ -79.3792878, 43.7462389 ], [ -79.3790129, 43.746175 ], [ -79.3786937, 43.7460723 ], [ -79.378404, 43.7459182 ], [ -79.3784094, 43.7456629 ], [ -79.3784603, 43.7454285 ], [ -79.3785073, 43.7452633 ], [ -79.3787091, 43.7452594 ], [ -79.3788345, 43.7451398 ], [ -79.3787929, 43.744915 ], [ -79.3786783, 43.7447018 ], [ -79.3784771, 43.7445129 ], [ -79.3782424, 43.7440202 ], [ -79.3782136, 43.7437548 ], [ -79.3780929, 43.7434883 ], [ -79.3777965, 43.7433164 ], [ -79.3774371, 43.7432132 ], [ -79.3770978, 43.7430649 ], [ -79.3768289, 43.7428285 ], [ -79.3765801, 43.7426662 ], [ -79.3763106, 43.7425727 ], [ -79.3761235, 43.7423916 ], [ -79.3758492, 43.7422593 ], [ -79.3756025, 43.7422361 ], [ -79.3753175, 43.7421813 ], [ -79.3752276, 43.7419614 ], [ -79.3750291, 43.7417821 ], [ -79.3748628, 43.7415893 ], [ -79.3745933, 43.7416024 ], [ -79.3743049, 43.7415743 ], [ -79.3741044, 43.7414091 ], [ -79.3738188, 43.7413204 ], [ -79.3736377, 43.7411165 ], [ -79.3732978, 43.7410409 ], [ -79.3731181, 43.7409087 ], [ -79.3731194, 43.7407783 ], [ -79.3730101, 43.7406296 ], [ -79.3728834, 43.7404809 ], [ -79.3726326, 43.7404799 ], [ -79.372534, 43.7406112 ], [ -79.3724924, 43.7407139 ], [ -79.3724307, 43.7407856 ], [ -79.372363, 43.740804 ], [ -79.372241, 43.7407866 ], [ -79.3721008, 43.740789 ], [ -79.3718923, 43.7408622 ], [ -79.3716757, 43.7408859 ], [ -79.3715758, 43.740743 ], [ -79.3713585, 43.740757 ], [ -79.371268, 43.740618 ], [ -79.3711185, 43.7405734 ], [ -79.3708617, 43.7406592 ], [ -79.3706343, 43.7405681 ], [ -79.3706598, 43.7402067 ], [ -79.3709039, 43.7401364 ], [ -79.3710326, 43.7399368 ], [ -79.3710454, 43.7397091 ], [ -79.3707537, 43.7396214 ], [ -79.3706276, 43.7394979 ], [ -79.3708912, 43.7393841 ], [ -79.3710051, 43.7391656 ], [ -79.3708026, 43.7389718 ], [ -79.370519, 43.7388584 ], [ -79.3703131, 43.7387179 ], [ -79.3701696, 43.7385512 ], [ -79.3699658, 43.738419 ], [ -79.3696647, 43.7382693 ], [ -79.3696104, 43.7380275 ], [ -79.3693744, 43.7379394 ], [ -79.3691169, 43.737905 ], [ -79.3689948, 43.7380237 ], [ -79.3688708, 43.7381084 ], [ -79.3687394, 43.7380362 ], [ -79.3687025, 43.7379529 ], [ -79.3686643, 43.7378454 ], [ -79.3685543, 43.737639 ], [ -79.36839, 43.7374316 ], [ -79.3681982, 43.7372233 ], [ -79.3679655, 43.7370489 ], [ -79.3677188, 43.7368948 ], [ -79.3671736, 43.7367349 ], [ -79.3669537, 43.7366385 ], [ -79.366772, 43.7366046 ], [ -79.3667015, 43.7366245 ], [ -79.3666727, 43.7367015 ], [ -79.3665735, 43.7368057 ], [ -79.3662757, 43.7366976 ], [ -79.3660424, 43.7365489 ], [ -79.3658292, 43.7366327 ], [ -79.3655945, 43.7367528 ], [ -79.3652887, 43.7367005 ], [ -79.3650453, 43.7365276 ], [ -79.3648032, 43.7364321 ], [ -79.3644787, 43.7364064 ], [ -79.3643586, 43.7362388 ], [ -79.3643251, 43.736045 ], [ -79.3641286, 43.7360208 ], [ -79.3638866, 43.7359762 ], [ -79.3636626, 43.7359035 ], [ -79.3635265, 43.7358095 ], [ -79.3635265, 43.7356884 ], [ -79.3636546, 43.7355164 ], [ -79.3634527, 43.735124 ], [ -79.3634688, 43.7349219 ], [ -79.3633065, 43.7347892 ], [ -79.3630779, 43.7347882 ], [ -79.3627688, 43.7345552 ], [ -79.3624891, 43.7345191 ], [ -79.3622296, 43.7344772 ], [ -79.3620271, 43.7343376 ], [ -79.3618997, 43.7341598 ], [ -79.3617938, 43.7340081 ], [ -79.3616979, 43.733902 ], [ -79.3616007, 43.7338143 ], [ -79.3615363, 43.7337795 ], [ -79.3615001, 43.7337673 ], [ -79.3614183, 43.7337562 ], [ -79.3613639, 43.7337354 ], [ -79.3613043, 43.733699 ], [ -79.3611588, 43.7335803 ], [ -79.3610179, 43.7335033 ], [ -79.3609717, 43.7334626 ], [ -79.3608604, 43.7333739 ], [ -79.3608047, 43.7333492 ], [ -79.3607169, 43.7333274 ], [ -79.3606102, 43.7333104 ], [ -79.3605693, 43.733231 ], [ -79.3604822, 43.7332135 ], [ -79.3604205, 43.7331985 ], [ -79.3602891, 43.7331423 ], [ -79.3601717, 43.7330997 ], [ -79.3600993, 43.7330774 ], [ -79.3600282, 43.7330682 ], [ -79.359812, 43.7330411 ], [ -79.3598193, 43.733191 ], [ -79.3597365, 43.7331937 ], [ -79.3595769, 43.733215 ], [ -79.359475, 43.7332242 ], [ -79.3594173, 43.7332271 ], [ -79.3593556, 43.7332203 ], [ -79.3592879, 43.7332005 ], [ -79.359243, 43.7331738 ], [ -79.3592075, 43.7331476 ], [ -79.359186, 43.7331273 ], [ -79.3591665, 43.733091 ], [ -79.359125, 43.7329887 ], [ -79.3591156, 43.7329325 ], [ -79.359123, 43.73284 ], [ -79.359137, 43.7327654 ], [ -79.3592021, 43.7326244 ], [ -79.3592383, 43.7325648 ], [ -79.3593168, 43.732401 ], [ -79.3593469, 43.7323152 ], [ -79.3593778, 43.7322523 ], [ -79.3594314, 43.7321583 ], [ -79.3594582, 43.7320953 ], [ -79.3594603, 43.7320643 ], [ -79.3594468, 43.731979 ], [ -79.3594274, 43.7319015 ], [ -79.3593912, 43.7318569 ], [ -79.3593328, 43.731821 ], [ -79.3592658, 43.731789 ], [ -79.3591806, 43.7317556 ], [ -79.3591169, 43.731728 ], [ -79.3589956, 43.7316432 ], [ -79.3589091, 43.7315812 ], [ -79.3588655, 43.7315739 ], [ -79.3587863, 43.7315715 ], [ -79.3586851, 43.7315754 ], [ -79.358496, 43.7315904 ], [ -79.3583954, 43.7316069 ], [ -79.3582459, 43.7314324 ], [ -79.3580829, 43.7313588 ], [ -79.3578315, 43.7312594 ], [ -79.3576062, 43.7311771 ], [ -79.357513, 43.7310695 ], [ -79.3576712, 43.7307919 ], [ -79.357515, 43.730678 ], [ -79.3573105, 43.7307192 ], [ -79.3571582, 43.7305554 ], [ -79.3571328, 43.7303548 ], [ -79.3572038, 43.7301775 ], [ -79.357224, 43.7301014 ], [ -79.357232, 43.7300709 ], [ -79.3572367, 43.7300408 ], [ -79.357234, 43.7300147 ], [ -79.3572206, 43.7299807 ], [ -79.3572025, 43.729958 ], [ -79.357173, 43.7299337 ], [ -79.3571301, 43.7299061 ], [ -79.3570905, 43.7298877 ], [ -79.3570282, 43.7298683 ], [ -79.3569463, 43.7298664 ], [ -79.3568458, 43.7298683 ], [ -79.3564441, 43.7298892 ], [ -79.3563797, 43.729896 ], [ -79.3563294, 43.729894 ], [ -79.3562885, 43.7298877 ], [ -79.3562309, 43.7298703 ], [ -79.3561719, 43.7298548 ], [ -79.3561249, 43.729846 ], [ -79.3560787, 43.7298446 ], [ -79.3559935, 43.7298514 ], [ -79.3558607, 43.7298761 ], [ -79.3557427, 43.7298984 ], [ -79.3556616, 43.7298809 ], [ -79.3555985, 43.7298572 ], [ -79.3555563, 43.7298252 ], [ -79.3554685, 43.7297283 ], [ -79.3554376, 43.7297012 ], [ -79.3553987, 43.7296847 ], [ -79.3553189, 43.7296668 ], [ -79.355215, 43.7296503 ], [ -79.355097, 43.729658 ], [ -79.3549883, 43.729659 ], [ -79.3549018, 43.7296508 ], [ -79.3546993, 43.7296261 ], [ -79.3546557, 43.7296149 ], [ -79.3546249, 43.7296028 ], [ -79.3545894, 43.7295732 ], [ -79.3545672, 43.7295505 ], [ -79.3545531, 43.7295233 ], [ -79.3545431, 43.7294773 ], [ -79.3545458, 43.7294381 ], [ -79.3545672, 43.7292806 ], [ -79.3545619, 43.7291842 ], [ -79.3545565, 43.7291405 ], [ -79.354535, 43.729111 ], [ -79.3544901, 43.7290693 ], [ -79.3542769, 43.7289232 ], [ -79.354187, 43.7288547 ], [ -79.3541123, 43.7287914 ], [ -79.3540335, 43.7287054 ], [ -79.35401, 43.7286698 ], [ -79.3539963, 43.7286216 ], [ -79.3540053, 43.7285528 ], [ -79.354003, 43.7285176 ], [ -79.3539634, 43.7283909 ], [ -79.3539554, 43.7283403 ], [ -79.3539554, 43.7282914 ], [ -79.3539604, 43.7282218 ], [ -79.3539738, 43.7281719 ], [ -79.3539969, 43.7281312 ], [ -79.3540405, 43.7280653 ], [ -79.3540533, 43.7280232 ], [ -79.3540586, 43.7279868 ], [ -79.3540536, 43.7279485 ], [ -79.3540398, 43.7279129 ], [ -79.3540036, 43.7278543 ], [ -79.3539497, 43.7277857 ], [ -79.3538699, 43.7277167 ], [ -79.3537991, 43.7276622 ], [ -79.3537505, 43.727619 ], [ -79.3536901, 43.7275633 ], [ -79.3536315, 43.7275219 ], [ -79.3535876, 43.7274962 ], [ -79.3535024, 43.727462 ], [ -79.3534206, 43.7272929 ], [ -79.3532516, 43.727148 ], [ -79.3530397, 43.7270322 ], [ -79.3529083, 43.7268418 ], [ -79.3527406, 43.7264449 ], [ -79.3527775, 43.7262479 ], [ -79.3525884, 43.7262024 ], [ -79.3523065, 43.7262874 ], [ -79.3520758, 43.7261794 ], [ -79.3517583, 43.7259092 ], [ -79.3512436, 43.7258227 ], [ -79.3509714, 43.725854 ], [ -79.3507069, 43.7258356 ], [ -79.3504648, 43.7256732 ], [ -79.3501637, 43.7255184 ], [ -79.3500209, 43.7252858 ], [ -79.350098, 43.7250794 ], [ -79.3502207, 43.7248354 ], [ -79.3503203, 43.7245973 ], [ -79.3504705, 43.7244263 ], [ -79.3506782, 43.7242922 ], [ -79.3506572, 43.7242266 ], [ -79.3506271, 43.724188 ], [ -79.3505976, 43.724157 ], [ -79.3505593, 43.7241259 ], [ -79.3505181, 43.7240963 ], [ -79.3504614, 43.7240666 ], [ -79.3500509, 43.7238508 ], [ -79.3499282, 43.7237791 ], [ -79.3499191, 43.7237698 ], [ -79.3499109, 43.7237562 ], [ -79.3499109, 43.7237351 ], [ -79.3499141, 43.7237217 ], [ -79.3499461, 43.723668 ], [ -79.3499059, 43.7236045 ], [ -79.3498968, 43.7235675 ], [ -79.3499203, 43.7235476 ], [ -79.3501185, 43.7234902 ], [ -79.3501899, 43.7233608 ], [ -79.3501915, 43.7233244 ], [ -79.3501738, 43.7233038 ], [ -79.3500263, 43.723292 ], [ -79.3498714, 43.7231774 ], [ -79.3498596, 43.7231577 ], [ -79.3498707, 43.7231224 ], [ -79.3499746, 43.7230257 ], [ -79.3502623, 43.7229724 ], [ -79.3503731, 43.7228482 ], [ -79.350377, 43.7228212 ], [ -79.3503258, 43.7226903 ], [ -79.3503282, 43.7226688 ], [ -79.3503451, 43.7226538 ], [ -79.350523, 43.7226373 ], [ -79.3505681, 43.7226494 ], [ -79.3506812, 43.7227261 ], [ -79.3507238, 43.7227383 ], [ -79.3507682, 43.7227376 ], [ -79.3510116, 43.7227034 ], [ -79.3512577, 43.7226497 ], [ -79.3514554, 43.7224924 ], [ -79.3516731, 43.7223545 ], [ -79.3518864, 43.7221684 ], [ -79.3519735, 43.7219736 ], [ -79.3520057, 43.7217647 ], [ -79.3524858, 43.7215234 ], [ -79.3526729, 43.7213659 ], [ -79.3527567, 43.7209608 ], [ -79.3528942, 43.7209879 ], [ -79.3531318, 43.7209414 ], [ -79.352944, 43.719996 ], [ -79.3527144, 43.7177859 ], [ -79.3526688, 43.7177138 ], [ -79.3526389, 43.7174257 ], [ -79.3526997, 43.7172953 ], [ -79.3526309, 43.7162418 ], [ -79.3517949, 43.716484 ], [ -79.3500115, 43.7171778 ], [ -79.348838, 43.717421 ], [ -79.3481272, 43.7176333 ], [ -79.3477437, 43.7177321 ], [ -79.3472542, 43.7178804 ], [ -79.3450387, 43.7185657 ], [ -79.3430029, 43.719221 ], [ -79.3413024, 43.7197172 ], [ -79.3396421, 43.7202784 ], [ -79.3390681, 43.7204393 ], [ -79.3381628, 43.7207194 ], [ -79.3366689, 43.7211779 ], [ -79.3352124, 43.7216266 ], [ -79.3347135, 43.7217778 ], [ -79.3334462, 43.7221607 ], [ -79.3321366, 43.7225691 ], [ -79.3316536, 43.7227228 ], [ -79.3310223, 43.7229111 ], [ -79.3305051, 43.7230565 ], [ -79.329791, 43.7232528 ], [ -79.3288705, 43.7234967 ], [ -79.3284157, 43.7236139 ], [ -79.326202, 43.7241815 ], [ -79.3255854, 43.7243398 ] ] ] } },
{ "type": "Feature", "properties": { "name": "Thorncliffe Park", "overture_id": "9ed41e80-903b-4435-bfe6-a6e9abdcbd4c", "division_id": "fd84c489-99ec-4c19-8547-f2b6a74e101a" }, "geometry": { "type": "Polygon", "coordinates": [ [ [ -79.3378906, 43.7086798 ], [ -79.3378718, 43.7087636 ], [ -79.3378745, 43.7088461 ], [ -79.3379014, 43.7088951 ], [ -79.3380164, 43.7090644 ], [ -79.3380569, 43.7091495 ], [ -79.3380757, 43.7092493 ], [ -79.3381387, 43.7093889 ], [ -79.3382617, 43.7095257 ], [ -79.338344, 43.7095948 ], [ -79.3385964, 43.7098069 ], [ -79.3388466, 43.7099448 ], [ -79.3390138, 43.7100018 ], [ -79.3392694, 43.7100937 ], [ -79.339394, 43.710146 ], [ -79.3394825, 43.7102129 ], [ -79.3395187, 43.7102759 ], [ -79.3395267, 43.7103195 ], [ -79.3395052, 43.7103673 ], [ -79.3394417, 43.7104539 ], [ -79.3393752, 43.7105415 ], [ -79.3393802, 43.7106033 ], [ -79.3394656, 43.7106579 ], [ -79.3396279, 43.7107013 ], [ -79.3397212, 43.710748 ], [ -79.3398255, 43.7108169 ], [ -79.3399083, 43.7108904 ], [ -79.3399882, 43.7109812 ], [ -79.3401964, 43.7112156 ], [ -79.3402854, 43.7113984 ], [ -79.340322, 43.7115371 ], [ -79.3403225, 43.7117062 ], [ -79.3402664, 43.7117887 ], [ -79.3401329, 43.7119074 ], [ -79.3400238, 43.7120206 ], [ -79.3399088, 43.7122009 ], [ -79.3398406, 43.7122908 ], [ -79.3398057, 43.7123247 ], [ -79.3397641, 43.7123538 ], [ -79.3396588, 43.7123911 ], [ -79.3395978, 43.7124226 ], [ -79.3395522, 43.7124633 ], [ -79.3395194, 43.7125186 ], [ -79.3394995, 43.7125764 ], [ -79.339493, 43.7126781 ], [ -79.3395214, 43.7127813 ], [ -79.3395796, 43.7128722 ], [ -79.3396541, 43.7129412 ], [ -79.3397621, 43.7130013 ], [ -79.3398908, 43.7130416 ], [ -79.3399733, 43.7130513 ], [ -79.3400753, 43.7130444 ], [ -79.3401665, 43.7130212 ], [ -79.3402546, 43.7129813 ], [ -79.3403387, 43.712907 ], [ -79.3404442, 43.7127981 ], [ -79.3405326, 43.7127532 ], [ -79.3406385, 43.7127197 ], [ -79.340787, 43.712696 ], [ -79.3409275, 43.7126945 ], [ -79.3411074, 43.7127014 ], [ -79.3413171, 43.7127386 ], [ -79.3414995, 43.7127925 ], [ -79.3416564, 43.7128632 ], [ -79.3417743, 43.7129279 ], [ -79.3418289, 43.7129535 ], [ -79.3420883, 43.713192 ], [ -79.3421701, 43.7132359 ], [ -79.3422867, 43.7132757 ], [ -79.3425014, 43.7132802 ], [ -79.3426421, 43.713282 ], [ -79.3427454, 43.7133067 ], [ -79.3428619, 43.713363 ], [ -79.3431021, 43.713573 ], [ -79.3432931, 43.713823 ], [ -79.3433514, 43.7139245 ], [ -79.3434459, 43.714089 ], [ -79.3435311, 43.7141402 ], [ -79.3436493, 43.7142082 ], [ -79.3438022, 43.7142742 ], [ -79.3441288, 43.7143718 ], [ -79.3442937, 43.7144195 ], [ -79.3443858, 43.7144644 ], [ -79.3446048, 43.7146206 ], [ -79.3447141, 43.7147001 ], [ -79.3447622, 43.7147652 ], [ -79.3447859, 43.7148378 ], [ -79.3448252, 43.7150312 ], [ -79.3448442, 43.7151635 ], [ -79.3448757, 43.7152056 ], [ -79.3449091, 43.7152276 ], [ -79.3449602, 43.7152434 ], [ -79.3450199, 43.7152459 ], [ -79.3450762, 43.7152289 ], [ -79.3451681, 43.7151737 ], [ -79.345301, 43.715102 ], [ -79.3454351, 43.7150635 ], [ -79.3456247, 43.715062 ], [ -79.3458246, 43.7150791 ], [ -79.3460099, 43.7150444 ], [ -79.3463789, 43.7150968 ], [ -79.3467379, 43.7151788 ], [ -79.3469274, 43.7154049 ], [ -79.3468966, 43.7156831 ], [ -79.3467657, 43.7160922 ], [ -79.3469558, 43.7160984 ], [ -79.3471138, 43.7161182 ], [ -79.3473367, 43.7161454 ], [ -79.3474719, 43.7161368 ], [ -79.3475425, 43.716126 ], [ -79.347623, 43.7161241 ], [ -79.3477968, 43.7161377 ], [ -79.34802, 43.7161658 ], [ -79.3482144, 43.7161949 ], [ -79.348233, 43.7162048 ], [ -79.3485477, 43.7162989 ], [ -79.3486208, 43.7163257 ], [ -79.3486932, 43.7163325 ], [ -79.3487886, 43.7163273 ], [ -79.3489976, 43.7162859 ], [ -79.3492615, 43.7162255 ], [ -79.3493939, 43.7162006 ], [ -79.3495295, 43.7161946 ], [ -79.349652, 43.7161574 ], [ -79.3497339, 43.7161057 ], [ -79.3498055, 43.7160365 ], [ -79.3498418, 43.7159481 ], [ -79.349868, 43.7158982 ], [ -79.349917, 43.7158619 ], [ -79.3500322, 43.7158263 ], [ -79.3503415, 43.7157817 ], [ -79.3507031, 43.7157397 ], [ -79.350959, 43.7157233 ], [ -79.3511669, 43.7157155 ], [ -79.3513788, 43.715731 ], [ -79.3517949, 43.716484 ], [ -79.3526309, 43.7162418 ], [ -79.3533106, 43.7160291 ], [ -79.3541743, 43.715809 ], [ -79.3549562, 43.7156239 ], [ -79.3559204, 43.715432 ], [ -79.3568619, 43.7152614 ], [ -79.3579388, 43.715052 ], [ -79.3587139, 43.7148591 ], [ -79.359825, 43.7146037 ], [ -79.3648025, 43.7135665 ], [ -79.3640864, 43.711794 ], [ -79.3637276, 43.7108968 ], [ -79.3635258, 43.7103598 ], [ -79.3627962, 43.7085533 ], [ -79.3624697, 43.7077224 ], [ -79.3618186, 43.7061209 ], [ -79.3611339, 43.7044214 ], [ -79.360861, 43.7037728 ], [ -79.3608221, 43.70364 ], [ -79.3607531, 43.7034795 ], [ -79.360684, 43.7033544 ], [ -79.3606538, 43.7032735 ], [ -79.3605593, 43.7031431 ], [ -79.3603722, 43.7029497 ], [ -79.360273, 43.7028561 ], [ -79.360165, 43.7027756 ], [ -79.3599994, 43.7026379 ], [ -79.3598398, 43.7025027 ], [ -79.3597251, 43.7024392 ], [ -79.3594931, 43.702318 ], [ -79.3593825, 43.7022734 ], [ -79.3593033, 43.7022409 ], [ -79.359241, 43.7022089 ], [ -79.3591149, 43.702159 ], [ -79.3589057, 43.7020834 ], [ -79.3587656, 43.7020291 ], [ -79.3585416, 43.7019515 ], [ -79.3584068, 43.7019152 ], [ -79.3582794, 43.7019011 ], [ -79.3579347, 43.7018715 ], [ -79.3574553, 43.7018453 ], [ -79.3573333, 43.7018327 ], [ -79.3572142, 43.7018284 ], [ -79.3570349, 43.7018327 ], [ -79.3568568, 43.701842 ], [ -79.3566654, 43.7018548 ], [ -79.3564713, 43.7018546 ], [ -79.3562912, 43.7018769 ], [ -79.3555375, 43.7019615 ], [ -79.3550594, 43.702016 ], [ -79.3544063, 43.7020499 ], [ -79.3536446, 43.7020577 ], [ -79.3533669, 43.7020393 ], [ -79.3531564, 43.7019995 ], [ -79.3528439, 43.7019181 ], [ -79.3527138, 43.7018599 ], [ -79.3526132, 43.7018046 ], [ -79.3523772, 43.701698 ], [ -79.352062, 43.7015079 ], [ -79.3518227, 43.7013543 ], [ -79.3516651, 43.701219 ], [ -79.3515565, 43.7010939 ], [ -79.3515068, 43.701029 ], [ -79.351474, 43.7009737 ], [ -79.3514297, 43.7008865 ], [ -79.3513593, 43.7007604 ], [ -79.3509174, 43.6999925 ], [ -79.3505758, 43.6994241 ], [ -79.3504081, 43.6997434 ], [ -79.3501483, 43.6998687 ], [ -79.3497557, 43.6999613 ], [ -79.3482552, 43.699921 ], [ -79.3478564, 43.6995286 ], [ -79.3471366, 43.6990771 ], [ -79.3462568, 43.6987706 ], [ -79.3459161, 43.6985287 ], [ -79.3450504, 43.6983164 ], [ -79.3443109, 43.6982803 ], [ -79.344002, 43.698352 ], [ -79.3438451, 43.6984121 ], [ -79.3437124, 43.6984684 ], [ -79.3434617, 43.6986525 ], [ -79.3432792, 43.6987582 ], [ -79.3432195, 43.6988748 ], [ -79.343133, 43.6989657 ], [ -79.3430471, 43.6990355 ], [ -79.3429034, 43.6990818 ], [ -79.3425791, 43.6991218 ], [ -79.3422905, 43.6991791 ], [ -79.3417919, 43.6992841 ], [ -79.3415304, 43.6994069 ], [ -79.341298, 43.6995575 ], [ -79.3405898, 43.6999549 ], [ -79.3401665, 43.7002465 ], [ -79.3399117, 43.7004637 ], [ -79.3396416, 43.7007295 ], [ -79.3394785, 43.7009243 ], [ -79.339199, 43.7012541 ], [ -79.3390507, 43.7013402 ], [ -79.3387033, 43.7014847 ], [ -79.3379697, 43.7018512 ], [ -79.3376047, 43.7020916 ], [ -79.3374701, 43.7021802 ], [ -79.337291, 43.7023304 ], [ -79.3369606, 43.7025358 ], [ -79.3366807, 43.7027362 ], [ -79.3362672, 43.7029585 ], [ -79.3360841, 43.7030437 ], [ -79.3358861, 43.703116 ], [ -79.3356282, 43.70316 ], [ -79.3353593, 43.7031648 ], [ -79.3352942, 43.7032473 ], [ -79.3350508, 43.7035357 ], [ -79.3350602, 43.7038532 ], [ -79.3352935, 43.704162 ], [ -79.3356476, 43.7044005 ], [ -79.336007, 43.704625 ], [ -79.3364409, 43.7048261 ], [ -79.3369149, 43.7049871 ], [ -79.3373629, 43.7050782 ], [ -79.3378309, 43.705149 ], [ -79.3381702, 43.7053346 ], [ -79.3381776, 43.7056434 ], [ -79.3378819, 43.7059251 ], [ -79.3375399, 43.7061616 ], [ -79.3372811, 43.7064355 ], [ -79.3372013, 43.7067428 ], [ -79.3374058, 43.706991 ], [ -79.3378108, 43.7072125 ], [ -79.3380287, 43.7074621 ], [ -79.3378784, 43.7077321 ], [ -79.3378115, 43.7079328 ], [ -79.3377719, 43.7081354 ], [ -79.3378034, 43.7082585 ], [ -79.33779, 43.7084544 ], [ -79.3378101, 43.7085154 ], [ -79.3378638, 43.7085891 ], [ -79.3378906, 43.7086798 ] ] ] } },
{ "type": "Feature", "properties": { "name": "Don Valley Village", "overture_id": "4685cf11-ae80-4b83-bd8c-d7a45f9c43be", "division_id": "9cecc770-035a-4d0b-9e8e-0e239d5ee0a6" }, "geometry": { "type": "Polygon", "coordinates": [ [ [ -79.3669199, 43.7900398 ], [ -79.3672489, 43.79001 ], [ -79.3676157, 43.7900119 ], [ -79.3680777, 43.7900405 ], [ -79.3676537, 43.7884544 ], [ -79.367585, 43.7881349 ], [ -79.3675302, 43.7878776 ], [ -79.3672574, 43.786697 ], [ -79.3669557, 43.7854683 ], [ -79.3668289, 43.7848719 ], [ -79.366558, 43.7837314 ], [ -79.3663944, 43.782995 ], [ -79.3661966, 43.7821798 ], [ -79.3660665, 43.7816056 ], [ -79.3658634, 43.7806863 ], [ -79.3653229, 43.7782956 ], [ -79.3651485, 43.7774822 ], [ -79.3649621, 43.7766107 ], [ -79.3647864, 43.7757556 ], [ -79.3646309, 43.7749664 ], [ -79.3645947, 43.7748396 ], [ -79.3641695, 43.7725997 ], [ -79.3641149, 43.7718584 ], [ -79.3641353, 43.7716453 ], [ -79.3636432, 43.771687 ], [ -79.3617931, 43.7719102 ], [ -79.3610837, 43.7720216 ], [ -79.36069, 43.7721015 ], [ -79.3603018, 43.772192 ], [ -79.359996, 43.7722637 ], [ -79.3586757, 43.7725702 ], [ -79.3533247, 43.7737293 ], [ -79.3512907, 43.7741773 ], [ -79.3470446, 43.7751063 ], [ -79.3447862, 43.7755874 ], [ -79.3436936, 43.7758414 ], [ -79.3426006, 43.7760781 ], [ -79.3418971, 43.7761938 ], [ -79.341649, 43.7762161 ], [ -79.341411, 43.7762209 ], [ -79.3410362, 43.7762108 ], [ -79.3405145, 43.7761609 ], [ -79.3399063, 43.7760573 ], [ -79.3396296, 43.776036 ], [ -79.3397118, 43.7771181 ], [ -79.3398178, 43.7778114 ], [ -79.3398935, 43.778466 ], [ -79.3405306, 43.7819179 ], [ -79.3415659, 43.7865906 ], [ -79.3418148, 43.7877529 ], [ -79.3421104, 43.789081 ], [ -79.3422196, 43.7895277 ], [ -79.3424552, 43.7905623 ], [ -79.3430954, 43.7934065 ], [ -79.3434567, 43.7951654 ], [ -79.3435045, 43.7951587 ], [ -79.3435668, 43.7951553 ], [ -79.3436553, 43.7951466 ], [ -79.3437519, 43.7951287 ], [ -79.3444137, 43.7950217 ], [ -79.3452868, 43.7948257 ], [ -79.3474473, 43.7943455 ], [ -79.3480475, 43.7941984 ], [ -79.3484994, 43.7940958 ], [ -79.3504353, 43.7936325 ], [ -79.3508966, 43.7935081 ], [ -79.3515974, 43.7933281 ], [ -79.3522806, 43.7931645 ], [ -79.352463, 43.7931166 ], [ -79.3528345, 43.7930338 ], [ -79.3536774, 43.79286 ], [ -79.3545055, 43.7927042 ], [ -79.3555127, 43.7924989 ], [ -79.3564944, 43.7922932 ], [ -79.3571945, 43.7921461 ], [ -79.3580571, 43.7919667 ], [ -79.3605579, 43.7913837 ], [ -79.3630364, 43.7908437 ], [ -79.3634148, 43.7907638 ], [ -79.3654617, 43.7903156 ], [ -79.366261, 43.7901421 ], [ -79.3665795, 43.7900852 ], [ -79.3668038, 43.7900528 ], [ -79.3669199, 43.7900398 ] ] ] } },
{ "type": "Feature", "properties": { "name": "Hillcrest Village", "overture_id": "c8ff58ab-def6-480b-a0d4-af8bb6dc453a", "division_id": "43251066-0c58-4b4f-9b3d-aaf19873d7e8" }, "geometry": { "type": "Polygon", "coordinates": [ [ [ -79.3700547, 43.8090717 ], [ -79.3704108, 43.8089897 ], [ -79.3705644, 43.8089548 ], [ -79.3717653, 43.8086802 ], [ -79.3716361, 43.8084425 ], [ -79.3715537, 43.8082126 ], [ -79.3715369, 43.8081509 ], [ -79.3715081, 43.8080868 ], [ -79.3714957, 43.8080125 ], [ -79.3714876, 43.8079066 ], [ -79.3714973, 43.8078081 ], [ -79.3715191, 43.8077113 ], [ -79.3715627, 43.8076133 ], [ -79.3716267, 43.8075052 ], [ -79.3716811, 43.8073943 ], [ -79.3717404, 43.807308 ], [ -79.3717712, 43.8072278 ], [ -79.3717553, 43.8071046 ], [ -79.3716985, 43.8068586 ], [ -79.371656, 43.8067315 ], [ -79.3716006, 43.8064957 ], [ -79.3715604, 43.8063558 ], [ -79.3715342, 43.806232 ], [ -79.3715282, 43.8061284 ], [ -79.3715372, 43.8060887 ], [ -79.371604, 43.8060406 ], [ -79.3718275, 43.8059244 ], [ -79.3709379, 43.8022134 ], [ -79.3709067, 43.8020833 ], [ -79.3682032, 43.790804 ], [ -79.3680777, 43.7900405 ], [ -79.3676157, 43.7900119 ], [ -79.3672489, 43.79001 ], [ -79.3669199, 43.7900398 ], [ -79.3668038, 43.7900528 ], [ -79.3665795, 43.7900852 ], [ -79.366261, 43.7901421 ], [ -79.3654617, 43.7903156 ], [ -79.3634148, 43.7907638 ], [ -79.3630364, 43.7908437 ], [ -79.3605579, 43.7913837 ], [ -79.3580571, 43.7919667 ], [ -79.3571945, 43.7921461 ], [ -79.3564944, 43.7922932 ], [ -79.3555127, 43.7924989 ], [ -79.3545055, 43.7927042 ], [ -79.3536774, 43.79286 ], [ -79.3528345, 43.7930338 ], [ -79.352463, 43.7931166 ], [ -79.3522806, 43.7931645 ], [ -79.3515974, 43.7933281 ], [ -79.3508966, 43.7935081 ], [ -79.3504353, 43.7936325 ], [ -79.3484994, 43.7940958 ], [ -79.3480475, 43.7941984 ], [ -79.3474473, 43.7943455 ], [ -79.3452868, 43.7948257 ], [ -79.3444137, 43.7950217 ], [ -79.3437519, 43.7951287 ], [ -79.3436553, 43.7951466 ], [ -79.3435668, 43.7951553 ], [ -79.3435045, 43.7951587 ], [ -79.3434567, 43.7951654 ], [ -79.3436131, 43.7959532 ], [ -79.3442582, 43.7988134 ], [ -79.344402, 43.7994861 ], [ -79.3432845, 43.7997654 ], [ -79.3355345, 43.8023294 ], [ -79.3368167, 43.8051676 ], [ -79.3368864, 43.8053287 ], [ -79.3369954, 43.8055805 ], [ -79.3372066, 43.8060727 ], [ -79.3372766, 43.8062303 ], [ -79.3373113, 43.8063036 ], [ -79.3373349, 43.8063534 ], [ -79.3373903, 43.806474 ], [ -79.3374767, 43.8066791 ], [ -79.3375237, 43.8067907 ], [ -79.3375522, 43.8068583 ], [ -79.3377459, 43.8072852 ], [ -79.3378566, 43.8075294 ], [ -79.3380562, 43.8079695 ], [ -79.3380721, 43.8080045 ], [ -79.3381647, 43.8082088 ], [ -79.3382705, 43.8084421 ], [ -79.338297, 43.8085112 ], [ -79.338334, 43.8085998 ], [ -79.3384499, 43.8088774 ], [ -79.3384639, 43.8089108 ], [ -79.3386611, 43.8093829 ], [ -79.3386998, 43.8094754 ], [ -79.3387815, 43.8096712 ], [ -79.3388794, 43.8099053 ], [ -79.3389641, 43.8101082 ], [ -79.3390474, 43.8103075 ], [ -79.3390611, 43.8103403 ], [ -79.3391279, 43.810504 ], [ -79.3391851, 43.8106372 ], [ -79.3392388, 43.810758 ], [ -79.3393339, 43.8110088 ], [ -79.3393399, 43.8110236 ], [ -79.3398094, 43.8121691 ], [ -79.3399498, 43.8125051 ], [ -79.3400291, 43.8126769 ], [ -79.3413165, 43.8155866 ], [ -79.3413434, 43.8156447 ], [ -79.3414202, 43.8156267 ], [ -79.3422849, 43.815409 ], [ -79.3425556, 43.8153423 ], [ -79.3428327, 43.815274 ], [ -79.3430852, 43.8152143 ], [ -79.3431896, 43.8151897 ], [ -79.3437856, 43.8150516 ], [ -79.3447765, 43.814815 ], [ -79.3451968, 43.8147152 ], [ -79.345302, 43.8146922 ], [ -79.3457564, 43.814593 ], [ -79.3460108, 43.8145375 ], [ -79.3462652, 43.8144819 ], [ -79.34636, 43.8144591 ], [ -79.3463922, 43.8144513 ], [ -79.3464296, 43.8144437 ], [ -79.346959, 43.8143358 ], [ -79.3484962, 43.8139985 ], [ -79.3487455, 43.8139401 ], [ -79.3504282, 43.8135529 ], [ -79.3509332, 43.8134484 ], [ -79.3519448, 43.8131911 ], [ -79.352236, 43.813117 ], [ -79.3522993, 43.8131009 ], [ -79.3537025, 43.8128065 ], [ -79.3549064, 43.8125147 ], [ -79.3550305, 43.812489 ], [ -79.3552899, 43.8124353 ], [ -79.3566656, 43.812141 ], [ -79.357568, 43.8119376 ], [ -79.3607585, 43.811183 ], [ -79.3615733, 43.811002 ], [ -79.3627792, 43.8107213 ], [ -79.3636048, 43.8105358 ], [ -79.364783, 43.8102672 ], [ -79.3650079, 43.8102172 ], [ -79.365784, 43.8100468 ], [ -79.3659137, 43.8100183 ], [ -79.3660439, 43.809988 ], [ -79.3667722, 43.8098186 ], [ -79.3671896, 43.8097261 ], [ -79.3675231, 43.8096504 ], [ -79.3677331, 43.8096019 ], [ -79.3690657, 43.8092993 ], [ -79.3700547, 43.8090717 ] ] ] } },
{ "type": "Feature", "properties": { "name": "Henry Farm", "overture_id": "48335b5f-de8e-4028-8b45-6964925436b8", "division_id": "43bc250c-9d37-424c-b2f5-babc401e5ab8" }, "geometry": { "type": "Polygon", "coordinates": [ [ [ -79.3610837, 43.7720216 ], [ -79.3617931, 43.7719102 ], [ -79.3636432, 43.771687 ], [ -79.3641353, 43.7716453 ], [ -79.3638752, 43.7714702 ], [ -79.3637744, 43.7714147 ], [ -79.3635617, 43.7712684 ], [ -79.3634832, 43.7712103 ], [ -79.3631791, 43.7710393 ], [ -79.363038, 43.770966 ], [ -79.3629143, 43.770888 ], [ -79.3625624, 43.770715 ], [ -79.3624405, 43.7706671 ], [ -79.3623175, 43.7706387 ], [ -79.3621954, 43.7706045 ], [ -79.362122, 43.7705733 ], [ -79.3620254, 43.770506 ], [ -79.3617629, 43.7702927 ], [ -79.3616446, 43.7701755 ], [ -79.3615259, 43.7700847 ], [ -79.3613787, 43.769998 ], [ -79.3612741, 43.7699324 ], [ -79.3611678, 43.7698441 ], [ -79.3610796, 43.7697477 ], [ -79.3609791, 43.7696199 ], [ -79.3609046, 43.7694523 ], [ -79.3608939, 43.7693206 ], [ -79.3609036, 43.769194 ], [ -79.3608922, 43.7690356 ], [ -79.3608449, 43.7686986 ], [ -79.3608443, 43.7684071 ], [ -79.3608225, 43.7682719 ], [ -79.3607896, 43.7681662 ], [ -79.3607133, 43.7680419 ], [ -79.3606255, 43.7679369 ], [ -79.3605258, 43.767833 ], [ -79.3601972, 43.7675662 ], [ -79.3600684, 43.7674631 ], [ -79.3599216, 43.767359 ], [ -79.3598646, 43.7672907 ], [ -79.3598348, 43.7672382 ], [ -79.3597429, 43.7670469 ], [ -79.3597104, 43.7669429 ], [ -79.3596829, 43.7668094 ], [ -79.3596675, 43.7666709 ], [ -79.3596619, 43.766583 ], [ -79.3596613, 43.766486 ], [ -79.3581427, 43.7665615 ], [ -79.3474674, 43.7670651 ], [ -79.3384338, 43.7676694 ], [ -79.3380795, 43.7676892 ], [ -79.3372538, 43.7677355 ], [ -79.3306875, 43.7681033 ], [ -79.3237567, 43.7683667 ], [ -79.3197723, 43.768329 ], [ -79.3211108, 43.7710635 ], [ -79.3230179, 43.7752475 ], [ -79.3248752, 43.7748468 ], [ -79.3253124, 43.7747621 ], [ -79.3260574, 43.7746914 ], [ -79.3267038, 43.7746672 ], [ -79.3277257, 43.774703 ], [ -79.329337, 43.7748798 ], [ -79.3312307, 43.7750991 ], [ -79.331798, 43.775178 ], [ -79.3338309, 43.7754054 ], [ -79.334401, 43.775453 ], [ -79.3347135, 43.7754787 ], [ -79.3350796, 43.7755164 ], [ -79.3358675, 43.7755968 ], [ -79.3377303, 43.7758302 ], [ -79.3395341, 43.7760282 ], [ -79.3396296, 43.776036 ], [ -79.3399063, 43.7760573 ], [ -79.3405145, 43.7761609 ], [ -79.3410362, 43.7762108 ], [ -79.341411, 43.7762209 ], [ -79.341649, 43.7762161 ], [ -79.3418971, 43.7761938 ], [ -79.3426006, 43.7760781 ], [ -79.3436936, 43.7758414 ], [ -79.3447862, 43.7755874 ], [ -79.3470446, 43.7751063 ], [ -79.3512907, 43.7741773 ], [ -79.3533247, 43.7737293 ], [ -79.3586757, 43.7725702 ], [ -79.359996, 43.7722637 ], [ -79.3603018, 43.772192 ], [ -79.36069, 43.7721015 ], [ -79.3610837, 43.7720216 ] ] ] } },
{ "type": "Feature", "properties": { "name": "Pleasant View", "overture_id": "7b818563-45fe-4763-9429-f271d77b4693", "division_id": "cbc95dc9-ee59-4965-9e2a-ff05517f8cdd" }, "geometry": { "type": "Polygon", "coordinates": [ [ [ -79.3398935, 43.778466 ], [ -79.3398178, 43.7778114 ], [ -79.3397118, 43.7771181 ], [ -79.3396296, 43.776036 ], [ -79.3395341, 43.7760282 ], [ -79.3377303, 43.7758302 ], [ -79.3358675, 43.7755968 ], [ -79.3350796, 43.7755164 ], [ -79.3347135, 43.7754787 ], [ -79.334401, 43.775453 ], [ -79.3338309, 43.7754054 ], [ -79.331798, 43.775178 ], [ -79.3312307, 43.7750991 ], [ -79.329337, 43.7748798 ], [ -79.3277257, 43.774703 ], [ -79.3267038, 43.7746672 ], [ -79.3260574, 43.7746914 ], [ -79.3253124, 43.7747621 ], [ -79.3248752, 43.7748468 ], [ -79.3230179, 43.7752475 ], [ -79.3232517, 43.7758415 ], [ -79.323298, 43.7759349 ], [ -79.3234013, 43.7761532 ], [ -79.3235102, 43.7763801 ], [ -79.3236658, 43.7767042 ], [ -79.323756, 43.7768921 ], [ -79.3239417, 43.7772746 ], [ -79.3241348, 43.7776723 ], [ -79.3241713, 43.7777515 ], [ -79.3242061, 43.7778211 ], [ -79.3244474, 43.7783045 ], [ -79.324578, 43.778564 ], [ -79.3249361, 43.7793063 ], [ -79.3250134, 43.7794665 ], [ -79.3253527, 43.7802687 ], [ -79.3254008, 43.7803866 ], [ -79.3254338, 43.7804548 ], [ -79.3256298, 43.7808684 ], [ -79.3257551, 43.7811214 ], [ -79.3257821, 43.7811758 ], [ -79.326436, 43.7825112 ], [ -79.3267781, 43.7832822 ], [ -79.3270309, 43.7838171 ], [ -79.3270652, 43.7838866 ], [ -79.3271032, 43.7839647 ], [ -79.3272363, 43.7842218 ], [ -79.3273033, 43.7843763 ], [ -79.3279426, 43.7857298 ], [ -79.3281334, 43.7861371 ], [ -79.3283998, 43.7867057 ], [ -79.328482, 43.7868811 ], [ -79.3287242, 43.7873982 ], [ -79.328804, 43.7875685 ], [ -79.3291779, 43.7883671 ], [ -79.3293386, 43.7887096 ], [ -79.3294172, 43.7888774 ], [ -79.3295536, 43.7891687 ], [ -79.329584, 43.7892337 ], [ -79.3296364, 43.7893434 ], [ -79.3298269, 43.7897422 ], [ -79.3307856, 43.7917493 ], [ -79.3310436, 43.7922779 ], [ -79.3316885, 43.7937487 ], [ -79.3317205, 43.7938201 ], [ -79.3317915, 43.7939787 ], [ -79.3318582, 43.7941276 ], [ -79.3324367, 43.7954187 ], [ -79.3325965, 43.7957754 ], [ -79.3326936, 43.7959933 ], [ -79.332908, 43.7964693 ], [ -79.3334628, 43.7976768 ], [ -79.3335841, 43.7979766 ], [ -79.3336161, 43.7980454 ], [ -79.3336528, 43.7981277 ], [ -79.3337966, 43.7984357 ], [ -79.3338113, 43.7984669 ], [ -79.3345875, 43.8002291 ], [ -79.3346746, 43.800426 ], [ -79.3355345, 43.8023294 ], [ -79.3432845, 43.7997654 ], [ -79.344402, 43.7994861 ], [ -79.3442582, 43.7988134 ], [ -79.3436131, 43.7959532 ], [ -79.3434567, 43.7951654 ], [ -79.3430954, 43.7934065 ], [ -79.3424552, 43.7905623 ], [ -79.3422196, 43.7895277 ], [ -79.3421104, 43.789081 ], [ -79.3418148, 43.7877529 ], [ -79.3415659, 43.7865906 ], [ -79.3405306, 43.7819179 ], [ -79.3398935, 43.778466 ] ] ] } },
{ "type": "Feature", "properties": { "name": "Steeles", "overture_id": "41919188-4f6d-4b14-a68c-2bda31cc5228", "division_id": "698a15fa-9aa6-41b8-976c-5c3ce41cc525" }, "geometry": { "type": "Polygon", "coordinates": [ [ [ -79.3369954, 43.8055805 ], [ -79.3368864, 43.8053287 ], [ -79.3368167, 43.8051676 ], [ -79.3355345, 43.8023294 ], [ -79.3306701, 43.8034411 ], [ -79.3291821, 43.8037823 ], [ -79.3272268, 43.8042304 ], [ -79.3260835, 43.8044922 ], [ -79.3254666, 43.8046342 ], [ -79.3235864, 43.8050509 ], [ -79.3228159, 43.8052203 ], [ -79.3207338, 43.8056785 ], [ -79.320677, 43.8056914 ], [ -79.3205768, 43.8057134 ], [ -79.3106829, 43.8078884 ], [ -79.3093472, 43.8082015 ], [ -79.3093948, 43.8083513 ], [ -79.3090273, 43.8082751 ], [ -79.3063949, 43.8088924 ], [ -79.3010156, 43.8100839 ], [ -79.3015789, 43.8113304 ], [ -79.3019188, 43.8120809 ], [ -79.3022313, 43.812769 ], [ -79.3025002, 43.8133617 ], [ -79.3031909, 43.8148883 ], [ -79.3042845, 43.8173825 ], [ -79.305279, 43.8196473 ], [ -79.3068745, 43.8231859 ], [ -79.3070501, 43.8236906 ], [ -79.3081251, 43.8234392 ], [ -79.3083882, 43.8233777 ], [ -79.3097901, 43.8230497 ], [ -79.3104986, 43.8228807 ], [ -79.3117807, 43.8225749 ], [ -79.3127696, 43.8223465 ], [ -79.3135694, 43.8221723 ], [ -79.3136875, 43.8221441 ], [ -79.3156716, 43.8216704 ], [ -79.3161744, 43.8215503 ], [ -79.3176406, 43.8212155 ], [ -79.3180739, 43.8211113 ], [ -79.3185529, 43.8209911 ], [ -79.3198005, 43.8207103 ], [ -79.3199044, 43.8206869 ], [ -79.3209241, 43.8204475 ], [ -79.3218592, 43.8202247 ], [ -79.3228145, 43.8199973 ], [ -79.3229209, 43.8199813 ], [ -79.3233852, 43.8198745 ], [ -79.3265641, 43.819152 ], [ -79.3266815, 43.8191257 ], [ -79.3284532, 43.8186964 ], [ -79.329129, 43.8185442 ], [ -79.3306057, 43.8182057 ], [ -79.3309049, 43.8181392 ], [ -79.3311911, 43.8180757 ], [ -79.3313504, 43.8180378 ], [ -79.3315092, 43.8180011 ], [ -79.336408, 43.8168765 ], [ -79.3373623, 43.8166658 ], [ -79.3377151, 43.816572 ], [ -79.3401642, 43.8159481 ], [ -79.3412575, 43.8156648 ], [ -79.3413434, 43.8156447 ], [ -79.3413165, 43.8155866 ], [ -79.3400291, 43.8126769 ], [ -79.3399498, 43.8125051 ], [ -79.3398094, 43.8121691 ], [ -79.3393399, 43.8110236 ], [ -79.3393339, 43.8110088 ], [ -79.3392388, 43.810758 ], [ -79.3391851, 43.8106372 ], [ -79.3391279, 43.810504 ], [ -79.3390611, 43.8103403 ], [ -79.3390474, 43.8103075 ], [ -79.3389641, 43.8101082 ], [ -79.3388794, 43.8099053 ], [ -79.3387815, 43.8096712 ], [ -79.3386998, 43.8094754 ], [ -79.3386611, 43.8093829 ], [ -79.3384639, 43.8089108 ], [ -79.3384499, 43.8088774 ], [ -79.338334, 43.8085998 ], [ -79.338297, 43.8085112 ], [ -79.3382705, 43.8084421 ], [ -79.3381647, 43.8082088 ], [ -79.3380721, 43.8080045 ], [ -79.3380562, 43.8079695 ], [ -79.3378566, 43.8075294 ], [ -79.3377459, 43.8072852 ], [ -79.3375522, 43.8068583 ], [ -79.3375237, 43.8067907 ], [ -79.3374767, 43.8066791 ], [ -79.3373903, 43.806474 ], [ -79.3373349, 43.8063534 ], [ -79.3373113, 43.8063036 ], [ -79.3372766, 43.8062303 ], [ -79.3372066, 43.8060727 ], [ -79.3369954, 43.8055805 ] ] ] } },
{ "type": "Feature", "properties": { "name": "L'Amoreaux West", "overture_id": "fb4e6a27-a4a3-4216-b6cf-ff898845dc61", "division_id": "c972b6f4-aded-45e8-9222-248c9a38b255" }, "geometry": { "type": "Polygon", "coordinates": [ [ [ -79.3129504, 43.7850133 ], [ -79.3123949, 43.7851508 ], [ -79.3111235, 43.7854391 ], [ -79.3109508, 43.7854783 ], [ -79.3138821, 43.7921774 ], [ -79.3150388, 43.7948794 ], [ -79.3152844, 43.7956037 ], [ -79.3154848, 43.7960807 ], [ -79.3156122, 43.7964258 ], [ -79.3161617, 43.797665 ], [ -79.3166153, 43.7986193 ], [ -79.3166716, 43.7987263 ], [ -79.3168547, 43.799005 ], [ -79.3170775, 43.7992833 ], [ -79.3172067, 43.7994099 ], [ -79.3174351, 43.7996347 ], [ -79.3175983, 43.7997813 ], [ -79.3179132, 43.8000894 ], [ -79.3181757, 43.8003979 ], [ -79.3182387, 43.8005083 ], [ -79.3183383, 43.8006641 ], [ -79.3183974, 43.800769 ], [ -79.3184805, 43.8009356 ], [ -79.3185509, 43.8011023 ], [ -79.3187591, 43.8015205 ], [ -79.3188833, 43.801789 ], [ -79.3190152, 43.8020754 ], [ -79.3195054, 43.8031285 ], [ -79.3197693, 43.8037174 ], [ -79.3201771, 43.8046258 ], [ -79.320677, 43.8056914 ], [ -79.3207338, 43.8056785 ], [ -79.3228159, 43.8052203 ], [ -79.3235864, 43.8050509 ], [ -79.3254666, 43.8046342 ], [ -79.3260835, 43.8044922 ], [ -79.3272268, 43.8042304 ], [ -79.3291821, 43.8037823 ], [ -79.3306701, 43.8034411 ], [ -79.3355345, 43.8023294 ], [ -79.3346746, 43.800426 ], [ -79.3345875, 43.8002291 ], [ -79.3338113, 43.7984669 ], [ -79.3337966, 43.7984357 ], [ -79.3336528, 43.7981277 ], [ -79.3336161, 43.7980454 ], [ -79.3335841, 43.7979766 ], [ -79.3334628, 43.7976768 ], [ -79.332908, 43.7964693 ], [ -79.3326936, 43.7959933 ], [ -79.3325965, 43.7957754 ], [ -79.3324367, 43.7954187 ], [ -79.3318582, 43.7941276 ], [ -79.3317915, 43.7939787 ], [ -79.3317205, 43.7938201 ], [ -79.3316885, 43.7937487 ], [ -79.3310436, 43.7922779 ], [ -79.3307856, 43.7917493 ], [ -79.3298269, 43.7897422 ], [ -79.3296364, 43.7893434 ], [ -79.329584, 43.7892337 ], [ -79.3295536, 43.7891687 ], [ -79.3294172, 43.7888774 ], [ -79.3293386, 43.7887096 ], [ -79.3291779, 43.7883671 ], [ -79.328804, 43.7875685 ], [ -79.3287242, 43.7873982 ], [ -79.328482, 43.7868811 ], [ -79.3283998, 43.7867057 ], [ -79.3281334, 43.7861371 ], [ -79.3279426, 43.7857298 ], [ -79.3273033, 43.7843763 ], [ -79.3272363, 43.7842218 ], [ -79.3271032, 43.7839647 ], [ -79.3270652, 43.7838866 ], [ -79.3270309, 43.7838171 ], [ -79.3267781, 43.7832822 ], [ -79.326436, 43.7825112 ], [ -79.3257821, 43.7811758 ], [ -79.3257551, 43.7811214 ], [ -79.3256298, 43.7808684 ], [ -79.3254338, 43.7804548 ], [ -79.3254008, 43.7803866 ], [ -79.3253527, 43.7802687 ], [ -79.3250134, 43.7794665 ], [ -79.3249361, 43.7793063 ], [ -79.324578, 43.778564 ], [ -79.3244474, 43.7783045 ], [ -79.3242061, 43.7778211 ], [ -79.3241713, 43.7777515 ], [ -79.3241348, 43.7776723 ], [ -79.3239417, 43.7772746 ], [ -79.323756, 43.7768921 ], [ -79.3236658, 43.7767042 ], [ -79.3235102, 43.7763801 ], [ -79.3234013, 43.7761532 ], [ -79.323298, 43.7759349 ], [ -79.3232517, 43.7758415 ], [ -79.3230179, 43.7752475 ], [ -79.3204039, 43.7758912 ], [ -79.3203194, 43.7759058 ], [ -79.318805, 43.7762609 ], [ -79.317764, 43.7765148 ], [ -79.3180744, 43.7770058 ], [ -79.3181898, 43.7772064 ], [ -79.3182367, 43.7772861 ], [ -79.3183876, 43.7775746 ], [ -79.3185319, 43.7778893 ], [ -79.3186258, 43.7781038 ], [ -79.3194665, 43.7800022 ], [ -79.3198936, 43.7810373 ], [ -79.3201639, 43.7816753 ], [ -79.3196965, 43.7817915 ], [ -79.3194937, 43.7818528 ], [ -79.3193505, 43.7819084 ], [ -79.3192535, 43.7819725 ], [ -79.3190905, 43.7820434 ], [ -79.3188444, 43.7822276 ], [ -79.3185939, 43.7824278 ], [ -79.3184292, 43.782566 ], [ -79.3182888, 43.7826931 ], [ -79.318193, 43.7827644 ], [ -79.3180748, 43.7828612 ], [ -79.3174139, 43.7833981 ], [ -79.3173093, 43.7834886 ], [ -79.3170408, 43.7836912 ], [ -79.3168778, 43.7837953 ], [ -79.3166884, 43.7839253 ], [ -79.3164879, 43.7840277 ], [ -79.3162472, 43.784146 ], [ -79.3159719, 43.7842595 ], [ -79.3158593, 43.7843026 ], [ -79.3156729, 43.7843675 ], [ -79.3154962, 43.7844229 ], [ -79.3149061, 43.7845686 ], [ -79.3129504, 43.7850133 ] ] ] } },
{ "type": "Feature", "properties": { "name": "East L'Amoreaux", "overture_id": "df882b47-3b9f-4a80-abe0-cac1e31997c3", "division_id": "139f313d-828a-48af-b2b7-d066565e7b09" }, "geometry": { "type": "Polygon", "coordinates": [ [ [ -79.3152844, 43.7956037 ], [ -79.3150388, 43.7948794 ], [ -79.3138821, 43.7921774 ], [ -79.3109508, 43.7854783 ], [ -79.3107272, 43.7855325 ], [ -79.3099354, 43.78572 ], [ -79.3092191, 43.7858992 ], [ -79.3090253, 43.7859628 ], [ -79.3088916, 43.7860137 ], [ -79.3087695, 43.7860761 ], [ -79.3086331, 43.7861487 ], [ -79.3085063, 43.7862201 ], [ -79.3084319, 43.7862676 ], [ -79.3083394, 43.7863629 ], [ -79.3081335, 43.7866447 ], [ -79.3080606, 43.7867704 ], [ -79.3080299, 43.7868684 ], [ -79.3080105, 43.786997 ], [ -79.3079638, 43.7871675 ], [ -79.3078872, 43.7876596 ], [ -79.3078874, 43.7877869 ], [ -79.3078398, 43.7879147 ], [ -79.307813, 43.7880379 ], [ -79.307809, 43.7881657 ], [ -79.3077543, 43.7883068 ], [ -79.3077121, 43.7884004 ], [ -79.3076443, 43.7885418 ], [ -79.3075783, 43.7886427 ], [ -79.3074277, 43.7888393 ], [ -79.3073171, 43.7889571 ], [ -79.30725, 43.7890376 ], [ -79.3071102, 43.7891079 ], [ -79.3070056, 43.7891989 ], [ -79.306896, 43.789271 ], [ -79.3067237, 43.7893325 ], [ -79.3066794, 43.7893548 ], [ -79.3065949, 43.7893964 ], [ -79.3064363, 43.7894668 ], [ -79.3062321, 43.7895218 ], [ -79.3059716, 43.7895956 ], [ -79.3057594, 43.7896418 ], [ -79.3045145, 43.7899248 ], [ -79.3037853, 43.7900915 ], [ -79.3033178, 43.790201 ], [ -79.3030291, 43.7902687 ], [ -79.3023081, 43.7904376 ], [ -79.3014756, 43.7906397 ], [ -79.3005402, 43.7908343 ], [ -79.2993576, 43.7911177 ], [ -79.2988376, 43.7912351 ], [ -79.2986013, 43.7912985 ], [ -79.2984688, 43.7913534 ], [ -79.29811, 43.7915125 ], [ -79.2978928, 43.7916845 ], [ -79.2976917, 43.7919021 ], [ -79.2974928, 43.7921814 ], [ -79.2965889, 43.7936175 ], [ -79.2963821, 43.793914 ], [ -79.2962295, 43.7940931 ], [ -79.2960364, 43.7942745 ], [ -79.2955648, 43.7945781 ], [ -79.2952579, 43.7946887 ], [ -79.2948827, 43.7947961 ], [ -79.294708, 43.7948341 ], [ -79.2934518, 43.7951504 ], [ -79.2933138, 43.7951595 ], [ -79.2931487, 43.7951772 ], [ -79.2919876, 43.7952022 ], [ -79.2913502, 43.7953177 ], [ -79.290647, 43.7954705 ], [ -79.2902259, 43.7955737 ], [ -79.2898053, 43.7956998 ], [ -79.28921, 43.7959162 ], [ -79.2885738, 43.7960691 ], [ -79.2892157, 43.7975194 ], [ -79.29005, 43.7994291 ], [ -79.2905541, 43.8006183 ], [ -79.2908817, 43.8013209 ], [ -79.2910757, 43.8016364 ], [ -79.2911984, 43.8018525 ], [ -79.2913898, 43.802148 ], [ -79.2915977, 43.8024526 ], [ -79.2965973, 43.8012691 ], [ -79.2968897, 43.8014859 ], [ -79.2970855, 43.8017114 ], [ -79.2973389, 43.8020792 ], [ -79.2974529, 43.8022839 ], [ -79.2978492, 43.8031018 ], [ -79.298208, 43.8038786 ], [ -79.2985339, 43.8046132 ], [ -79.299307, 43.8063229 ], [ -79.3000098, 43.8079049 ], [ -79.3003149, 43.8085867 ], [ -79.3010156, 43.8100839 ], [ -79.3063949, 43.8088924 ], [ -79.3090273, 43.8082751 ], [ -79.3093948, 43.8083513 ], [ -79.3093472, 43.8082015 ], [ -79.3106829, 43.8078884 ], [ -79.3205768, 43.8057134 ], [ -79.320677, 43.8056914 ], [ -79.3201771, 43.8046258 ], [ -79.3197693, 43.8037174 ], [ -79.3195054, 43.8031285 ], [ -79.3190152, 43.8020754 ], [ -79.3188833, 43.801789 ], [ -79.3187591, 43.8015205 ], [ -79.3185509, 43.8011023 ], [ -79.3184805, 43.8009356 ], [ -79.3183974, 43.800769 ], [ -79.3183383, 43.8006641 ], [ -79.3182387, 43.8005083 ], [ -79.3181757, 43.8003979 ], [ -79.3179132, 43.8000894 ], [ -79.3175983, 43.7997813 ], [ -79.3174351, 43.7996347 ], [ -79.3172067, 43.7994099 ], [ -79.3170775, 43.7992833 ], [ -79.3168547, 43.799005 ], [ -79.3166716, 43.7987263 ], [ -79.3166153, 43.7986193 ], [ -79.3161617, 43.797665 ], [ -79.3156122, 43.7964258 ], [ -79.3154848, 43.7960807 ], [ -79.3152844, 43.7956037 ] ] ] } },
{ "type": "Feature", "properties": { "name": "Tam O'Shanter-Sullivan", "overture_id": "60474d62-19e2-408e-a358-d4ddfc3d9250", "division_id": "cdb9355f-9b5f-4449-8957-964fbf410872" }, "geometry": { "type": "Polygon", "coordinates": [ [ [ -79.318805, 43.7762609 ], [ -79.3203194, 43.7759058 ], [ -79.3204039, 43.7758912 ], [ -79.3230179, 43.7752475 ], [ -79.3211108, 43.7710635 ], [ -79.3197723, 43.768329 ], [ -79.3158818, 43.7683977 ], [ -79.312706, 43.7686456 ], [ -79.3090153, 43.7692654 ], [ -79.2944198, 43.7727172 ], [ -79.2918492, 43.7733251 ], [ -79.2846151, 43.77501 ], [ -79.2851714, 43.7763158 ], [ -79.2860585, 43.7784713 ], [ -79.2863098, 43.7790442 ], [ -79.2865241, 43.7795622 ], [ -79.2866672, 43.7798802 ], [ -79.2867296, 43.7800553 ], [ -79.2868027, 43.7802527 ], [ -79.2868535, 43.7804229 ], [ -79.2869005, 43.7805149 ], [ -79.2869876, 43.7807327 ], [ -79.2870922, 43.7809583 ], [ -79.2872773, 43.7813824 ], [ -79.2874277, 43.7817342 ], [ -79.2875596, 43.7820108 ], [ -79.2876604, 43.7822317 ], [ -79.2877379, 43.7823908 ], [ -79.2878583, 43.7825789 ], [ -79.2879752, 43.7827702 ], [ -79.2880953, 43.7829739 ], [ -79.288199, 43.7831489 ], [ -79.2882637, 43.7832869 ], [ -79.2883958, 43.783494 ], [ -79.2886143, 43.7838636 ], [ -79.2887752, 43.7842238 ], [ -79.2892102, 43.7851873 ], [ -79.2894626, 43.785761 ], [ -79.2894678, 43.7857733 ], [ -79.2896658, 43.7863 ], [ -79.2899233, 43.786877 ], [ -79.2900816, 43.7872527 ], [ -79.2904276, 43.7880321 ], [ -79.290669, 43.7886265 ], [ -79.2910264, 43.7894567 ], [ -79.2915447, 43.7906944 ], [ -79.2917056, 43.7910971 ], [ -79.2905074, 43.7913735 ], [ -79.2890637, 43.7916857 ], [ -79.287827, 43.7919632 ], [ -79.2869006, 43.7921503 ], [ -79.2871508, 43.792718 ], [ -79.2879143, 43.7945449 ], [ -79.2880128, 43.7947807 ], [ -79.2885738, 43.7960691 ], [ -79.28921, 43.7959162 ], [ -79.2898053, 43.7956998 ], [ -79.2902259, 43.7955737 ], [ -79.290647, 43.7954705 ], [ -79.2913502, 43.7953177 ], [ -79.2919876, 43.7952022 ], [ -79.2931487, 43.7951772 ], [ -79.2933138, 43.7951595 ], [ -79.2934518, 43.7951504 ], [ -79.294708, 43.7948341 ], [ -79.2948827, 43.7947961 ], [ -79.2952579, 43.7946887 ], [ -79.2955648, 43.7945781 ], [ -79.2960364, 43.7942745 ], [ -79.2962295, 43.7940931 ], [ -79.2963821, 43.793914 ], [ -79.2965889, 43.7936175 ], [ -79.2974928, 43.7921814 ], [ -79.2976917, 43.7919021 ], [ -79.2978928, 43.7916845 ], [ -79.29811, 43.7915125 ], [ -79.2984688, 43.7913534 ], [ -79.2986013, 43.7912985 ], [ -79.2988376, 43.7912351 ], [ -79.2993576, 43.7911177 ], [ -79.3005402, 43.7908343 ], [ -79.3014756, 43.7906397 ], [ -79.3023081, 43.7904376 ], [ -79.3030291, 43.7902687 ], [ -79.3033178, 43.790201 ], [ -79.3037853, 43.7900915 ], [ -79.3045145, 43.7899248 ], [ -79.3057594, 43.7896418 ], [ -79.3059716, 43.7895956 ], [ -79.3062321, 43.7895218 ], [ -79.3064363, 43.7894668 ], [ -79.3065949, 43.7893964 ], [ -79.3066794, 43.7893548 ], [ -79.3067237, 43.7893325 ], [ -79.306896, 43.789271 ], [ -79.3070056, 43.7891989 ], [ -79.3071102, 43.7891079 ], [ -79.30725, 43.7890376 ], [ -79.3073171, 43.7889571 ], [ -79.3074277, 43.7888393 ], [ -79.3075783, 43.7886427 ], [ -79.3076443, 43.7885418 ], [ -79.3077121, 43.7884004 ], [ -79.3077543, 43.7883068 ], [ -79.307809, 43.7881657 ], [ -79.307813, 43.7880379 ], [ -79.3078398, 43.7879147 ], [ -79.3078874, 43.7877869 ], [ -79.3078872, 43.7876596 ], [ -79.3079638, 43.7871675 ], [ -79.3080105, 43.786997 ], [ -79.3080299, 43.7868684 ], [ -79.3080606, 43.7867704 ], [ -79.3081335, 43.7866447 ], [ -79.3083394, 43.7863629 ], [ -79.3084319, 43.7862676 ], [ -79.3085063, 43.7862201 ], [ -79.3086331, 43.7861487 ], [ -79.3087695, 43.7860761 ], [ -79.3088916, 43.7860137 ], [ -79.3090253, 43.7859628 ], [ -79.3092191, 43.7858992 ], [ -79.3099354, 43.78572 ], [ -79.3107272, 43.7855325 ], [ -79.3109508, 43.7854783 ], [ -79.3111235, 43.7854391 ], [ -79.3123949, 43.7851508 ], [ -79.3129504, 43.7850133 ], [ -79.3149061, 43.7845686 ], [ -79.3154962, 43.7844229 ], [ -79.3156729, 43.7843675 ], [ -79.3158593, 43.7843026 ], [ -79.3159719, 43.7842595 ], [ -79.3162472, 43.784146 ], [ -79.3164879, 43.7840277 ], [ -79.3166884, 43.7839253 ], [ -79.3168778, 43.7837953 ], [ -79.3170408, 43.7836912 ], [ -79.3173093, 43.7834886 ], [ -79.3174139, 43.7833981 ], [ -79.3180748, 43.7828612 ], [ -79.318193, 43.7827644 ], [ -79.3182888, 43.7826931 ], [ -79.3184292, 43.782566 ], [ -79.3185939, 43.7824278 ], [ -79.3188444, 43.7822276 ], [ -79.3190905, 43.7820434 ], [ -79.3192535, 43.7819725 ], [ -79.3193505, 43.7819084 ], [ -79.3194937, 43.7818528 ], [ -79.3196965, 43.7817915 ], [ -79.3201639, 43.7816753 ], [ -79.3198936, 43.7810373 ], [ -79.3194665, 43.7800022 ], [ -79.3186258, 43.7781038 ], [ -79.3185319, 43.7778893 ], [ -79.3183876, 43.7775746 ], [ -79.3182367, 43.7772861 ], [ -79.3181898, 43.7772064 ], [ -79.3180744, 43.7770058 ], [ -79.317764, 43.7765148 ], [ -79.318805, 43.7762609 ] ] ] } },
{ "type": "Feature", "properties": { "name": "Milliken", "overture_id": "1b5614c1-93c5-432a-9d97-2f10555103fe", "division_id": "31ad7e76-618d-4732-9c01-64026903c0e7" }, "geometry": { "type": "Polygon", "coordinates": [ [ [ -79.2970855, 43.8017114 ], [ -79.2968897, 43.8014859 ], [ -79.2965973, 43.8012691 ], [ -79.2915977, 43.8024526 ], [ -79.2862755, 43.8037673 ], [ -79.2865115, 43.8042396 ], [ -79.2865974, 43.8044603 ], [ -79.287107, 43.8051378 ], [ -79.2878634, 43.8058734 ], [ -79.2886037, 43.8066941 ], [ -79.2888238, 43.807139 ], [ -79.2890757, 43.8076465 ], [ -79.2900038, 43.8097292 ], [ -79.2902966, 43.8104024 ], [ -79.2905455, 43.8109473 ], [ -79.2907682, 43.8114348 ], [ -79.2907987, 43.8115015 ], [ -79.2909276, 43.8117819 ], [ -79.2912569, 43.8124982 ], [ -79.2856662, 43.813797 ], [ -79.2808707, 43.8149201 ], [ -79.2794335, 43.8152487 ], [ -79.2757521, 43.8160469 ], [ -79.2715172, 43.8169449 ], [ -79.2670034, 43.8178782 ], [ -79.2628437, 43.8187382 ], [ -79.2616518, 43.8190068 ], [ -79.2608786, 43.817171 ], [ -79.2606388, 43.8166396 ], [ -79.2603574, 43.8160159 ], [ -79.259589, 43.8142186 ], [ -79.2591568, 43.8132609 ], [ -79.2587559, 43.8122864 ], [ -79.258537, 43.8118303 ], [ -79.2580742, 43.8107424 ], [ -79.257714, 43.809922 ], [ -79.2576992, 43.8098881 ], [ -79.2567902, 43.8100881 ], [ -79.2561775, 43.8101989 ], [ -79.2554851, 43.8103297 ], [ -79.2533987, 43.810754 ], [ -79.2529157, 43.810855 ], [ -79.2515876, 43.8111464 ], [ -79.2498358, 43.8115614 ], [ -79.2475894, 43.8120307 ], [ -79.2466699, 43.8122127 ], [ -79.2462347, 43.8123063 ], [ -79.2451418, 43.8125411 ], [ -79.2430778, 43.8129752 ], [ -79.2438229, 43.814751 ], [ -79.2442912, 43.8158755 ], [ -79.2448447, 43.8172088 ], [ -79.2460539, 43.8199491 ], [ -79.2469481, 43.8219214 ], [ -79.2477826, 43.8239488 ], [ -79.2483105, 43.8250301 ], [ -79.2495197, 43.8277762 ], [ -79.2504735, 43.8299509 ], [ -79.2507204, 43.8305345 ], [ -79.2508822, 43.8313576 ], [ -79.2509333, 43.8317692 ], [ -79.2509929, 43.8331022 ], [ -79.2511968, 43.836602 ], [ -79.2522188, 43.8363701 ], [ -79.2530181, 43.83618 ], [ -79.2564737, 43.8353687 ], [ -79.2574775, 43.8351294 ], [ -79.2649512, 43.833407 ], [ -79.2651158, 43.8333657 ], [ -79.2661227, 43.8331266 ], [ -79.2669349, 43.8329341 ], [ -79.2671718, 43.832878 ], [ -79.2688426, 43.8325282 ], [ -79.269204, 43.8324311 ], [ -79.2711071, 43.8319752 ], [ -79.2726262, 43.8316389 ], [ -79.2732826, 43.8314801 ], [ -79.2742093, 43.8312431 ], [ -79.2762438, 43.8307825 ], [ -79.2764978, 43.8307293 ], [ -79.2774713, 43.8305042 ], [ -79.2778826, 43.8304091 ], [ -79.2795313, 43.830028 ], [ -79.2811873, 43.82966 ], [ -79.2814509, 43.8295987 ], [ -79.2836032, 43.8290983 ], [ -79.2859388, 43.8285553 ], [ -79.2864396, 43.8284388 ], [ -79.2877576, 43.8281418 ], [ -79.2882911, 43.8280228 ], [ -79.288981, 43.8278663 ], [ -79.290818, 43.8274497 ], [ -79.2910869, 43.8273919 ], [ -79.292314, 43.8271116 ], [ -79.2927631, 43.8270055 ], [ -79.2930988, 43.8269262 ], [ -79.2956209, 43.8263441 ], [ -79.2971219, 43.8259977 ], [ -79.2972772, 43.8259606 ], [ -79.2980458, 43.8257952 ], [ -79.2982949, 43.8257363 ], [ -79.2984647, 43.8256962 ], [ -79.2987063, 43.8256391 ], [ -79.2987527, 43.8256281 ], [ -79.299089, 43.8255486 ], [ -79.2992602, 43.8255082 ], [ -79.2993339, 43.8254907 ], [ -79.2994068, 43.8254735 ], [ -79.300514, 43.825208 ], [ -79.3014982, 43.8250022 ], [ -79.3022346, 43.8248225 ], [ -79.3032208, 43.8245558 ], [ -79.3044224, 43.8243052 ], [ -79.3070501, 43.8236906 ], [ -79.3068745, 43.8231859 ], [ -79.305279, 43.8196473 ], [ -79.3042845, 43.8173825 ], [ -79.3031909, 43.8148883 ], [ -79.3025002, 43.8133617 ], [ -79.3022313, 43.812769 ], [ -79.3019188, 43.8120809 ], [ -79.3015789, 43.8113304 ], [ -79.3010156, 43.8100839 ], [ -79.3003149, 43.8085867 ], [ -79.3000098, 43.8079049 ], [ -79.299307, 43.8063229 ], [ -79.2985339, 43.8046132 ], [ -79.298208, 43.8038786 ], [ -79.2978492, 43.8031018 ], [ -79.2974529, 43.8022839 ], [ -79.2973389, 43.8020792 ], [ -79.2970855, 43.8017114 ] ] ] } },
{ "type": "Feature", "properties": { "name": "Agincourt North", "overture_id": "2a6737db-4847-4057-9557-e320009831b8", "division_id": "dbb37f75-3302-4d05-a92a-dcb61fa18a6f" }, "geometry": { "type": "Polygon", "coordinates": [ [ [ -79.2862755, 43.8037673 ], [ -79.2861039, 43.8033145 ], [ -79.2858839, 43.8027568 ], [ -79.2834637, 43.7970542 ], [ -79.2816588, 43.7974063 ], [ -79.2802442, 43.7977097 ], [ -79.278821, 43.798013 ], [ -79.2786733, 43.7980487 ], [ -79.2785171, 43.7980754 ], [ -79.2782894, 43.798102 ], [ -79.278165, 43.7981198 ], [ -79.2779693, 43.7981284 ], [ -79.2777373, 43.7981309 ], [ -79.2765556, 43.7981436 ], [ -79.275601, 43.7981598 ], [ -79.2749027, 43.7981764 ], [ -79.2744413, 43.7981755 ], [ -79.274324, 43.7981753 ], [ -79.2733662, 43.7984075 ], [ -79.2727019, 43.7969419 ], [ -79.2725794, 43.7966716 ], [ -79.2724556, 43.7963985 ], [ -79.271577, 43.7943804 ], [ -79.2710359, 43.7931103 ], [ -79.2707963, 43.7925787 ], [ -79.2703366, 43.7915067 ], [ -79.2699611, 43.7905789 ], [ -79.2699236, 43.7904925 ], [ -79.2697655, 43.7901284 ], [ -79.2694875, 43.7894888 ], [ -79.2693097, 43.789069 ], [ -79.269281, 43.7890857 ], [ -79.2691617, 43.7891546 ], [ -79.2690418, 43.789223 ], [ -79.2689214, 43.789291 ], [ -79.2688004, 43.7893585 ], [ -79.268679, 43.7894254 ], [ -79.268557, 43.7894919 ], [ -79.2684344, 43.7895579 ], [ -79.2683114, 43.7896234 ], [ -79.2681879, 43.7896884 ], [ -79.2680639, 43.7897528 ], [ -79.2679394, 43.7898168 ], [ -79.2678143, 43.7898803 ], [ -79.2662253, 43.7906518 ], [ -79.2638176, 43.7918207 ], [ -79.2637709, 43.7918434 ], [ -79.260476, 43.7935812 ], [ -79.2601187, 43.7937696 ], [ -79.2516282, 43.7979626 ], [ -79.2460806, 43.8006897 ], [ -79.244633, 43.8014414 ], [ -79.2437998, 43.8017758 ], [ -79.2431877, 43.8020276 ], [ -79.2421275, 43.802472 ], [ -79.2429538, 43.8042648 ], [ -79.2431402, 43.8046887 ], [ -79.2433883, 43.8052307 ], [ -79.2435258, 43.8055365 ], [ -79.2435962, 43.8057171 ], [ -79.2436626, 43.8058879 ], [ -79.243743, 43.8060887 ], [ -79.2438259, 43.806321 ], [ -79.2438802, 43.8064916 ], [ -79.2439167, 43.8066085 ], [ -79.2439355, 43.806689 ], [ -79.2439529, 43.8067873 ], [ -79.2439791, 43.8069496 ], [ -79.2439791, 43.8070048 ], [ -79.2439858, 43.8070936 ], [ -79.2439855, 43.8072124 ], [ -79.2439851, 43.8073111 ], [ -79.2439781, 43.8073924 ], [ -79.2439734, 43.8074906 ], [ -79.243969, 43.8075535 ], [ -79.2439533, 43.8076259 ], [ -79.2439419, 43.8077065 ], [ -79.2439288, 43.8077699 ], [ -79.2439187, 43.8078328 ], [ -79.243902, 43.8079225 ], [ -79.2438751, 43.80803 ], [ -79.2438614, 43.8081122 ], [ -79.2438446, 43.8081742 ], [ -79.243842, 43.8082022 ], [ -79.2438124, 43.808283 ], [ -79.2438014, 43.808346 ], [ -79.2437447, 43.8085245 ], [ -79.2436988, 43.8086784 ], [ -79.2436368, 43.8088219 ], [ -79.243614, 43.8088862 ], [ -79.243565, 43.8090118 ], [ -79.2435395, 43.8090646 ], [ -79.2435027, 43.8091737 ], [ -79.2434732, 43.8092269 ], [ -79.243449, 43.8092891 ], [ -79.2434292, 43.8093445 ], [ -79.2434128, 43.8093968 ], [ -79.2433917, 43.8094338 ], [ -79.2433749, 43.8094969 ], [ -79.2433602, 43.8095233 ], [ -79.2433149, 43.8096225 ], [ -79.2433001, 43.8096767 ], [ -79.2432787, 43.8097219 ], [ -79.2432633, 43.809766 ], [ -79.2432378, 43.8098298 ], [ -79.243216, 43.8098918 ], [ -79.2431912, 43.8099467 ], [ -79.2431684, 43.8100101 ], [ -79.2431503, 43.8100544 ], [ -79.2431295, 43.8101166 ], [ -79.2430782, 43.8102337 ], [ -79.2430463, 43.8103152 ], [ -79.2430182, 43.8103965 ], [ -79.2429984, 43.8104865 ], [ -79.2429743, 43.8105675 ], [ -79.2429521, 43.8106571 ], [ -79.2429374, 43.8107292 ], [ -79.2429295, 43.8108105 ], [ -79.2429109, 43.8108822 ], [ -79.242904, 43.8109452 ], [ -79.242896, 43.8110172 ], [ -79.2428839, 43.8111165 ], [ -79.2428737, 43.8111881 ], [ -79.242866, 43.8112785 ], [ -79.2428628, 43.8113591 ], [ -79.2428554, 43.8114226 ], [ -79.242849, 43.8114943 ], [ -79.2428455, 43.8115758 ], [ -79.2428418, 43.8116559 ], [ -79.2428308, 43.8117374 ], [ -79.2428303, 43.8117416 ], [ -79.2428224, 43.8118174 ], [ -79.2428264, 43.8118907 ], [ -79.2428368, 43.8119624 ], [ -79.2428388, 43.8120255 ], [ -79.2428469, 43.8120976 ], [ -79.2428542, 43.8121424 ], [ -79.2428636, 43.8122234 ], [ -79.24288, 43.8123045 ], [ -79.2428844, 43.8123582 ], [ -79.2428928, 43.8124121 ], [ -79.2429213, 43.8125118 ], [ -79.2429404, 43.8125921 ], [ -79.2429572, 43.8126734 ], [ -79.2429857, 43.8127361 ], [ -79.2430178, 43.8128087 ], [ -79.243042, 43.8128711 ], [ -79.2430778, 43.8129752 ], [ -79.2451418, 43.8125411 ], [ -79.2462347, 43.8123063 ], [ -79.2466699, 43.8122127 ], [ -79.2475894, 43.8120307 ], [ -79.2498358, 43.8115614 ], [ -79.2515876, 43.8111464 ], [ -79.2529157, 43.810855 ], [ -79.2533987, 43.810754 ], [ -79.2554851, 43.8103297 ], [ -79.2561775, 43.8101989 ], [ -79.2567902, 43.8100881 ], [ -79.2576992, 43.8098881 ], [ -79.257714, 43.809922 ], [ -79.2580742, 43.8107424 ], [ -79.258537, 43.8118303 ], [ -79.2587559, 43.8122864 ], [ -79.2591568, 43.8132609 ], [ -79.259589, 43.8142186 ], [ -79.2603574, 43.8160159 ], [ -79.2606388, 43.8166396 ], [ -79.2608786, 43.817171 ], [ -79.2616518, 43.8190068 ], [ -79.2628437, 43.8187382 ], [ -79.2670034, 43.8178782 ], [ -79.2715172, 43.8169449 ], [ -79.2757521, 43.8160469 ], [ -79.2794335, 43.8152487 ], [ -79.2808707, 43.8149201 ], [ -79.2856662, 43.813797 ], [ -79.2912569, 43.8124982 ], [ -79.2909276, 43.8117819 ], [ -79.2907987, 43.8115015 ], [ -79.2907682, 43.8114348 ], [ -79.2905455, 43.8109473 ], [ -79.2902966, 43.8104024 ], [ -79.2900038, 43.8097292 ], [ -79.2890757, 43.8076465 ], [ -79.2888238, 43.807139 ], [ -79.2886037, 43.8066941 ], [ -79.2878634, 43.8058734 ], [ -79.287107, 43.8051378 ], [ -79.2865974, 43.8044603 ], [ -79.2865115, 43.8042396 ], [ -79.2862755, 43.8037673 ] ] ] } },
{ "type": "Feature", "properties": { "name": "Agincourt South-Malvern West", "overture_id": "3666ebaa-e305-485c-82fb-057e43d72868", "division_id": "e2947f6e-5365-4a94-8be6-2c6d807fc8d4" }, "geometry": { "type": "Polygon", "coordinates": [ [ [ -79.278821, 43.798013 ], [ -79.2802442, 43.7977097 ], [ -79.2816588, 43.7974063 ], [ -79.2834637, 43.7970542 ], [ -79.2858839, 43.8027568 ], [ -79.2861039, 43.8033145 ], [ -79.2862755, 43.8037673 ], [ -79.2915977, 43.8024526 ], [ -79.2913898, 43.802148 ], [ -79.2911984, 43.8018525 ], [ -79.2910757, 43.8016364 ], [ -79.2908817, 43.8013209 ], [ -79.2905541, 43.8006183 ], [ -79.29005, 43.7994291 ], [ -79.2892157, 43.7975194 ], [ -79.2885738, 43.7960691 ], [ -79.2880128, 43.7947807 ], [ -79.2879143, 43.7945449 ], [ -79.2871508, 43.792718 ], [ -79.2869006, 43.7921503 ], [ -79.287827, 43.7919632 ], [ -79.2890637, 43.7916857 ], [ -79.2905074, 43.7913735 ], [ -79.2917056, 43.7910971 ], [ -79.2915447, 43.7906944 ], [ -79.2910264, 43.7894567 ], [ -79.290669, 43.7886265 ], [ -79.2904276, 43.7880321 ], [ -79.2900816, 43.7872527 ], [ -79.2899233, 43.786877 ], [ -79.2896658, 43.7863 ], [ -79.2894678, 43.7857733 ], [ -79.2894626, 43.785761 ], [ -79.2892102, 43.7851873 ], [ -79.2887752, 43.7842238 ], [ -79.2886143, 43.7838636 ], [ -79.2883958, 43.783494 ], [ -79.2882637, 43.7832869 ], [ -79.288199, 43.7831489 ], [ -79.2880953, 43.7829739 ], [ -79.2879752, 43.7827702 ], [ -79.2878583, 43.7825789 ], [ -79.2877379, 43.7823908 ], [ -79.2876604, 43.7822317 ], [ -79.2875596, 43.7820108 ], [ -79.2874277, 43.7817342 ], [ -79.2872773, 43.7813824 ], [ -79.2870922, 43.7809583 ], [ -79.2869876, 43.7807327 ], [ -79.2869005, 43.7805149 ], [ -79.2868535, 43.7804229 ], [ -79.2868027, 43.7802527 ], [ -79.2867296, 43.7800553 ], [ -79.2866672, 43.7798802 ], [ -79.2865241, 43.7795622 ], [ -79.2863098, 43.7790442 ], [ -79.2860585, 43.7784713 ], [ -79.2851714, 43.7763158 ], [ -79.2846151, 43.77501 ], [ -79.2838669, 43.7751843 ], [ -79.2747695, 43.777288 ], [ -79.2641259, 43.7794604 ], [ -79.2547918, 43.7812595 ], [ -79.246788, 43.7827603 ], [ -79.2400718, 43.7842939 ], [ -79.2357159, 43.785479 ], [ -79.2352923, 43.7856027 ], [ -79.2355415, 43.7861819 ], [ -79.2357427, 43.7865968 ], [ -79.235903, 43.7869066 ], [ -79.236023, 43.7871254 ], [ -79.2361383, 43.7873471 ], [ -79.2362771, 43.7876443 ], [ -79.2365172, 43.7882204 ], [ -79.2365722, 43.7883704 ], [ -79.2370583, 43.789553 ], [ -79.2377624, 43.7913295 ], [ -79.2379609, 43.7919278 ], [ -79.2384004, 43.7930575 ], [ -79.2386577, 43.7936355 ], [ -79.2387529, 43.7938698 ], [ -79.2388185, 43.7939322 ], [ -79.2389211, 43.7940769 ], [ -79.2394622, 43.7947531 ], [ -79.2396775, 43.7951737 ], [ -79.2398277, 43.7955086 ], [ -79.2399055, 43.7957177 ], [ -79.2407531, 43.7977583 ], [ -79.2410805, 43.7986458 ], [ -79.2416476, 43.8009601 ], [ -79.2419155, 43.8019149 ], [ -79.2421275, 43.802472 ], [ -79.2431877, 43.8020276 ], [ -79.2437998, 43.8017758 ], [ -79.244633, 43.8014414 ], [ -79.2460806, 43.8006897 ], [ -79.2516282, 43.7979626 ], [ -79.2601187, 43.7937696 ], [ -79.260476, 43.7935812 ], [ -79.2637709, 43.7918434 ], [ -79.2638176, 43.7918207 ], [ -79.2662253, 43.7906518 ], [ -79.2678143, 43.7898803 ], [ -79.2679394, 43.7898168 ], [ -79.2680639, 43.7897528 ], [ -79.2681879, 43.7896884 ], [ -79.2683114, 43.7896234 ], [ -79.2684344, 43.7895579 ], [ -79.268557, 43.7894919 ], [ -79.268679, 43.7894254 ], [ -79.2688004, 43.7893585 ], [ -79.2689214, 43.789291 ], [ -79.2690418, 43.789223 ], [ -79.2691617, 43.7891546 ], [ -79.269281, 43.7890857 ], [ -79.2693097, 43.789069 ], [ -79.2694875, 43.7894888 ], [ -79.2697655, 43.7901284 ], [ -79.2699236, 43.7904925 ], [ -79.2699611, 43.7905789 ], [ -79.2703366, 43.7915067 ], [ -79.2707963, 43.7925787 ], [ -79.2710359, 43.7931103 ], [ -79.271577, 43.7943804 ], [ -79.2724556, 43.7963985 ], [ -79.2725794, 43.7966716 ], [ -79.2727019, 43.7969419 ], [ -79.2733662, 43.7984075 ], [ -79.274324, 43.7981753 ], [ -79.2744413, 43.7981755 ], [ -79.2749027, 43.7981764 ], [ -79.275601, 43.7981598 ], [ -79.2765556, 43.7981436 ], [ -79.2777373, 43.7981309 ], [ -79.2779693, 43.7981284 ], [ -79.278165, 43.7981198 ], [ -79.2782894, 43.798102 ], [ -79.2785171, 43.7980754 ], [ -79.2786733, 43.7980487 ], [ -79.278821, 43.798013 ] ] ] } },
{ "type": "Feature", "properties": { "name": "Eglinton East", "overture_id": "bb17afe3-0458-48e2-a7c0-5c7b37346188", "division_id": "fec4a168-9924-4d71-884c-903ab2d85178" }, "geometry": { "type": "Polygon", "coordinates": [ [ [ -79.2606832, 43.7426972 ], [ -79.2614704, 43.7425354 ], [ -79.2617306, 43.7431352 ], [ -79.2666246, 43.7420536 ], [ -79.2658805, 43.7402686 ], [ -79.2629081, 43.7333372 ], [ -79.2480316, 43.7366079 ], [ -79.2479186, 43.7364161 ], [ -79.2454999, 43.7306218 ], [ -79.2453684, 43.7307467 ], [ -79.2442178, 43.7317467 ], [ -79.2429235, 43.7326966 ], [ -79.2425027, 43.7329615 ], [ -79.241717, 43.7334621 ], [ -79.240281, 43.7343686 ], [ -79.2308322, 43.7402464 ], [ -79.2299881, 43.7405746 ], [ -79.2299862, 43.7407956 ], [ -79.2296649, 43.7409987 ], [ -79.2289802, 43.741441 ], [ -79.228955, 43.7414573 ], [ -79.2338524, 43.7531379 ], [ -79.2339547, 43.7531112 ], [ -79.2341985, 43.7530331 ], [ -79.2345183, 43.753019 ], [ -79.2348581, 43.753081 ], [ -79.2352174, 43.7531428 ], [ -79.2355041, 43.7532069 ], [ -79.235799, 43.7533214 ], [ -79.2360725, 43.7533152 ], [ -79.236409, 43.7532805 ], [ -79.2366849, 43.7533111 ], [ -79.2369502, 43.753356 ], [ -79.237258, 43.753393 ], [ -79.2375836, 43.753393 ], [ -79.2377247, 43.7533006 ], [ -79.2378204, 43.7532453 ], [ -79.2379526, 43.7531457 ], [ -79.2380801, 43.7529836 ], [ -79.2382, 43.7528153 ], [ -79.2382362, 43.7526458 ], [ -79.2381239, 43.7524974 ], [ -79.237895, 43.7523994 ], [ -79.2377029, 43.7523113 ], [ -79.2375874, 43.7521964 ], [ -79.237622, 43.7520926 ], [ -79.2377481, 43.7521249 ], [ -79.2379049, 43.7521184 ], [ -79.2379932, 43.7520569 ], [ -79.2380829, 43.7519373 ], [ -79.2381953, 43.7517216 ], [ -79.2382623, 43.7515756 ], [ -79.2381843, 43.7514343 ], [ -79.2380434, 43.7513014 ], [ -79.2380301, 43.7511829 ], [ -79.2380519, 43.7510785 ], [ -79.2381429, 43.7509761 ], [ -79.2382266, 43.7508221 ], [ -79.2382895, 43.7506265 ], [ -79.2383106, 43.750599 ], [ -79.2383271, 43.7504855 ], [ -79.2383355, 43.7502978 ], [ -79.2383474, 43.7500699 ], [ -79.2384758, 43.7499024 ], [ -79.2385573, 43.7497391 ], [ -79.2385852, 43.7495225 ], [ -79.2385506, 43.7492591 ], [ -79.2385362, 43.7491932 ], [ -79.2385223, 43.7489704 ], [ -79.238676, 43.7488649 ], [ -79.2388923, 43.7488865 ], [ -79.2390537, 43.7489183 ], [ -79.2391939, 43.7488685 ], [ -79.2394085, 43.7487129 ], [ -79.2395618, 43.7485036 ], [ -79.2396075, 43.7482234 ], [ -79.2396869, 43.7478969 ], [ -79.239784, 43.7477431 ], [ -79.2398297, 43.7476522 ], [ -79.2399547, 43.7475118 ], [ -79.2399412, 43.7474618 ], [ -79.2400738, 43.7472067 ], [ -79.2401076, 43.7469558 ], [ -79.2400882, 43.7466311 ], [ -79.2401515, 43.7461096 ], [ -79.2402242, 43.7459475 ], [ -79.2404044, 43.7458128 ], [ -79.2404624, 43.7457855 ], [ -79.2407142, 43.7456959 ], [ -79.2409766, 43.7455729 ], [ -79.2411634, 43.7454514 ], [ -79.241347, 43.745298 ], [ -79.2413917, 43.7452665 ], [ -79.2414625, 43.7452057 ], [ -79.2415109, 43.7451542 ], [ -79.241661, 43.7451257 ], [ -79.24181, 43.7451473 ], [ -79.2419841, 43.7451984 ], [ -79.242116, 43.7452315 ], [ -79.2421964, 43.7452407 ], [ -79.2424593, 43.7453357 ], [ -79.2427217, 43.7453153 ], [ -79.2430347, 43.7452626 ], [ -79.2432789, 43.7453203 ], [ -79.2434945, 43.7453745 ], [ -79.2436233, 43.7453772 ], [ -79.2437537, 43.7453695 ], [ -79.2440666, 43.7453403 ], [ -79.244181, 43.7453979 ], [ -79.2442146, 43.7455098 ], [ -79.2442737, 43.7456667 ], [ -79.2444557, 43.7457474 ], [ -79.2445962, 43.7457759 ], [ -79.2448442, 43.7457836 ], [ -79.244956, 43.7457847 ], [ -79.2450768, 43.7457797 ], [ -79.2453269, 43.7457624 ], [ -79.2456276, 43.7457098 ], [ -79.24584, 43.7456717 ], [ -79.2460513, 43.7456225 ], [ -79.2462673, 43.7455175 ], [ -79.2464781, 43.7454325 ], [ -79.2466947, 43.7453576 ], [ -79.2468687, 43.7452707 ], [ -79.2470609, 43.7451188 ], [ -79.2471929, 43.7449892 ], [ -79.2472456, 43.7448935 ], [ -79.2473414, 43.7447516 ], [ -79.2474989, 43.7446246 ], [ -79.2475691, 43.7445894 ], [ -79.247647, 43.7445702 ], [ -79.2477686, 43.744578 ], [ -79.2479102, 43.7446604 ], [ -79.2480474, 43.7447303 ], [ -79.2482143, 43.7447202 ], [ -79.2483934, 43.7446326 ], [ -79.2485721, 43.7445267 ], [ -79.2487301, 43.7444065 ], [ -79.2490002, 43.7441578 ], [ -79.2492443, 43.7439447 ], [ -79.2493589, 43.7437867 ], [ -79.2496151, 43.7434922 ], [ -79.2497727, 43.7433595 ], [ -79.2501073, 43.7432384 ], [ -79.2509823, 43.7429966 ], [ -79.250631, 43.7421571 ], [ -79.2511708, 43.7420457 ], [ -79.2513847, 43.74202 ], [ -79.2516381, 43.7420074 ], [ -79.2518903, 43.7419919 ], [ -79.2520519, 43.7419706 ], [ -79.2524582, 43.7418839 ], [ -79.2531764, 43.7418185 ], [ -79.2541721, 43.7417221 ], [ -79.2544618, 43.7416959 ], [ -79.2545986, 43.7417051 ], [ -79.2548447, 43.7417487 ], [ -79.255013, 43.741769 ], [ -79.2555387, 43.7418025 ], [ -79.2556675, 43.7420709 ], [ -79.2557506, 43.742192 ], [ -79.2557976, 43.7422394 ], [ -79.2558552, 43.7422748 ], [ -79.2559323, 43.7422952 ], [ -79.2559726, 43.7423111 ], [ -79.256039, 43.7423233 ], [ -79.2561322, 43.7423276 ], [ -79.2562214, 43.7423199 ], [ -79.2571112, 43.7421072 ], [ -79.2573982, 43.7420747 ], [ -79.2575611, 43.7420878 ], [ -79.2577046, 43.7420815 ], [ -79.2579286, 43.74213 ], [ -79.2582075, 43.7422336 ], [ -79.2585797, 43.7423567 ], [ -79.2588057, 43.742423 ], [ -79.2590967, 43.7424822 ], [ -79.259328, 43.7425388 ], [ -79.2603111, 43.7426997 ], [ -79.2604686, 43.7427108 ], [ -79.2605773, 43.7427113 ], [ -79.2606832, 43.7426972 ] ] ] } },
{ "type": "Feature", "properties": { "name": "Bendale South", "overture_id": "db2d2ebb-fcf8-4223-a484-dab1d5e0f14d", "division_id": "a4d3639a-2d52-42ca-bdab-cbdfc2415c1c" }, "geometry": { "type": "Polygon", "coordinates": [ [ [ -79.2430045, 43.7556406 ], [ -79.2431466, 43.7557784 ], [ -79.2431723, 43.755829 ], [ -79.2432372, 43.7560185 ], [ -79.2453399, 43.755569 ], [ -79.2650527, 43.7515231 ], [ -79.2650063, 43.7513254 ], [ -79.2646744, 43.7502806 ], [ -79.2644508, 43.7496861 ], [ -79.2639769, 43.7485748 ], [ -79.2659079, 43.7473554 ], [ -79.2682781, 43.7459122 ], [ -79.2666246, 43.7420536 ], [ -79.2617306, 43.7431352 ], [ -79.2614704, 43.7425354 ], [ -79.2606832, 43.7426972 ], [ -79.2605773, 43.7427113 ], [ -79.2604686, 43.7427108 ], [ -79.2603111, 43.7426997 ], [ -79.259328, 43.7425388 ], [ -79.2590967, 43.7424822 ], [ -79.2588057, 43.742423 ], [ -79.2585797, 43.7423567 ], [ -79.2582075, 43.7422336 ], [ -79.2579286, 43.74213 ], [ -79.2577046, 43.7420815 ], [ -79.2575611, 43.7420878 ], [ -79.2573982, 43.7420747 ], [ -79.2571112, 43.7421072 ], [ -79.2562214, 43.7423199 ], [ -79.2561322, 43.7423276 ], [ -79.256039, 43.7423233 ], [ -79.2559726, 43.7423111 ], [ -79.2559323, 43.7422952 ], [ -79.2558552, 43.7422748 ], [ -79.2557976, 43.7422394 ], [ -79.2557506, 43.742192 ], [ -79.2556675, 43.7420709 ], [ -79.2555387, 43.7418025 ], [ -79.255013, 43.741769 ], [ -79.2548447, 43.7417487 ], [ -79.2545986, 43.7417051 ], [ -79.2544618, 43.7416959 ], [ -79.2541721, 43.7417221 ], [ -79.2531764, 43.7418185 ], [ -79.2524582, 43.7418839 ], [ -79.2520519, 43.7419706 ], [ -79.2518903, 43.7419919 ], [ -79.2516381, 43.7420074 ], [ -79.2513847, 43.74202 ], [ -79.2511708, 43.7420457 ], [ -79.250631, 43.7421571 ], [ -79.2509823, 43.7429966 ], [ -79.2501073, 43.7432384 ], [ -79.2497727, 43.7433595 ], [ -79.2496151, 43.7434922 ], [ -79.2493589, 43.7437867 ], [ -79.2492443, 43.7439447 ], [ -79.2490002, 43.7441578 ], [ -79.2487301, 43.7444065 ], [ -79.2485721, 43.7445267 ], [ -79.2483934, 43.7446326 ], [ -79.2482143, 43.7447202 ], [ -79.2480474, 43.7447303 ], [ -79.2479102, 43.7446604 ], [ -79.2477686, 43.744578 ], [ -79.247647, 43.7445702 ], [ -79.2475691, 43.7445894 ], [ -79.2474989, 43.7446246 ], [ -79.2473414, 43.7447516 ], [ -79.2472456, 43.7448935 ], [ -79.2471929, 43.7449892 ], [ -79.2470609, 43.7451188 ], [ -79.2468687, 43.7452707 ], [ -79.2466947, 43.7453576 ], [ -79.2464781, 43.7454325 ], [ -79.2462673, 43.7455175 ], [ -79.2460513, 43.7456225 ], [ -79.24584, 43.7456717 ], [ -79.2456276, 43.7457098 ], [ -79.2453269, 43.7457624 ], [ -79.2450768, 43.7457797 ], [ -79.244956, 43.7457847 ], [ -79.2448442, 43.7457836 ], [ -79.2445962, 43.7457759 ], [ -79.2444557, 43.7457474 ], [ -79.2442737, 43.7456667 ], [ -79.2442146, 43.7455098 ], [ -79.244181, 43.7453979 ], [ -79.2440666, 43.7453403 ], [ -79.2437537, 43.7453695 ], [ -79.2436233, 43.7453772 ], [ -79.2434945, 43.7453745 ], [ -79.2432789, 43.7453203 ], [ -79.2430347, 43.7452626 ], [ -79.2427217, 43.7453153 ], [ -79.2424593, 43.7453357 ], [ -79.2421964, 43.7452407 ], [ -79.242116, 43.7452315 ], [ -79.2419841, 43.7451984 ], [ -79.24181, 43.7451473 ], [ -79.241661, 43.7451257 ], [ -79.2415109, 43.7451542 ], [ -79.2414625, 43.7452057 ], [ -79.2413917, 43.7452665 ], [ -79.241347, 43.745298 ], [ -79.2411634, 43.7454514 ], [ -79.2409766, 43.7455729 ], [ -79.2407142, 43.7456959 ], [ -79.2404624, 43.7457855 ], [ -79.2404044, 43.7458128 ], [ -79.2402242, 43.7459475 ], [ -79.2401515, 43.7461096 ], [ -79.2400882, 43.7466311 ], [ -79.2401076, 43.7469558 ], [ -79.2400738, 43.7472067 ], [ -79.2399412, 43.7474618 ], [ -79.2399547, 43.7475118 ], [ -79.2398297, 43.7476522 ], [ -79.239784, 43.7477431 ], [ -79.2396869, 43.7478969 ], [ -79.2396075, 43.7482234 ], [ -79.2395618, 43.7485036 ], [ -79.2394085, 43.7487129 ], [ -79.2391939, 43.7488685 ], [ -79.2390537, 43.7489183 ], [ -79.2388923, 43.7488865 ], [ -79.238676, 43.7488649 ], [ -79.2385223, 43.7489704 ], [ -79.2385362, 43.7491932 ], [ -79.2385506, 43.7492591 ], [ -79.2385852, 43.7495225 ], [ -79.2385573, 43.7497391 ], [ -79.2384758, 43.7499024 ], [ -79.2383474, 43.7500699 ], [ -79.2383355, 43.7502978 ], [ -79.2383271, 43.7504855 ], [ -79.2383106, 43.750599 ], [ -79.2382895, 43.7506265 ], [ -79.2382266, 43.7508221 ], [ -79.2381429, 43.7509761 ], [ -79.2380519, 43.7510785 ], [ -79.2380301, 43.7511829 ], [ -79.2380434, 43.7513014 ], [ -79.2381843, 43.7514343 ], [ -79.2382623, 43.7515756 ], [ -79.2381953, 43.7517216 ], [ -79.2380829, 43.7519373 ], [ -79.2379932, 43.7520569 ], [ -79.2379049, 43.7521184 ], [ -79.2377481, 43.7521249 ], [ -79.237622, 43.7520926 ], [ -79.2375874, 43.7521964 ], [ -79.2377029, 43.7523113 ], [ -79.237895, 43.7523994 ], [ -79.2381239, 43.7524974 ], [ -79.2382362, 43.7526458 ], [ -79.2382, 43.7528153 ], [ -79.2380801, 43.7529836 ], [ -79.2379526, 43.7531457 ], [ -79.2378204, 43.7532453 ], [ -79.2377247, 43.7533006 ], [ -79.2375836, 43.753393 ], [ -79.2375875, 43.753393 ], [ -79.2378324, 43.7533577 ], [ -79.2380153, 43.7535 ], [ -79.2381311, 43.753706 ], [ -79.2381906, 43.7539383 ], [ -79.2382372, 43.7541327 ], [ -79.2382953, 43.7541622 ], [ -79.2385416, 43.7543288 ], [ -79.2388391, 43.7544731 ], [ -79.2391425, 43.7546154 ], [ -79.2394239, 43.7547096 ], [ -79.2396811, 43.7547933 ], [ -79.2398686, 43.7549568 ], [ -79.24011, 43.7551129 ], [ -79.2404225, 43.7551473 ], [ -79.2406636, 43.7552327 ], [ -79.2409372, 43.7552201 ], [ -79.2411976, 43.7552928 ], [ -79.2415391, 43.7554049 ], [ -79.2418554, 43.75555 ], [ -79.2421689, 43.7556768 ], [ -79.2425025, 43.7557386 ], [ -79.2427905, 43.7556474 ], [ -79.2430045, 43.7556406 ] ] ] } },
{ "type": "Feature", "properties": { "name": "Birchcliffe-Cliffside", "overture_id": "3e618660-aa91-4681-9db0-efa270edb49e", "division_id": "6869faf3-c01f-4d5f-8d02-f5200c1fdad6" }, "geometry": { "type": "Polygon", "coordinates": [ [ [ -79.2800212, 43.6713859 ], [ -79.2801308, 43.6713625 ], [ -79.2800484, 43.6711649 ], [ -79.2785104, 43.6697234 ], [ -79.2758458, 43.6712151 ], [ -79.2591602, 43.6887468 ], [ -79.2440486, 43.6984211 ], [ -79.2443764, 43.701977 ], [ -79.2446883, 43.7027981 ], [ -79.2452811, 43.7041678 ], [ -79.2453439, 43.7042624 ], [ -79.2454163, 43.7043494 ], [ -79.2454972, 43.704414 ], [ -79.2456037, 43.7044664 ], [ -79.2457186, 43.7045064 ], [ -79.245841, 43.7045295 ], [ -79.2461082, 43.704561 ], [ -79.246221, 43.7045879 ], [ -79.2463222, 43.7046195 ], [ -79.2464786, 43.7046934 ], [ -79.2465936, 43.7047634 ], [ -79.2467086, 43.7048719 ], [ -79.2467958, 43.7049904 ], [ -79.2468448, 43.7051012 ], [ -79.2468767, 43.7052343 ], [ -79.24698, 43.705796 ], [ -79.247047, 43.7059653 ], [ -79.2470971, 43.7060684 ], [ -79.2471514, 43.7061638 ], [ -79.247476, 43.7066571 ], [ -79.2475037, 43.7067202 ], [ -79.2475377, 43.7068433 ], [ -79.2475388, 43.7069302 ], [ -79.2475079, 43.7070518 ], [ -79.2474473, 43.707158 ], [ -79.2473461, 43.7072603 ], [ -79.2470057, 43.7075153 ], [ -79.2467658, 43.7076887 ], [ -79.2480657, 43.7108336 ], [ -79.2493217, 43.7139635 ], [ -79.2512952, 43.7187657 ], [ -79.2543145, 43.7180804 ], [ -79.2544877, 43.7178074 ], [ -79.2581534, 43.7122891 ], [ -79.2591508, 43.7107913 ], [ -79.2656147, 43.7010416 ], [ -79.266985, 43.6989942 ], [ -79.2673532, 43.6984931 ], [ -79.2682378, 43.6974297 ], [ -79.2685708, 43.6970792 ], [ -79.2689667, 43.69668 ], [ -79.2696269, 43.696066 ], [ -79.2701331, 43.6956348 ], [ -79.2708582, 43.6950795 ], [ -79.2712954, 43.6947702 ], [ -79.27221, 43.6941651 ], [ -79.2730482, 43.6936667 ], [ -79.273413, 43.6934631 ], [ -79.274451, 43.6929278 ], [ -79.2754488, 43.6924836 ], [ -79.2765418, 43.6920386 ], [ -79.2779043, 43.691577 ], [ -79.2785191, 43.6913899 ], [ -79.2793205, 43.6911746 ], [ -79.280064, 43.6909906 ], [ -79.2860998, 43.6896152 ], [ -79.2875616, 43.6892841 ], [ -79.2870316, 43.6880406 ], [ -79.2869942, 43.6879485 ], [ -79.2869563, 43.6878664 ], [ -79.2868561, 43.6876146 ], [ -79.2868318, 43.6875656 ], [ -79.2868156, 43.6875132 ], [ -79.2867914, 43.6874546 ], [ -79.2867725, 43.6874074 ], [ -79.2866886, 43.6872208 ], [ -79.2866111, 43.6870144 ], [ -79.2866027, 43.6869913 ], [ -79.2865955, 43.6869728 ], [ -79.2865808, 43.6869306 ], [ -79.2865454, 43.6868481 ], [ -79.2862347, 43.6861223 ], [ -79.2858396, 43.6851686 ], [ -79.2852721, 43.6837838 ], [ -79.285102, 43.6833523 ], [ -79.2849695, 43.6830406 ], [ -79.2846672, 43.6823265 ], [ -79.2844422, 43.6817521 ], [ -79.2844072, 43.6816627 ], [ -79.2843868, 43.6815978 ], [ -79.2843581, 43.6815245 ], [ -79.2842612, 43.6812777 ], [ -79.2842475, 43.6812428 ], [ -79.2842241, 43.6811831 ], [ -79.2842056, 43.6811384 ], [ -79.2841539, 43.6810135 ], [ -79.2841201, 43.6809425 ], [ -79.2841069, 43.6809131 ], [ -79.2840678, 43.6808326 ], [ -79.2840189, 43.6807485 ], [ -79.2839826, 43.6806585 ], [ -79.2839154, 43.6804858 ], [ -79.2839093, 43.6804756 ], [ -79.2835411, 43.6795987 ], [ -79.2832385, 43.6788778 ], [ -79.2831376, 43.6786357 ], [ -79.2830639, 43.6784176 ], [ -79.2812196, 43.6739632 ], [ -79.2811979, 43.6738733 ], [ -79.2810635, 43.673904 ], [ -79.2800212, 43.6713859 ] ] ] } },
{ "type": "Feature", "properties": { "name": "Kennedy Park", "overture_id": "b1519968-14a6-4fd2-84f0-810776bce202", "division_id": "cc1b1daa-5af8-4aeb-a2a9-d1f4571b6f4d" }, "geometry": { "type": "Polygon", "coordinates": [ [ [ -79.2467438, 43.7292791 ], [ -79.2462015, 43.7299043 ], [ -79.245636, 43.7304876 ], [ -79.2454999, 43.7306218 ], [ -79.2479186, 43.7364161 ], [ -79.2480316, 43.7366079 ], [ -79.2629081, 43.7333372 ], [ -79.2679469, 43.7322294 ], [ -79.2676556, 43.7314683 ], [ -79.2674544, 43.7309605 ], [ -79.2675593, 43.730902 ], [ -79.267657, 43.7308374 ], [ -79.2677286, 43.7307824 ], [ -79.2677911, 43.7307198 ], [ -79.273895, 43.7241065 ], [ -79.2740256, 43.7239547 ], [ -79.2741463, 43.7238033 ], [ -79.2742695, 43.723652 ], [ -79.2743826, 43.7234982 ], [ -79.2744942, 43.7233167 ], [ -79.2745944, 43.7231318 ], [ -79.274683, 43.7229438 ], [ -79.2748547, 43.72256 ], [ -79.2711161, 43.7141585 ], [ -79.264709, 43.7157844 ], [ -79.2594156, 43.7169642 ], [ -79.2543145, 43.7180804 ], [ -79.2541481, 43.7183173 ], [ -79.2481626, 43.7272883 ], [ -79.2473285, 43.7285428 ], [ -79.2467438, 43.7292791 ] ] ] } },
{ "type": "Feature", "properties": { "name": "Bendale-Glen Andrew", "overture_id": "b0402f50-3b7e-4612-8500-17ee8ad1819c", "division_id": "daa1217d-78c5-4c67-bedc-617d29cc3bac" }, "geometry": { "type": "Polygon", "coordinates": [ [ [ -79.2520022, 43.7743554 ], [ -79.2536867, 43.7790421 ], [ -79.2545343, 43.7807308 ], [ -79.2547918, 43.7812595 ], [ -79.2641259, 43.7794604 ], [ -79.2747695, 43.777288 ], [ -79.2740014, 43.7754369 ], [ -79.2732927, 43.7736697 ], [ -79.2729744, 43.7729589 ], [ -79.2729071, 43.7727392 ], [ -79.2726094, 43.7720384 ], [ -79.2716386, 43.7696503 ], [ -79.2713695, 43.7689267 ], [ -79.2712814, 43.7686637 ], [ -79.2711938, 43.7683038 ], [ -79.2711647, 43.7681298 ], [ -79.2710848, 43.7678436 ], [ -79.2709428, 43.7670625 ], [ -79.2708411, 43.7666572 ], [ -79.2705459, 43.7658735 ], [ -79.2701699, 43.7649457 ], [ -79.269259, 43.7625855 ], [ -79.2689099, 43.7617207 ], [ -79.2682973, 43.7601443 ], [ -79.2678216, 43.7589012 ], [ -79.2674349, 43.7579463 ], [ -79.2666534, 43.7558924 ], [ -79.2665355, 43.7555968 ], [ -79.2663659, 43.7551717 ], [ -79.2658926, 43.7539286 ], [ -79.2656995, 43.7534871 ], [ -79.2654968, 43.7529287 ], [ -79.2653871, 43.7525954 ], [ -79.265119, 43.7517037 ], [ -79.2650527, 43.7515231 ], [ -79.2453399, 43.755569 ], [ -79.245484, 43.7560128 ], [ -79.2454867, 43.7562507 ], [ -79.2455118, 43.7564833 ], [ -79.2455418, 43.756688 ], [ -79.245662, 43.7569989 ], [ -79.2459101, 43.7576822 ], [ -79.2480072, 43.7631171 ], [ -79.2513338, 43.7716758 ], [ -79.2514631, 43.7721455 ], [ -79.2515436, 43.7726278 ], [ -79.2521095, 43.7742159 ], [ -79.2520022, 43.7743554 ] ] ] } },
{ "type": "Feature", "properties": { "name": "Ionview", "overture_id": "4e79304c-b19f-461c-a144-40c41c2d1c4d", "division_id": "9cfb5a27-4c9d-48e7-88f4-8fad02f1e347" }, "geometry": { "type": "Polygon", "coordinates": [ [ [ -79.2675593, 43.730902 ], [ -79.2674544, 43.7309605 ], [ -79.2676556, 43.7314683 ], [ -79.2679469, 43.7322294 ], [ -79.2629081, 43.7333372 ], [ -79.2658805, 43.7402686 ], [ -79.2666246, 43.7420536 ], [ -79.2682781, 43.7459122 ], [ -79.270885, 43.7442353 ], [ -79.2816138, 43.7394451 ], [ -79.277877, 43.7300461 ], [ -79.2754287, 43.7239285 ], [ -79.2748547, 43.72256 ], [ -79.274683, 43.7229438 ], [ -79.2745944, 43.7231318 ], [ -79.2744942, 43.7233167 ], [ -79.2743826, 43.7234982 ], [ -79.2742695, 43.723652 ], [ -79.2741463, 43.7238033 ], [ -79.2740256, 43.7239547 ], [ -79.273895, 43.7241065 ], [ -79.2677911, 43.7307198 ], [ -79.2677286, 43.7307824 ], [ -79.267657, 43.7308374 ], [ -79.2675593, 43.730902 ] ] ] } },
{ "type": "Feature", "properties": { "name": "Oakridge", "overture_id": "b0e581ea-b873-4509-91c6-398dd7012398", "division_id": "09ef3364-c52b-4405-baee-8e1c0a0ff299" }, "geometry": { "type": "Polygon", "coordinates": [ [ [ -79.2907876, 43.6976694 ], [ -79.2910344, 43.6976471 ], [ -79.2896899, 43.6945485 ], [ -79.2877748, 43.689786 ], [ -79.2875616, 43.6892841 ], [ -79.2860998, 43.6896152 ], [ -79.280064, 43.6909906 ], [ -79.2793205, 43.6911746 ], [ -79.2785191, 43.6913899 ], [ -79.2779043, 43.691577 ], [ -79.2765418, 43.6920386 ], [ -79.2754488, 43.6924836 ], [ -79.274451, 43.6929278 ], [ -79.273413, 43.6934631 ], [ -79.2730482, 43.6936667 ], [ -79.27221, 43.6941651 ], [ -79.2712954, 43.6947702 ], [ -79.2708582, 43.6950795 ], [ -79.2701331, 43.6956348 ], [ -79.2696269, 43.696066 ], [ -79.2689122, 43.6969073 ], [ -79.2684482, 43.6975341 ], [ -79.2680068, 43.6981246 ], [ -79.2676705, 43.6985941 ], [ -79.2675875, 43.6988773 ], [ -79.2675658, 43.6990141 ], [ -79.2675531, 43.6991868 ], [ -79.2675861, 43.6993607 ], [ -79.2676521, 43.699586 ], [ -79.2677032, 43.6997072 ], [ -79.2677958, 43.6998286 ], [ -79.2678674, 43.6999204 ], [ -79.267965, 43.7000094 ], [ -79.2680787, 43.7001044 ], [ -79.2682269, 43.7002088 ], [ -79.2683097, 43.7003062 ], [ -79.2684749, 43.7004409 ], [ -79.2686219, 43.7005817 ], [ -79.2687609, 43.7007237 ], [ -79.2690832, 43.700917 ], [ -79.2696881, 43.7014646 ], [ -79.2698486, 43.7016234 ], [ -79.2730049, 43.7008978 ], [ -79.2730877, 43.700855 ], [ -79.2731841, 43.7008269 ], [ -79.2750748, 43.7004311 ], [ -79.2760864, 43.7002028 ], [ -79.2780267, 43.7048685 ], [ -79.2806011, 43.7110514 ], [ -79.281011, 43.7120439 ], [ -79.2824465, 43.7117199 ], [ -79.2822817, 43.7114179 ], [ -79.2821503, 43.7111707 ], [ -79.2820135, 43.7109913 ], [ -79.2818941, 43.7108886 ], [ -79.2816179, 43.710843 ], [ -79.2814381, 43.7108362 ], [ -79.28119, 43.7108256 ], [ -79.2810224, 43.7107713 ], [ -79.2809634, 43.7106346 ], [ -79.2810331, 43.7104572 ], [ -79.2811485, 43.7102788 ], [ -79.2812477, 43.7100966 ], [ -79.2812853, 43.7099337 ], [ -79.2810895, 43.7095576 ], [ -79.281005, 43.7093385 ], [ -79.2809406, 43.7091572 ], [ -79.2809688, 43.7089042 ], [ -79.2810197, 43.7087064 ], [ -79.2810452, 43.7084941 ], [ -79.2811216, 43.7083196 ], [ -79.2812371, 43.7081913 ], [ -79.281254, 43.70798 ], [ -79.2811889, 43.7077144 ], [ -79.2810918, 43.7075189 ], [ -79.2810098, 43.7073791 ], [ -79.2809727, 43.7072404 ], [ -79.2809549, 43.7071079 ], [ -79.2809608, 43.7069662 ], [ -79.2810356, 43.7068003 ], [ -79.2811861, 43.7066367 ], [ -79.281373, 43.7064893 ], [ -79.2815446, 43.7063641 ], [ -79.2817896, 43.7062236 ], [ -79.2819797, 43.7061808 ], [ -79.282163, 43.7061674 ], [ -79.2823041, 43.7061656 ], [ -79.2823599, 43.7061674 ], [ -79.2824165, 43.706157 ], [ -79.2825322, 43.7061222 ], [ -79.2825914, 43.7060379 ], [ -79.2825441, 43.7059109 ], [ -79.2823954, 43.7057662 ], [ -79.282256, 43.7056422 ], [ -79.2822163, 43.7054968 ], [ -79.2822475, 43.7052995 ], [ -79.2823616, 43.7051243 ], [ -79.282441, 43.7049111 ], [ -79.2824906, 43.7047196 ], [ -79.2824822, 43.7044902 ], [ -79.2824869, 43.7043477 ], [ -79.2825352, 43.7041005 ], [ -79.2825372, 43.7039279 ], [ -79.282572, 43.7038116 ], [ -79.2826666, 43.7037388 ], [ -79.2828014, 43.7036656 ], [ -79.2829395, 43.7036046 ], [ -79.2829965, 43.7035411 ], [ -79.2830649, 43.703465 ], [ -79.2831574, 43.7033733 ], [ -79.2832097, 43.7032231 ], [ -79.2832064, 43.7031012 ], [ -79.2832009, 43.7030633 ], [ -79.2831608, 43.7029695 ], [ -79.2831183, 43.7029023 ], [ -79.2830361, 43.702818 ], [ -79.2828912, 43.7027009 ], [ -79.2827581, 43.7026271 ], [ -79.2825434, 43.7025405 ], [ -79.282449, 43.7025272 ], [ -79.2822839, 43.7025026 ], [ -79.2821354, 43.7024829 ], [ -79.2820555, 43.7024432 ], [ -79.2819983, 43.7024143 ], [ -79.2819641, 43.7023913 ], [ -79.2819311, 43.7023162 ], [ -79.2819178, 43.7022769 ], [ -79.2819147, 43.7022232 ], [ -79.2820181, 43.702045 ], [ -79.2820946, 43.7018784 ], [ -79.2821932, 43.7017 ], [ -79.282305, 43.7015296 ], [ -79.2823656, 43.7013275 ], [ -79.2823741, 43.701149 ], [ -79.2823325, 43.7009658 ], [ -79.2821778, 43.7004792 ], [ -79.2820811, 43.7002476 ], [ -79.2820469, 43.700152 ], [ -79.2819438, 43.6999017 ], [ -79.2818671, 43.6996631 ], [ -79.2818644, 43.6996238 ], [ -79.2818978, 43.6995128 ], [ -79.2820108, 43.6994649 ], [ -79.2822492, 43.6993717 ], [ -79.2823844, 43.6993308 ], [ -79.2826676, 43.6992351 ], [ -79.2828786, 43.6991618 ], [ -79.2831464, 43.6991266 ], [ -79.2834789, 43.6990822 ], [ -79.283703, 43.6990488 ], [ -79.2839528, 43.6989695 ], [ -79.2841391, 43.6989008 ], [ -79.2843742, 43.6988377 ], [ -79.2845292, 43.698833 ], [ -79.2848099, 43.6988005 ], [ -79.2850754, 43.698723 ], [ -79.2852792, 43.6985795 ], [ -79.2854461, 43.6985163 ], [ -79.2856573, 43.6984462 ], [ -79.2859965, 43.6983934 ], [ -79.2861351, 43.698365 ], [ -79.2861904, 43.6983469 ], [ -79.286352, 43.6982874 ], [ -79.2865233, 43.6982336 ], [ -79.2867837, 43.6982628 ], [ -79.2869662, 43.6982911 ], [ -79.2872049, 43.6982785 ], [ -79.2873804, 43.6982926 ], [ -79.2874695, 43.6983259 ], [ -79.2876587, 43.6984076 ], [ -79.2878123, 43.6985334 ], [ -79.287961, 43.6985771 ], [ -79.2882037, 43.69854 ], [ -79.2884111, 43.6985531 ], [ -79.2886448, 43.6985701 ], [ -79.28887, 43.6984926 ], [ -79.2891354, 43.6984063 ], [ -79.2893822, 43.6983073 ], [ -79.2895396, 43.6982233 ], [ -79.2897815, 43.6980484 ], [ -79.2899534, 43.6979276 ], [ -79.2901008, 43.6978031 ], [ -79.2902679, 43.697746 ], [ -79.2904877, 43.6976927 ], [ -79.2905763, 43.6976796 ], [ -79.2907876, 43.6976694 ] ] ] } },
{ "type": "Feature", "properties": { "name": "Clairlea-Birchmount", "overture_id": "2bb6bfff-6258-444f-b714-315eb990a401", "division_id": "4d8758a3-920a-4799-b8c0-112a433434bf" }, "geometry": { "type": "Polygon", "coordinates": [ [ [ -79.2594156, 43.7169642 ], [ -79.264709, 43.7157844 ], [ -79.2711161, 43.7141585 ], [ -79.2748547, 43.72256 ], [ -79.2754287, 43.7239285 ], [ -79.277877, 43.7300461 ], [ -79.2810448, 43.7293496 ], [ -79.285087, 43.7284608 ], [ -79.2998484, 43.725215 ], [ -79.3004766, 43.7250769 ], [ -79.300807, 43.7250042 ], [ -79.3009714, 43.7249681 ], [ -79.3011588, 43.7249269 ], [ -79.3019031, 43.7247632 ], [ -79.3026222, 43.7246051 ], [ -79.3018077, 43.7226072 ], [ -79.30176, 43.7224998 ], [ -79.3017304, 43.7224333 ], [ -79.3016891, 43.7223409 ], [ -79.3015958, 43.722125 ], [ -79.3015235, 43.7219384 ], [ -79.3014997, 43.721877 ], [ -79.3013854, 43.7215962 ], [ -79.3013458, 43.7215051 ], [ -79.3010442, 43.720807 ], [ -79.3005833, 43.7197359 ], [ -79.3001732, 43.7187827 ], [ -79.3000429, 43.7184755 ], [ -79.3000018, 43.7183786 ], [ -79.2997808, 43.7178577 ], [ -79.2996649, 43.7175861 ], [ -79.299616, 43.7174715 ], [ -79.2995054, 43.7172124 ], [ -79.2991645, 43.7163816 ], [ -79.2933746, 43.7030403 ], [ -79.2910344, 43.6976471 ], [ -79.2907876, 43.6976694 ], [ -79.2905763, 43.6976796 ], [ -79.2904877, 43.6976927 ], [ -79.2902679, 43.697746 ], [ -79.2901008, 43.6978031 ], [ -79.2899534, 43.6979276 ], [ -79.2897815, 43.6980484 ], [ -79.2895396, 43.6982233 ], [ -79.2893822, 43.6983073 ], [ -79.2891354, 43.6984063 ], [ -79.28887, 43.6984926 ], [ -79.2886448, 43.6985701 ], [ -79.2884111, 43.6985531 ], [ -79.2882037, 43.69854 ], [ -79.287961, 43.6985771 ], [ -79.2878123, 43.6985334 ], [ -79.2876587, 43.6984076 ], [ -79.2874695, 43.6983259 ], [ -79.2873804, 43.6982926 ], [ -79.2872049, 43.6982785 ], [ -79.2869662, 43.6982911 ], [ -79.2867837, 43.6982628 ], [ -79.2865233, 43.6982336 ], [ -79.286352, 43.6982874 ], [ -79.2861904, 43.6983469 ], [ -79.2861351, 43.698365 ], [ -79.2859965, 43.6983934 ], [ -79.2856573, 43.6984462 ], [ -79.2854461, 43.6985163 ], [ -79.2852792, 43.6985795 ], [ -79.2850754, 43.698723 ], [ -79.2848099, 43.6988005 ], [ -79.2845292, 43.698833 ], [ -79.2843742, 43.6988377 ], [ -79.2841391, 43.6989008 ], [ -79.2839528, 43.6989695 ], [ -79.283703, 43.6990488 ], [ -79.2834789, 43.6990822 ], [ -79.2831464, 43.6991266 ], [ -79.2828786, 43.6991618 ], [ -79.2826676, 43.6992351 ], [ -79.2823844, 43.6993308 ], [ -79.2822492, 43.6993717 ], [ -79.2820108, 43.6994649 ], [ -79.2818978, 43.6995128 ], [ -79.2818644, 43.6996238 ], [ -79.2818671, 43.6996631 ], [ -79.2819438, 43.6999017 ], [ -79.2820469, 43.700152 ], [ -79.2820811, 43.7002476 ], [ -79.2821778, 43.7004792 ], [ -79.2823325, 43.7009658 ], [ -79.2823741, 43.701149 ], [ -79.2823656, 43.7013275 ], [ -79.282305, 43.7015296 ], [ -79.2821932, 43.7017 ], [ -79.2820946, 43.7018784 ], [ -79.2820181, 43.702045 ], [ -79.2819147, 43.7022232 ], [ -79.2819178, 43.7022769 ], [ -79.2819311, 43.7023162 ], [ -79.2819641, 43.7023913 ], [ -79.2819983, 43.7024143 ], [ -79.2820555, 43.7024432 ], [ -79.2821354, 43.7024829 ], [ -79.2822839, 43.7025026 ], [ -79.282449, 43.7025272 ], [ -79.2825434, 43.7025405 ], [ -79.2827581, 43.7026271 ], [ -79.2828912, 43.7027009 ], [ -79.2830361, 43.702818 ], [ -79.2831183, 43.7029023 ], [ -79.2831608, 43.7029695 ], [ -79.2832009, 43.7030633 ], [ -79.2832064, 43.7031012 ], [ -79.2832097, 43.7032231 ], [ -79.2831574, 43.7033733 ], [ -79.2830649, 43.703465 ], [ -79.2829965, 43.7035411 ], [ -79.2829395, 43.7036046 ], [ -79.2828014, 43.7036656 ], [ -79.2826666, 43.7037388 ], [ -79.282572, 43.7038116 ], [ -79.2825372, 43.7039279 ], [ -79.2825352, 43.7041005 ], [ -79.2824869, 43.7043477 ], [ -79.2824822, 43.7044902 ], [ -79.2824906, 43.7047196 ], [ -79.282441, 43.7049111 ], [ -79.2823616, 43.7051243 ], [ -79.2822475, 43.7052995 ], [ -79.2822163, 43.7054968 ], [ -79.282256, 43.7056422 ], [ -79.2823954, 43.7057662 ], [ -79.2825441, 43.7059109 ], [ -79.2825914, 43.7060379 ], [ -79.2825322, 43.7061222 ], [ -79.2824165, 43.706157 ], [ -79.2823599, 43.7061674 ], [ -79.2823041, 43.7061656 ], [ -79.282163, 43.7061674 ], [ -79.2819797, 43.7061808 ], [ -79.2817896, 43.7062236 ], [ -79.2815446, 43.7063641 ], [ -79.281373, 43.7064893 ], [ -79.2811861, 43.7066367 ], [ -79.2810356, 43.7068003 ], [ -79.2809608, 43.7069662 ], [ -79.2809549, 43.7071079 ], [ -79.2809727, 43.7072404 ], [ -79.2810098, 43.7073791 ], [ -79.2810918, 43.7075189 ], [ -79.2811889, 43.7077144 ], [ -79.281254, 43.70798 ], [ -79.2812371, 43.7081913 ], [ -79.2811216, 43.7083196 ], [ -79.2810452, 43.7084941 ], [ -79.2810197, 43.7087064 ], [ -79.2809688, 43.7089042 ], [ -79.2809406, 43.7091572 ], [ -79.281005, 43.7093385 ], [ -79.2810895, 43.7095576 ], [ -79.2812853, 43.7099337 ], [ -79.2812477, 43.7100966 ], [ -79.2811485, 43.7102788 ], [ -79.2810331, 43.7104572 ], [ -79.2809634, 43.7106346 ], [ -79.2810224, 43.7107713 ], [ -79.28119, 43.7108256 ], [ -79.2814381, 43.7108362 ], [ -79.2816179, 43.710843 ], [ -79.2818941, 43.7108886 ], [ -79.2820135, 43.7109913 ], [ -79.2821503, 43.7111707 ], [ -79.2822817, 43.7114179 ], [ -79.2824465, 43.7117199 ], [ -79.281011, 43.7120439 ], [ -79.2806011, 43.7110514 ], [ -79.2780267, 43.7048685 ], [ -79.2760864, 43.7002028 ], [ -79.2750748, 43.7004311 ], [ -79.2731841, 43.7008269 ], [ -79.2730877, 43.700855 ], [ -79.2730049, 43.7008978 ], [ -79.2698486, 43.7016234 ], [ -79.2696881, 43.7014646 ], [ -79.2690832, 43.700917 ], [ -79.2687609, 43.7007237 ], [ -79.2686219, 43.7005817 ], [ -79.2684749, 43.7004409 ], [ -79.2683097, 43.7003062 ], [ -79.2682269, 43.7002088 ], [ -79.2680787, 43.7001044 ], [ -79.267965, 43.7000094 ], [ -79.2678674, 43.6999204 ], [ -79.2677958, 43.6998286 ], [ -79.2677032, 43.6997072 ], [ -79.2676521, 43.699586 ], [ -79.2675861, 43.6993607 ], [ -79.2675531, 43.6991868 ], [ -79.2675658, 43.6990141 ], [ -79.2675875, 43.6988773 ], [ -79.2676705, 43.6985941 ], [ -79.2680068, 43.6981246 ], [ -79.2684482, 43.6975341 ], [ -79.2689122, 43.6969073 ], [ -79.2696269, 43.696066 ], [ -79.2689667, 43.69668 ], [ -79.2685708, 43.6970792 ], [ -79.2682378, 43.6974297 ], [ -79.2673532, 43.6984931 ], [ -79.266985, 43.6989942 ], [ -79.2656147, 43.7010416 ], [ -79.2591508, 43.7107913 ], [ -79.2581534, 43.7122891 ], [ -79.2544877, 43.7178074 ], [ -79.2543145, 43.7180804 ], [ -79.2594156, 43.7169642 ] ] ] } },
{ "type": "Feature", "properties": { "name": "Dorset Park", "overture_id": "44030f45-2f0f-4e6a-90ce-2b86c9f98c29", "division_id": "9a915b2b-7bb8-4851-93a8-47e08866d43d" }, "geometry": { "type": "Polygon", "coordinates": [ [ [ -79.2644508, 43.7496861 ], [ -79.2646744, 43.7502806 ], [ -79.2650063, 43.7513254 ], [ -79.2650527, 43.7515231 ], [ -79.265119, 43.7517037 ], [ -79.2653871, 43.7525954 ], [ -79.2654968, 43.7529287 ], [ -79.2656995, 43.7534871 ], [ -79.2658926, 43.7539286 ], [ -79.2663659, 43.7551717 ], [ -79.2665355, 43.7555968 ], [ -79.2666534, 43.7558924 ], [ -79.2674349, 43.7579463 ], [ -79.2678216, 43.7589012 ], [ -79.2682973, 43.7601443 ], [ -79.2689099, 43.7617207 ], [ -79.269259, 43.7625855 ], [ -79.2701699, 43.7649457 ], [ -79.2705459, 43.7658735 ], [ -79.2708411, 43.7666572 ], [ -79.2709428, 43.7670625 ], [ -79.2710848, 43.7678436 ], [ -79.2711647, 43.7681298 ], [ -79.2711938, 43.7683038 ], [ -79.2712814, 43.7686637 ], [ -79.2713695, 43.7689267 ], [ -79.2716386, 43.7696503 ], [ -79.2726094, 43.7720384 ], [ -79.2729071, 43.7727392 ], [ -79.2729744, 43.7729589 ], [ -79.2732927, 43.7736697 ], [ -79.2740014, 43.7754369 ], [ -79.2747695, 43.777288 ], [ -79.2838669, 43.7751843 ], [ -79.2846151, 43.77501 ], [ -79.2918492, 43.7733251 ], [ -79.2944198, 43.7727172 ], [ -79.2927206, 43.7687614 ], [ -79.2915573, 43.7660533 ], [ -79.2913878, 43.7656588 ], [ -79.2913463, 43.7655467 ], [ -79.2913163, 43.7654328 ], [ -79.2912979, 43.7653175 ], [ -79.2912912, 43.7652016 ], [ -79.2912971, 43.7650788 ], [ -79.2913161, 43.7649566 ], [ -79.2913482, 43.7648359 ], [ -79.2913932, 43.7647174 ], [ -79.2914409, 43.7645885 ], [ -79.2914767, 43.7644576 ], [ -79.2915004, 43.7643253 ], [ -79.2915119, 43.7641922 ], [ -79.2915112, 43.7640588 ], [ -79.2914987, 43.7639289 ], [ -79.2914746, 43.7637999 ], [ -79.2914391, 43.7636723 ], [ -79.2913922, 43.7635467 ], [ -79.2913342, 43.7634234 ], [ -79.2816138, 43.7394451 ], [ -79.270885, 43.7442353 ], [ -79.2682781, 43.7459122 ], [ -79.2659079, 43.7473554 ], [ -79.2639769, 43.7485748 ], [ -79.2644508, 43.7496861 ] ] ] } },
{ "type": "Feature", "properties": { "name": "Taylor-Massey", "overture_id": "65ad5c58-c84d-4804-a4a4-e77390d6fdeb", "division_id": "1d176456-299e-4074-b758-1ce3a48b2f0d" }, "geometry": { "type": "Polygon", "coordinates": [ [ [ -79.2983991, 43.6952996 ], [ -79.3006025, 43.6960957 ], [ -79.3029575, 43.6968985 ], [ -79.3063116, 43.6980495 ], [ -79.3058369, 43.6970488 ], [ -79.3057658, 43.6970236 ], [ -79.305688, 43.6969393 ], [ -79.3056303, 43.6968297 ], [ -79.3052065, 43.6958756 ], [ -79.3047693, 43.6948361 ], [ -79.3041202, 43.6933389 ], [ -79.3034028, 43.6917001 ], [ -79.30284, 43.6904154 ], [ -79.301546, 43.6907155 ], [ -79.2999435, 43.6910849 ], [ -79.2970349, 43.6917509 ], [ -79.29585, 43.6920259 ], [ -79.2948878, 43.6922487 ], [ -79.2948195, 43.6922628 ], [ -79.2942673, 43.6923861 ], [ -79.2937086, 43.6910807 ], [ -79.293282, 43.6900893 ], [ -79.2932294, 43.6899666 ], [ -79.2926935, 43.6887163 ], [ -79.2890929, 43.689498 ], [ -79.2877748, 43.689786 ], [ -79.2896899, 43.6945485 ], [ -79.2910344, 43.6976471 ], [ -79.2933746, 43.7030403 ], [ -79.2945246, 43.7027635 ], [ -79.2968173, 43.7022511 ], [ -79.2968836, 43.7022492 ], [ -79.2969306, 43.7022564 ], [ -79.2969413, 43.7013315 ], [ -79.2969105, 43.7011405 ], [ -79.2969158, 43.7008991 ], [ -79.2969775, 43.7004628 ], [ -79.2970285, 43.699628 ], [ -79.297066, 43.6990016 ], [ -79.2970687, 43.698574 ], [ -79.2970701, 43.6980533 ], [ -79.297066, 43.6977993 ], [ -79.2970942, 43.697489 ], [ -79.2971157, 43.697362 ], [ -79.2972069, 43.6969839 ], [ -79.2973128, 43.6965281 ], [ -79.297412, 43.6961354 ], [ -79.2974442, 43.6958998 ], [ -79.297459, 43.6956729 ], [ -79.2973892, 43.6952075 ], [ -79.2973369, 43.6949156 ], [ -79.2983991, 43.6952996 ] ] ] } },
{ "type": "Feature", "properties": { "name": "Cliffcrest", "overture_id": "04eda1c3-0a23-4c06-a2e8-c53e668193ad", "division_id": "a7925b1f-11db-4351-abd2-4cb1b203e436" }, "geometry": { "type": "Polygon", "coordinates": [ [ [ -79.2234276, 43.7078664 ], [ -79.2218535, 43.715376 ], [ -79.2127236, 43.7242497 ], [ -79.2115094, 43.7253709 ], [ -79.2139799, 43.7268025 ], [ -79.2140159, 43.7269435 ], [ -79.2140849, 43.727129 ], [ -79.2141306, 43.7272015 ], [ -79.214224, 43.7272992 ], [ -79.2142988, 43.7273482 ], [ -79.2143857, 43.7273925 ], [ -79.2144899, 43.7274323 ], [ -79.2146819, 43.7274826 ], [ -79.2149524, 43.7275298 ], [ -79.2161079, 43.727661 ], [ -79.2164782, 43.7277163 ], [ -79.2167054, 43.727767 ], [ -79.2167244, 43.7277642 ], [ -79.2172538, 43.7278416 ], [ -79.2175766, 43.7278689 ], [ -79.2178865, 43.7278756 ], [ -79.2180428, 43.727884 ], [ -79.218204, 43.7279169 ], [ -79.2183333, 43.7279746 ], [ -79.2185504, 43.7281098 ], [ -79.2189885, 43.7281752 ], [ -79.219459, 43.7283275 ], [ -79.2196054, 43.7283721 ], [ -79.2197597, 43.7284109 ], [ -79.2199061, 43.728469 ], [ -79.2200588, 43.7284952 ], [ -79.220293, 43.7286005 ], [ -79.2205655, 43.7287886 ], [ -79.2206932, 43.7288882 ], [ -79.2208071, 43.728959 ], [ -79.2209466, 43.7290251 ], [ -79.2212542, 43.7291059 ], [ -79.2214458, 43.7291763 ], [ -79.2217603, 43.7292916 ], [ -79.2220663, 43.7294109 ], [ -79.2222074, 43.7294605 ], [ -79.2224373, 43.7295709 ], [ -79.2225437, 43.7296112 ], [ -79.2226826, 43.7296666 ], [ -79.2227923, 43.7297182 ], [ -79.2228939, 43.7297508 ], [ -79.2230318, 43.7297835 ], [ -79.2231361, 43.7297981 ], [ -79.2233964, 43.7298224 ], [ -79.223823, 43.729911 ], [ -79.2239665, 43.7299546 ], [ -79.2242695, 43.7300922 ], [ -79.2243554, 43.7301397 ], [ -79.2244197, 43.7302095 ], [ -79.2244868, 43.730256 ], [ -79.2245954, 43.7303461 ], [ -79.2246974, 43.7304663 ], [ -79.2247309, 43.7306339 ], [ -79.2247423, 43.7308282 ], [ -79.224759, 43.7308965 ], [ -79.2248496, 43.7310085 ], [ -79.2253896, 43.7313004 ], [ -79.2245753, 43.7320589 ], [ -79.2258112, 43.7348963 ], [ -79.2282469, 43.7407254 ], [ -79.2287636, 43.7410264 ], [ -79.228955, 43.7414573 ], [ -79.2289802, 43.741441 ], [ -79.2296649, 43.7409987 ], [ -79.2299862, 43.7407956 ], [ -79.2299881, 43.7405746 ], [ -79.2308322, 43.7402464 ], [ -79.240281, 43.7343686 ], [ -79.241717, 43.7334621 ], [ -79.2425027, 43.7329615 ], [ -79.2429235, 43.7326966 ], [ -79.2442178, 43.7317467 ], [ -79.2453684, 43.7307467 ], [ -79.2454999, 43.7306218 ], [ -79.245636, 43.7304876 ], [ -79.2462015, 43.7299043 ], [ -79.2467438, 43.7292791 ], [ -79.2473285, 43.7285428 ], [ -79.2481626, 43.7272883 ], [ -79.2541481, 43.7183173 ], [ -79.2543145, 43.7180804 ], [ -79.2512952, 43.7187657 ], [ -79.2493217, 43.7139635 ], [ -79.2480657, 43.7108336 ], [ -79.2467658, 43.7076887 ], [ -79.2470057, 43.7075153 ], [ -79.2473461, 43.7072603 ], [ -79.2474473, 43.707158 ], [ -79.2475079, 43.7070518 ], [ -79.2475388, 43.7069302 ], [ -79.2475377, 43.7068433 ], [ -79.2475037, 43.7067202 ], [ -79.247476, 43.7066571 ], [ -79.2471514, 43.7061638 ], [ -79.2470971, 43.7060684 ], [ -79.247047, 43.7059653 ], [ -79.24698, 43.705796 ], [ -79.2468767, 43.7052343 ], [ -79.2468448, 43.7051012 ], [ -79.2467958, 43.7049904 ], [ -79.2467086, 43.7048719 ], [ -79.2465936, 43.7047634 ], [ -79.2464786, 43.7046934 ], [ -79.2463222, 43.7046195 ], [ -79.246221, 43.7045879 ], [ -79.2461082, 43.704561 ], [ -79.245841, 43.7045295 ], [ -79.2457186, 43.7045064 ], [ -79.2456037, 43.7044664 ], [ -79.2454972, 43.704414 ], [ -79.2454163, 43.7043494 ], [ -79.2453439, 43.7042624 ], [ -79.2452811, 43.7041678 ], [ -79.2446883, 43.7027981 ], [ -79.2443764, 43.701977 ], [ -79.2440486, 43.6984211 ], [ -79.2331872, 43.7005834 ], [ -79.2234276, 43.7078664 ] ] ] } },
{ "type": "Feature", "properties": { "name": "Golfdale-Cedarbrae-Woburn", "overture_id": "cd8b21ea-c14d-4b72-bed9-7c1e723e389f", "division_id": "ca09b059-df71-44fb-8266-8b109577bb0a" }, "geometry": { "type": "Polygon", "coordinates": [ [ [ -79.2380153, 43.7535 ], [ -79.2378324, 43.7533577 ], [ -79.2375875, 43.753393 ], [ -79.2375836, 43.753393 ], [ -79.237258, 43.753393 ], [ -79.2369502, 43.753356 ], [ -79.2366849, 43.7533111 ], [ -79.236409, 43.7532805 ], [ -79.2360725, 43.7533152 ], [ -79.235799, 43.7533214 ], [ -79.2355041, 43.7532069 ], [ -79.2352174, 43.7531428 ], [ -79.2348581, 43.753081 ], [ -79.2345183, 43.753019 ], [ -79.2341985, 43.7530331 ], [ -79.2339547, 43.7531112 ], [ -79.2338524, 43.7531379 ], [ -79.228955, 43.7414573 ], [ -79.2278385, 43.7421786 ], [ -79.2275343, 43.7423976 ], [ -79.2264699, 43.7431641 ], [ -79.2248864, 43.7443973 ], [ -79.2247367, 43.7445167 ], [ -79.2242728, 43.7449081 ], [ -79.2236808, 43.7454322 ], [ -79.2225075, 43.7465635 ], [ -79.2220235, 43.7469985 ], [ -79.221986, 43.7470281 ], [ -79.2218718, 43.7471181 ], [ -79.2212039, 43.7476449 ], [ -79.2209061, 43.7478616 ], [ -79.2209058, 43.7478618 ], [ -79.2205778, 43.7480628 ], [ -79.2199416, 43.7484099 ], [ -79.219286, 43.7487224 ], [ -79.218636, 43.7489896 ], [ -79.2180475, 43.7491963 ], [ -79.2172675, 43.7494235 ], [ -79.2135946, 43.7503542 ], [ -79.2133713, 43.7504165 ], [ -79.2130167, 43.7505181 ], [ -79.212453, 43.7507067 ], [ -79.2119386, 43.7509077 ], [ -79.2112823, 43.751164 ], [ -79.21112, 43.7512274 ], [ -79.2093138, 43.7520334 ], [ -79.2078063, 43.7526665 ], [ -79.2075304, 43.7527761 ], [ -79.207024, 43.7529592 ], [ -79.2064521, 43.753154 ], [ -79.2056542, 43.7533977 ], [ -79.2047494, 43.7536237 ], [ -79.2045233, 43.7536801 ], [ -79.2034225, 43.7539013 ], [ -79.2039779, 43.7554675 ], [ -79.2027672, 43.7558597 ], [ -79.2034087, 43.7571546 ], [ -79.2038057, 43.7574229 ], [ -79.2036588, 43.7574761 ], [ -79.2035362, 43.7576535 ], [ -79.2034511, 43.7577577 ], [ -79.2034576, 43.7578122 ], [ -79.2032608, 43.7580057 ], [ -79.2031272, 43.7580917 ], [ -79.202852, 43.7583598 ], [ -79.2026832, 43.7586038 ], [ -79.202666, 43.7587806 ], [ -79.2027877, 43.7590243 ], [ -79.2026307, 43.7593037 ], [ -79.2026008, 43.7595017 ], [ -79.2024671, 43.7598449 ], [ -79.2024759, 43.7599372 ], [ -79.2024284, 43.7602576 ], [ -79.202431, 43.7606038 ], [ -79.2023949, 43.760685 ], [ -79.2023274, 43.7607529 ], [ -79.2020298, 43.7608671 ], [ -79.201804, 43.760918 ], [ -79.2017147, 43.7609818 ], [ -79.2016823, 43.7610868 ], [ -79.2017003, 43.7612294 ], [ -79.2017159, 43.761281 ], [ -79.2017671, 43.7613152 ], [ -79.2018658, 43.7614281 ], [ -79.2019342, 43.7614889 ], [ -79.2020098, 43.7615971 ], [ -79.2021222, 43.7616995 ], [ -79.2022137, 43.7618195 ], [ -79.2022452, 43.7619063 ], [ -79.2023094, 43.7620021 ], [ -79.202573, 43.7622499 ], [ -79.2026533, 43.7623457 ], [ -79.2027919, 43.7625846 ], [ -79.2025082, 43.7627868 ], [ -79.2021923, 43.7629058 ], [ -79.2021028, 43.7629538 ], [ -79.2019018, 43.762961 ], [ -79.2016685, 43.7630003 ], [ -79.2015386, 43.763061 ], [ -79.2014425, 43.7631911 ], [ -79.2013898, 43.7633862 ], [ -79.2013689, 43.7637254 ], [ -79.2013317, 43.7638945 ], [ -79.2013417, 43.7640368 ], [ -79.2013831, 43.7641544 ], [ -79.2014294, 43.7642215 ], [ -79.2016582, 43.7644203 ], [ -79.2017484, 43.7644651 ], [ -79.2018752, 43.7645733 ], [ -79.2020618, 43.7648702 ], [ -79.2035548, 43.7645285 ], [ -79.2056282, 43.7640481 ], [ -79.205875, 43.7645857 ], [ -79.2067862, 43.7667992 ], [ -79.2087476, 43.7714512 ], [ -79.2099103, 43.7712081 ], [ -79.2101289, 43.7711674 ], [ -79.2103073, 43.7711548 ], [ -79.2104481, 43.7711635 ], [ -79.210719, 43.7711635 ], [ -79.2118536, 43.7711752 ], [ -79.2120333, 43.7711732 ], [ -79.2122184, 43.771179 ], [ -79.212378, 43.7711655 ], [ -79.2125966, 43.7711548 ], [ -79.2127749, 43.7711364 ], [ -79.2129774, 43.7711025 ], [ -79.214285, 43.7708033 ], [ -79.2186812, 43.7698155 ], [ -79.2206546, 43.7747134 ], [ -79.2222172, 43.7785569 ], [ -79.2233539, 43.7782876 ], [ -79.2265742, 43.7775892 ], [ -79.2287361, 43.7771065 ], [ -79.2317568, 43.7764362 ], [ -79.2316094, 43.7760694 ], [ -79.2314485, 43.7755348 ], [ -79.2311829, 43.7748066 ], [ -79.2298016, 43.7712546 ], [ -79.2295414, 43.7706251 ], [ -79.2290311, 43.7693644 ], [ -79.2283539, 43.767589 ], [ -79.2273822, 43.7651745 ], [ -79.2262528, 43.7622013 ], [ -79.2254827, 43.7603182 ], [ -79.225408, 43.7600301 ], [ -79.2253243, 43.7598227 ], [ -79.2258286, 43.759707 ], [ -79.226979, 43.7594666 ], [ -79.2309235, 43.7586388 ], [ -79.2330779, 43.7581848 ], [ -79.235276, 43.7577203 ], [ -79.2432372, 43.7560185 ], [ -79.2431723, 43.755829 ], [ -79.2431466, 43.7557784 ], [ -79.2430045, 43.7556406 ], [ -79.2427905, 43.7556474 ], [ -79.2425025, 43.7557386 ], [ -79.2421689, 43.7556768 ], [ -79.2418554, 43.75555 ], [ -79.2415391, 43.7554049 ], [ -79.2411976, 43.7552928 ], [ -79.2409372, 43.7552201 ], [ -79.2406636, 43.7552327 ], [ -79.2404225, 43.7551473 ], [ -79.24011, 43.7551129 ], [ -79.2398686, 43.7549568 ], [ -79.2396811, 43.7547933 ], [ -79.2394239, 43.7547096 ], [ -79.2391425, 43.7546154 ], [ -79.2388391, 43.7544731 ], [ -79.2385416, 43.7543288 ], [ -79.2382953, 43.7541622 ], [ -79.2382372, 43.7541327 ], [ -79.2381906, 43.7539383 ], [ -79.2381311, 43.753706 ], [ -79.2380153, 43.7535 ] ] ] } },
{ "type": "Feature", "properties": { "name": "Scarborough Village", "overture_id": "0430fb65-6625-4fc8-86a1-9f0f0b12d66b", "division_id": "486d1bb7-1b33-4ed5-9520-eca9663fd0db" }, "geometry": { "type": "Polygon", "coordinates": [ [ [ -79.2140849, 43.727129 ], [ -79.2140159, 43.7269435 ], [ -79.2139799, 43.7268025 ], [ -79.2115094, 43.7253709 ], [ -79.2042233, 43.7320985 ], [ -79.2036788, 43.7325773 ], [ -79.2054066, 43.7366762 ], [ -79.2055692, 43.7370727 ], [ -79.2058835, 43.7376946 ], [ -79.2076061, 43.7360608 ], [ -79.2082746, 43.7375747 ], [ -79.2083244, 43.7377189 ], [ -79.2083526, 43.7378269 ], [ -79.208367, 43.737899 ], [ -79.208386, 43.7379801 ], [ -79.2083949, 43.7380611 ], [ -79.2083992, 43.7381241 ], [ -79.2084004, 43.7381961 ], [ -79.2083963, 43.7382501 ], [ -79.2084091, 43.7383134 ], [ -79.2083976, 43.7383853 ], [ -79.2083863, 43.7384666 ], [ -79.208356, 43.7387005 ], [ -79.2083439, 43.7388187 ], [ -79.2083399, 43.7389199 ], [ -79.2083352, 43.7389994 ], [ -79.2083292, 43.7390963 ], [ -79.2083392, 43.7392067 ], [ -79.2083493, 43.7392949 ], [ -79.2083419, 43.7393942 ], [ -79.20836, 43.7394747 ], [ -79.2083891, 43.7395734 ], [ -79.2084067, 43.7396366 ], [ -79.2084473, 43.7397445 ], [ -79.2085967, 43.7401229 ], [ -79.2087842, 43.7405195 ], [ -79.2088588, 43.7406457 ], [ -79.2087672, 43.7408165 ], [ -79.2085749, 43.741113 ], [ -79.2085005, 43.7412659 ], [ -79.2084677, 43.7414548 ], [ -79.2084211, 43.7416257 ], [ -79.2083666, 43.7420036 ], [ -79.2083577, 43.7420756 ], [ -79.2083302, 43.7421385 ], [ -79.2082935, 43.7421924 ], [ -79.2082536, 43.7422554 ], [ -79.2081982, 43.7423272 ], [ -79.208125, 43.742381 ], [ -79.2080308, 43.7424528 ], [ -79.2078915, 43.7425245 ], [ -79.2089934, 43.7451537 ], [ -79.2093493, 43.7460026 ], [ -79.2098094, 43.7470397 ], [ -79.2100949, 43.7476856 ], [ -79.2103135, 43.7481833 ], [ -79.2108454, 43.7493908 ], [ -79.2110973, 43.7499765 ], [ -79.2111669, 43.7501572 ], [ -79.2112055, 43.750265 ], [ -79.211228, 43.7503638 ], [ -79.211241, 43.7504451 ], [ -79.2112548, 43.7505348 ], [ -79.2112682, 43.7509763 ], [ -79.2112796, 43.7511292 ], [ -79.2112823, 43.751164 ], [ -79.2119386, 43.7509077 ], [ -79.212453, 43.7507067 ], [ -79.2130167, 43.7505181 ], [ -79.2133713, 43.7504165 ], [ -79.2135946, 43.7503542 ], [ -79.2172675, 43.7494235 ], [ -79.2180475, 43.7491963 ], [ -79.218636, 43.7489896 ], [ -79.219286, 43.7487224 ], [ -79.2199416, 43.7484099 ], [ -79.2205778, 43.7480628 ], [ -79.2209058, 43.7478618 ], [ -79.2209061, 43.7478616 ], [ -79.2212039, 43.7476449 ], [ -79.2218718, 43.7471181 ], [ -79.221986, 43.7470281 ], [ -79.2220235, 43.7469985 ], [ -79.2225075, 43.7465635 ], [ -79.2236808, 43.7454322 ], [ -79.2242728, 43.7449081 ], [ -79.2247367, 43.7445167 ], [ -79.2248864, 43.7443973 ], [ -79.2264699, 43.7431641 ], [ -79.2275343, 43.7423976 ], [ -79.2278385, 43.7421786 ], [ -79.228955, 43.7414573 ], [ -79.2287636, 43.7410264 ], [ -79.2282469, 43.7407254 ], [ -79.2258112, 43.7348963 ], [ -79.2245753, 43.7320589 ], [ -79.2253896, 43.7313004 ], [ -79.2248496, 43.7310085 ], [ -79.224759, 43.7308965 ], [ -79.2247423, 43.7308282 ], [ -79.2247309, 43.7306339 ], [ -79.2246974, 43.7304663 ], [ -79.2245954, 43.7303461 ], [ -79.2244868, 43.730256 ], [ -79.2244197, 43.7302095 ], [ -79.2243554, 43.7301397 ], [ -79.2242695, 43.7300922 ], [ -79.2239665, 43.7299546 ], [ -79.223823, 43.729911 ], [ -79.2233964, 43.7298224 ], [ -79.2231361, 43.7297981 ], [ -79.2230318, 43.7297835 ], [ -79.2228939, 43.7297508 ], [ -79.2227923, 43.7297182 ], [ -79.2226826, 43.7296666 ], [ -79.2225437, 43.7296112 ], [ -79.2224373, 43.7295709 ], [ -79.2222074, 43.7294605 ], [ -79.2220663, 43.7294109 ], [ -79.2217603, 43.7292916 ], [ -79.2214458, 43.7291763 ], [ -79.2212542, 43.7291059 ], [ -79.2209466, 43.7290251 ], [ -79.2208071, 43.728959 ], [ -79.2206932, 43.7288882 ], [ -79.2205655, 43.7287886 ], [ -79.220293, 43.7286005 ], [ -79.2200588, 43.7284952 ], [ -79.2199061, 43.728469 ], [ -79.2197597, 43.7284109 ], [ -79.2196054, 43.7283721 ], [ -79.219459, 43.7283275 ], [ -79.2189885, 43.7281752 ], [ -79.2185504, 43.7281098 ], [ -79.2183333, 43.7279746 ], [ -79.218204, 43.7279169 ], [ -79.2180428, 43.727884 ], [ -79.2178865, 43.7278756 ], [ -79.2175766, 43.7278689 ], [ -79.2172538, 43.7278416 ], [ -79.2167244, 43.7277642 ], [ -79.2167054, 43.727767 ], [ -79.2164782, 43.7277163 ], [ -79.2161079, 43.727661 ], [ -79.2149524, 43.7275298 ], [ -79.2146819, 43.7274826 ], [ -79.2144899, 43.7274323 ], [ -79.2143857, 43.7273925 ], [ -79.2142988, 43.7273482 ], [ -79.214224, 43.7272992 ], [ -79.2141306, 43.7272015 ], [ -79.2140849, 43.727129 ] ] ] } },
{ "type": "Feature", "properties": { "name": "Guildwood", "overture_id": "4d719a7c-0dee-4e1a-87cb-0626b8f3a642", "division_id": "a8c9e1fc-07a5-4227-ac15-e60d52a74f90" }, "geometry": { "type": "Polygon", "coordinates": [ [ [ -79.1959485, 43.7553562 ], [ -79.1966007, 43.7552342 ], [ -79.1994597, 43.7546874 ], [ -79.2019343, 43.7542162 ], [ -79.2029087, 43.7540046 ], [ -79.2034225, 43.7539013 ], [ -79.2045233, 43.7536801 ], [ -79.2047494, 43.7536237 ], [ -79.2056542, 43.7533977 ], [ -79.2064521, 43.753154 ], [ -79.207024, 43.7529592 ], [ -79.2075304, 43.7527761 ], [ -79.2078063, 43.7526665 ], [ -79.2093138, 43.7520334 ], [ -79.21112, 43.7512274 ], [ -79.2112823, 43.751164 ], [ -79.2112796, 43.7511292 ], [ -79.2112682, 43.7509763 ], [ -79.2112548, 43.7505348 ], [ -79.211241, 43.7504451 ], [ -79.211228, 43.7503638 ], [ -79.2112055, 43.750265 ], [ -79.2111669, 43.7501572 ], [ -79.2110973, 43.7499765 ], [ -79.2108454, 43.7493908 ], [ -79.2103135, 43.7481833 ], [ -79.2100949, 43.7476856 ], [ -79.2098094, 43.7470397 ], [ -79.2093493, 43.7460026 ], [ -79.2089934, 43.7451537 ], [ -79.2078915, 43.7425245 ], [ -79.2080308, 43.7424528 ], [ -79.208125, 43.742381 ], [ -79.2081982, 43.7423272 ], [ -79.2082536, 43.7422554 ], [ -79.2082935, 43.7421924 ], [ -79.2083302, 43.7421385 ], [ -79.2083577, 43.7420756 ], [ -79.2083666, 43.7420036 ], [ -79.2084211, 43.7416257 ], [ -79.2084677, 43.7414548 ], [ -79.2085005, 43.7412659 ], [ -79.2085749, 43.741113 ], [ -79.2087672, 43.7408165 ], [ -79.2088588, 43.7406457 ], [ -79.2087842, 43.7405195 ], [ -79.2085967, 43.7401229 ], [ -79.2084473, 43.7397445 ], [ -79.2084067, 43.7396366 ], [ -79.2083891, 43.7395734 ], [ -79.20836, 43.7394747 ], [ -79.2083419, 43.7393942 ], [ -79.2083493, 43.7392949 ], [ -79.2083392, 43.7392067 ], [ -79.2083292, 43.7390963 ], [ -79.2083352, 43.7389994 ], [ -79.2083399, 43.7389199 ], [ -79.2083439, 43.7388187 ], [ -79.208356, 43.7387005 ], [ -79.2083863, 43.7384666 ], [ -79.2083976, 43.7383853 ], [ -79.2084091, 43.7383134 ], [ -79.2083963, 43.7382501 ], [ -79.2084004, 43.7381961 ], [ -79.2083992, 43.7381241 ], [ -79.2083949, 43.7380611 ], [ -79.208386, 43.7379801 ], [ -79.208367, 43.737899 ], [ -79.2083526, 43.7378269 ], [ -79.2083244, 43.7377189 ], [ -79.2082746, 43.7375747 ], [ -79.2076061, 43.7360608 ], [ -79.2058835, 43.7376946 ], [ -79.2055692, 43.7370727 ], [ -79.2054066, 43.7366762 ], [ -79.2036788, 43.7325773 ], [ -79.1881673, 43.7452912 ], [ -79.1767871, 43.7504033 ], [ -79.1694352, 43.7537057 ], [ -79.1707485, 43.7556223 ], [ -79.170806, 43.7557004 ], [ -79.1709276, 43.7558127 ], [ -79.1710899, 43.7559396 ], [ -79.1711676, 43.7560885 ], [ -79.1713568, 43.7561764 ], [ -79.1715055, 43.7562862 ], [ -79.1716137, 43.7564302 ], [ -79.1717117, 43.756584 ], [ -79.1718536, 43.7566743 ], [ -79.1719753, 43.7567744 ], [ -79.1721611, 43.756833 ], [ -79.1722524, 43.7569477 ], [ -79.1724788, 43.7569452 ], [ -79.1726579, 43.7568745 ], [ -79.1728471, 43.7568745 ], [ -79.1730533, 43.7569599 ], [ -79.1732594, 43.7570575 ], [ -79.1734723, 43.757182 ], [ -79.1736413, 43.7573016 ], [ -79.1738305, 43.7573626 ], [ -79.1740164, 43.7574627 ], [ -79.1741921, 43.7575725 ], [ -79.1742935, 43.7577092 ], [ -79.1745064, 43.757719 ], [ -79.174672, 43.7576702 ], [ -79.174797, 43.7577141 ], [ -79.1756655, 43.7581852 ], [ -79.176605, 43.7586856 ], [ -79.1772065, 43.7590077 ], [ -79.1786934, 43.7587124 ], [ -79.1809306, 43.7582877 ], [ -79.1818936, 43.7581092 ], [ -79.1839382, 43.7577068 ], [ -79.1855671, 43.7573919 ], [ -79.187225, 43.7570762 ], [ -79.1893858, 43.7566499 ], [ -79.1904604, 43.75644 ], [ -79.1921569, 43.756108 ], [ -79.1934681, 43.755842 ], [ -79.1947319, 43.755593 ], [ -79.1959485, 43.7553562 ] ] ] } },
{ "type": "Feature", "properties": { "name": "West Hill", "overture_id": "a3627f2c-1ac1-4654-8a2e-12d880bcfeb0", "division_id": "5c5fea9f-557d-48ea-87fa-888d81a7964a" }, "geometry": { "type": "Polygon", "coordinates": [ [ [ -79.2039779, 43.7554675 ], [ -79.2034225, 43.7539013 ], [ -79.2029087, 43.7540046 ], [ -79.2019343, 43.7542162 ], [ -79.1994597, 43.7546874 ], [ -79.1966007, 43.7552342 ], [ -79.1959485, 43.7553562 ], [ -79.1947319, 43.755593 ], [ -79.1934681, 43.755842 ], [ -79.1921569, 43.756108 ], [ -79.1904604, 43.75644 ], [ -79.1893858, 43.7566499 ], [ -79.187225, 43.7570762 ], [ -79.1855671, 43.7573919 ], [ -79.1839382, 43.7577068 ], [ -79.1818936, 43.7581092 ], [ -79.1809306, 43.7582877 ], [ -79.1786934, 43.7587124 ], [ -79.1772065, 43.7590077 ], [ -79.176605, 43.7586856 ], [ -79.1756655, 43.7581852 ], [ -79.174797, 43.7577141 ], [ -79.174672, 43.7576702 ], [ -79.1745064, 43.757719 ], [ -79.1742935, 43.7577092 ], [ -79.1741921, 43.7575725 ], [ -79.1740164, 43.7574627 ], [ -79.1738305, 43.7573626 ], [ -79.1736413, 43.7573016 ], [ -79.1734723, 43.757182 ], [ -79.1732594, 43.7570575 ], [ -79.1730533, 43.7569599 ], [ -79.1728471, 43.7568745 ], [ -79.1726579, 43.7568745 ], [ -79.1724788, 43.7569452 ], [ -79.1722524, 43.7569477 ], [ -79.1721611, 43.756833 ], [ -79.1719753, 43.7567744 ], [ -79.1718536, 43.7566743 ], [ -79.1717117, 43.756584 ], [ -79.1716137, 43.7564302 ], [ -79.1715055, 43.7562862 ], [ -79.1713568, 43.7561764 ], [ -79.1711676, 43.7560885 ], [ -79.1710899, 43.7559396 ], [ -79.1709276, 43.7558127 ], [ -79.170806, 43.7557004 ], [ -79.1707485, 43.7556223 ], [ -79.1694352, 43.7537057 ], [ -79.1499161, 43.7579125 ], [ -79.1430878, 43.7637574 ], [ -79.145045, 43.7672008 ], [ -79.1451633, 43.7673082 ], [ -79.1452275, 43.7674254 ], [ -79.1452681, 43.7674961 ], [ -79.1452715, 43.767584 ], [ -79.1452343, 43.7677402 ], [ -79.1452377, 43.7678793 ], [ -79.1452951, 43.7680159 ], [ -79.1453897, 43.768138 ], [ -79.1454911, 43.76836 ], [ -79.1455519, 43.7684796 ], [ -79.1455655, 43.7685748 ], [ -79.1455655, 43.7686846 ], [ -79.1455519, 43.7687578 ], [ -79.1455013, 43.768853 ], [ -79.1454269, 43.7689311 ], [ -79.1453357, 43.7690287 ], [ -79.1452478, 43.769119 ], [ -79.1452174, 43.7692044 ], [ -79.1452208, 43.7692898 ], [ -79.1452647, 43.7694094 ], [ -79.1453627, 43.7694924 ], [ -79.1454979, 43.7695729 ], [ -79.1456331, 43.7696778 ], [ -79.1457344, 43.7698584 ], [ -79.1458426, 43.7700268 ], [ -79.1459541, 43.7701293 ], [ -79.1460724, 43.7701903 ], [ -79.1462413, 43.7702367 ], [ -79.1464171, 43.7702342 ], [ -79.1465624, 43.7701927 ], [ -79.1466333, 43.770122 ], [ -79.1467347, 43.7700097 ], [ -79.1467787, 43.7699658 ], [ -79.1468462, 43.7699219 ], [ -79.1469307, 43.7698999 ], [ -79.1470085, 43.7698901 ], [ -79.1470963, 43.7699048 ], [ -79.1472045, 43.7699731 ], [ -79.1473599, 43.7701024 ], [ -79.1474478, 43.7702147 ], [ -79.1475627, 43.7702952 ], [ -79.1477621, 43.7704172 ], [ -79.1478601, 43.7705002 ], [ -79.1480696, 43.7705807 ], [ -79.1482791, 43.7706784 ], [ -79.1484514, 43.7707589 ], [ -79.1486035, 43.7707735 ], [ -79.1487826, 43.7707662 ], [ -79.1489516, 43.7707467 ], [ -79.1491577, 43.7707638 ], [ -79.1492693, 43.770793 ], [ -79.1493842, 43.7708467 ], [ -79.1495058, 43.7709004 ], [ -79.14957, 43.7709273 ], [ -79.1496477, 43.7709346 ], [ -79.1497187, 43.7709077 ], [ -79.14981, 43.7708565 ], [ -79.1498978, 43.7707955 ], [ -79.1499789, 43.7707296 ], [ -79.1500871, 43.7706564 ], [ -79.1502222, 43.7706003 ], [ -79.1503777, 43.7705588 ], [ -79.150496, 43.7705417 ], [ -79.1506683, 43.7705612 ], [ -79.1507596, 43.7705954 ], [ -79.1508981, 43.7706051 ], [ -79.1510029, 43.770632 ], [ -79.1511178, 43.7706979 ], [ -79.1511955, 43.7707638 ], [ -79.1512698, 43.7708419 ], [ -79.1513172, 43.7709443 ], [ -79.1513645, 43.7710908 ], [ -79.1514016, 43.7711615 ], [ -79.1514084, 43.7713055 ], [ -79.1514321, 43.7714324 ], [ -79.1515098, 43.7715691 ], [ -79.1516483, 43.7717643 ], [ -79.1517497, 43.7718985 ], [ -79.151939, 43.7721132 ], [ -79.1519863, 43.7722011 ], [ -79.1520741, 43.7722914 ], [ -79.1521654, 43.772345 ], [ -79.1522904, 43.7723548 ], [ -79.1523512, 43.7723402 ], [ -79.1524121, 43.7722962 ], [ -79.1524425, 43.772206 ], [ -79.1525168, 43.7721352 ], [ -79.1526723, 43.7720547 ], [ -79.1528142, 43.7719839 ], [ -79.1530204, 43.7719571 ], [ -79.1533144, 43.7719815 ], [ -79.1536084, 43.7720498 ], [ -79.1538618, 43.7721181 ], [ -79.15422, 43.772267 ], [ -79.1544363, 43.7723817 ], [ -79.1546965, 43.7725573 ], [ -79.1549162, 43.7727404 ], [ -79.1553014, 43.7730503 ], [ -79.1557881, 43.7734139 ], [ -79.1559165, 43.7735383 ], [ -79.1560719, 43.7736091 ], [ -79.1575217, 43.7748584 ], [ -79.1576231, 43.7749682 ], [ -79.1578123, 43.7751415 ], [ -79.1579306, 43.7752757 ], [ -79.1580996, 43.7754416 ], [ -79.1582854, 43.775588 ], [ -79.1584713, 43.7757491 ], [ -79.15862, 43.775893 ], [ -79.1587349, 43.7759955 ], [ -79.1588599, 43.7760834 ], [ -79.1589545, 43.7761541 ], [ -79.1591438, 43.7762468 ], [ -79.1595527, 43.7764347 ], [ -79.1601001, 43.7766665 ], [ -79.1603164, 43.776791 ], [ -79.1604685, 43.7768739 ], [ -79.160553, 43.7769105 ], [ -79.1606645, 43.7769447 ], [ -79.1607794, 43.776974 ], [ -79.1609011, 43.7770033 ], [ -79.1610802, 43.777035 ], [ -79.1612525, 43.7770716 ], [ -79.1615093, 43.7771277 ], [ -79.1617594, 43.7771326 ], [ -79.1618946, 43.7771277 ], [ -79.1621244, 43.7771082 ], [ -79.1623711, 43.7771033 ], [ -79.1624758, 43.7771253 ], [ -79.1626043, 43.7771204 ], [ -79.1627361, 43.7771472 ], [ -79.1628307, 43.7772058 ], [ -79.1629456, 43.777279 ], [ -79.1630537, 43.7773912 ], [ -79.163101, 43.7775254 ], [ -79.1631179, 43.7776938 ], [ -79.1631281, 43.7778377 ], [ -79.1631281, 43.7780695 ], [ -79.163145, 43.7782233 ], [ -79.1631585, 43.7783989 ], [ -79.1631619, 43.7785453 ], [ -79.1631483, 43.7786942 ], [ -79.1631619, 43.7787991 ], [ -79.1632024, 43.7788991 ], [ -79.1632531, 43.7789894 ], [ -79.1633308, 43.7790431 ], [ -79.1634119, 43.7790675 ], [ -79.1635234, 43.7790675 ], [ -79.1639594, 43.778965 ], [ -79.1642703, 43.7787332 ], [ -79.1645744, 43.7784307 ], [ -79.1648515, 43.7781476 ], [ -79.1652402, 43.7779671 ], [ -79.1655984, 43.7778451 ], [ -79.1658755, 43.7780744 ], [ -79.1658755, 43.7784599 ], [ -79.1657707, 43.7788113 ], [ -79.1656558, 43.779231 ], [ -79.1656862, 43.7795677 ], [ -79.1660647, 43.7797458 ], [ -79.1665514, 43.7798678 ], [ -79.1670279, 43.7800044 ], [ -79.1674706, 43.7801118 ], [ -79.1678423, 43.7800215 ], [ -79.1680146, 43.7797824 ], [ -79.1679808, 43.7794994 ], [ -79.1679606, 43.7791944 ], [ -79.1680991, 43.7788967 ], [ -79.1684539, 43.7787161 ], [ -79.1688696, 43.7786356 ], [ -79.1692684, 43.7785331 ], [ -79.16963, 43.7784185 ], [ -79.1699206, 43.7785161 ], [ -79.1699307, 43.7788211 ], [ -79.1698699, 43.7791212 ], [ -79.1697888, 43.7794042 ], [ -79.1699578, 43.7796848 ], [ -79.1703194, 43.7799312 ], [ -79.1706167, 43.780063 ], [ -79.1708398, 43.7800752 ], [ -79.1712352, 43.7800239 ], [ -79.1715495, 43.779819 ], [ -79.1718029, 43.7795701 ], [ -79.172151, 43.7794213 ], [ -79.1725531, 43.7794506 ], [ -79.1728708, 43.7795921 ], [ -79.1732932, 43.7796555 ], [ -79.1736987, 43.7795652 ], [ -79.1740637, 43.7794432 ], [ -79.1744591, 43.7794506 ], [ -79.1747092, 43.7796531 ], [ -79.174939, 43.7798897 ], [ -79.1752499, 43.7802045 ], [ -79.1753487, 43.7802718 ], [ -79.175633, 43.7804452 ], [ -79.1760246, 43.7806417 ], [ -79.1764002, 43.7808102 ], [ -79.176777, 43.7807308 ], [ -79.1771539, 43.7806165 ], [ -79.1775696, 43.7806243 ], [ -79.1779438, 43.7806717 ], [ -79.1783246, 43.7807027 ], [ -79.1787457, 43.7807753 ], [ -79.1791508, 43.7808789 ], [ -79.1795665, 43.7808896 ], [ -79.1799527, 43.7808731 ], [ -79.1803645, 43.7809825 ], [ -79.1807587, 43.7810987 ], [ -79.1811651, 43.781214 ], [ -79.181554, 43.7811384 ], [ -79.1818531, 43.7809438 ], [ -79.1819362, 43.7808722 ], [ -79.1821066, 43.7807182 ], [ -79.1823882, 43.7805294 ], [ -79.1825813, 43.7803115 ], [ -79.1828616, 43.7801847 ], [ -79.1832572, 43.7802128 ], [ -79.183618, 43.7802534 ], [ -79.1839667, 43.7803512 ], [ -79.1843408, 43.7804771 ], [ -79.184664, 43.7806601 ], [ -79.1852769, 43.7810842 ], [ -79.1856846, 43.7811133 ], [ -79.1859944, 43.7809932 ], [ -79.1861755, 43.7807879 ], [ -79.1862854, 43.7805575 ], [ -79.1863753, 43.7802941 ], [ -79.1864182, 43.7800327 ], [ -79.1864665, 43.7797606 ], [ -79.1866127, 43.7794769 ], [ -79.1868956, 43.7792793 ], [ -79.1872779, 43.7791651 ], [ -79.1876721, 43.7791777 ], [ -79.1881174, 43.7792222 ], [ -79.1890092, 43.7792784 ], [ -79.1894639, 43.7792522 ], [ -79.1897535, 43.7790886 ], [ -79.1900928, 43.7789772 ], [ -79.1906023, 43.7788514 ], [ -79.1907618, 43.7788022 ], [ -79.1910013, 43.7787327 ], [ -79.1912568, 43.7786036 ], [ -79.1915293, 43.7784883 ], [ -79.1918103, 43.7784499 ], [ -79.1921509, 43.7784499 ], [ -79.192515, 43.7784068 ], [ -79.1928045, 43.7783069 ], [ -79.1929407, 43.7781594 ], [ -79.1930067, 43.7779365 ], [ -79.1929301, 43.7777028 ], [ -79.1928215, 43.7775368 ], [ -79.1927406, 43.7774584 ], [ -79.1926831, 43.7772694 ], [ -79.1926831, 43.7772417 ], [ -79.1927342, 43.7771848 ], [ -79.1928109, 43.7770419 ], [ -79.1930387, 43.7768713 ], [ -79.193094, 43.776859 ], [ -79.1931792, 43.7768082 ], [ -79.1935177, 43.7767421 ], [ -79.1938625, 43.7768128 ], [ -79.1942095, 43.7769973 ], [ -79.1945459, 43.7771925 ], [ -79.1946162, 43.7772125 ], [ -79.1949397, 43.777194 ], [ -79.1950206, 43.7771449 ], [ -79.1951164, 43.7770419 ], [ -79.1951079, 43.7768297 ], [ -79.1950973, 43.7765838 ], [ -79.1950313, 43.7763609 ], [ -79.1950802, 43.7761442 ], [ -79.1950781, 43.7759182 ], [ -79.1950973, 43.7758875 ], [ -79.1951015, 43.7758106 ], [ -79.1952399, 43.7755355 ], [ -79.1955294, 43.7753971 ], [ -79.1958892, 43.7754617 ], [ -79.196117, 43.7756877 ], [ -79.1962745, 43.7759044 ], [ -79.1963427, 43.7760012 ], [ -79.1965534, 43.7761426 ], [ -79.1968642, 43.7762395 ], [ -79.1976413, 43.7762041 ], [ -79.1980011, 43.7761672 ], [ -79.1981607, 43.7760965 ], [ -79.1984396, 43.7759444 ], [ -79.1987504, 43.7756615 ], [ -79.1988398, 43.7753372 ], [ -79.1987078, 43.7749529 ], [ -79.1986482, 43.7748115 ], [ -79.1985567, 43.7745163 ], [ -79.1989162, 43.7742948 ], [ -79.1990385, 43.7741457 ], [ -79.1992245, 43.7740346 ], [ -79.1993105, 43.7739645 ], [ -79.1996693, 43.7734795 ], [ -79.1997455, 43.7730906 ], [ -79.1997408, 43.7730235 ], [ -79.1996886, 43.7728933 ], [ -79.1995588, 43.7727733 ], [ -79.1994606, 43.7725131 ], [ -79.1992518, 43.7722425 ], [ -79.1992499, 43.7722115 ], [ -79.1990584, 43.7719992 ], [ -79.1989114, 43.7718771 ], [ -79.1987927, 43.7717288 ], [ -79.1987456, 43.7716113 ], [ -79.1987649, 43.7714548 ], [ -79.1988339, 43.7712757 ], [ -79.1989236, 43.7711288 ], [ -79.1989259, 43.771092 ], [ -79.1992219, 43.7708975 ], [ -79.1994362, 43.7707297 ], [ -79.1996177, 43.7705438 ], [ -79.1996673, 43.7703772 ], [ -79.199878, 43.7698601 ], [ -79.2001879, 43.7693915 ], [ -79.2002713, 43.769326 ], [ -79.2004673, 43.7691031 ], [ -79.2005431, 43.7689831 ], [ -79.200556, 43.7688785 ], [ -79.2005087, 43.7686014 ], [ -79.2006221, 43.7681825 ], [ -79.2008072, 43.7678966 ], [ -79.2009666, 43.7677112 ], [ -79.2011055, 43.7675899 ], [ -79.201344, 43.7674828 ], [ -79.2021459, 43.767281 ], [ -79.2030588, 43.7670239 ], [ -79.2032901, 43.7669268 ], [ -79.2033892, 43.7668663 ], [ -79.2034262, 43.7668201 ], [ -79.2034775, 43.76669 ], [ -79.2034606, 43.7665434 ], [ -79.20323, 43.7662012 ], [ -79.2031724, 43.7661397 ], [ -79.2030323, 43.7660835 ], [ -79.2029348, 43.7660232 ], [ -79.2028084, 43.7659094 ], [ -79.2026434, 43.7658026 ], [ -79.2025141, 43.765657 ], [ -79.2024134, 43.7653046 ], [ -79.2020618, 43.7648702 ], [ -79.2018752, 43.7645733 ], [ -79.2017484, 43.7644651 ], [ -79.2016582, 43.7644203 ], [ -79.2014294, 43.7642215 ], [ -79.2013831, 43.7641544 ], [ -79.2013417, 43.7640368 ], [ -79.2013317, 43.7638945 ], [ -79.2013689, 43.7637254 ], [ -79.2013898, 43.7633862 ], [ -79.2014425, 43.7631911 ], [ -79.2015386, 43.763061 ], [ -79.2016685, 43.7630003 ], [ -79.2019018, 43.762961 ], [ -79.2021028, 43.7629538 ], [ -79.2021923, 43.7629058 ], [ -79.2025082, 43.7627868 ], [ -79.2027919, 43.7625846 ], [ -79.2026533, 43.7623457 ], [ -79.202573, 43.7622499 ], [ -79.2023094, 43.7620021 ], [ -79.2022452, 43.7619063 ], [ -79.2022137, 43.7618195 ], [ -79.2021222, 43.7616995 ], [ -79.2020098, 43.7615971 ], [ -79.2019342, 43.7614889 ], [ -79.2018658, 43.7614281 ], [ -79.2017671, 43.7613152 ], [ -79.2017159, 43.761281 ], [ -79.2017003, 43.7612294 ], [ -79.2016823, 43.7610868 ], [ -79.2017147, 43.7609818 ], [ -79.201804, 43.760918 ], [ -79.2020298, 43.7608671 ], [ -79.2023274, 43.7607529 ], [ -79.2023949, 43.760685 ], [ -79.202431, 43.7606038 ], [ -79.2024284, 43.7602576 ], [ -79.2024759, 43.7599372 ], [ -79.2024671, 43.7598449 ], [ -79.2026008, 43.7595017 ], [ -79.2026307, 43.7593037 ], [ -79.2027877, 43.7590243 ], [ -79.202666, 43.7587806 ], [ -79.2026832, 43.7586038 ], [ -79.202852, 43.7583598 ], [ -79.2031272, 43.7580917 ], [ -79.2032608, 43.7580057 ], [ -79.2034576, 43.7578122 ], [ -79.2034511, 43.7577577 ], [ -79.2035362, 43.7576535 ], [ -79.2036588, 43.7574761 ], [ -79.2038057, 43.7574229 ], [ -79.2034087, 43.7571546 ], [ -79.2027672, 43.7558597 ], [ -79.2039779, 43.7554675 ] ] ] } },
{ "type": "Feature", "properties": { "name": "Highland Creek", "overture_id": "91c29502-3a5c-4456-a7af-21934b336b3b", "division_id": "31b89fbb-6871-4424-9a7e-b4d2d5ad5de6" }, "geometry": { "type": "Polygon", "coordinates": [ [ [ -79.172864, 43.8000084 ], [ -79.1746213, 43.799784 ], [ -79.1784873, 43.799223 ], [ -79.1874409, 43.7979278 ], [ -79.193556, 43.7970335 ], [ -79.1970062, 43.7965154 ], [ -79.1966629, 43.7956558 ], [ -79.1960943, 43.7934796 ], [ -79.1955257, 43.7920778 ], [ -79.1938198, 43.788066 ], [ -79.1936481, 43.787578 ], [ -79.1936159, 43.7869197 ], [ -79.1935516, 43.7858276 ], [ -79.1933584, 43.7853473 ], [ -79.1906023, 43.7788514 ], [ -79.1900928, 43.7789772 ], [ -79.1897535, 43.7790886 ], [ -79.1894639, 43.7792522 ], [ -79.1890092, 43.7792784 ], [ -79.1881174, 43.7792222 ], [ -79.1876721, 43.7791777 ], [ -79.1872779, 43.7791651 ], [ -79.1868956, 43.7792793 ], [ -79.1866127, 43.7794769 ], [ -79.1864665, 43.7797606 ], [ -79.1864182, 43.7800327 ], [ -79.1863753, 43.7802941 ], [ -79.1862854, 43.7805575 ], [ -79.1861755, 43.7807879 ], [ -79.1859944, 43.7809932 ], [ -79.1856846, 43.7811133 ], [ -79.1852769, 43.7810842 ], [ -79.184664, 43.7806601 ], [ -79.1843408, 43.7804771 ], [ -79.1839667, 43.7803512 ], [ -79.183618, 43.7802534 ], [ -79.1832572, 43.7802128 ], [ -79.1828616, 43.7801847 ], [ -79.1825813, 43.7803115 ], [ -79.1823882, 43.7805294 ], [ -79.1821066, 43.7807182 ], [ -79.1819362, 43.7808722 ], [ -79.1818531, 43.7809438 ], [ -79.181554, 43.7811384 ], [ -79.1811651, 43.781214 ], [ -79.1807587, 43.7810987 ], [ -79.1803645, 43.7809825 ], [ -79.1799527, 43.7808731 ], [ -79.1795665, 43.7808896 ], [ -79.1791508, 43.7808789 ], [ -79.1787457, 43.7807753 ], [ -79.1783246, 43.7807027 ], [ -79.1779438, 43.7806717 ], [ -79.1775696, 43.7806243 ], [ -79.1771539, 43.7806165 ], [ -79.176777, 43.7807308 ], [ -79.1764002, 43.7808102 ], [ -79.1760246, 43.7806417 ], [ -79.175633, 43.7804452 ], [ -79.1753487, 43.7802718 ], [ -79.1752499, 43.7802045 ], [ -79.1729736, 43.7818695 ], [ -79.1687143, 43.784565 ], [ -79.1621161, 43.788763 ], [ -79.1545871, 43.7935764 ], [ -79.1536349, 43.7941805 ], [ -79.1529027, 43.7946587 ], [ -79.1521382, 43.7951427 ], [ -79.1514253, 43.7956081 ], [ -79.1517903, 43.7956032 ], [ -79.1528379, 43.7956032 ], [ -79.1541423, 43.7957447 ], [ -79.1549939, 43.7958813 ], [ -79.156055, 43.7961545 ], [ -79.1574406, 43.796613 ], [ -79.1642061, 43.7989839 ], [ -79.1651455, 43.7992864 ], [ -79.1662269, 43.799584 ], [ -79.1669299, 43.7997303 ], [ -79.1678355, 43.7999059 ], [ -79.1690318, 43.8000327 ], [ -79.169532, 43.8000669 ], [ -79.1706134, 43.8001108 ], [ -79.1716137, 43.8000962 ], [ -79.172864, 43.8000084 ] ] ] } },
{ "type": "Feature", "properties": { "name": "Centennial Scarborough", "overture_id": "2b6eee4b-57fd-42ce-9797-a065ef4b7c90", "division_id": "e843b6cd-c177-4d9d-9edf-9383581deffb" }, "geometry": { "type": "Polygon", "coordinates": [ [ [ -79.1444908, 43.7974765 ], [ -79.1450586, 43.7980278 ], [ -79.1462211, 43.7989254 ], [ -79.1514253, 43.7956081 ], [ -79.1521382, 43.7951427 ], [ -79.1529027, 43.7946587 ], [ -79.1536349, 43.7941805 ], [ -79.1545871, 43.7935764 ], [ -79.1621161, 43.788763 ], [ -79.1687143, 43.784565 ], [ -79.1729736, 43.7818695 ], [ -79.1752499, 43.7802045 ], [ -79.174939, 43.7798897 ], [ -79.1747092, 43.7796531 ], [ -79.1744591, 43.7794506 ], [ -79.1740637, 43.7794432 ], [ -79.1736987, 43.7795652 ], [ -79.1732932, 43.7796555 ], [ -79.1728708, 43.7795921 ], [ -79.1725531, 43.7794506 ], [ -79.172151, 43.7794213 ], [ -79.1718029, 43.7795701 ], [ -79.1715495, 43.779819 ], [ -79.1712352, 43.7800239 ], [ -79.1708398, 43.7800752 ], [ -79.1706167, 43.780063 ], [ -79.1703194, 43.7799312 ], [ -79.1699578, 43.7796848 ], [ -79.1697888, 43.7794042 ], [ -79.1698699, 43.7791212 ], [ -79.1699307, 43.7788211 ], [ -79.1699206, 43.7785161 ], [ -79.16963, 43.7784185 ], [ -79.1692684, 43.7785331 ], [ -79.1688696, 43.7786356 ], [ -79.1684539, 43.7787161 ], [ -79.1680991, 43.7788967 ], [ -79.1679606, 43.7791944 ], [ -79.1679808, 43.7794994 ], [ -79.1680146, 43.7797824 ], [ -79.1678423, 43.7800215 ], [ -79.1674706, 43.7801118 ], [ -79.1670279, 43.7800044 ], [ -79.1665514, 43.7798678 ], [ -79.1660647, 43.7797458 ], [ -79.1656862, 43.7795677 ], [ -79.1656558, 43.779231 ], [ -79.1657707, 43.7788113 ], [ -79.1658755, 43.7784599 ], [ -79.1658755, 43.7780744 ], [ -79.1655984, 43.7778451 ], [ -79.1652402, 43.7779671 ], [ -79.1648515, 43.7781476 ], [ -79.1645744, 43.7784307 ], [ -79.1642703, 43.7787332 ], [ -79.1639594, 43.778965 ], [ -79.1635234, 43.7790675 ], [ -79.1634119, 43.7790675 ], [ -79.1633308, 43.7790431 ], [ -79.1632531, 43.7789894 ], [ -79.1632024, 43.7788991 ], [ -79.1631619, 43.7787991 ], [ -79.1631483, 43.7786942 ], [ -79.1631619, 43.7785453 ], [ -79.1631585, 43.7783989 ], [ -79.163145, 43.7782233 ], [ -79.1631281, 43.7780695 ], [ -79.1631281, 43.7778377 ], [ -79.1631179, 43.7776938 ], [ -79.163101, 43.7775254 ], [ -79.1630537, 43.7773912 ], [ -79.1629456, 43.777279 ], [ -79.1628307, 43.7772058 ], [ -79.1627361, 43.7771472 ], [ -79.1626043, 43.7771204 ], [ -79.1624758, 43.7771253 ], [ -79.1623711, 43.7771033 ], [ -79.1621244, 43.7771082 ], [ -79.1618946, 43.7771277 ], [ -79.1617594, 43.7771326 ], [ -79.1615093, 43.7771277 ], [ -79.1612525, 43.7770716 ], [ -79.1610802, 43.777035 ], [ -79.1609011, 43.7770033 ], [ -79.1607794, 43.776974 ], [ -79.1606645, 43.7769447 ], [ -79.160553, 43.7769105 ], [ -79.1604685, 43.7768739 ], [ -79.1603164, 43.776791 ], [ -79.1601001, 43.7766665 ], [ -79.1595527, 43.7764347 ], [ -79.1591438, 43.7762468 ], [ -79.1589545, 43.7761541 ], [ -79.1588599, 43.7760834 ], [ -79.1587349, 43.7759955 ], [ -79.15862, 43.775893 ], [ -79.1584713, 43.7757491 ], [ -79.1582854, 43.775588 ], [ -79.1580996, 43.7754416 ], [ -79.1579306, 43.7752757 ], [ -79.1578123, 43.7751415 ], [ -79.1576231, 43.7749682 ], [ -79.1575217, 43.7748584 ], [ -79.1560719, 43.7736091 ], [ -79.1559165, 43.7735383 ], [ -79.1557881, 43.7734139 ], [ -79.1553014, 43.7730503 ], [ -79.1549162, 43.7727404 ], [ -79.1546965, 43.7725573 ], [ -79.1544363, 43.7723817 ], [ -79.15422, 43.772267 ], [ -79.1538618, 43.7721181 ], [ -79.1536084, 43.7720498 ], [ -79.1533144, 43.7719815 ], [ -79.1530204, 43.7719571 ], [ -79.1528142, 43.7719839 ], [ -79.1526723, 43.7720547 ], [ -79.1525168, 43.7721352 ], [ -79.1524425, 43.772206 ], [ -79.1524121, 43.7722962 ], [ -79.1523512, 43.7723402 ], [ -79.1522904, 43.7723548 ], [ -79.1521654, 43.772345 ], [ -79.1520741, 43.7722914 ], [ -79.1519863, 43.7722011 ], [ -79.151939, 43.7721132 ], [ -79.1517497, 43.7718985 ], [ -79.1516483, 43.7717643 ], [ -79.1515098, 43.7715691 ], [ -79.1514321, 43.7714324 ], [ -79.1514084, 43.7713055 ], [ -79.1514016, 43.7711615 ], [ -79.1513645, 43.7710908 ], [ -79.1513172, 43.7709443 ], [ -79.1512698, 43.7708419 ], [ -79.1511955, 43.7707638 ], [ -79.1511178, 43.7706979 ], [ -79.1510029, 43.770632 ], [ -79.1508981, 43.7706051 ], [ -79.1507596, 43.7705954 ], [ -79.1506683, 43.7705612 ], [ -79.150496, 43.7705417 ], [ -79.1503777, 43.7705588 ], [ -79.1502222, 43.7706003 ], [ -79.1500871, 43.7706564 ], [ -79.1499789, 43.7707296 ], [ -79.1498978, 43.7707955 ], [ -79.14981, 43.7708565 ], [ -79.1497187, 43.7709077 ], [ -79.1496477, 43.7709346 ], [ -79.14957, 43.7709273 ], [ -79.1495058, 43.7709004 ], [ -79.1493842, 43.7708467 ], [ -79.1492693, 43.770793 ], [ -79.1491577, 43.7707638 ], [ -79.1489516, 43.7707467 ], [ -79.1487826, 43.7707662 ], [ -79.1486035, 43.7707735 ], [ -79.1484514, 43.7707589 ], [ -79.1482791, 43.7706784 ], [ -79.1480696, 43.7705807 ], [ -79.1478601, 43.7705002 ], [ -79.1477621, 43.7704172 ], [ -79.1475627, 43.7702952 ], [ -79.1474478, 43.7702147 ], [ -79.1473599, 43.7701024 ], [ -79.1472045, 43.7699731 ], [ -79.1470963, 43.7699048 ], [ -79.1470085, 43.7698901 ], [ -79.1469307, 43.7698999 ], [ -79.1468462, 43.7699219 ], [ -79.1467787, 43.7699658 ], [ -79.1467347, 43.7700097 ], [ -79.1466333, 43.770122 ], [ -79.1465624, 43.7701927 ], [ -79.1464171, 43.7702342 ], [ -79.1462413, 43.7702367 ], [ -79.1460724, 43.7701903 ], [ -79.1459541, 43.7701293 ], [ -79.1458426, 43.7700268 ], [ -79.1457344, 43.7698584 ], [ -79.1456331, 43.7696778 ], [ -79.1454979, 43.7695729 ], [ -79.1453627, 43.7694924 ], [ -79.1452647, 43.7694094 ], [ -79.1452208, 43.7692898 ], [ -79.1452174, 43.7692044 ], [ -79.1452478, 43.769119 ], [ -79.1453357, 43.7690287 ], [ -79.1454269, 43.7689311 ], [ -79.1455013, 43.768853 ], [ -79.1455519, 43.7687578 ], [ -79.1455655, 43.7686846 ], [ -79.1455655, 43.7685748 ], [ -79.1455519, 43.7684796 ], [ -79.1454911, 43.76836 ], [ -79.1453897, 43.768138 ], [ -79.1452951, 43.7680159 ], [ -79.1452377, 43.7678793 ], [ -79.1452343, 43.7677402 ], [ -79.1452715, 43.767584 ], [ -79.1452681, 43.7674961 ], [ -79.1452275, 43.7674254 ], [ -79.1451633, 43.7673082 ], [ -79.145045, 43.7672008 ], [ -79.1430878, 43.7637574 ], [ -79.1331482, 43.7722645 ], [ -79.1341297, 43.7739727 ], [ -79.1345352, 43.774734 ], [ -79.1349204, 43.7754758 ], [ -79.13513, 43.7758955 ], [ -79.1354949, 43.7768373 ], [ -79.1366845, 43.7795945 ], [ -79.139415, 43.7861332 ], [ -79.1409155, 43.7896657 ], [ -79.1416251, 43.7914563 ], [ -79.1426727, 43.7938762 ], [ -79.1431256, 43.7949787 ], [ -79.1433183, 43.7954704 ], [ -79.1435176, 43.7959788 ], [ -79.1438217, 43.796613 ], [ -79.144038, 43.7969399 ], [ -79.1444908, 43.7974765 ] ] ] } },
{ "type": "Feature", "properties": { "name": "West Rouge", "overture_id": "fbfd5597-4568-4279-80a0-9010f2add8c2", "division_id": "76da2ac0-0885-4c78-b273-bd54e4e724cf" }, "geometry": { "type": "Polygon", "coordinates": [ [ [ -79.1896342, 43.8030084 ], [ -79.1890715, 43.8017596 ], [ -79.1887995, 43.8011559 ], [ -79.1874409, 43.7979278 ], [ -79.1784873, 43.799223 ], [ -79.1746213, 43.799784 ], [ -79.172864, 43.8000084 ], [ -79.1716137, 43.8000962 ], [ -79.1706134, 43.8001108 ], [ -79.169532, 43.8000669 ], [ -79.1690318, 43.8000327 ], [ -79.1678355, 43.7999059 ], [ -79.1669299, 43.7997303 ], [ -79.1662269, 43.799584 ], [ -79.1651455, 43.7992864 ], [ -79.1642061, 43.7989839 ], [ -79.1574406, 43.796613 ], [ -79.156055, 43.7961545 ], [ -79.1549939, 43.7958813 ], [ -79.1541423, 43.7957447 ], [ -79.1528379, 43.7956032 ], [ -79.1517903, 43.7956032 ], [ -79.1514253, 43.7956081 ], [ -79.1462211, 43.7989254 ], [ -79.1450586, 43.7980278 ], [ -79.1444908, 43.7974765 ], [ -79.144038, 43.7969399 ], [ -79.1438217, 43.796613 ], [ -79.1435176, 43.7959788 ], [ -79.1433183, 43.7954704 ], [ -79.1431256, 43.7949787 ], [ -79.1426727, 43.7938762 ], [ -79.1416251, 43.7914563 ], [ -79.1409155, 43.7896657 ], [ -79.139415, 43.7861332 ], [ -79.1366845, 43.7795945 ], [ -79.1354949, 43.7768373 ], [ -79.13513, 43.7758955 ], [ -79.1349204, 43.7754758 ], [ -79.1345352, 43.774734 ], [ -79.1341297, 43.7739727 ], [ -79.1331482, 43.7722645 ], [ -79.1244154, 43.7797378 ], [ -79.1132193, 43.7930746 ], [ -79.1152941, 43.7948018 ], [ -79.1153291, 43.7948709 ], [ -79.1155081, 43.794902 ], [ -79.1157269, 43.7949284 ], [ -79.1160752, 43.7949319 ], [ -79.1164872, 43.7948018 ], [ -79.1166931, 43.7946655 ], [ -79.1170536, 43.7944734 ], [ -79.1175, 43.7943743 ], [ -79.1176888, 43.7943743 ], [ -79.1179634, 43.7944115 ], [ -79.1187155, 43.7946635 ], [ -79.1189762, 43.7946841 ], [ -79.1195256, 43.794777 ], [ -79.1204263, 43.7947212 ], [ -79.1207615, 43.7946903 ], [ -79.1209933, 43.794746 ], [ -79.1211649, 43.7949009 ], [ -79.121225, 43.7950868 ], [ -79.1211563, 43.7952603 ], [ -79.1209503, 43.7953842 ], [ -79.1205984, 43.7954523 ], [ -79.120341, 43.7955515 ], [ -79.120135, 43.7957559 ], [ -79.1201092, 43.795886 ], [ -79.1201756, 43.796078 ], [ -79.1214224, 43.7972675 ], [ -79.1216284, 43.7973667 ], [ -79.1218945, 43.7974596 ], [ -79.1221005, 43.7974782 ], [ -79.1224953, 43.7974162 ], [ -79.1231809, 43.7972374 ], [ -79.1235339, 43.7972118 ], [ -79.1241175, 43.7974286 ], [ -79.1243063, 43.7975649 ], [ -79.1243664, 43.797726 ], [ -79.124169, 43.7982464 ], [ -79.1240851, 43.7986789 ], [ -79.1241776, 43.7990517 ], [ -79.1246582, 43.7998261 ], [ -79.125259, 43.8002412 ], [ -79.1255852, 43.8003031 ], [ -79.1263577, 43.800204 ], [ -79.1267096, 43.8001359 ], [ -79.1270443, 43.8001421 ], [ -79.1277322, 43.8003337 ], [ -79.12825, 43.8005791 ], [ -79.1296448, 43.8013857 ], [ -79.130243, 43.8016579 ], [ -79.1307694, 43.8018147 ], [ -79.1312243, 43.801858 ], [ -79.1316426, 43.8018146 ], [ -79.1331297, 43.8012509 ], [ -79.1347176, 43.8007739 ], [ -79.1349922, 43.8007244 ], [ -79.1352412, 43.800712 ], [ -79.1354128, 43.8008978 ], [ -79.1354042, 43.8010589 ], [ -79.1352326, 43.8013191 ], [ -79.1348172, 43.8016114 ], [ -79.1345459, 43.8018023 ], [ -79.1340171, 43.8024285 ], [ -79.1336099, 43.8028365 ], [ -79.133516, 43.8030102 ], [ -79.1336234, 43.8032559 ], [ -79.1341571, 43.8040062 ], [ -79.134297, 43.8045589 ], [ -79.1341769, 43.8051783 ], [ -79.1340309, 43.8054942 ], [ -79.1337735, 43.8059774 ], [ -79.1337086, 43.8062639 ], [ -79.1337193, 43.8063179 ], [ -79.1337515, 43.8064807 ], [ -79.1339231, 43.806778 ], [ -79.1343265, 43.8070134 ], [ -79.134584, 43.8073045 ], [ -79.1348244, 43.8073851 ], [ -79.1350297, 43.8075748 ], [ -79.1354334, 43.8078983 ], [ -79.1357148, 43.8080227 ], [ -79.136078, 43.808163 ], [ -79.1362497, 43.8081444 ], [ -79.1364213, 43.8081134 ], [ -79.13649, 43.8080205 ], [ -79.1366016, 43.8078904 ], [ -79.136799, 43.8077913 ], [ -79.1370565, 43.8077418 ], [ -79.1372737, 43.8078771 ], [ -79.1375109, 43.8079103 ], [ -79.1375943, 43.8078012 ], [ -79.1377306, 43.8075656 ], [ -79.1378713, 43.8074222 ], [ -79.1379915, 43.8074098 ], [ -79.1380945, 43.8074656 ], [ -79.1382061, 43.8075585 ], [ -79.1382746, 43.807662 ], [ -79.1381803, 43.8078001 ], [ -79.1382147, 43.8079239 ], [ -79.1382205, 43.8079311 ], [ -79.1382747, 43.8079983 ], [ -79.1383434, 43.8080045 ], [ -79.1384121, 43.8079673 ], [ -79.1384807, 43.8079549 ], [ -79.1385837, 43.8079921 ], [ -79.1386696, 43.8079797 ], [ -79.1387897, 43.8080045 ], [ -79.1389013, 43.808054 ], [ -79.1389283, 43.8080735 ], [ -79.1391588, 43.8082398 ], [ -79.1393648, 43.8083451 ], [ -79.1396223, 43.8083513 ], [ -79.139957, 43.8083761 ], [ -79.1402468, 43.8083695 ], [ -79.1404034, 43.8083637 ], [ -79.1404548, 43.8084195 ], [ -79.1405321, 43.8087292 ], [ -79.1406866, 43.8087849 ], [ -79.1410112, 43.8088617 ], [ -79.1411415, 43.8089088 ], [ -79.1416221, 43.8091627 ], [ -79.1421886, 43.8093548 ], [ -79.1426178, 43.8094229 ], [ -79.1431413, 43.8095823 ], [ -79.1437679, 43.8097326 ], [ -79.1440682, 43.8098248 ], [ -79.144163, 43.8098539 ], [ -79.1445146, 43.8099246 ], [ -79.1449438, 43.8099803 ], [ -79.1457002, 43.8099853 ], [ -79.1459223, 43.8099803 ], [ -79.1459995, 43.8100237 ], [ -79.1460253, 43.8101414 ], [ -79.1459757, 43.8106464 ], [ -79.145948, 43.810928 ], [ -79.1459652, 43.811089 ], [ -79.1460596, 43.8111634 ], [ -79.1461883, 43.8112129 ], [ -79.1463085, 43.8112005 ], [ -79.146463, 43.8112377 ], [ -79.1468664, 43.8114669 ], [ -79.1472526, 43.8117208 ], [ -79.1476303, 43.8119066 ], [ -79.1478105, 43.8120553 ], [ -79.1478326, 43.8120944 ], [ -79.147905, 43.8122225 ], [ -79.1480766, 43.812334 ], [ -79.1484629, 43.8123773 ], [ -79.1487976, 43.8123773 ], [ -79.1490122, 43.8123587 ], [ -79.1491838, 43.8123835 ], [ -79.149407, 43.8124455 ], [ -79.1495443, 43.8125569 ], [ -79.1500164, 43.8130153 ], [ -79.1504777, 43.8133177 ], [ -79.1507106, 43.8134176 ], [ -79.1508425, 43.8135111 ], [ -79.1509401, 43.8136124 ], [ -79.1510074, 43.8137006 ], [ -79.1511279, 43.8138586 ], [ -79.1512609, 43.8139505 ], [ -79.1514815, 43.8140782 ], [ -79.1518357, 43.8142043 ], [ -79.1511834, 43.8128067 ], [ -79.155734, 43.8117636 ], [ -79.1564285, 43.8116661 ], [ -79.1565129, 43.8116076 ], [ -79.1566295, 43.8115686 ], [ -79.1597521, 43.8108857 ], [ -79.161996, 43.8103492 ], [ -79.162415, 43.8102517 ], [ -79.1625637, 43.8101444 ], [ -79.162753, 43.8100078 ], [ -79.1629557, 43.8099298 ], [ -79.1634829, 43.8099103 ], [ -79.1638073, 43.80992 ], [ -79.164294, 43.8098713 ], [ -79.1657268, 43.8095396 ], [ -79.1659566, 43.8094225 ], [ -79.1660783, 43.8092957 ], [ -79.1662134, 43.8090323 ], [ -79.1663756, 43.8090909 ], [ -79.1666325, 43.8091299 ], [ -79.1670515, 43.8091494 ], [ -79.1674841, 43.8091299 ], [ -79.1708229, 43.808369 ], [ -79.1754864, 43.8073642 ], [ -79.1803527, 43.8062716 ], [ -79.1835293, 43.8055985 ], [ -79.1865978, 43.8049644 ], [ -79.1901546, 43.8041656 ], [ -79.1896342, 43.8030084 ] ] ] } },
{ "type": "Feature", "properties": { "name": "Morningside Heights", "overture_id": "ebce240d-67ad-416a-b7bc-c7a625ae9b14", "division_id": "2b1cc7f9-93a9-4488-8c4a-e7ae7740f248" }, "geometry": { "type": "Polygon", "coordinates": [ [ [ -79.1564285, 43.8116661 ], [ -79.155734, 43.8117636 ], [ -79.1511834, 43.8128067 ], [ -79.1518357, 43.8142043 ], [ -79.152051, 43.8145644 ], [ -79.1555612, 43.8226163 ], [ -79.156302, 43.8241927 ], [ -79.1595299, 43.8317189 ], [ -79.1595692, 43.8318076 ], [ -79.1606014, 43.8341351 ], [ -79.1609224, 43.834843 ], [ -79.1633994, 43.8403262 ], [ -79.166146, 43.8465785 ], [ -79.1668501, 43.8479554 ], [ -79.1688143, 43.8522899 ], [ -79.1696452, 43.8540572 ], [ -79.1696952, 43.8542206 ], [ -79.1699025, 43.8546932 ], [ -79.1701685, 43.8553214 ], [ -79.1701962, 43.8553968 ], [ -79.1702147, 43.8554425 ], [ -79.1710263, 43.8552741 ], [ -79.1743008, 43.8545507 ], [ -79.177584, 43.8537859 ], [ -79.1799911, 43.8531472 ], [ -79.1828452, 43.8524608 ], [ -79.1852763, 43.8518817 ], [ -79.1897403, 43.8507863 ], [ -79.1916572, 43.8503191 ], [ -79.1935555, 43.8498542 ], [ -79.1940651, 43.8497318 ], [ -79.1957, 43.8493368 ], [ -79.197555, 43.8489058 ], [ -79.1993253, 43.8485097 ], [ -79.1995703, 43.8484598 ], [ -79.2003786, 43.8482526 ], [ -79.2005832, 43.8482009 ], [ -79.2034183, 43.8474885 ], [ -79.2059374, 43.8469424 ], [ -79.2078041, 43.846531 ], [ -79.2080855, 43.846469 ], [ -79.2092645, 43.8462033 ], [ -79.2155117, 43.844822 ], [ -79.2190752, 43.8440022 ], [ -79.2220672, 43.843345 ], [ -79.2256683, 43.8425539 ], [ -79.2258363, 43.842516 ], [ -79.2260777, 43.8424779 ], [ -79.2268104, 43.8423141 ], [ -79.2276003, 43.8421375 ], [ -79.2277561, 43.8421057 ], [ -79.2279832, 43.8420526 ], [ -79.2288824, 43.8418496 ], [ -79.2297608, 43.8416532 ], [ -79.2303215, 43.8415228 ], [ -79.2308744, 43.8413902 ], [ -79.2311754, 43.8413173 ], [ -79.231477, 43.8412372 ], [ -79.2320555, 43.8410654 ], [ -79.232212, 43.8410116 ], [ -79.2325983, 43.8409271 ], [ -79.2345152, 43.8404908 ], [ -79.2368071, 43.8399375 ], [ -79.2372406, 43.8398296 ], [ -79.2378597, 43.8396874 ], [ -79.2404249, 43.8391231 ], [ -79.2452397, 43.8379905 ], [ -79.2457549, 43.837875 ], [ -79.2458864, 43.8378279 ], [ -79.2475863, 43.8374383 ], [ -79.2484648, 43.8372292 ], [ -79.24908, 43.8370822 ], [ -79.2511968, 43.836602 ], [ -79.2509929, 43.8331022 ], [ -79.2509333, 43.8317692 ], [ -79.2508822, 43.8313576 ], [ -79.2507204, 43.8305345 ], [ -79.2504735, 43.8299509 ], [ -79.2495197, 43.8277762 ], [ -79.2483105, 43.8250301 ], [ -79.2477826, 43.8239488 ], [ -79.2469481, 43.8219214 ], [ -79.2460539, 43.8199491 ], [ -79.2448447, 43.8172088 ], [ -79.2442912, 43.8158755 ], [ -79.2438229, 43.814751 ], [ -79.2430778, 43.8129752 ], [ -79.2370956, 43.8142226 ], [ -79.2314712, 43.8154392 ], [ -79.2275106, 43.8162849 ], [ -79.2259489, 43.8166312 ], [ -79.2242926, 43.8169323 ], [ -79.2240414, 43.8169016 ], [ -79.2222233, 43.8171873 ], [ -79.221359, 43.8176543 ], [ -79.2212441, 43.817728 ], [ -79.221193, 43.8178048 ], [ -79.2211589, 43.8179062 ], [ -79.2210227, 43.8181888 ], [ -79.220929, 43.8184838 ], [ -79.2208864, 43.818748 ], [ -79.2209077, 43.8189599 ], [ -79.2209758, 43.8192272 ], [ -79.2210695, 43.8197034 ], [ -79.2189406, 43.8199583 ], [ -79.2186979, 43.8200044 ], [ -79.218302, 43.8200321 ], [ -79.2179188, 43.8200444 ], [ -79.2175611, 43.8199891 ], [ -79.2176665, 43.8198408 ], [ -79.2164174, 43.819357 ], [ -79.2156874, 43.8190742 ], [ -79.2152346, 43.8188693 ], [ -79.2149237, 43.8186694 ], [ -79.2137342, 43.8179281 ], [ -79.2111793, 43.8163334 ], [ -79.206394, 43.8133409 ], [ -79.2061418, 43.8131977 ], [ -79.205718, 43.8129945 ], [ -79.2050636, 43.8125628 ], [ -79.2046452, 43.8123228 ], [ -79.2044011, 43.8121099 ], [ -79.2041463, 43.8118564 ], [ -79.20398, 43.8116338 ], [ -79.203862, 43.8114383 ], [ -79.2037627, 43.8112254 ], [ -79.2034891, 43.8106021 ], [ -79.2029715, 43.8094292 ], [ -79.20284, 43.8091408 ], [ -79.2027301, 43.8089414 ], [ -79.2024806, 43.8083859 ], [ -79.2023921, 43.8081981 ], [ -79.2023009, 43.8080297 ], [ -79.2020595, 43.8076929 ], [ -79.2018986, 43.8074452 ], [ -79.2018074, 43.8072864 ], [ -79.2016813, 43.806998 ], [ -79.2003617, 43.8040634 ], [ -79.2003107, 43.8039454 ], [ -79.2002624, 43.8038215 ], [ -79.2002034, 43.8036201 ], [ -79.2001739, 43.8034846 ], [ -79.2001417, 43.8032698 ], [ -79.2001015, 43.8029833 ], [ -79.2000774, 43.8027626 ], [ -79.2000452, 43.8026251 ], [ -79.1999862, 43.8024819 ], [ -79.1997716, 43.8019805 ], [ -79.1989696, 43.8000156 ], [ -79.1986477, 43.7992606 ], [ -79.198291, 43.7986914 ], [ -79.1977814, 43.7978841 ], [ -79.1973442, 43.7971717 ], [ -79.1970894, 43.796707 ], [ -79.1970062, 43.7965154 ], [ -79.193556, 43.7970335 ], [ -79.1874409, 43.7979278 ], [ -79.1887995, 43.8011559 ], [ -79.1890715, 43.8017596 ], [ -79.1896342, 43.8030084 ], [ -79.1901546, 43.8041656 ], [ -79.1865978, 43.8049644 ], [ -79.1835293, 43.8055985 ], [ -79.1803527, 43.8062716 ], [ -79.1754864, 43.8073642 ], [ -79.1708229, 43.808369 ], [ -79.1674841, 43.8091299 ], [ -79.1670515, 43.8091494 ], [ -79.1666325, 43.8091299 ], [ -79.1663756, 43.8090909 ], [ -79.1662134, 43.8090323 ], [ -79.1660783, 43.8092957 ], [ -79.1659566, 43.8094225 ], [ -79.1657268, 43.8095396 ], [ -79.164294, 43.8098713 ], [ -79.1638073, 43.80992 ], [ -79.1634829, 43.8099103 ], [ -79.1629557, 43.8099298 ], [ -79.162753, 43.8100078 ], [ -79.1625637, 43.8101444 ], [ -79.162415, 43.8102517 ], [ -79.161996, 43.8103492 ], [ -79.1597521, 43.8108857 ], [ -79.1566295, 43.8115686 ], [ -79.1565129, 43.8116076 ], [ -79.1564285, 43.8116661 ] ] ] } },
{ "type": "Feature", "properties": { "name": "Morningside", "overture_id": "e1237965-a439-4cdd-aa14-a11083bf1d35", "division_id": "4d928ff9-d7f0-40ad-afa6-40b8f99b4328" }, "geometry": { "type": "Polygon", "coordinates": [ [ [ -79.205875, 43.7645857 ], [ -79.2056282, 43.7640481 ], [ -79.2035548, 43.7645285 ], [ -79.2020618, 43.7648702 ], [ -79.2024134, 43.7653046 ], [ -79.2025141, 43.765657 ], [ -79.2026434, 43.7658026 ], [ -79.2028084, 43.7659094 ], [ -79.2029348, 43.7660232 ], [ -79.2030323, 43.7660835 ], [ -79.2031724, 43.7661397 ], [ -79.20323, 43.7662012 ], [ -79.2034606, 43.7665434 ], [ -79.2034775, 43.76669 ], [ -79.2034262, 43.7668201 ], [ -79.2033892, 43.7668663 ], [ -79.2032901, 43.7669268 ], [ -79.2030588, 43.7670239 ], [ -79.2021459, 43.767281 ], [ -79.201344, 43.7674828 ], [ -79.2011055, 43.7675899 ], [ -79.2009666, 43.7677112 ], [ -79.2008072, 43.7678966 ], [ -79.2006221, 43.7681825 ], [ -79.2005087, 43.7686014 ], [ -79.200556, 43.7688785 ], [ -79.2005431, 43.7689831 ], [ -79.2004673, 43.7691031 ], [ -79.2002713, 43.769326 ], [ -79.2001879, 43.7693915 ], [ -79.199878, 43.7698601 ], [ -79.1996673, 43.7703772 ], [ -79.1996177, 43.7705438 ], [ -79.1994362, 43.7707297 ], [ -79.1992219, 43.7708975 ], [ -79.1989259, 43.771092 ], [ -79.1989236, 43.7711288 ], [ -79.1988339, 43.7712757 ], [ -79.1987649, 43.7714548 ], [ -79.1987456, 43.7716113 ], [ -79.1987927, 43.7717288 ], [ -79.1989114, 43.7718771 ], [ -79.1990584, 43.7719992 ], [ -79.1992499, 43.7722115 ], [ -79.1992518, 43.7722425 ], [ -79.1994606, 43.7725131 ], [ -79.1995588, 43.7727733 ], [ -79.1996886, 43.7728933 ], [ -79.1997408, 43.7730235 ], [ -79.1997455, 43.7730906 ], [ -79.1996693, 43.7734795 ], [ -79.1993105, 43.7739645 ], [ -79.1992245, 43.7740346 ], [ -79.1990385, 43.7741457 ], [ -79.1989162, 43.7742948 ], [ -79.1985567, 43.7745163 ], [ -79.1986482, 43.7748115 ], [ -79.1987078, 43.7749529 ], [ -79.1988398, 43.7753372 ], [ -79.1987504, 43.7756615 ], [ -79.1984396, 43.7759444 ], [ -79.1981607, 43.7760965 ], [ -79.1980011, 43.7761672 ], [ -79.1976413, 43.7762041 ], [ -79.1968642, 43.7762395 ], [ -79.1965534, 43.7761426 ], [ -79.1963427, 43.7760012 ], [ -79.1962745, 43.7759044 ], [ -79.196117, 43.7756877 ], [ -79.1958892, 43.7754617 ], [ -79.1955294, 43.7753971 ], [ -79.1952399, 43.7755355 ], [ -79.1951015, 43.7758106 ], [ -79.1950973, 43.7758875 ], [ -79.1950781, 43.7759182 ], [ -79.1950802, 43.7761442 ], [ -79.1950313, 43.7763609 ], [ -79.1950973, 43.7765838 ], [ -79.1951079, 43.7768297 ], [ -79.1951164, 43.7770419 ], [ -79.1950206, 43.7771449 ], [ -79.1949397, 43.777194 ], [ -79.1946162, 43.7772125 ], [ -79.1945459, 43.7771925 ], [ -79.1942095, 43.7769973 ], [ -79.1938625, 43.7768128 ], [ -79.1935177, 43.7767421 ], [ -79.1931792, 43.7768082 ], [ -79.193094, 43.776859 ], [ -79.1930387, 43.7768713 ], [ -79.1928109, 43.7770419 ], [ -79.1927342, 43.7771848 ], [ -79.1926831, 43.7772417 ], [ -79.1926831, 43.7772694 ], [ -79.1927406, 43.7774584 ], [ -79.1928215, 43.7775368 ], [ -79.1929301, 43.7777028 ], [ -79.1930067, 43.7779365 ], [ -79.1929407, 43.7781594 ], [ -79.1928045, 43.7783069 ], [ -79.192515, 43.7784068 ], [ -79.1921509, 43.7784499 ], [ -79.1918103, 43.7784499 ], [ -79.1915293, 43.7784883 ], [ -79.1912568, 43.7786036 ], [ -79.1910013, 43.7787327 ], [ -79.1907618, 43.7788022 ], [ -79.1906023, 43.7788514 ], [ -79.1933584, 43.7853473 ], [ -79.1935516, 43.7858276 ], [ -79.1936159, 43.7869197 ], [ -79.1936481, 43.787578 ], [ -79.1938198, 43.788066 ], [ -79.1955257, 43.7920778 ], [ -79.1960943, 43.7934796 ], [ -79.1966629, 43.7956558 ], [ -79.1970062, 43.7965154 ], [ -79.2096019, 43.7946877 ], [ -79.2129278, 43.7942386 ], [ -79.2156744, 43.793681 ], [ -79.2179704, 43.7929994 ], [ -79.2204595, 43.7920159 ], [ -79.2233348, 43.7905211 ], [ -79.2255842, 43.7892478 ], [ -79.2248113, 43.7886255 ], [ -79.2247027, 43.7885287 ], [ -79.2246209, 43.788459 ], [ -79.2245485, 43.7884213 ], [ -79.2244747, 43.7884077 ], [ -79.224299, 43.788399 ], [ -79.2241167, 43.78843 ], [ -79.2239396, 43.7884658 ], [ -79.2237049, 43.7885035 ], [ -79.2235346, 43.7885278 ], [ -79.2234166, 43.7885549 ], [ -79.2232905, 43.7885529 ], [ -79.223202, 43.7885132 ], [ -79.223135, 43.7884309 ], [ -79.222907, 43.7882712 ], [ -79.2227447, 43.7882344 ], [ -79.222396, 43.7881879 ], [ -79.2222767, 43.7881637 ], [ -79.2220728, 43.7880582 ], [ -79.2220125, 43.7880001 ], [ -79.2219682, 43.7878936 ], [ -79.2219333, 43.7878142 ], [ -79.2219226, 43.7877416 ], [ -79.2219789, 43.7876797 ], [ -79.2221077, 43.787579 ], [ -79.2221117, 43.7875451 ], [ -79.2221318, 43.7874783 ], [ -79.2222606, 43.7874463 ], [ -79.222341, 43.7874318 ], [ -79.2224242, 43.7873931 ], [ -79.2226776, 43.7872498 ], [ -79.2228882, 43.7871055 ], [ -79.2229338, 43.7870658 ], [ -79.2229727, 43.7870136 ], [ -79.2230062, 43.7868829 ], [ -79.2229955, 43.7868383 ], [ -79.2229928, 43.7867492 ], [ -79.2229633, 43.786606 ], [ -79.2229097, 43.7865401 ], [ -79.22286, 43.7863755 ], [ -79.2228627, 43.7862545 ], [ -79.2227782, 43.7860154 ], [ -79.2227581, 43.7858943 ], [ -79.2226669, 43.7856688 ], [ -79.2221023, 43.7856697 ], [ -79.2220017, 43.7856494 ], [ -79.2219186, 43.7856504 ], [ -79.2217791, 43.7856639 ], [ -79.2216638, 43.7856843 ], [ -79.2215793, 43.7856881 ], [ -79.2214881, 43.7856862 ], [ -79.2214251, 43.7856794 ], [ -79.22135, 43.7856591 ], [ -79.2212333, 43.7856116 ], [ -79.2209677, 43.7854751 ], [ -79.2207599, 43.7853638 ], [ -79.2206043, 43.7852921 ], [ -79.220503, 43.7852486 ], [ -79.2204246, 43.7851929 ], [ -79.2203629, 43.7851024 ], [ -79.2203146, 43.7850041 ], [ -79.2202663, 43.7848681 ], [ -79.2202415, 43.7847693 ], [ -79.2201564, 43.7845437 ], [ -79.2201443, 43.7843786 ], [ -79.2201926, 43.7843041 ], [ -79.2202992, 43.7841845 ], [ -79.2202516, 43.7839957 ], [ -79.2202382, 43.7838406 ], [ -79.2202088, 43.7837551 ], [ -79.2199723, 43.7835387 ], [ -79.2198395, 43.7834586 ], [ -79.2196776, 43.783394 ], [ -79.2195737, 43.7832751 ], [ -79.2195086, 43.783043 ], [ -79.2194489, 43.7829098 ], [ -79.2193765, 43.7827816 ], [ -79.2193108, 43.7826804 ], [ -79.2192545, 43.7826266 ], [ -79.2191117, 43.7826034 ], [ -79.2189614, 43.7826252 ], [ -79.2188126, 43.7826746 ], [ -79.2186496, 43.7827922 ], [ -79.2185222, 43.7829205 ], [ -79.2182775, 43.7830856 ], [ -79.2180113, 43.7831931 ], [ -79.2178611, 43.7832729 ], [ -79.2177363, 43.7833305 ], [ -79.2176783, 43.7834383 ], [ -79.2176693, 43.7835668 ], [ -79.2176029, 43.7837009 ], [ -79.2175654, 43.7838558 ], [ -79.217565, 43.7839744 ], [ -79.217497, 43.7841721 ], [ -79.2174523, 43.7842204 ], [ -79.2173483, 43.7842305 ], [ -79.2171637, 43.7841874 ], [ -79.2169709, 43.7841228 ], [ -79.2168891, 43.7840136 ], [ -79.2168167, 43.783956 ], [ -79.2167501, 43.7839235 ], [ -79.2160593, 43.783834 ], [ -79.2157227, 43.7835581 ], [ -79.2156067, 43.7833976 ], [ -79.2154491, 43.7832478 ], [ -79.215312, 43.7831524 ], [ -79.2150915, 43.7830569 ], [ -79.2149671, 43.7830114 ], [ -79.2148639, 43.7829914 ], [ -79.2147388, 43.7830058 ], [ -79.2146768, 43.7830563 ], [ -79.2146971, 43.7832214 ], [ -79.2147239, 43.7834262 ], [ -79.2147162, 43.7835465 ], [ -79.2146887, 43.7836067 ], [ -79.2146112, 43.7836714 ], [ -79.2145009, 43.7837459 ], [ -79.2143497, 43.7837948 ], [ -79.2141901, 43.7838052 ], [ -79.2139618, 43.7838045 ], [ -79.2138361, 43.7837892 ], [ -79.2137063, 43.7837534 ], [ -79.2136168, 43.783713 ], [ -79.2135558, 43.7835634 ], [ -79.2134879, 43.7833032 ], [ -79.2133649, 43.7830625 ], [ -79.2133379, 43.7829123 ], [ -79.2132658, 43.782617 ], [ -79.2128822, 43.7824093 ], [ -79.2126804, 43.7823826 ], [ -79.212494, 43.7823323 ], [ -79.2123706, 43.7822776 ], [ -79.2122579, 43.7822001 ], [ -79.2121359, 43.7820956 ], [ -79.2113547, 43.7814657 ], [ -79.2111683, 43.7811772 ], [ -79.2171402, 43.7797538 ], [ -79.2222172, 43.7785569 ], [ -79.2206546, 43.7747134 ], [ -79.2186812, 43.7698155 ], [ -79.214285, 43.7708033 ], [ -79.2129774, 43.7711025 ], [ -79.2127749, 43.7711364 ], [ -79.2125966, 43.7711548 ], [ -79.212378, 43.7711655 ], [ -79.2122184, 43.771179 ], [ -79.2120333, 43.7711732 ], [ -79.2118536, 43.7711752 ], [ -79.210719, 43.7711635 ], [ -79.2104481, 43.7711635 ], [ -79.2103073, 43.7711548 ], [ -79.2101289, 43.7711674 ], [ -79.2099103, 43.7712081 ], [ -79.2087476, 43.7714512 ], [ -79.2067862, 43.7667992 ], [ -79.205875, 43.7645857 ] ] ] } },
{ "type": "Feature", "properties": { "name": "Malvern East", "overture_id": "eaa45c87-a79b-4721-886a-2d469aa0b577", "division_id": "c2a859a5-c52a-4da8-a813-a3500b82b1bd" }, "geometry": { "type": "Polygon", "coordinates": [ [ [ -79.2156744, 43.793681 ], [ -79.2129278, 43.7942386 ], [ -79.2096019, 43.7946877 ], [ -79.1970062, 43.7965154 ], [ -79.1970894, 43.796707 ], [ -79.1973442, 43.7971717 ], [ -79.1977814, 43.7978841 ], [ -79.198291, 43.7986914 ], [ -79.1986477, 43.7992606 ], [ -79.1989696, 43.8000156 ], [ -79.1997716, 43.8019805 ], [ -79.1999862, 43.8024819 ], [ -79.2000452, 43.8026251 ], [ -79.2000774, 43.8027626 ], [ -79.2001015, 43.8029833 ], [ -79.2001417, 43.8032698 ], [ -79.2001739, 43.8034846 ], [ -79.2002034, 43.8036201 ], [ -79.2002624, 43.8038215 ], [ -79.2003107, 43.8039454 ], [ -79.2003617, 43.8040634 ], [ -79.2016813, 43.806998 ], [ -79.2018074, 43.8072864 ], [ -79.2018986, 43.8074452 ], [ -79.2020595, 43.8076929 ], [ -79.2023009, 43.8080297 ], [ -79.2023921, 43.8081981 ], [ -79.2024806, 43.8083859 ], [ -79.2027301, 43.8089414 ], [ -79.20284, 43.8091408 ], [ -79.2029715, 43.8094292 ], [ -79.2034891, 43.8106021 ], [ -79.2037627, 43.8112254 ], [ -79.203862, 43.8114383 ], [ -79.20398, 43.8116338 ], [ -79.2041463, 43.8118564 ], [ -79.2044011, 43.8121099 ], [ -79.2046452, 43.8123228 ], [ -79.2050636, 43.8125628 ], [ -79.205718, 43.8129945 ], [ -79.2061418, 43.8131977 ], [ -79.206394, 43.8133409 ], [ -79.2111793, 43.8163334 ], [ -79.2137342, 43.8179281 ], [ -79.2149237, 43.8186694 ], [ -79.2152346, 43.8188693 ], [ -79.2156874, 43.8190742 ], [ -79.2164174, 43.819357 ], [ -79.2176665, 43.8198408 ], [ -79.2188874, 43.8181157 ], [ -79.2222539, 43.8133574 ], [ -79.2228265, 43.8125619 ], [ -79.2230572, 43.8122628 ], [ -79.2238618, 43.8113019 ], [ -79.2242172, 43.8109225 ], [ -79.2244825, 43.8106705 ], [ -79.2241287, 43.8104221 ], [ -79.2216826, 43.8091834 ], [ -79.2202985, 43.8084323 ], [ -79.2197943, 43.807991 ], [ -79.2186034, 43.8065586 ], [ -79.2174447, 43.8050642 ], [ -79.217155, 43.8041196 ], [ -79.2171443, 43.8032601 ], [ -79.2177236, 43.8020521 ], [ -79.2181742, 43.8011384 ], [ -79.2183244, 43.8001782 ], [ -79.2181528, 43.7993496 ], [ -79.2176378, 43.7981648 ], [ -79.2275438, 43.7961475 ], [ -79.2349246, 43.7946567 ], [ -79.2351061, 43.7946194 ], [ -79.2387529, 43.7938698 ], [ -79.2386577, 43.7936355 ], [ -79.2384004, 43.7930575 ], [ -79.2379609, 43.7919278 ], [ -79.2377624, 43.7913295 ], [ -79.2370583, 43.789553 ], [ -79.2365722, 43.7883704 ], [ -79.2365172, 43.7882204 ], [ -79.2362771, 43.7876443 ], [ -79.2361383, 43.7873471 ], [ -79.236023, 43.7871254 ], [ -79.235903, 43.7869066 ], [ -79.2357427, 43.7865968 ], [ -79.2355415, 43.7861819 ], [ -79.2352923, 43.7856027 ], [ -79.2329049, 43.7863 ], [ -79.2287743, 43.7877097 ], [ -79.2267573, 43.7885849 ], [ -79.2255842, 43.7892478 ], [ -79.2233348, 43.7905211 ], [ -79.2204595, 43.7920159 ], [ -79.2179704, 43.7929994 ], [ -79.2156744, 43.793681 ] ] ] } },
{ "type": "Feature", "properties": { "name": "Malvern West", "overture_id": "b152fd3c-592c-40d0-bb46-1db0c354df0b", "division_id": "b218a26f-5179-4c2b-a06e-4ce42fa07b35" }, "geometry": { "type": "Polygon", "coordinates": [ [ [ -79.2433883, 43.8052307 ], [ -79.2431402, 43.8046887 ], [ -79.2429538, 43.8042648 ], [ -79.2421275, 43.802472 ], [ -79.2419155, 43.8019149 ], [ -79.2416476, 43.8009601 ], [ -79.2410805, 43.7986458 ], [ -79.2407531, 43.7977583 ], [ -79.2399055, 43.7957177 ], [ -79.2398277, 43.7955086 ], [ -79.2396775, 43.7951737 ], [ -79.2394622, 43.7947531 ], [ -79.2389211, 43.7940769 ], [ -79.2388185, 43.7939322 ], [ -79.2387529, 43.7938698 ], [ -79.2351061, 43.7946194 ], [ -79.2349246, 43.7946567 ], [ -79.2275438, 43.7961475 ], [ -79.2176378, 43.7981648 ], [ -79.2181528, 43.7993496 ], [ -79.2183244, 43.8001782 ], [ -79.2181742, 43.8011384 ], [ -79.2177236, 43.8020521 ], [ -79.2171443, 43.8032601 ], [ -79.217155, 43.8041196 ], [ -79.2174447, 43.8050642 ], [ -79.2186034, 43.8065586 ], [ -79.2197943, 43.807991 ], [ -79.2202985, 43.8084323 ], [ -79.2216826, 43.8091834 ], [ -79.2241287, 43.8104221 ], [ -79.2244825, 43.8106705 ], [ -79.2242172, 43.8109225 ], [ -79.2238618, 43.8113019 ], [ -79.2230572, 43.8122628 ], [ -79.2228265, 43.8125619 ], [ -79.2222539, 43.8133574 ], [ -79.2188874, 43.8181157 ], [ -79.2176665, 43.8198408 ], [ -79.2175611, 43.8199891 ], [ -79.2179188, 43.8200444 ], [ -79.218302, 43.8200321 ], [ -79.2186979, 43.8200044 ], [ -79.2189406, 43.8199583 ], [ -79.2210695, 43.8197034 ], [ -79.2209758, 43.8192272 ], [ -79.2209077, 43.8189599 ], [ -79.2208864, 43.818748 ], [ -79.220929, 43.8184838 ], [ -79.2210227, 43.8181888 ], [ -79.2211589, 43.8179062 ], [ -79.221193, 43.8178048 ], [ -79.2212441, 43.817728 ], [ -79.221359, 43.8176543 ], [ -79.2222233, 43.8171873 ], [ -79.2240414, 43.8169016 ], [ -79.2242926, 43.8169323 ], [ -79.2259489, 43.8166312 ], [ -79.2275106, 43.8162849 ], [ -79.2314712, 43.8154392 ], [ -79.2370956, 43.8142226 ], [ -79.2430778, 43.8129752 ], [ -79.243042, 43.8128711 ], [ -79.2430178, 43.8128087 ], [ -79.2429857, 43.8127361 ], [ -79.2429572, 43.8126734 ], [ -79.2429404, 43.8125921 ], [ -79.2429213, 43.8125118 ], [ -79.2428928, 43.8124121 ], [ -79.2428844, 43.8123582 ], [ -79.24288, 43.8123045 ], [ -79.2428636, 43.8122234 ], [ -79.2428542, 43.8121424 ], [ -79.2428469, 43.8120976 ], [ -79.2428388, 43.8120255 ], [ -79.2428368, 43.8119624 ], [ -79.2428264, 43.8118907 ], [ -79.2428224, 43.8118174 ], [ -79.2428303, 43.8117416 ], [ -79.2428308, 43.8117374 ], [ -79.2428418, 43.8116559 ], [ -79.2428455, 43.8115758 ], [ -79.242849, 43.8114943 ], [ -79.2428554, 43.8114226 ], [ -79.2428628, 43.8113591 ], [ -79.242866, 43.8112785 ], [ -79.2428737, 43.8111881 ], [ -79.2428839, 43.8111165 ], [ -79.242896, 43.8110172 ], [ -79.242904, 43.8109452 ], [ -79.2429109, 43.8108822 ], [ -79.2429295, 43.8108105 ], [ -79.2429374, 43.8107292 ], [ -79.2429521, 43.8106571 ], [ -79.2429743, 43.8105675 ], [ -79.2429984, 43.8104865 ], [ -79.2430182, 43.8103965 ], [ -79.2430463, 43.8103152 ], [ -79.2430782, 43.8102337 ], [ -79.2431295, 43.8101166 ], [ -79.2431503, 43.8100544 ], [ -79.2431684, 43.8100101 ], [ -79.2431912, 43.8099467 ], [ -79.243216, 43.8098918 ], [ -79.2432378, 43.8098298 ], [ -79.2432633, 43.809766 ], [ -79.2432787, 43.8097219 ], [ -79.2433001, 43.8096767 ], [ -79.2433149, 43.8096225 ], [ -79.2433602, 43.8095233 ], [ -79.2433749, 43.8094969 ], [ -79.2433917, 43.8094338 ], [ -79.2434128, 43.8093968 ], [ -79.2434292, 43.8093445 ], [ -79.243449, 43.8092891 ], [ -79.2434732, 43.8092269 ], [ -79.2435027, 43.8091737 ], [ -79.2435395, 43.8090646 ], [ -79.243565, 43.8090118 ], [ -79.243614, 43.8088862 ], [ -79.2436368, 43.8088219 ], [ -79.2436988, 43.8086784 ], [ -79.2437447, 43.8085245 ], [ -79.2438014, 43.808346 ], [ -79.2438124, 43.808283 ], [ -79.243842, 43.8082022 ], [ -79.2438446, 43.8081742 ], [ -79.2438614, 43.8081122 ], [ -79.2438751, 43.80803 ], [ -79.243902, 43.8079225 ], [ -79.2439187, 43.8078328 ], [ -79.2439288, 43.8077699 ], [ -79.2439419, 43.8077065 ], [ -79.2439533, 43.8076259 ], [ -79.243969, 43.8075535 ], [ -79.2439734, 43.8074906 ], [ -79.2439781, 43.8073924 ], [ -79.2439851, 43.8073111 ], [ -79.2439855, 43.8072124 ], [ -79.2439858, 43.8070936 ], [ -79.2439791, 43.8070048 ], [ -79.2439791, 43.8069496 ], [ -79.2439529, 43.8067873 ], [ -79.2439355, 43.806689 ], [ -79.2439167, 43.8066085 ], [ -79.2438802, 43.8064916 ], [ -79.2438259, 43.806321 ], [ -79.243743, 43.8060887 ], [ -79.2436626, 43.8058879 ], [ -79.2435962, 43.8057171 ], [ -79.2435258, 43.8055365 ], [ -79.2433883, 43.8052307 ] ] ] } },
{ "type": "Feature", "properties": { "name": "Woburn North", "overture_id": "80605990-1287-4036-ad1c-d4bce287c559", "division_id": "763fffb0-e175-468a-8858-e5bed92ce22a" }, "geometry": { "type": "Polygon", "coordinates": [ [ [ -79.2246209, 43.788459 ], [ -79.2247027, 43.7885287 ], [ -79.2248113, 43.7886255 ], [ -79.2255842, 43.7892478 ], [ -79.2267573, 43.7885849 ], [ -79.2287743, 43.7877097 ], [ -79.2329049, 43.7863 ], [ -79.2352923, 43.7856027 ], [ -79.2357159, 43.785479 ], [ -79.2400718, 43.7842939 ], [ -79.246788, 43.7827603 ], [ -79.2547918, 43.7812595 ], [ -79.2545343, 43.7807308 ], [ -79.2536867, 43.7790421 ], [ -79.2520022, 43.7743554 ], [ -79.2521095, 43.7742159 ], [ -79.2515436, 43.7726278 ], [ -79.2514631, 43.7721455 ], [ -79.2513338, 43.7716758 ], [ -79.2480072, 43.7631171 ], [ -79.2459101, 43.7576822 ], [ -79.245662, 43.7569989 ], [ -79.2455418, 43.756688 ], [ -79.2455118, 43.7564833 ], [ -79.2454867, 43.7562507 ], [ -79.245484, 43.7560128 ], [ -79.2453399, 43.755569 ], [ -79.2432372, 43.7560185 ], [ -79.235276, 43.7577203 ], [ -79.2330779, 43.7581848 ], [ -79.2309235, 43.7586388 ], [ -79.226979, 43.7594666 ], [ -79.2258286, 43.759707 ], [ -79.2253243, 43.7598227 ], [ -79.225408, 43.7600301 ], [ -79.2254827, 43.7603182 ], [ -79.2262528, 43.7622013 ], [ -79.2273822, 43.7651745 ], [ -79.2283539, 43.767589 ], [ -79.2290311, 43.7693644 ], [ -79.2295414, 43.7706251 ], [ -79.2298016, 43.7712546 ], [ -79.2311829, 43.7748066 ], [ -79.2314485, 43.7755348 ], [ -79.2316094, 43.7760694 ], [ -79.2317568, 43.7764362 ], [ -79.2287361, 43.7771065 ], [ -79.2265742, 43.7775892 ], [ -79.2233539, 43.7782876 ], [ -79.2222172, 43.7785569 ], [ -79.2171402, 43.7797538 ], [ -79.2111683, 43.7811772 ], [ -79.2113547, 43.7814657 ], [ -79.2121359, 43.7820956 ], [ -79.2122579, 43.7822001 ], [ -79.2123706, 43.7822776 ], [ -79.212494, 43.7823323 ], [ -79.2126804, 43.7823826 ], [ -79.2128822, 43.7824093 ], [ -79.2132658, 43.782617 ], [ -79.2133379, 43.7829123 ], [ -79.2133649, 43.7830625 ], [ -79.2134879, 43.7833032 ], [ -79.2135558, 43.7835634 ], [ -79.2136168, 43.783713 ], [ -79.2137063, 43.7837534 ], [ -79.2138361, 43.7837892 ], [ -79.2139618, 43.7838045 ], [ -79.2141901, 43.7838052 ], [ -79.2143497, 43.7837948 ], [ -79.2145009, 43.7837459 ], [ -79.2146112, 43.7836714 ], [ -79.2146887, 43.7836067 ], [ -79.2147162, 43.7835465 ], [ -79.2147239, 43.7834262 ], [ -79.2146971, 43.7832214 ], [ -79.2146768, 43.7830563 ], [ -79.2147388, 43.7830058 ], [ -79.2148639, 43.7829914 ], [ -79.2149671, 43.7830114 ], [ -79.2150915, 43.7830569 ], [ -79.215312, 43.7831524 ], [ -79.2154491, 43.7832478 ], [ -79.2156067, 43.7833976 ], [ -79.2157227, 43.7835581 ], [ -79.2160593, 43.783834 ], [ -79.2167501, 43.7839235 ], [ -79.2168167, 43.783956 ], [ -79.2168891, 43.7840136 ], [ -79.2169709, 43.7841228 ], [ -79.2171637, 43.7841874 ], [ -79.2173483, 43.7842305 ], [ -79.2174523, 43.7842204 ], [ -79.217497, 43.7841721 ], [ -79.217565, 43.7839744 ], [ -79.2175654, 43.7838558 ], [ -79.2176029, 43.7837009 ], [ -79.2176693, 43.7835668 ], [ -79.2176783, 43.7834383 ], [ -79.2177363, 43.7833305 ], [ -79.2178611, 43.7832729 ], [ -79.2180113, 43.7831931 ], [ -79.2182775, 43.7830856 ], [ -79.2185222, 43.7829205 ], [ -79.2186496, 43.7827922 ], [ -79.2188126, 43.7826746 ], [ -79.2189614, 43.7826252 ], [ -79.2191117, 43.7826034 ], [ -79.2192545, 43.7826266 ], [ -79.2193108, 43.7826804 ], [ -79.2193765, 43.7827816 ], [ -79.2194489, 43.7829098 ], [ -79.2195086, 43.783043 ], [ -79.2195737, 43.7832751 ], [ -79.2196776, 43.783394 ], [ -79.2198395, 43.7834586 ], [ -79.2199723, 43.7835387 ], [ -79.2202088, 43.7837551 ], [ -79.2202382, 43.7838406 ], [ -79.2202516, 43.7839957 ], [ -79.2202992, 43.7841845 ], [ -79.2201926, 43.7843041 ], [ -79.2201443, 43.7843786 ], [ -79.2201564, 43.7845437 ], [ -79.2202415, 43.7847693 ], [ -79.2202663, 43.7848681 ], [ -79.2203146, 43.7850041 ], [ -79.2203629, 43.7851024 ], [ -79.2204246, 43.7851929 ], [ -79.220503, 43.7852486 ], [ -79.2206043, 43.7852921 ], [ -79.2207599, 43.7853638 ], [ -79.2209677, 43.7854751 ], [ -79.2212333, 43.7856116 ], [ -79.22135, 43.7856591 ], [ -79.2214251, 43.7856794 ], [ -79.2214881, 43.7856862 ], [ -79.2215793, 43.7856881 ], [ -79.2216638, 43.7856843 ], [ -79.2217791, 43.7856639 ], [ -79.2219186, 43.7856504 ], [ -79.2220017, 43.7856494 ], [ -79.2221023, 43.7856697 ], [ -79.2226669, 43.7856688 ], [ -79.2227581, 43.7858943 ], [ -79.2227782, 43.7860154 ], [ -79.2228627, 43.7862545 ], [ -79.22286, 43.7863755 ], [ -79.2229097, 43.7865401 ], [ -79.2229633, 43.786606 ], [ -79.2229928, 43.7867492 ], [ -79.2229955, 43.7868383 ], [ -79.2230062, 43.7868829 ], [ -79.2229727, 43.7870136 ], [ -79.2229338, 43.7870658 ], [ -79.2228882, 43.7871055 ], [ -79.2226776, 43.7872498 ], [ -79.2224242, 43.7873931 ], [ -79.222341, 43.7874318 ], [ -79.2222606, 43.7874463 ], [ -79.2221318, 43.7874783 ], [ -79.2221117, 43.7875451 ], [ -79.2221077, 43.787579 ], [ -79.2219789, 43.7876797 ], [ -79.2219226, 43.7877416 ], [ -79.2219333, 43.7878142 ], [ -79.2219682, 43.7878936 ], [ -79.2220125, 43.7880001 ], [ -79.2220728, 43.7880582 ], [ -79.2222767, 43.7881637 ], [ -79.222396, 43.7881879 ], [ -79.2227447, 43.7882344 ], [ -79.222907, 43.7882712 ], [ -79.223135, 43.7884309 ], [ -79.223202, 43.7885132 ], [ -79.2232905, 43.7885529 ], [ -79.2234166, 43.7885549 ], [ -79.2235346, 43.7885278 ], [ -79.2237049, 43.7885035 ], [ -79.2239396, 43.7884658 ], [ -79.2241167, 43.78843 ], [ -79.224299, 43.788399 ], [ -79.2244747, 43.7884077 ], [ -79.2245485, 43.7884213 ], [ -79.2246209, 43.788459 ] ] ] } },
{ "type": "Feature", "properties": { "name": "Yonge-Doris", "overture_id": "8d6f79b7-9f18-4a7a-ae9f-3b9b7ba5b1a1", "division_id": "5b0a5eb4-260c-4ea9-b0ba-a46eb5c8dd4e" }, "geometry": { "type": "Polygon", "coordinates": [ [ [ -79.4129059, 43.7692809 ], [ -79.4126773, 43.7684219 ], [ -79.4123286, 43.7669827 ], [ -79.4122471, 43.7666885 ], [ -79.411762, 43.7648041 ], [ -79.411428, 43.7634602 ], [ -79.4111618, 43.7623757 ], [ -79.4111095, 43.7621703 ], [ -79.4109375, 43.7615088 ], [ -79.4082635, 43.7621014 ], [ -79.4083174, 43.7622665 ], [ -79.4084048, 43.7626469 ], [ -79.4084573, 43.762871 ], [ -79.4086624, 43.7636835 ], [ -79.4086768, 43.7637709 ], [ -79.4086728, 43.7638329 ], [ -79.4086489, 43.7638866 ], [ -79.4086239, 43.7639343 ], [ -79.4085903, 43.7639893 ], [ -79.4085403, 43.7640462 ], [ -79.4084539, 43.7641092 ], [ -79.4084072, 43.7641808 ], [ -79.4083817, 43.7642413 ], [ -79.4083764, 43.7643077 ], [ -79.4083878, 43.7643978 ], [ -79.4086255, 43.7649693 ], [ -79.4090868, 43.7657784 ], [ -79.4093057, 43.7661613 ], [ -79.4105637, 43.7691439 ], [ -79.4108051, 43.7697191 ], [ -79.4110794, 43.770292 ], [ -79.4112007, 43.7705467 ], [ -79.4115843, 43.7713931 ], [ -79.4120429, 43.7724719 ], [ -79.4123279, 43.7732277 ], [ -79.4124466, 43.7737966 ], [ -79.4124734, 43.7740997 ], [ -79.4098985, 43.7746754 ], [ -79.4104816, 43.7760449 ], [ -79.4108373, 43.7768779 ], [ -79.4109097, 43.7770513 ], [ -79.4110499, 43.777379 ], [ -79.4110666, 43.7774236 ], [ -79.4114602, 43.7784277 ], [ -79.4118894, 43.7794328 ], [ -79.4123172, 43.7804769 ], [ -79.4134902, 43.7802214 ], [ -79.4151841, 43.7798543 ], [ -79.415438, 43.7797996 ], [ -79.4155779, 43.7797695 ], [ -79.4154366, 43.779244 ], [ -79.4153991, 43.7791041 ], [ -79.4153018, 43.7787381 ], [ -79.4150899, 43.7779061 ], [ -79.4148579, 43.7769757 ], [ -79.4143899, 43.7751751 ], [ -79.4140353, 43.7737957 ], [ -79.4138339, 43.7729839 ], [ -79.4136395, 43.772268 ], [ -79.4135799, 43.7720092 ], [ -79.4135061, 43.7717262 ], [ -79.4133713, 43.7712083 ], [ -79.4129059, 43.7692809 ] ] ] } },
{ "type": "Feature", "properties": { "name": "Newtonbrook East", "overture_id": "db5a83b4-451a-4297-8ad6-c9deb5906050", "division_id": "ac0690b4-44bb-4c41-b196-8690f6c20143" }, "geometry": { "type": "Polygon", "coordinates": [ [ [ -79.394675, 43.784352 ], [ -79.3933207, 43.7846515 ], [ -79.3924088, 43.7848913 ], [ -79.3921476, 43.7849956 ], [ -79.3922448, 43.7854423 ], [ -79.392311, 43.7857807 ], [ -79.392317, 43.7858112 ], [ -79.3923748, 43.7861071 ], [ -79.3924168, 43.786339 ], [ -79.3924937, 43.7867646 ], [ -79.3925069, 43.7868382 ], [ -79.3925642, 43.787156 ], [ -79.3925938, 43.7873203 ], [ -79.3927109, 43.7879152 ], [ -79.3927308, 43.7880173 ], [ -79.3927443, 43.7881106 ], [ -79.3928267, 43.7885476 ], [ -79.3928357, 43.7886125 ], [ -79.3929107, 43.7888956 ], [ -79.3930856, 43.7898059 ], [ -79.3931407, 43.7900587 ], [ -79.3931489, 43.7900994 ], [ -79.3931883, 43.7902963 ], [ -79.3933059, 43.7908577 ], [ -79.3933568, 43.7911093 ], [ -79.3934607, 43.7916888 ], [ -79.3934974, 43.7918584 ], [ -79.3935008, 43.7918715 ], [ -79.3935629, 43.7921541 ], [ -79.3935677, 43.7922939 ], [ -79.3935829, 43.7923997 ], [ -79.3936596, 43.7926887 ], [ -79.3936753, 43.7927559 ], [ -79.3937362, 43.7930177 ], [ -79.3938254, 43.7934083 ], [ -79.3939906, 43.7941378 ], [ -79.3942052, 43.7950885 ], [ -79.3942063, 43.7950931 ], [ -79.394287, 43.7954448 ], [ -79.3942905, 43.7954603 ], [ -79.3943731, 43.7957868 ], [ -79.3944189, 43.7959579 ], [ -79.3944211, 43.7959661 ], [ -79.3944424, 43.7960459 ], [ -79.3944496, 43.796073 ], [ -79.3944797, 43.7961942 ], [ -79.3945589, 43.7965271 ], [ -79.3946, 43.7967871 ], [ -79.3947688, 43.7975217 ], [ -79.3948786, 43.7979894 ], [ -79.3949533, 43.7983073 ], [ -79.395058, 43.7986952 ], [ -79.3951627, 43.799083 ], [ -79.3951753, 43.7991232 ], [ -79.3951878, 43.7991633 ], [ -79.3951854, 43.7992494 ], [ -79.3953068, 43.7997493 ], [ -79.3953535, 43.7999522 ], [ -79.3956478, 43.8012167 ], [ -79.3958404, 43.8020223 ], [ -79.3958535, 43.8020756 ], [ -79.3959424, 43.8024455 ], [ -79.3960027, 43.8026895 ], [ -79.3962919, 43.8032482 ], [ -79.3971324, 43.8030857 ], [ -79.3972181, 43.8030654 ], [ -79.3972709, 43.8030529 ], [ -79.3973504, 43.8030344 ], [ -79.3983148, 43.8028093 ], [ -79.3986397, 43.8027456 ], [ -79.3994527, 43.8025488 ], [ -79.3999689, 43.8024384 ], [ -79.4003372, 43.8023545 ], [ -79.4007618, 43.8022595 ], [ -79.4008678, 43.8022355 ], [ -79.40097, 43.8022162 ], [ -79.4016609, 43.8020696 ], [ -79.4020572, 43.8019798 ], [ -79.4025524, 43.8018796 ], [ -79.4028856, 43.8018106 ], [ -79.4057652, 43.801169 ], [ -79.4061532, 43.8010864 ], [ -79.4062127, 43.8010756 ], [ -79.4062515, 43.8010685 ], [ -79.4062997, 43.8010567 ], [ -79.4063531, 43.8010436 ], [ -79.4066907, 43.800966 ], [ -79.4092437, 43.8004076 ], [ -79.4093305, 43.8003888 ], [ -79.4118226, 43.7998404 ], [ -79.4132711, 43.7995312 ], [ -79.4143507, 43.7992899 ], [ -79.4144686, 43.7992607 ], [ -79.4145889, 43.7992327 ], [ -79.4157435, 43.7989659 ], [ -79.4170831, 43.7986857 ], [ -79.4176865, 43.7985568 ], [ -79.4180129, 43.7984871 ], [ -79.4192262, 43.7982217 ], [ -79.4199052, 43.7980722 ], [ -79.4200471, 43.7980391 ], [ -79.4198173, 43.7971596 ], [ -79.4192085, 43.7946093 ], [ -79.4190153, 43.7938116 ], [ -79.4187914, 43.7929491 ], [ -79.4184709, 43.7916373 ], [ -79.4181316, 43.7902433 ], [ -79.4178231, 43.7889799 ], [ -79.4175562, 43.7879062 ], [ -79.417343, 43.7870445 ], [ -79.4171271, 43.7861829 ], [ -79.4169487, 43.7854228 ], [ -79.4167261, 43.7845185 ], [ -79.4165558, 43.7838398 ], [ -79.4163425, 43.7830091 ], [ -79.4163278, 43.7829239 ], [ -79.4161628, 43.7822713 ], [ -79.4159536, 43.7814405 ], [ -79.4157283, 43.7804558 ], [ -79.4155779, 43.7797695 ], [ -79.415438, 43.7797996 ], [ -79.4151841, 43.7798543 ], [ -79.4134902, 43.7802214 ], [ -79.4123172, 43.7804769 ], [ -79.3963292, 43.7839834 ], [ -79.3959718, 43.7840766 ], [ -79.394675, 43.784352 ] ] ] } },
{ "type": "Feature", "properties": { "name": "East Willowdale", "overture_id": "3e9b1106-69bc-4ddc-b1cb-1228c7741840", "division_id": "8d5c1b9a-d160-4d6a-9f67-666a760f75fa" }, "geometry": { "type": "Polygon", "coordinates": [ [ [ -79.3919086, 43.7838825 ], [ -79.3920048, 43.7843063 ], [ -79.3920474, 43.7844942 ], [ -79.3921476, 43.7849956 ], [ -79.3924088, 43.7848913 ], [ -79.3933207, 43.7846515 ], [ -79.394675, 43.784352 ], [ -79.3959718, 43.7840766 ], [ -79.3963292, 43.7839834 ], [ -79.4123172, 43.7804769 ], [ -79.4118894, 43.7794328 ], [ -79.4114602, 43.7784277 ], [ -79.4110666, 43.7774236 ], [ -79.4110499, 43.777379 ], [ -79.4109097, 43.7770513 ], [ -79.4108373, 43.7768779 ], [ -79.4104816, 43.7760449 ], [ -79.4098985, 43.7746754 ], [ -79.4124734, 43.7740997 ], [ -79.4124466, 43.7737966 ], [ -79.4123279, 43.7732277 ], [ -79.4120429, 43.7724719 ], [ -79.4115843, 43.7713931 ], [ -79.4112007, 43.7705467 ], [ -79.4110794, 43.770292 ], [ -79.4108051, 43.7697191 ], [ -79.4105637, 43.7691439 ], [ -79.4093057, 43.7661613 ], [ -79.4090868, 43.7657784 ], [ -79.4086255, 43.7649693 ], [ -79.4083878, 43.7643978 ], [ -79.4083764, 43.7643077 ], [ -79.4083817, 43.7642413 ], [ -79.4084072, 43.7641808 ], [ -79.4084539, 43.7641092 ], [ -79.4085403, 43.7640462 ], [ -79.4085903, 43.7639893 ], [ -79.4086239, 43.7639343 ], [ -79.4086489, 43.7638866 ], [ -79.4086728, 43.7638329 ], [ -79.4086768, 43.7637709 ], [ -79.4086624, 43.7636835 ], [ -79.4084573, 43.762871 ], [ -79.4084048, 43.7626469 ], [ -79.4083174, 43.7622665 ], [ -79.4082635, 43.7621014 ], [ -79.4078734, 43.7621842 ], [ -79.4071719, 43.7623331 ], [ -79.4047386, 43.7628934 ], [ -79.4038268, 43.7630894 ], [ -79.4028674, 43.7632985 ], [ -79.4022976, 43.7634331 ], [ -79.3996511, 43.7640048 ], [ -79.3919519, 43.7657169 ], [ -79.3889234, 43.7663715 ], [ -79.3880542, 43.766585 ], [ -79.3919086, 43.7838825 ] ] ] } },
{ "type": "Feature", "properties": { "name": "Bayview Woods-Steeles", "overture_id": "a8b9bc4f-8587-4e12-a14a-f6b6f9c4bdef", "division_id": "344aa93e-b645-42ed-b2d3-9e3c83efa77a" }, "geometry": { "type": "Polygon", "coordinates": [ [ [ -79.3682032, 43.790804 ], [ -79.3709067, 43.8020833 ], [ -79.3709379, 43.8022134 ], [ -79.3718275, 43.8059244 ], [ -79.3723319, 43.8080283 ], [ -79.3725229, 43.8085069 ], [ -79.374044, 43.8081591 ], [ -79.3742001, 43.8081269 ], [ -79.3745077, 43.8080658 ], [ -79.3759598, 43.8077557 ], [ -79.376084, 43.8077303 ], [ -79.3762402, 43.8076948 ], [ -79.3764976, 43.8076326 ], [ -79.3829028, 43.8062104 ], [ -79.3833889, 43.8061057 ], [ -79.3835968, 43.8060591 ], [ -79.383676, 43.8060414 ], [ -79.384087, 43.8059527 ], [ -79.3844593, 43.8058723 ], [ -79.3846753, 43.8058245 ], [ -79.3849163, 43.8057691 ], [ -79.3852277, 43.805691 ], [ -79.3853083, 43.8056713 ], [ -79.3856359, 43.805602 ], [ -79.3857614, 43.8055737 ], [ -79.3858696, 43.8055497 ], [ -79.3864946, 43.8054114 ], [ -79.3871454, 43.8052674 ], [ -79.3872291, 43.8052505 ], [ -79.3872828, 43.8052397 ], [ -79.3874756, 43.8052008 ], [ -79.3882298, 43.8050487 ], [ -79.3888164, 43.8049214 ], [ -79.3892072, 43.804833 ], [ -79.3897002, 43.8047216 ], [ -79.3897702, 43.8047058 ], [ -79.3899984, 43.8046542 ], [ -79.3902236, 43.8046032 ], [ -79.3904247, 43.8045577 ], [ -79.3906021, 43.8045176 ], [ -79.3906979, 43.804496 ], [ -79.3909614, 43.8044364 ], [ -79.3910612, 43.8044156 ], [ -79.3912441, 43.8043774 ], [ -79.3915574, 43.8043058 ], [ -79.3918525, 43.8042403 ], [ -79.3925621, 43.8040912 ], [ -79.392732, 43.8040512 ], [ -79.39289, 43.804023 ], [ -79.3942766, 43.8037109 ], [ -79.3946365, 43.8036282 ], [ -79.3962919, 43.8032482 ], [ -79.3960027, 43.8026895 ], [ -79.3959424, 43.8024455 ], [ -79.3958535, 43.8020756 ], [ -79.3958404, 43.8020223 ], [ -79.3956478, 43.8012167 ], [ -79.3953535, 43.7999522 ], [ -79.3953068, 43.7997493 ], [ -79.3951854, 43.7992494 ], [ -79.3951878, 43.7991633 ], [ -79.3951753, 43.7991232 ], [ -79.3951627, 43.799083 ], [ -79.395058, 43.7986952 ], [ -79.3949533, 43.7983073 ], [ -79.3948786, 43.7979894 ], [ -79.3947688, 43.7975217 ], [ -79.3946, 43.7967871 ], [ -79.3945589, 43.7965271 ], [ -79.3944797, 43.7961942 ], [ -79.3944496, 43.796073 ], [ -79.3944424, 43.7960459 ], [ -79.3944211, 43.7959661 ], [ -79.3944189, 43.7959579 ], [ -79.3943731, 43.7957868 ], [ -79.3942905, 43.7954603 ], [ -79.394287, 43.7954448 ], [ -79.3942063, 43.7950931 ], [ -79.3942052, 43.7950885 ], [ -79.3939906, 43.7941378 ], [ -79.3938254, 43.7934083 ], [ -79.3937362, 43.7930177 ], [ -79.3936753, 43.7927559 ], [ -79.3936596, 43.7926887 ], [ -79.3935829, 43.7923997 ], [ -79.3935677, 43.7922939 ], [ -79.3935629, 43.7921541 ], [ -79.3935008, 43.7918715 ], [ -79.3934974, 43.7918584 ], [ -79.3934607, 43.7916888 ], [ -79.3933568, 43.7911093 ], [ -79.3933059, 43.7908577 ], [ -79.3931883, 43.7902963 ], [ -79.3931489, 43.7900994 ], [ -79.3931407, 43.7900587 ], [ -79.3930856, 43.7898059 ], [ -79.3929107, 43.7888956 ], [ -79.3928357, 43.7886125 ], [ -79.3928267, 43.7885476 ], [ -79.3927443, 43.7881106 ], [ -79.3927308, 43.7880173 ], [ -79.3927109, 43.7879152 ], [ -79.3925938, 43.7873203 ], [ -79.3925642, 43.787156 ], [ -79.3925069, 43.7868382 ], [ -79.3924937, 43.7867646 ], [ -79.3924168, 43.786339 ], [ -79.3923748, 43.7861071 ], [ -79.392317, 43.7858112 ], [ -79.392311, 43.7857807 ], [ -79.3922448, 43.7854423 ], [ -79.3921476, 43.7849956 ], [ -79.3920727, 43.7850171 ], [ -79.3914909, 43.7851659 ], [ -79.3913634, 43.7851957 ], [ -79.3908075, 43.7853259 ], [ -79.390796, 43.7853284 ], [ -79.390558, 43.7853845 ], [ -79.3900325, 43.7855095 ], [ -79.3894597, 43.7856367 ], [ -79.3890554, 43.7857265 ], [ -79.3890539, 43.7857268 ], [ -79.3870294, 43.7861623 ], [ -79.386105, 43.7863646 ], [ -79.3843696, 43.786749 ], [ -79.3816266, 43.7873492 ], [ -79.3812866, 43.7874236 ], [ -79.3811266, 43.7874586 ], [ -79.3810783, 43.7874692 ], [ -79.3809506, 43.7874954 ], [ -79.3807866, 43.7875264 ], [ -79.3806799, 43.7875564 ], [ -79.3805768, 43.7875847 ], [ -79.3803641, 43.7876341 ], [ -79.3802302, 43.7876652 ], [ -79.3802077, 43.7876699 ], [ -79.3781897, 43.7880948 ], [ -79.376247, 43.7885137 ], [ -79.3753861, 43.7887025 ], [ -79.3748706, 43.7888186 ], [ -79.3745231, 43.7888968 ], [ -79.3734189, 43.7891454 ], [ -79.3732788, 43.7891755 ], [ -79.3732106, 43.789191 ], [ -79.3731423, 43.7892064 ], [ -79.3727722, 43.7892861 ], [ -79.371709, 43.7895149 ], [ -79.371031, 43.7896609 ], [ -79.3693219, 43.7900153 ], [ -79.3688093, 43.7900648 ], [ -79.3680777, 43.7900405 ], [ -79.3682032, 43.790804 ] ] ] } },
{ "type": "Feature", "properties": { "name": "Bayview Village", "overture_id": "5f9074ad-a69e-4a7a-9577-851bb0312a8a", "division_id": "c0c99193-cdd2-441b-8767-1254656e673c" }, "geometry": { "type": "Polygon", "coordinates": [ [ [ -79.3675302, 43.7878776 ], [ -79.367585, 43.7881349 ], [ -79.3676537, 43.7884544 ], [ -79.3680777, 43.7900405 ], [ -79.3688093, 43.7900648 ], [ -79.3693219, 43.7900153 ], [ -79.371031, 43.7896609 ], [ -79.371709, 43.7895149 ], [ -79.3727722, 43.7892861 ], [ -79.3731423, 43.7892064 ], [ -79.3732106, 43.789191 ], [ -79.3732788, 43.7891755 ], [ -79.3734189, 43.7891454 ], [ -79.3745231, 43.7888968 ], [ -79.3748706, 43.7888186 ], [ -79.3753861, 43.7887025 ], [ -79.376247, 43.7885137 ], [ -79.3781897, 43.7880948 ], [ -79.3802077, 43.7876699 ], [ -79.3802302, 43.7876652 ], [ -79.3803641, 43.7876341 ], [ -79.3805768, 43.7875847 ], [ -79.3806799, 43.7875564 ], [ -79.3807866, 43.7875264 ], [ -79.3809506, 43.7874954 ], [ -79.3810783, 43.7874692 ], [ -79.3811266, 43.7874586 ], [ -79.3812866, 43.7874236 ], [ -79.3816266, 43.7873492 ], [ -79.3843696, 43.786749 ], [ -79.386105, 43.7863646 ], [ -79.3870294, 43.7861623 ], [ -79.3890539, 43.7857268 ], [ -79.3890554, 43.7857265 ], [ -79.3894597, 43.7856367 ], [ -79.3900325, 43.7855095 ], [ -79.390558, 43.7853845 ], [ -79.390796, 43.7853284 ], [ -79.3908075, 43.7853259 ], [ -79.3913634, 43.7851957 ], [ -79.3914909, 43.7851659 ], [ -79.3920727, 43.7850171 ], [ -79.3921476, 43.7849956 ], [ -79.3920474, 43.7844942 ], [ -79.3920048, 43.7843063 ], [ -79.3919086, 43.7838825 ], [ -79.3880542, 43.766585 ], [ -79.3876999, 43.7652307 ], [ -79.3875893, 43.7648157 ], [ -79.3873224, 43.7639551 ], [ -79.3871501, 43.7633121 ], [ -79.3795351, 43.764906 ], [ -79.3771382, 43.7653312 ], [ -79.3755291, 43.7655694 ], [ -79.37178, 43.7659212 ], [ -79.3629664, 43.7663321 ], [ -79.3596613, 43.766486 ], [ -79.3596619, 43.766583 ], [ -79.3596675, 43.7666709 ], [ -79.3596829, 43.7668094 ], [ -79.3597104, 43.7669429 ], [ -79.3597429, 43.7670469 ], [ -79.3598348, 43.7672382 ], [ -79.3598646, 43.7672907 ], [ -79.3599216, 43.767359 ], [ -79.3600684, 43.7674631 ], [ -79.3601972, 43.7675662 ], [ -79.3605258, 43.767833 ], [ -79.3606255, 43.7679369 ], [ -79.3607133, 43.7680419 ], [ -79.3607896, 43.7681662 ], [ -79.3608225, 43.7682719 ], [ -79.3608443, 43.7684071 ], [ -79.3608449, 43.7686986 ], [ -79.3608922, 43.7690356 ], [ -79.3609036, 43.769194 ], [ -79.3608939, 43.7693206 ], [ -79.3609046, 43.7694523 ], [ -79.3609791, 43.7696199 ], [ -79.3610796, 43.7697477 ], [ -79.3611678, 43.7698441 ], [ -79.3612741, 43.7699324 ], [ -79.3613787, 43.769998 ], [ -79.3615259, 43.7700847 ], [ -79.3616446, 43.7701755 ], [ -79.3617629, 43.7702927 ], [ -79.3620254, 43.770506 ], [ -79.362122, 43.7705733 ], [ -79.3621954, 43.7706045 ], [ -79.3623175, 43.7706387 ], [ -79.3624405, 43.7706671 ], [ -79.3625624, 43.770715 ], [ -79.3629143, 43.770888 ], [ -79.363038, 43.770966 ], [ -79.3631791, 43.7710393 ], [ -79.3634832, 43.7712103 ], [ -79.3635617, 43.7712684 ], [ -79.3637744, 43.7714147 ], [ -79.3638752, 43.7714702 ], [ -79.3641353, 43.7716453 ], [ -79.3641149, 43.7718584 ], [ -79.3641695, 43.7725997 ], [ -79.3645947, 43.7748396 ], [ -79.3646309, 43.7749664 ], [ -79.3647864, 43.7757556 ], [ -79.3649621, 43.7766107 ], [ -79.3651485, 43.7774822 ], [ -79.3653229, 43.7782956 ], [ -79.3658634, 43.7806863 ], [ -79.3660665, 43.7816056 ], [ -79.3661966, 43.7821798 ], [ -79.3663944, 43.782995 ], [ -79.366558, 43.7837314 ], [ -79.3668289, 43.7848719 ], [ -79.3669557, 43.7854683 ], [ -79.3672574, 43.786697 ], [ -79.3675302, 43.7878776 ] ] ] } },
{ "type": "Feature", "properties": { "name": "Distillery District", "overture_id": "a38989b6-4478-49f6-90c3-b6190e194aaa", "division_id": "3c185a1b-9cb2-4094-8b0c-3a4b26a5e6d3" }, "geometry": { "type": "Polygon", "coordinates": [ [ [ -79.3596822, 43.6507416 ], [ -79.3607153, 43.6504882 ], [ -79.3620386, 43.6501675 ], [ -79.3617249, 43.6494805 ], [ -79.3591856, 43.6494302 ], [ -79.3583836, 43.649577 ], [ -79.3569035, 43.6500505 ], [ -79.3574203, 43.6512482 ], [ -79.358165, 43.6510746 ], [ -79.3589832, 43.6509029 ], [ -79.3596822, 43.6507416 ] ] ] } },
{ "type": "Feature", "properties": { "name": "Regent Park", "overture_id": "724bb2fb-a8a4-44c7-af11-ade31a97cb57", "division_id": "607f2194-28ba-421b-9849-f3d7dde0166f" }, "geometry": { "type": "Polygon", "coordinates": [ [ [ -79.3565313, 43.6573748 ], [ -79.3549622, 43.6577367 ], [ -79.3546604, 43.6578026 ], [ -79.3542582, 43.6578773 ], [ -79.3562636, 43.6645418 ], [ -79.3564944, 43.6644898 ], [ -79.3589218, 43.6638 ], [ -79.3592437, 43.6637078 ], [ -79.3596353, 43.6635807 ], [ -79.3603259, 43.6634265 ], [ -79.3608932, 43.6632965 ], [ -79.3623349, 43.6629715 ], [ -79.3631852, 43.662791 ], [ -79.3640354, 43.6625882 ], [ -79.3659787, 43.6621851 ], [ -79.3670355, 43.6619504 ], [ -79.3665272, 43.6607022 ], [ -79.3660176, 43.6594414 ], [ -79.3650037, 43.6569464 ], [ -79.3644626, 43.6556152 ], [ -79.3634413, 43.6558306 ], [ -79.3622638, 43.6560955 ], [ -79.3610153, 43.6563691 ], [ -79.3601905, 43.6565583 ], [ -79.3595856, 43.6567067 ], [ -79.3589245, 43.6568338 ], [ -79.3577604, 43.6570973 ], [ -79.3565313, 43.6573748 ] ] ] } },
{ "type": "Feature", "properties": { "name": "Moss Park", "overture_id": "cb9007a8-d93c-48d3-9d5b-5529d3bd3081", "division_id": "94c67845-7d5f-46a9-817a-c9beecd1f489" }, "geometry": { "type": "Polygon", "coordinates": [ [ [ -79.3610153, 43.6563691 ], [ -79.3622638, 43.6560955 ], [ -79.3634413, 43.6558306 ], [ -79.3644626, 43.6556152 ], [ -79.3650037, 43.6569464 ], [ -79.3660176, 43.6594414 ], [ -79.3665272, 43.6607022 ], [ -79.3670355, 43.6619504 ], [ -79.3679823, 43.664286 ], [ -79.3693073, 43.6639921 ], [ -79.370521, 43.6637224 ], [ -79.3721652, 43.6633877 ], [ -79.3730611, 43.6631917 ], [ -79.3743512, 43.6629171 ], [ -79.3759143, 43.6625878 ], [ -79.3767169, 43.662419 ], [ -79.3759002, 43.6604397 ], [ -79.3745658, 43.6570662 ], [ -79.373918, 43.6553609 ], [ -79.3728331, 43.6527052 ], [ -79.3727151, 43.6523452 ], [ -79.3721411, 43.6509741 ], [ -79.3714658, 43.6494496 ], [ -79.3704124, 43.6497922 ], [ -79.3702186, 43.6498446 ], [ -79.3690753, 43.6500998 ], [ -79.3678951, 43.6503938 ], [ -79.3666948, 43.650681 ], [ -79.3627413, 43.6515684 ], [ -79.3612667, 43.6519134 ], [ -79.3609978, 43.6521021 ], [ -79.3608999, 43.6522132 ], [ -79.3608463, 43.65227 ], [ -79.3607075, 43.6524873 ], [ -79.3605942, 43.6526436 ], [ -79.3605123, 43.6527236 ], [ -79.3603668, 43.6528299 ], [ -79.3600718, 43.6530249 ], [ -79.3592852, 43.6534882 ], [ -79.3585335, 43.653906 ], [ -79.3578348, 43.6542883 ], [ -79.3575089, 43.6544823 ], [ -79.3573762, 43.654396 ], [ -79.3572702, 43.65438 ], [ -79.3571321, 43.6543819 ], [ -79.3569752, 43.6543994 ], [ -79.3564327, 43.65451 ], [ -79.355042, 43.6548166 ], [ -79.3546464, 43.6549107 ], [ -79.3545062, 43.6552678 ], [ -79.3548173, 43.6555734 ], [ -79.3542152, 43.6559737 ], [ -79.3540167, 43.6560761 ], [ -79.3534779, 43.6563523 ], [ -79.3532412, 43.6561445 ], [ -79.3530739, 43.6560731 ], [ -79.3523946, 43.6554466 ], [ -79.3518232, 43.6555509 ], [ -79.3542481, 43.6578439 ], [ -79.3542582, 43.6578773 ], [ -79.3546604, 43.6578026 ], [ -79.3549622, 43.6577367 ], [ -79.3565313, 43.6573748 ], [ -79.3577604, 43.6570973 ], [ -79.3589245, 43.6568338 ], [ -79.3595856, 43.6567067 ], [ -79.3601905, 43.6565583 ], [ -79.3610153, 43.6563691 ] ] ] } },
{ "type": "Feature", "properties": { "name": "Leaside-Bennington", "overture_id": "62a7daef-dde4-4d07-9b6f-fee0ecc80dcc", "division_id": "ccaae3a8-3bf0-4094-a68b-0f3bd2d7e0d5" }, "geometry": { "type": "Polygon", "coordinates": [ [ [ -79.3774928, 43.7130997 ], [ -79.3773883, 43.7124077 ], [ -79.3773141, 43.7120387 ], [ -79.3771691, 43.7110565 ], [ -79.3771037, 43.7108966 ], [ -79.3770557, 43.7106715 ], [ -79.3770099, 43.710505 ], [ -79.3769572, 43.7103114 ], [ -79.3763417, 43.7087131 ], [ -79.3760085, 43.7078217 ], [ -79.3756562, 43.7069559 ], [ -79.3749389, 43.7051156 ], [ -79.3746185, 43.7042782 ], [ -79.3743277, 43.7035112 ], [ -79.374137, 43.7030084 ], [ -79.3737943, 43.7020717 ], [ -79.3733786, 43.7009504 ], [ -79.373144, 43.7003695 ], [ -79.3728498, 43.6995725 ], [ -79.372507, 43.6987396 ], [ -79.3717418, 43.6967586 ], [ -79.3720432, 43.6967049 ], [ -79.3726253, 43.6966155 ], [ -79.372973, 43.6965534 ], [ -79.3732254, 43.6965082 ], [ -79.373822, 43.6963739 ], [ -79.3744535, 43.6962306 ], [ -79.3745252, 43.6962157 ], [ -79.3763508, 43.6958366 ], [ -79.378529, 43.6953781 ], [ -79.3788526, 43.6953219 ], [ -79.3793758, 43.6952055 ], [ -79.3797275, 43.6951294 ], [ -79.3799533, 43.6950756 ], [ -79.3800848, 43.6950378 ], [ -79.3799659, 43.6947421 ], [ -79.3775455, 43.6936594 ], [ -79.3772976, 43.6935569 ], [ -79.3767376, 43.6933563 ], [ -79.374809, 43.6929185 ], [ -79.3746156, 43.692859 ], [ -79.3744539, 43.6928093 ], [ -79.3741019, 43.69268 ], [ -79.3737806, 43.6925441 ], [ -79.373392, 43.6923504 ], [ -79.3708201, 43.6909475 ], [ -79.3706828, 43.6908086 ], [ -79.3705976, 43.6907177 ], [ -79.3699907, 43.6905104 ], [ -79.3695051, 43.6903336 ], [ -79.3691581, 43.6901858 ], [ -79.3689078, 43.6900684 ], [ -79.3685798, 43.6899028 ], [ -79.3683542, 43.68978 ], [ -79.3682178, 43.6896875 ], [ -79.3680244, 43.6895496 ], [ -79.3678748, 43.689409 ], [ -79.3677271, 43.6892532 ], [ -79.3676306, 43.6891277 ], [ -79.3675342, 43.6889844 ], [ -79.3674774, 43.6888866 ], [ -79.3674132, 43.688757 ], [ -79.3673736, 43.6886454 ], [ -79.3673321, 43.6885118 ], [ -79.3673002, 43.6883589 ], [ -79.3672853, 43.6882211 ], [ -79.3672875, 43.6880862 ], [ -79.3672948, 43.6879945 ], [ -79.3675501, 43.6865694 ], [ -79.3668643, 43.684973 ], [ -79.3664775, 43.6840725 ], [ -79.3667694, 43.6835445 ], [ -79.3678568, 43.6815031 ], [ -79.3679296, 43.6812818 ], [ -79.367952, 43.6811908 ], [ -79.3679313, 43.6809348 ], [ -79.3678868, 43.6806864 ], [ -79.3677103, 43.6801608 ], [ -79.3676023, 43.6798315 ], [ -79.3675437, 43.6796546 ], [ -79.3675232, 43.6795927 ], [ -79.3672588, 43.6792614 ], [ -79.36719, 43.6791766 ], [ -79.367267, 43.6791343 ], [ -79.3667698, 43.6785178 ], [ -79.3665516, 43.6785664 ], [ -79.3644481, 43.6790328 ], [ -79.364264, 43.6791892 ], [ -79.3642674, 43.6791962 ], [ -79.3641879, 43.6792115 ], [ -79.3649984, 43.6798996 ], [ -79.3657494, 43.6803806 ], [ -79.3663073, 43.6809315 ], [ -79.3664038, 43.6813117 ], [ -79.3663716, 43.6815833 ], [ -79.365154, 43.6824388 ], [ -79.3646772, 43.6827465 ], [ -79.3636869, 43.6830732 ], [ -79.3631695, 43.6833552 ], [ -79.362705, 43.6839121 ], [ -79.3620415, 43.6844839 ], [ -79.3618231, 43.6847031 ], [ -79.3616846, 43.6850052 ], [ -79.3616627, 43.6855499 ], [ -79.3616603, 43.6856413 ], [ -79.3618341, 43.6862085 ], [ -79.3623917, 43.6872289 ], [ -79.3625536, 43.6875686 ], [ -79.3625949, 43.6878396 ], [ -79.3625936, 43.6881539 ], [ -79.3625691, 43.6882559 ], [ -79.3624808, 43.6883417 ], [ -79.3621826, 43.6885222 ], [ -79.3618635, 43.6886511 ], [ -79.3616695, 43.6888014 ], [ -79.3605851, 43.6904924 ], [ -79.3600651, 43.6912653 ], [ -79.3598997, 43.6914949 ], [ -79.359877, 43.6917465 ], [ -79.3599364, 43.6919248 ], [ -79.3601805, 43.6922144 ], [ -79.3607179, 43.6924621 ], [ -79.361296, 43.6929177 ], [ -79.361866, 43.6938113 ], [ -79.3618007, 43.6941739 ], [ -79.3607084, 43.6949336 ], [ -79.3598401, 43.6953927 ], [ -79.3589021, 43.6955901 ], [ -79.3577317, 43.6952828 ], [ -79.3572386, 43.6953178 ], [ -79.3567223, 43.6955443 ], [ -79.3561691, 43.6964386 ], [ -79.3559219, 43.697161 ], [ -79.3548681, 43.698153 ], [ -79.3546043, 43.6983133 ], [ -79.3541987, 43.698368 ], [ -79.3533073, 43.6983596 ], [ -79.352714, 43.6986529 ], [ -79.3514753, 43.6987182 ], [ -79.3508782, 43.6990783 ], [ -79.3506328, 43.6993155 ], [ -79.3505758, 43.6994241 ], [ -79.3509174, 43.6999925 ], [ -79.3513593, 43.7007604 ], [ -79.3514297, 43.7008865 ], [ -79.351474, 43.7009737 ], [ -79.3515068, 43.701029 ], [ -79.3515565, 43.7010939 ], [ -79.3516651, 43.701219 ], [ -79.3518227, 43.7013543 ], [ -79.352062, 43.7015079 ], [ -79.3523772, 43.701698 ], [ -79.3526132, 43.7018046 ], [ -79.3527138, 43.7018599 ], [ -79.3528439, 43.7019181 ], [ -79.3531564, 43.7019995 ], [ -79.3533669, 43.7020393 ], [ -79.3536446, 43.7020577 ], [ -79.3544063, 43.7020499 ], [ -79.3550594, 43.702016 ], [ -79.3555375, 43.7019615 ], [ -79.3562912, 43.7018769 ], [ -79.3564713, 43.7018546 ], [ -79.3566654, 43.7018548 ], [ -79.3568568, 43.701842 ], [ -79.3570349, 43.7018327 ], [ -79.3572142, 43.7018284 ], [ -79.3573333, 43.7018327 ], [ -79.3574553, 43.7018453 ], [ -79.3579347, 43.7018715 ], [ -79.3582794, 43.7019011 ], [ -79.3584068, 43.7019152 ], [ -79.3585416, 43.7019515 ], [ -79.3587656, 43.7020291 ], [ -79.3589057, 43.7020834 ], [ -79.3591149, 43.702159 ], [ -79.359241, 43.7022089 ], [ -79.3593033, 43.7022409 ], [ -79.3593825, 43.7022734 ], [ -79.3594931, 43.702318 ], [ -79.3597251, 43.7024392 ], [ -79.3598398, 43.7025027 ], [ -79.3599994, 43.7026379 ], [ -79.360165, 43.7027756 ], [ -79.360273, 43.7028561 ], [ -79.3603722, 43.7029497 ], [ -79.3605593, 43.7031431 ], [ -79.3606538, 43.7032735 ], [ -79.360684, 43.7033544 ], [ -79.3607531, 43.7034795 ], [ -79.3608221, 43.70364 ], [ -79.360861, 43.7037728 ], [ -79.3611339, 43.7044214 ], [ -79.3618186, 43.7061209 ], [ -79.3624697, 43.7077224 ], [ -79.3627962, 43.7085533 ], [ -79.3635258, 43.7103598 ], [ -79.3637276, 43.7108968 ], [ -79.3640864, 43.711794 ], [ -79.3648025, 43.7135665 ], [ -79.359825, 43.7146037 ], [ -79.3587139, 43.7148591 ], [ -79.3579388, 43.715052 ], [ -79.3568619, 43.7152614 ], [ -79.3559204, 43.715432 ], [ -79.3549562, 43.7156239 ], [ -79.3541743, 43.715809 ], [ -79.3533106, 43.7160291 ], [ -79.3526309, 43.7162418 ], [ -79.3526997, 43.7172953 ], [ -79.3526389, 43.7174257 ], [ -79.3526688, 43.7177138 ], [ -79.3527144, 43.7177859 ], [ -79.352944, 43.719996 ], [ -79.3531318, 43.7209414 ], [ -79.3532369, 43.7217201 ], [ -79.3621291, 43.7200117 ], [ -79.3657554, 43.7191654 ], [ -79.3669233, 43.7189372 ], [ -79.3694066, 43.7184805 ], [ -79.3718362, 43.717966 ], [ -79.3739476, 43.7175478 ], [ -79.3780957, 43.716726 ], [ -79.3779842, 43.7160803 ], [ -79.3776255, 43.7138594 ], [ -79.3775524, 43.7134408 ], [ -79.3774928, 43.7130997 ] ] ] } },
{ "type": "Feature", "properties": { "name": "Cabbagetown-South St.James Town", "overture_id": "9eaad9a7-ae9a-4ab8-abcf-3d3a839ba89c", "division_id": "8ec0fcf0-b3ad-4d58-9e36-0355c456604b" }, "geometry": { "type": "Polygon", "coordinates": [ [ [ -79.3772681, 43.6665059 ], [ -79.377313, 43.6665038 ], [ -79.3774156, 43.6664851 ], [ -79.3783477, 43.6662852 ], [ -79.3767169, 43.662419 ], [ -79.3759143, 43.6625878 ], [ -79.3743512, 43.6629171 ], [ -79.3730611, 43.6631917 ], [ -79.3721652, 43.6633877 ], [ -79.370521, 43.6637224 ], [ -79.3693073, 43.6639921 ], [ -79.3679823, 43.664286 ], [ -79.3670355, 43.6619504 ], [ -79.3659787, 43.6621851 ], [ -79.3640354, 43.6625882 ], [ -79.3631852, 43.662791 ], [ -79.3623349, 43.6629715 ], [ -79.3608932, 43.6632965 ], [ -79.3603259, 43.6634265 ], [ -79.3596353, 43.6635807 ], [ -79.3592437, 43.6637078 ], [ -79.3589218, 43.6638 ], [ -79.3564944, 43.6644898 ], [ -79.3562636, 43.6645418 ], [ -79.357177, 43.6675767 ], [ -79.3572843, 43.6680812 ], [ -79.3573058, 43.6684149 ], [ -79.3578851, 43.6691832 ], [ -79.3585074, 43.6695091 ], [ -79.3593335, 43.670161 ], [ -79.3596125, 43.6704947 ], [ -79.3598271, 43.6707663 ], [ -79.3599665, 43.6710922 ], [ -79.360224, 43.6718062 ], [ -79.3610072, 43.6724037 ], [ -79.3622625, 43.6730013 ], [ -79.3626702, 43.6731797 ], [ -79.3630135, 43.6734513 ], [ -79.3630457, 43.6737074 ], [ -79.3628419, 43.6744601 ], [ -79.362917, 43.6751352 ], [ -79.3631852, 43.6753758 ], [ -79.3642517, 43.6751617 ], [ -79.3663153, 43.6747676 ], [ -79.3667357, 43.6746696 ], [ -79.3667817, 43.6746466 ], [ -79.3668779, 43.6746202 ], [ -79.3669986, 43.6745756 ], [ -79.3671867, 43.6744807 ], [ -79.3672729, 43.6744318 ], [ -79.3673697, 43.6743685 ], [ -79.3682043, 43.6737756 ], [ -79.3699022, 43.6725852 ], [ -79.3706974, 43.6720094 ], [ -79.3707949, 43.6719738 ], [ -79.3709015, 43.6719466 ], [ -79.3710471, 43.6719197 ], [ -79.3711875, 43.6718983 ], [ -79.3713384, 43.6718901 ], [ -79.3714611, 43.6718886 ], [ -79.3712647, 43.6718217 ], [ -79.3711279, 43.6717378 ], [ -79.3710246, 43.6716495 ], [ -79.3708952, 43.6714822 ], [ -79.370407, 43.6702594 ], [ -79.3695614, 43.6681748 ], [ -79.3697526, 43.668166 ], [ -79.3722095, 43.6676349 ], [ -79.3746831, 43.6670941 ], [ -79.3748581, 43.6669786 ], [ -79.3750037, 43.6668724 ], [ -79.3751706, 43.6667647 ], [ -79.3753483, 43.6666701 ], [ -79.3755334, 43.6665916 ], [ -79.3757158, 43.6665227 ], [ -79.3758539, 43.6664858 ], [ -79.376035, 43.6664548 ], [ -79.376161, 43.6664373 ], [ -79.3763119, 43.6664295 ], [ -79.3765017, 43.6664291 ], [ -79.3766646, 43.666432 ], [ -79.3769885, 43.6664722 ], [ -79.3771883, 43.6665154 ], [ -79.3772681, 43.6665059 ] ] ] } },
{ "type": "Feature", "properties": { "name": "Bridle Path-Sunnybrook-York Mills", "overture_id": "e1fdf11a-5aa5-4cba-a4ba-dc3d4edd7ecf", "division_id": "97762b71-1234-4c2d-bdd0-890dbc1d30f3" }, "geometry": { "type": "Polygon", "coordinates": [ [ [ -79.4064029, 43.7430987 ], [ -79.405564, 43.7391433 ], [ -79.4056156, 43.739072 ], [ -79.4049358, 43.7360196 ], [ -79.4045552, 43.7342711 ], [ -79.4034252, 43.7345195 ], [ -79.4020398, 43.7348217 ], [ -79.399992, 43.7352683 ], [ -79.399939, 43.7347292 ], [ -79.3985102, 43.7346928 ], [ -79.3954574, 43.7341633 ], [ -79.39127, 43.732448 ], [ -79.3907649, 43.7304499 ], [ -79.3906511, 43.7299997 ], [ -79.3904328, 43.7291644 ], [ -79.3902843, 43.7285706 ], [ -79.3903007, 43.7284506 ], [ -79.3902237, 43.7283315 ], [ -79.3901671, 43.7281124 ], [ -79.3900798, 43.7276908 ], [ -79.389879, 43.7267046 ], [ -79.3896635, 43.7256823 ], [ -79.3894586, 43.7246791 ], [ -79.3892539, 43.7236881 ], [ -79.3890493, 43.7226909 ], [ -79.3888362, 43.7216793 ], [ -79.3887829, 43.7214187 ], [ -79.3882953, 43.7190817 ], [ -79.3882678, 43.7189552 ], [ -79.3881932, 43.7186716 ], [ -79.3873881, 43.7156094 ], [ -79.387351, 43.7154671 ], [ -79.3870971, 43.7148124 ], [ -79.3866422, 43.7136402 ], [ -79.3866145, 43.7135689 ], [ -79.3864245, 43.7130798 ], [ -79.3863772, 43.7130836 ], [ -79.386214, 43.7126626 ], [ -79.3860263, 43.7121787 ], [ -79.3857124, 43.711363 ], [ -79.3846243, 43.7115932 ], [ -79.3844826, 43.7116147 ], [ -79.3839694, 43.7117105 ], [ -79.383828, 43.7116992 ], [ -79.3829553, 43.7118827 ], [ -79.3819846, 43.7120862 ], [ -79.3814967, 43.7121888 ], [ -79.3815135, 43.7122329 ], [ -79.38105, 43.7123247 ], [ -79.3800607, 43.7125206 ], [ -79.378987, 43.7127329 ], [ -79.3789247, 43.7127708 ], [ -79.3788709, 43.7127912 ], [ -79.3774928, 43.7130997 ], [ -79.3775524, 43.7134408 ], [ -79.3776255, 43.7138594 ], [ -79.3779842, 43.7160803 ], [ -79.3780957, 43.716726 ], [ -79.3739476, 43.7175478 ], [ -79.3718362, 43.717966 ], [ -79.3694066, 43.7184805 ], [ -79.3669233, 43.7189372 ], [ -79.3657554, 43.7191654 ], [ -79.3621291, 43.7200117 ], [ -79.3532369, 43.7217201 ], [ -79.3531318, 43.7209414 ], [ -79.3528942, 43.7209879 ], [ -79.3527567, 43.7209608 ], [ -79.3526729, 43.7213659 ], [ -79.3524858, 43.7215234 ], [ -79.3520057, 43.7217647 ], [ -79.3519735, 43.7219736 ], [ -79.3518864, 43.7221684 ], [ -79.3516731, 43.7223545 ], [ -79.3514554, 43.7224924 ], [ -79.3512577, 43.7226497 ], [ -79.3510116, 43.7227034 ], [ -79.3507682, 43.7227376 ], [ -79.3507238, 43.7227383 ], [ -79.3506812, 43.7227261 ], [ -79.3505681, 43.7226494 ], [ -79.350523, 43.7226373 ], [ -79.3503451, 43.7226538 ], [ -79.3503282, 43.7226688 ], [ -79.3503258, 43.7226903 ], [ -79.350377, 43.7228212 ], [ -79.3503731, 43.7228482 ], [ -79.3502623, 43.7229724 ], [ -79.3499746, 43.7230257 ], [ -79.3498707, 43.7231224 ], [ -79.3498596, 43.7231577 ], [ -79.3498714, 43.7231774 ], [ -79.3500263, 43.723292 ], [ -79.3501738, 43.7233038 ], [ -79.3501915, 43.7233244 ], [ -79.3501899, 43.7233608 ], [ -79.3501185, 43.7234902 ], [ -79.3499203, 43.7235476 ], [ -79.3498968, 43.7235675 ], [ -79.3499059, 43.7236045 ], [ -79.3499461, 43.723668 ], [ -79.3499141, 43.7237217 ], [ -79.3499109, 43.7237351 ], [ -79.3499109, 43.7237562 ], [ -79.3499191, 43.7237698 ], [ -79.3499282, 43.7237791 ], [ -79.3500509, 43.7238508 ], [ -79.3504614, 43.7240666 ], [ -79.3505181, 43.7240963 ], [ -79.3505593, 43.7241259 ], [ -79.3505976, 43.724157 ], [ -79.3506271, 43.724188 ], [ -79.3506572, 43.7242266 ], [ -79.3506782, 43.7242922 ], [ -79.3504705, 43.7244263 ], [ -79.3503203, 43.7245973 ], [ -79.3502207, 43.7248354 ], [ -79.350098, 43.7250794 ], [ -79.3500209, 43.7252858 ], [ -79.3501637, 43.7255184 ], [ -79.3504648, 43.7256732 ], [ -79.3507069, 43.7258356 ], [ -79.3509714, 43.725854 ], [ -79.3512436, 43.7258227 ], [ -79.3517583, 43.7259092 ], [ -79.3520758, 43.7261794 ], [ -79.3523065, 43.7262874 ], [ -79.3525884, 43.7262024 ], [ -79.3527775, 43.7262479 ], [ -79.3527406, 43.7264449 ], [ -79.3529083, 43.7268418 ], [ -79.3530397, 43.7270322 ], [ -79.3532516, 43.727148 ], [ -79.3534206, 43.7272929 ], [ -79.3535024, 43.727462 ], [ -79.3535876, 43.7274962 ], [ -79.3536315, 43.7275219 ], [ -79.3536901, 43.7275633 ], [ -79.3537505, 43.727619 ], [ -79.3537991, 43.7276622 ], [ -79.3538699, 43.7277167 ], [ -79.3539497, 43.7277857 ], [ -79.3540036, 43.7278543 ], [ -79.3540398, 43.7279129 ], [ -79.3540536, 43.7279485 ], [ -79.3540586, 43.7279868 ], [ -79.3540533, 43.7280232 ], [ -79.3540405, 43.7280653 ], [ -79.3539969, 43.7281312 ], [ -79.3539738, 43.7281719 ], [ -79.3539604, 43.7282218 ], [ -79.3539554, 43.7282914 ], [ -79.3539554, 43.7283403 ], [ -79.3539634, 43.7283909 ], [ -79.354003, 43.7285176 ], [ -79.3540053, 43.7285528 ], [ -79.3539963, 43.7286216 ], [ -79.35401, 43.7286698 ], [ -79.3540335, 43.7287054 ], [ -79.3541123, 43.7287914 ], [ -79.354187, 43.7288547 ], [ -79.3542769, 43.7289232 ], [ -79.3544901, 43.7290693 ], [ -79.354535, 43.729111 ], [ -79.3545565, 43.7291405 ], [ -79.3545619, 43.7291842 ], [ -79.3545672, 43.7292806 ], [ -79.3545458, 43.7294381 ], [ -79.3545431, 43.7294773 ], [ -79.3545531, 43.7295233 ], [ -79.3545672, 43.7295505 ], [ -79.3545894, 43.7295732 ], [ -79.3546249, 43.7296028 ], [ -79.3546557, 43.7296149 ], [ -79.3546993, 43.7296261 ], [ -79.3549018, 43.7296508 ], [ -79.3549883, 43.729659 ], [ -79.355097, 43.729658 ], [ -79.355215, 43.7296503 ], [ -79.3553189, 43.7296668 ], [ -79.3553987, 43.7296847 ], [ -79.3554376, 43.7297012 ], [ -79.3554685, 43.7297283 ], [ -79.3555563, 43.7298252 ], [ -79.3555985, 43.7298572 ], [ -79.3556616, 43.7298809 ], [ -79.3557427, 43.7298984 ], [ -79.3558607, 43.7298761 ], [ -79.3559935, 43.7298514 ], [ -79.3560787, 43.7298446 ], [ -79.3561249, 43.729846 ], [ -79.3561719, 43.7298548 ], [ -79.3562309, 43.7298703 ], [ -79.3562885, 43.7298877 ], [ -79.3563294, 43.729894 ], [ -79.3563797, 43.729896 ], [ -79.3564441, 43.7298892 ], [ -79.3568458, 43.7298683 ], [ -79.3569463, 43.7298664 ], [ -79.3570282, 43.7298683 ], [ -79.3570905, 43.7298877 ], [ -79.3571301, 43.7299061 ], [ -79.357173, 43.7299337 ], [ -79.3572025, 43.729958 ], [ -79.3572206, 43.7299807 ], [ -79.357234, 43.7300147 ], [ -79.3572367, 43.7300408 ], [ -79.357232, 43.7300709 ], [ -79.357224, 43.7301014 ], [ -79.3572038, 43.7301775 ], [ -79.3571328, 43.7303548 ], [ -79.3571582, 43.7305554 ], [ -79.3573105, 43.7307192 ], [ -79.357515, 43.730678 ], [ -79.3576712, 43.7307919 ], [ -79.357513, 43.7310695 ], [ -79.3576062, 43.7311771 ], [ -79.3578315, 43.7312594 ], [ -79.3580829, 43.7313588 ], [ -79.3582459, 43.7314324 ], [ -79.3583954, 43.7316069 ], [ -79.358496, 43.7315904 ], [ -79.3586851, 43.7315754 ], [ -79.3587863, 43.7315715 ], [ -79.3588655, 43.7315739 ], [ -79.3589091, 43.7315812 ], [ -79.3589956, 43.7316432 ], [ -79.3591169, 43.731728 ], [ -79.3591806, 43.7317556 ], [ -79.3592658, 43.731789 ], [ -79.3593328, 43.731821 ], [ -79.3593912, 43.7318569 ], [ -79.3594274, 43.7319015 ], [ -79.3594468, 43.731979 ], [ -79.3594603, 43.7320643 ], [ -79.3594582, 43.7320953 ], [ -79.3594314, 43.7321583 ], [ -79.3593778, 43.7322523 ], [ -79.3593469, 43.7323152 ], [ -79.3593168, 43.732401 ], [ -79.3592383, 43.7325648 ], [ -79.3592021, 43.7326244 ], [ -79.359137, 43.7327654 ], [ -79.359123, 43.73284 ], [ -79.3591156, 43.7329325 ], [ -79.359125, 43.7329887 ], [ -79.3591665, 43.733091 ], [ -79.359186, 43.7331273 ], [ -79.3592075, 43.7331476 ], [ -79.359243, 43.7331738 ], [ -79.3592879, 43.7332005 ], [ -79.3593556, 43.7332203 ], [ -79.3594173, 43.7332271 ], [ -79.359475, 43.7332242 ], [ -79.3595769, 43.733215 ], [ -79.3597365, 43.7331937 ], [ -79.3598193, 43.733191 ], [ -79.359812, 43.7330411 ], [ -79.3600282, 43.7330682 ], [ -79.3600993, 43.7330774 ], [ -79.3601717, 43.7330997 ], [ -79.3602891, 43.7331423 ], [ -79.3604205, 43.7331985 ], [ -79.3604822, 43.7332135 ], [ -79.3605693, 43.733231 ], [ -79.3606102, 43.7333104 ], [ -79.3607169, 43.7333274 ], [ -79.3608047, 43.7333492 ], [ -79.3608604, 43.7333739 ], [ -79.3609717, 43.7334626 ], [ -79.3610179, 43.7335033 ], [ -79.3611588, 43.7335803 ], [ -79.3613043, 43.733699 ], [ -79.3613639, 43.7337354 ], [ -79.3614183, 43.7337562 ], [ -79.3615001, 43.7337673 ], [ -79.3615363, 43.7337795 ], [ -79.3616007, 43.7338143 ], [ -79.3616979, 43.733902 ], [ -79.3617938, 43.7340081 ], [ -79.3618997, 43.7341598 ], [ -79.3620271, 43.7343376 ], [ -79.3622296, 43.7344772 ], [ -79.3624891, 43.7345191 ], [ -79.3627688, 43.7345552 ], [ -79.3630779, 43.7347882 ], [ -79.3633065, 43.7347892 ], [ -79.3634688, 43.7349219 ], [ -79.3634527, 43.735124 ], [ -79.3636546, 43.7355164 ], [ -79.3635265, 43.7356884 ], [ -79.3635265, 43.7358095 ], [ -79.3636626, 43.7359035 ], [ -79.3638866, 43.7359762 ], [ -79.3641286, 43.7360208 ], [ -79.3643251, 43.736045 ], [ -79.3643586, 43.7362388 ], [ -79.3644787, 43.7364064 ], [ -79.3648032, 43.7364321 ], [ -79.3650453, 43.7365276 ], [ -79.3652887, 43.7367005 ], [ -79.3655945, 43.7367528 ], [ -79.3658292, 43.7366327 ], [ -79.3660424, 43.7365489 ], [ -79.3662757, 43.7366976 ], [ -79.3665735, 43.7368057 ], [ -79.3666727, 43.7367015 ], [ -79.3667015, 43.7366245 ], [ -79.366772, 43.7366046 ], [ -79.3669537, 43.7366385 ], [ -79.3671736, 43.7367349 ], [ -79.3677188, 43.7368948 ], [ -79.3679655, 43.7370489 ], [ -79.3681982, 43.7372233 ], [ -79.36839, 43.7374316 ], [ -79.3685543, 43.737639 ], [ -79.3686643, 43.7378454 ], [ -79.3687025, 43.7379529 ], [ -79.3687394, 43.7380362 ], [ -79.3688708, 43.7381084 ], [ -79.3689948, 43.7380237 ], [ -79.3691169, 43.737905 ], [ -79.3693744, 43.7379394 ], [ -79.3696104, 43.7380275 ], [ -79.3696647, 43.7382693 ], [ -79.3699658, 43.738419 ], [ -79.3701696, 43.7385512 ], [ -79.3703131, 43.7387179 ], [ -79.370519, 43.7388584 ], [ -79.3708026, 43.7389718 ], [ -79.3710051, 43.7391656 ], [ -79.3708912, 43.7393841 ], [ -79.3706276, 43.7394979 ], [ -79.3707537, 43.7396214 ], [ -79.3710454, 43.7397091 ], [ -79.3710326, 43.7399368 ], [ -79.3709039, 43.7401364 ], [ -79.3706598, 43.7402067 ], [ -79.3706343, 43.7405681 ], [ -79.3708617, 43.7406592 ], [ -79.3711185, 43.7405734 ], [ -79.371268, 43.740618 ], [ -79.3713585, 43.740757 ], [ -79.3715758, 43.740743 ], [ -79.3716757, 43.7408859 ], [ -79.3718923, 43.7408622 ], [ -79.3721008, 43.740789 ], [ -79.372241, 43.7407866 ], [ -79.372363, 43.740804 ], [ -79.3724307, 43.7407856 ], [ -79.3724924, 43.7407139 ], [ -79.372534, 43.7406112 ], [ -79.3726326, 43.7404799 ], [ -79.3728834, 43.7404809 ], [ -79.3730101, 43.7406296 ], [ -79.3731194, 43.7407783 ], [ -79.3731181, 43.7409087 ], [ -79.3732978, 43.7410409 ], [ -79.3736377, 43.7411165 ], [ -79.3738188, 43.7413204 ], [ -79.3741044, 43.7414091 ], [ -79.3743049, 43.7415743 ], [ -79.3745933, 43.7416024 ], [ -79.3748628, 43.7415893 ], [ -79.3750291, 43.7417821 ], [ -79.3752276, 43.7419614 ], [ -79.3753175, 43.7421813 ], [ -79.3756025, 43.7422361 ], [ -79.3758492, 43.7422593 ], [ -79.3761235, 43.7423916 ], [ -79.3763106, 43.7425727 ], [ -79.3765801, 43.7426662 ], [ -79.3768289, 43.7428285 ], [ -79.3770978, 43.7430649 ], [ -79.3774371, 43.7432132 ], [ -79.3777965, 43.7433164 ], [ -79.3780929, 43.7434883 ], [ -79.3782136, 43.7437548 ], [ -79.3782424, 43.7440202 ], [ -79.3784771, 43.7445129 ], [ -79.3786783, 43.7447018 ], [ -79.3787929, 43.744915 ], [ -79.3788345, 43.7451398 ], [ -79.3787091, 43.7452594 ], [ -79.3785073, 43.7452633 ], [ -79.3784603, 43.7454285 ], [ -79.3784094, 43.7456629 ], [ -79.378404, 43.7459182 ], [ -79.3786937, 43.7460723 ], [ -79.3790129, 43.746175 ], [ -79.3792878, 43.7462389 ], [ -79.3795292, 43.74633 ], [ -79.3797317, 43.7464646 ], [ -79.3799222, 43.7466313 ], [ -79.3799691, 43.7468822 ], [ -79.3801796, 43.7470934 ], [ -79.3804318, 43.7472377 ], [ -79.3807147, 43.747324 ], [ -79.3810433, 43.7473918 ], [ -79.3812458, 43.7474984 ], [ -79.3813585, 43.747728 ], [ -79.3814228, 43.7479731 ], [ -79.3815355, 43.748163 ], [ -79.3820478, 43.7484332 ], [ -79.382312, 43.748534 ], [ -79.3826728, 43.7488091 ], [ -79.382943, 43.7486541 ], [ -79.3832548, 43.748456 ], [ -79.3834855, 43.7482952 ], [ -79.3837114, 43.7482027 ], [ -79.3838469, 43.7481441 ], [ -79.3841553, 43.7480598 ], [ -79.3852825, 43.7478089 ], [ -79.3863983, 43.747572 ], [ -79.3890162, 43.7470324 ], [ -79.3916085, 43.7464753 ], [ -79.3964472, 43.7454541 ], [ -79.3990839, 43.7449116 ], [ -79.3996444, 43.7447973 ], [ -79.4000199, 43.7447101 ], [ -79.400602, 43.744557 ], [ -79.4010043, 43.744462 ], [ -79.4014764, 43.7443768 ], [ -79.4016936, 43.7443167 ], [ -79.4019377, 43.744247 ], [ -79.4023803, 43.7441656 ], [ -79.4026914, 43.7441268 ], [ -79.403244, 43.7441307 ], [ -79.4036302, 43.7441714 ], [ -79.4040687, 43.7442198 ], [ -79.4041747, 43.7439263 ], [ -79.4042149, 43.7438342 ], [ -79.4044201, 43.7437441 ], [ -79.4046937, 43.7436763 ], [ -79.4052657, 43.7435721 ], [ -79.4056526, 43.7434927 ], [ -79.4065016, 43.7432934 ], [ -79.406475, 43.7431897 ], [ -79.4064029, 43.7430987 ] ] ] } },
{ "type": "Feature", "properties": { "name": "St.Andrew-Windfields", "overture_id": "f0351065-5a8a-48ff-9c69-6e17ffee888f", "division_id": "77d253b1-ae4e-477f-b2c9-aee5b3ff606a" }, "geometry": { "type": "Polygon", "coordinates": [ [ [ -79.3508305, 43.7549729 ], [ -79.3483202, 43.755524 ], [ -79.3470463, 43.7558082 ], [ -79.3439014, 43.7564979 ], [ -79.3440221, 43.7568243 ], [ -79.3440275, 43.7568747 ], [ -79.344179, 43.7571508 ], [ -79.3442702, 43.7572912 ], [ -79.3443829, 43.7574171 ], [ -79.3444996, 43.757544 ], [ -79.3446752, 43.757698 ], [ -79.3448684, 43.7578346 ], [ -79.3450615, 43.7579518 ], [ -79.3454812, 43.7581756 ], [ -79.3456864, 43.7582705 ], [ -79.3458541, 43.7583829 ], [ -79.3459815, 43.7584952 ], [ -79.3460754, 43.7586076 ], [ -79.3461652, 43.7587306 ], [ -79.3462417, 43.7588643 ], [ -79.3462604, 43.7590076 ], [ -79.3462819, 43.7591394 ], [ -79.3463127, 43.7592633 ], [ -79.3463798, 43.7594125 ], [ -79.3464804, 43.7595055 ], [ -79.3466453, 43.759584 ], [ -79.3468076, 43.7596392 ], [ -79.3469457, 43.7596469 ], [ -79.3470852, 43.7596518 ], [ -79.3471858, 43.7596435 ], [ -79.347336, 43.7596576 ], [ -79.3474761, 43.7596828 ], [ -79.3475834, 43.7597046 ], [ -79.3477061, 43.7597462 ], [ -79.3478684, 43.7597859 ], [ -79.3479817, 43.7598067 ], [ -79.3481427, 43.7598619 ], [ -79.3482895, 43.7599046 ], [ -79.3484196, 43.7599627 ], [ -79.3485457, 43.7600576 ], [ -79.3486355, 43.7601593 ], [ -79.3487039, 43.7602707 ], [ -79.3487629, 43.760384 ], [ -79.3488179, 43.7605177 ], [ -79.3489198, 43.7606407 ], [ -79.3490325, 43.7607298 ], [ -79.3491411, 43.7607947 ], [ -79.3492484, 43.7608247 ], [ -79.3493691, 43.7608451 ], [ -79.3495166, 43.7608809 ], [ -79.3496494, 43.7609342 ], [ -79.3497527, 43.7610039 ], [ -79.3498063, 43.7610669 ], [ -79.3498358, 43.7611599 ], [ -79.3498439, 43.7612499 ], [ -79.3498553, 43.7613473 ], [ -79.3498494, 43.761423 ], [ -79.3498561, 43.7614354 ], [ -79.3498418, 43.7614964 ], [ -79.3498204, 43.7615626 ], [ -79.3497872, 43.7616505 ], [ -79.3497486, 43.761742 ], [ -79.349704, 43.7618539 ], [ -79.3496695, 43.7619895 ], [ -79.3496206, 43.7621372 ], [ -79.3495884, 43.7622423 ], [ -79.3495622, 43.7623841 ], [ -79.3495341, 43.7625624 ], [ -79.3495079, 43.7626733 ], [ -79.3494858, 43.7628495 ], [ -79.3494395, 43.7630031 ], [ -79.3494201, 43.7631609 ], [ -79.3494268, 43.7632859 ], [ -79.3495408, 43.7634588 ], [ -79.3496655, 43.7635721 ], [ -79.3498023, 43.763651 ], [ -79.3499458, 43.7637425 ], [ -79.3500926, 43.7638195 ], [ -79.3504024, 43.7639571 ], [ -79.3504373, 43.7639769 ], [ -79.3506311, 43.7640583 ], [ -79.3507672, 43.764099 ], [ -79.3509, 43.7641057 ], [ -79.3510039, 43.7640898 ], [ -79.3510944, 43.7640346 ], [ -79.3511481, 43.7639639 ], [ -79.3511682, 43.7638932 ], [ -79.3511655, 43.7638326 ], [ -79.3511729, 43.7637634 ], [ -79.3512064, 43.7636907 ], [ -79.3512748, 43.7636166 ], [ -79.351364, 43.7635697 ], [ -79.3514753, 43.7635333 ], [ -79.3515873, 43.7635091 ], [ -79.3516979, 43.7635004 ], [ -79.3518589, 43.7635261 ], [ -79.3520916, 43.7635634 ], [ -79.3521599, 43.7635832 ], [ -79.352278, 43.7636375 ], [ -79.3523946, 43.7637159 ], [ -79.3525542, 43.7637818 ], [ -79.3527621, 43.7638321 ], [ -79.3528587, 43.7638379 ], [ -79.3529499, 43.7638263 ], [ -79.3530343, 43.7637944 ], [ -79.3530987, 43.7637605 ], [ -79.3531725, 43.7637285 ], [ -79.3535708, 43.7636307 ], [ -79.3536848, 43.7636113 ], [ -79.35378, 43.7636074 ], [ -79.3540268, 43.763622 ], [ -79.3541361, 43.7636355 ], [ -79.3542226, 43.7636534 ], [ -79.3542729, 43.7636694 ], [ -79.3543131, 43.7636985 ], [ -79.3543808, 43.7637614 ], [ -79.354523, 43.7639125 ], [ -79.3546088, 43.7640268 ], [ -79.354645, 43.7640917 ], [ -79.3546705, 43.7641566 ], [ -79.3547791, 43.764514 ], [ -79.3548274, 43.7645653 ], [ -79.3548851, 43.7645895 ], [ -79.3549468, 43.7646021 ], [ -79.3552579, 43.7646438 ], [ -79.3554953, 43.7646757 ], [ -79.3557447, 43.764729 ], [ -79.3562798, 43.764822 ], [ -79.3564609, 43.7648452 ], [ -79.3566285, 43.7648501 ], [ -79.3567532, 43.7648113 ], [ -79.3569061, 43.7647687 ], [ -79.3570443, 43.7647406 ], [ -79.3571864, 43.7647309 ], [ -79.3574479, 43.7647232 ], [ -79.3576156, 43.7647503 ], [ -79.3577671, 43.7647949 ], [ -79.3579213, 43.7648801 ], [ -79.3580541, 43.7649614 ], [ -79.3582097, 43.7650835 ], [ -79.3583478, 43.7651629 ], [ -79.3584859, 43.7652404 ], [ -79.3589365, 43.7654496 ], [ -79.3590827, 43.7655212 ], [ -79.359249, 43.7656162 ], [ -79.3593939, 43.7657072 ], [ -79.3595132, 43.7658157 ], [ -79.3596125, 43.7659358 ], [ -79.3596648, 43.7660307 ], [ -79.3596728, 43.7661382 ], [ -79.3596675, 43.7664142 ], [ -79.3596613, 43.766486 ], [ -79.3629664, 43.7663321 ], [ -79.37178, 43.7659212 ], [ -79.3755291, 43.7655694 ], [ -79.3771382, 43.7653312 ], [ -79.3795351, 43.764906 ], [ -79.3871501, 43.7633121 ], [ -79.3928425, 43.7620597 ], [ -79.394483, 43.7615696 ], [ -79.3959511, 43.7610229 ], [ -79.3973846, 43.7603768 ], [ -79.3988589, 43.7595961 ], [ -79.4082833, 43.7536683 ], [ -79.4083761, 43.7536039 ], [ -79.4081941, 43.7528909 ], [ -79.4080832, 43.7520316 ], [ -79.4080923, 43.7509232 ], [ -79.4081572, 43.7503973 ], [ -79.4080984, 43.7497863 ], [ -79.4071061, 43.7460538 ], [ -79.406849, 43.7446453 ], [ -79.4065016, 43.7432934 ], [ -79.4056526, 43.7434927 ], [ -79.4052657, 43.7435721 ], [ -79.4046937, 43.7436763 ], [ -79.4044201, 43.7437441 ], [ -79.4042149, 43.7438342 ], [ -79.4041747, 43.7439263 ], [ -79.4040687, 43.7442198 ], [ -79.4036302, 43.7441714 ], [ -79.403244, 43.7441307 ], [ -79.4026914, 43.7441268 ], [ -79.4023803, 43.7441656 ], [ -79.4019377, 43.744247 ], [ -79.4016936, 43.7443167 ], [ -79.4014764, 43.7443768 ], [ -79.4010043, 43.744462 ], [ -79.400602, 43.744557 ], [ -79.4000199, 43.7447101 ], [ -79.3996444, 43.7447973 ], [ -79.3990839, 43.7449116 ], [ -79.3964472, 43.7454541 ], [ -79.3916085, 43.7464753 ], [ -79.3890162, 43.7470324 ], [ -79.3863983, 43.747572 ], [ -79.3852825, 43.7478089 ], [ -79.3841553, 43.7480598 ], [ -79.3838469, 43.7481441 ], [ -79.3837114, 43.7482027 ], [ -79.3834855, 43.7482952 ], [ -79.3832548, 43.748456 ], [ -79.382943, 43.7486541 ], [ -79.3826728, 43.7488091 ], [ -79.3825226, 43.7488799 ], [ -79.3823576, 43.7489554 ], [ -79.3821202, 43.7490378 ], [ -79.3818936, 43.7490794 ], [ -79.3806598, 43.7493507 ], [ -79.3799865, 43.7494747 ], [ -79.3787554, 43.7497459 ], [ -79.3762797, 43.7502478 ], [ -79.3748903, 43.7505481 ], [ -79.3716663, 43.7512243 ], [ -79.3704459, 43.7514568 ], [ -79.3690217, 43.7517726 ], [ -79.3655026, 43.7524933 ], [ -79.3641481, 43.7527936 ], [ -79.363499, 43.752906 ], [ -79.3630484, 43.7529505 ], [ -79.3619272, 43.7529312 ], [ -79.3608516, 43.7529041 ], [ -79.3606398, 43.7529041 ], [ -79.3603849, 43.7529118 ], [ -79.3599587, 43.7529476 ], [ -79.3587461, 43.7532237 ], [ -79.3555596, 43.7539193 ], [ -79.3526441, 43.7545586 ], [ -79.3508872, 43.7549596 ], [ -79.3508305, 43.7549729 ] ] ] } },
{ "type": "Feature", "properties": { "name": "Rosedale-Moore Park", "overture_id": "ae955364-239a-4e78-ba0f-50da91824024", "division_id": "fa237fde-b6ec-4ddf-bd36-06dcca80b517" }, "geometry": { "type": "Polygon", "coordinates": [ [ [ -79.3849307, 43.6940157 ], [ -79.3852967, 43.6939381 ], [ -79.3871849, 43.6935331 ], [ -79.3891327, 43.693118 ], [ -79.3889285, 43.6926529 ], [ -79.3890338, 43.6926288 ], [ -79.3889992, 43.6925467 ], [ -79.3890832, 43.6925289 ], [ -79.389073, 43.6925047 ], [ -79.3887436, 43.6917203 ], [ -79.3895215, 43.6915474 ], [ -79.3895432, 43.6916001 ], [ -79.3902832, 43.691442 ], [ -79.3905021, 43.6913973 ], [ -79.3908353, 43.6913339 ], [ -79.3915985, 43.6911748 ], [ -79.3918234, 43.6911242 ], [ -79.3919237, 43.6911024 ], [ -79.3920141, 43.6912575 ], [ -79.3921237, 43.6912195 ], [ -79.3922926, 43.6913323 ], [ -79.3923921, 43.6915972 ], [ -79.3923586, 43.6916745 ], [ -79.3922732, 43.6917253 ], [ -79.3921384, 43.6917614 ], [ -79.3921631, 43.6918251 ], [ -79.3919969, 43.6918634 ], [ -79.3920452, 43.691981 ], [ -79.3913001, 43.6922199 ], [ -79.3915067, 43.692618 ], [ -79.3925348, 43.692401 ], [ -79.394102, 43.6920618 ], [ -79.3946421, 43.6919421 ], [ -79.3951032, 43.6918419 ], [ -79.3952811, 43.6918067 ], [ -79.3951705, 43.6912638 ], [ -79.3950639, 43.6907847 ], [ -79.3949365, 43.690198 ], [ -79.3948916, 43.6899997 ], [ -79.3948225, 43.689735 ], [ -79.393186, 43.6858817 ], [ -79.3928397, 43.6850359 ], [ -79.3912089, 43.6811178 ], [ -79.3907284, 43.6798996 ], [ -79.3904321, 43.6791462 ], [ -79.3900425, 43.678209 ], [ -79.3895942, 43.6770963 ], [ -79.3895727, 43.677039 ], [ -79.3895322, 43.6769622 ], [ -79.3892388, 43.676242 ], [ -79.3890956, 43.6758695 ], [ -79.3886963, 43.6748816 ], [ -79.3878648, 43.6728737 ], [ -79.3878072, 43.6726976 ], [ -79.3875839, 43.6721646 ], [ -79.3875021, 43.671925 ], [ -79.3872204, 43.6712984 ], [ -79.3871547, 43.6711233 ], [ -79.3867881, 43.6702267 ], [ -79.3857191, 43.6704598 ], [ -79.3842097, 43.6708046 ], [ -79.3831623, 43.6710466 ], [ -79.382375, 43.6712203 ], [ -79.3805662, 43.671611 ], [ -79.3794702, 43.6718261 ], [ -79.3794179, 43.671876 ], [ -79.376843, 43.6723572 ], [ -79.3764567, 43.6724479 ], [ -79.3763186, 43.6724658 ], [ -79.3761644, 43.6724789 ], [ -79.3760551, 43.6724789 ], [ -79.3758928, 43.6724648 ], [ -79.3748555, 43.6723348 ], [ -79.3736069, 43.6722068 ], [ -79.3731791, 43.6721515 ], [ -79.3714611, 43.6718886 ], [ -79.3713384, 43.6718901 ], [ -79.3711875, 43.6718983 ], [ -79.3710471, 43.6719197 ], [ -79.3709015, 43.6719466 ], [ -79.3707949, 43.6719738 ], [ -79.3706974, 43.6720094 ], [ -79.3699022, 43.6725852 ], [ -79.3682043, 43.6737756 ], [ -79.3673697, 43.6743685 ], [ -79.3672729, 43.6744318 ], [ -79.3671867, 43.6744807 ], [ -79.3669986, 43.6745756 ], [ -79.3668779, 43.6746202 ], [ -79.3667817, 43.6746466 ], [ -79.3667357, 43.6746696 ], [ -79.3663153, 43.6747676 ], [ -79.3642517, 43.6751617 ], [ -79.3631852, 43.6753758 ], [ -79.3634427, 43.6753991 ], [ -79.3643546, 43.6762061 ], [ -79.3648911, 43.6768113 ], [ -79.3648696, 43.6770131 ], [ -79.3636143, 43.6778278 ], [ -79.3635285, 43.6781072 ], [ -79.3636572, 43.6787822 ], [ -79.3641879, 43.6792115 ], [ -79.3642674, 43.6791962 ], [ -79.364264, 43.6791892 ], [ -79.3644481, 43.6790328 ], [ -79.3665516, 43.6785664 ], [ -79.3667698, 43.6785178 ], [ -79.367267, 43.6791343 ], [ -79.36719, 43.6791766 ], [ -79.3672588, 43.6792614 ], [ -79.3675232, 43.6795927 ], [ -79.3675437, 43.6796546 ], [ -79.3676023, 43.6798315 ], [ -79.3677103, 43.6801608 ], [ -79.3678868, 43.6806864 ], [ -79.3679313, 43.6809348 ], [ -79.367952, 43.6811908 ], [ -79.3679296, 43.6812818 ], [ -79.3678568, 43.6815031 ], [ -79.3667694, 43.6835445 ], [ -79.3664775, 43.6840725 ], [ -79.3668643, 43.684973 ], [ -79.3675501, 43.6865694 ], [ -79.3672948, 43.6879945 ], [ -79.3672875, 43.6880862 ], [ -79.3672853, 43.6882211 ], [ -79.3673002, 43.6883589 ], [ -79.3673321, 43.6885118 ], [ -79.3673736, 43.6886454 ], [ -79.3674132, 43.688757 ], [ -79.3674774, 43.6888866 ], [ -79.3675342, 43.6889844 ], [ -79.3676306, 43.6891277 ], [ -79.3677271, 43.6892532 ], [ -79.3678748, 43.689409 ], [ -79.3680244, 43.6895496 ], [ -79.3682178, 43.6896875 ], [ -79.3683542, 43.68978 ], [ -79.3685798, 43.6899028 ], [ -79.3689078, 43.6900684 ], [ -79.3691581, 43.6901858 ], [ -79.3695051, 43.6903336 ], [ -79.3699907, 43.6905104 ], [ -79.3705976, 43.6907177 ], [ -79.3706828, 43.6908086 ], [ -79.3708201, 43.6909475 ], [ -79.373392, 43.6923504 ], [ -79.3737806, 43.6925441 ], [ -79.3741019, 43.69268 ], [ -79.3744539, 43.6928093 ], [ -79.3746156, 43.692859 ], [ -79.374809, 43.6929185 ], [ -79.3767376, 43.6933563 ], [ -79.3772976, 43.6935569 ], [ -79.3775455, 43.6936594 ], [ -79.3799659, 43.6947421 ], [ -79.380218, 43.6946956 ], [ -79.3806411, 43.6947128 ], [ -79.3813422, 43.6950472 ], [ -79.3818866, 43.6946536 ], [ -79.3827812, 43.6944496 ], [ -79.384836, 43.6940346 ], [ -79.3849307, 43.6940157 ] ] ] } },
{ "type": "Feature", "properties": { "name": "Mount Pleasant East", "overture_id": "a888dac9-3278-4054-8190-482132f43a67", "division_id": "8370feae-3e9e-441c-9608-b54154b25234" }, "geometry": { "type": "Polygon", "coordinates": [ [ [ -79.3931203, 43.7136016 ], [ -79.3921993, 43.7137856 ], [ -79.3912136, 43.7111205 ], [ -79.3901706, 43.7084068 ], [ -79.3889277, 43.7051728 ], [ -79.3870175, 43.7004999 ], [ -79.3864719, 43.6981692 ], [ -79.3862086, 43.6975037 ], [ -79.3863883, 43.6975084 ], [ -79.3864577, 43.6975193 ], [ -79.3870112, 43.6974687 ], [ -79.3876466, 43.6973979 ], [ -79.3895292, 43.6969911 ], [ -79.3927555, 43.6962823 ], [ -79.395021, 43.6958407 ], [ -79.3951291, 43.6958148 ], [ -79.3952833, 43.6957801 ], [ -79.3954619, 43.6957422 ], [ -79.3955692, 43.6957224 ], [ -79.3957165, 43.6956999 ], [ -79.3957941, 43.6956934 ], [ -79.3961083, 43.6956667 ], [ -79.3952811, 43.6918067 ], [ -79.3951032, 43.6918419 ], [ -79.3946421, 43.6919421 ], [ -79.394102, 43.6920618 ], [ -79.3925348, 43.692401 ], [ -79.3915067, 43.692618 ], [ -79.3913001, 43.6922199 ], [ -79.3920452, 43.691981 ], [ -79.3919969, 43.6918634 ], [ -79.3921631, 43.6918251 ], [ -79.3921384, 43.6917614 ], [ -79.3922732, 43.6917253 ], [ -79.3923586, 43.6916745 ], [ -79.3923921, 43.6915972 ], [ -79.3922926, 43.6913323 ], [ -79.3921237, 43.6912195 ], [ -79.3920141, 43.6912575 ], [ -79.3919237, 43.6911024 ], [ -79.3918234, 43.6911242 ], [ -79.3915985, 43.6911748 ], [ -79.3908353, 43.6913339 ], [ -79.3905021, 43.6913973 ], [ -79.3902832, 43.691442 ], [ -79.3895432, 43.6916001 ], [ -79.3895215, 43.6915474 ], [ -79.3887436, 43.6917203 ], [ -79.389073, 43.6925047 ], [ -79.3890832, 43.6925289 ], [ -79.3889992, 43.6925467 ], [ -79.3890338, 43.6926288 ], [ -79.3889285, 43.6926529 ], [ -79.3891327, 43.693118 ], [ -79.3871849, 43.6935331 ], [ -79.3852967, 43.6939381 ], [ -79.3849307, 43.6940157 ], [ -79.384836, 43.6940346 ], [ -79.3827812, 43.6944496 ], [ -79.3818866, 43.6946536 ], [ -79.3813422, 43.6950472 ], [ -79.3806411, 43.6947128 ], [ -79.380218, 43.6946956 ], [ -79.3799659, 43.6947421 ], [ -79.3800848, 43.6950378 ], [ -79.3799533, 43.6950756 ], [ -79.3797275, 43.6951294 ], [ -79.3793758, 43.6952055 ], [ -79.3788526, 43.6953219 ], [ -79.378529, 43.6953781 ], [ -79.3763508, 43.6958366 ], [ -79.3745252, 43.6962157 ], [ -79.3744535, 43.6962306 ], [ -79.373822, 43.6963739 ], [ -79.3732254, 43.6965082 ], [ -79.372973, 43.6965534 ], [ -79.3726253, 43.6966155 ], [ -79.3720432, 43.6967049 ], [ -79.3717418, 43.6967586 ], [ -79.372507, 43.6987396 ], [ -79.3728498, 43.6995725 ], [ -79.373144, 43.7003695 ], [ -79.3733786, 43.7009504 ], [ -79.3737943, 43.7020717 ], [ -79.374137, 43.7030084 ], [ -79.3743277, 43.7035112 ], [ -79.3746185, 43.7042782 ], [ -79.3749389, 43.7051156 ], [ -79.3756562, 43.7069559 ], [ -79.3760085, 43.7078217 ], [ -79.3763417, 43.7087131 ], [ -79.3769572, 43.7103114 ], [ -79.3770099, 43.710505 ], [ -79.3770557, 43.7106715 ], [ -79.3771037, 43.7108966 ], [ -79.3771691, 43.7110565 ], [ -79.3773141, 43.7120387 ], [ -79.3773883, 43.7124077 ], [ -79.3774928, 43.7130997 ], [ -79.3788709, 43.7127912 ], [ -79.3789247, 43.7127708 ], [ -79.378987, 43.7127329 ], [ -79.3800607, 43.7125206 ], [ -79.38105, 43.7123247 ], [ -79.3815135, 43.7122329 ], [ -79.3814967, 43.7121888 ], [ -79.3819846, 43.7120862 ], [ -79.3829553, 43.7118827 ], [ -79.383828, 43.7116992 ], [ -79.3839694, 43.7117105 ], [ -79.3844826, 43.7116147 ], [ -79.3846243, 43.7115932 ], [ -79.3857124, 43.711363 ], [ -79.3860263, 43.7121787 ], [ -79.386214, 43.7126626 ], [ -79.3863772, 43.7130836 ], [ -79.3864245, 43.7130798 ], [ -79.3866145, 43.7135689 ], [ -79.3866422, 43.7136402 ], [ -79.3870971, 43.7148124 ], [ -79.387351, 43.7154671 ], [ -79.3873881, 43.7156094 ], [ -79.3881932, 43.7186716 ], [ -79.3882678, 43.7189552 ], [ -79.3882953, 43.7190817 ], [ -79.3884395, 43.7190504 ], [ -79.3897659, 43.7187809 ], [ -79.3941593, 43.7178892 ], [ -79.3976911, 43.7171583 ], [ -79.3991231, 43.7168658 ], [ -79.4004718, 43.7166085 ], [ -79.4000985, 43.7149458 ], [ -79.3998308, 43.7136534 ], [ -79.399549, 43.7122928 ], [ -79.3993695, 43.7123307 ], [ -79.3989491, 43.7124079 ], [ -79.398588, 43.7124723 ], [ -79.3978695, 43.7126189 ], [ -79.3955152, 43.7131089 ], [ -79.3931203, 43.7136016 ] ] ] } },
{ "type": "Feature", "properties": { "name": "Yonge-Bay Corridor", "overture_id": "765c066a-1797-4744-b909-3c17035871cb", "division_id": "2404fe90-98f6-4399-857a-61507b28828e" }, "geometry": { "type": "Polygon", "coordinates": [ [ [ -79.3792612, 43.6524224 ], [ -79.3809173, 43.6563206 ], [ -79.3809414, 43.6563536 ], [ -79.3831086, 43.6613367 ], [ -79.3858767, 43.66084 ], [ -79.3904944, 43.6598591 ], [ -79.3899838, 43.6587011 ], [ -79.3896478, 43.6579205 ], [ -79.3893287, 43.6571327 ], [ -79.3889713, 43.6563589 ], [ -79.3883268, 43.6548189 ], [ -79.3883212, 43.6548054 ], [ -79.3879393, 43.6539661 ], [ -79.3875815, 43.6531081 ], [ -79.3872446, 43.6523144 ], [ -79.3869961, 43.6517557 ], [ -79.3866205, 43.6508369 ], [ -79.3864385, 43.6508759 ], [ -79.3863015, 43.6509053 ], [ -79.3850155, 43.6511844 ], [ -79.385006, 43.6511865 ], [ -79.3849099, 43.6512075 ], [ -79.3848088, 43.6512288 ], [ -79.3845398, 43.6512853 ], [ -79.384458, 43.6513025 ], [ -79.3844198, 43.6513105 ], [ -79.3843028, 43.651336 ], [ -79.3836874, 43.6514695 ], [ -79.3824571, 43.6517374 ], [ -79.3820424, 43.6518248 ], [ -79.3817339, 43.6518893 ], [ -79.381484, 43.651944 ], [ -79.3808009, 43.6520925 ], [ -79.3807081, 43.6521127 ], [ -79.3799717, 43.6522679 ], [ -79.3793646, 43.6524006 ], [ -79.3792612, 43.6524224 ] ] ] } },
{ "type": "Feature", "properties": { "name": "Financial District", "overture_id": "da72aebc-26d1-4aad-b612-7126b05b1072", "division_id": "70f9016c-a27e-4bdf-98c1-0e0c0dfc1d89" }, "geometry": { "type": "Polygon", "coordinates": [ [ [ -79.3835984, 43.6453569 ], [ -79.3835242, 43.6452268 ], [ -79.3835013, 43.6452104 ], [ -79.3834758, 43.6451936 ], [ -79.3834332, 43.6451086 ], [ -79.3827525, 43.6452456 ], [ -79.3825323, 43.6452892 ], [ -79.3823119, 43.645325 ], [ -79.3822178, 43.6453828 ], [ -79.3817635, 43.6454755 ], [ -79.3813611, 43.6455606 ], [ -79.3804377, 43.645766 ], [ -79.3802392, 43.645809 ], [ -79.3800252, 43.6458556 ], [ -79.3792754, 43.6460135 ], [ -79.3791296, 43.6460454 ], [ -79.3789889, 43.6460806 ], [ -79.3788185, 43.6461193 ], [ -79.3785868, 43.646172 ], [ -79.3784449, 43.646204 ], [ -79.3782103, 43.6462545 ], [ -79.378074, 43.6462878 ], [ -79.3779103, 43.646348 ], [ -79.3777873, 43.6464004 ], [ -79.3776868, 43.646449 ], [ -79.3775582, 43.6465112 ], [ -79.3774578, 43.6465786 ], [ -79.377177, 43.6467937 ], [ -79.3770658, 43.6468347 ], [ -79.376943, 43.6468684 ], [ -79.376981, 43.6469857 ], [ -79.3773152, 43.6477703 ], [ -79.3773465, 43.647847 ], [ -79.3773522, 43.6478606 ], [ -79.3773767, 43.647922 ], [ -79.3776314, 43.6485317 ], [ -79.3778661, 43.6490951 ], [ -79.3778901, 43.6491559 ], [ -79.3778952, 43.6491687 ], [ -79.3779004, 43.6491815 ], [ -79.3779273, 43.6492467 ], [ -79.3783956, 43.6503527 ], [ -79.3784186, 43.6504076 ], [ -79.3784274, 43.6504286 ], [ -79.3784608, 43.6505034 ], [ -79.3786887, 43.6510544 ], [ -79.3787385, 43.6511707 ], [ -79.3787403, 43.6511749 ], [ -79.3789267, 43.6516204 ], [ -79.378957, 43.651693 ], [ -79.3789659, 43.6517139 ], [ -79.3789789, 43.6517445 ], [ -79.3789933, 43.6517784 ], [ -79.3792298, 43.6523454 ], [ -79.3792553, 43.6524079 ], [ -79.3792612, 43.6524224 ], [ -79.3793646, 43.6524006 ], [ -79.3799717, 43.6522679 ], [ -79.3807081, 43.6521127 ], [ -79.3808009, 43.6520925 ], [ -79.381484, 43.651944 ], [ -79.3817339, 43.6518893 ], [ -79.3820424, 43.6518248 ], [ -79.3824571, 43.6517374 ], [ -79.3836874, 43.6514695 ], [ -79.3843028, 43.651336 ], [ -79.3844198, 43.6513105 ], [ -79.384458, 43.6513025 ], [ -79.3845398, 43.6512853 ], [ -79.3848088, 43.6512288 ], [ -79.3849099, 43.6512075 ], [ -79.385006, 43.6511865 ], [ -79.3850155, 43.6511844 ], [ -79.3863015, 43.6509053 ], [ -79.3864385, 43.6508759 ], [ -79.3866205, 43.6508369 ], [ -79.3867757, 43.6508031 ], [ -79.3867697, 43.6507891 ], [ -79.3867387, 43.6507171 ], [ -79.3865053, 43.6501738 ], [ -79.3864907, 43.6501441 ], [ -79.3864715, 43.650105 ], [ -79.3864436, 43.6500485 ], [ -79.386424, 43.6500109 ], [ -79.3864023, 43.6499722 ], [ -79.3861664, 43.6496481 ], [ -79.3860536, 43.6494998 ], [ -79.385868, 43.6492716 ], [ -79.3856143, 43.6489431 ], [ -79.385519, 43.6488807 ], [ -79.3855055, 43.6488595 ], [ -79.3854762, 43.6488135 ], [ -79.3854624, 43.6487881 ], [ -79.3853235, 43.6485398 ], [ -79.3851746, 43.6482719 ], [ -79.3848572, 43.6477381 ], [ -79.3848222, 43.6476778 ], [ -79.3848141, 43.6476639 ], [ -79.3848071, 43.6476519 ], [ -79.3847715, 43.6475902 ], [ -79.384168, 43.6465404 ], [ -79.3841299, 43.6464741 ], [ -79.3840855, 43.646388 ], [ -79.3840449, 43.6463158 ], [ -79.3837797, 43.6458695 ], [ -79.3837888, 43.6458065 ], [ -79.3837881, 43.6457561 ], [ -79.3837811, 43.6457157 ], [ -79.3837704, 43.6456822 ], [ -79.3837496, 43.6456242 ], [ -79.3836986, 43.6455357 ], [ -79.3835984, 43.6453569 ] ] ] } },
{ "type": "Feature", "properties": { "name": "Church-Wellesley", "overture_id": "77dac114-f2ce-454d-8442-91fc899bbc5b", "division_id": "2e6a3157-fd14-4619-b000-2d47de3fd068" }, "geometry": { "type": "Polygon", "coordinates": [ [ [ -79.3790454, 43.6679341 ], [ -79.379452, 43.668894 ], [ -79.3799097, 43.669985 ], [ -79.3805662, 43.671611 ], [ -79.382375, 43.6712203 ], [ -79.3831623, 43.6710466 ], [ -79.3842097, 43.6708046 ], [ -79.3857191, 43.6704598 ], [ -79.3867881, 43.6702267 ], [ -79.3864248, 43.6693684 ], [ -79.386139, 43.6686946 ], [ -79.3853399, 43.6666956 ], [ -79.3852584, 43.6665474 ], [ -79.3850398, 43.6660371 ], [ -79.3845939, 43.6649365 ], [ -79.3837892, 43.6630205 ], [ -79.3831086, 43.6613367 ], [ -79.3825796, 43.6613756 ], [ -79.3819486, 43.6613694 ], [ -79.3818341, 43.6613645 ], [ -79.381678, 43.6613874 ], [ -79.3814745, 43.6614332 ], [ -79.379375, 43.6618761 ], [ -79.3780071, 43.6621376 ], [ -79.377877, 43.662172 ], [ -79.3767169, 43.662419 ], [ -79.3783477, 43.6662852 ], [ -79.3784019, 43.6664454 ], [ -79.3790454, 43.6679341 ] ] ] } },
{ "type": "Feature", "properties": { "name": "Downtown Yonge East", "overture_id": "38495a78-ddf6-4085-b22c-29562468d195", "division_id": "86c55744-829e-412b-bc21-9a0aa172d4c6" }, "geometry": { "type": "Polygon", "coordinates": [ [ [ -79.3819486, 43.6613694 ], [ -79.3825796, 43.6613756 ], [ -79.3831086, 43.6613367 ], [ -79.3809414, 43.6563536 ], [ -79.3809173, 43.6563206 ], [ -79.3792612, 43.6524224 ], [ -79.3792553, 43.6524079 ], [ -79.3792298, 43.6523454 ], [ -79.3789933, 43.6517784 ], [ -79.3789789, 43.6517445 ], [ -79.3789659, 43.6517139 ], [ -79.378957, 43.651693 ], [ -79.3789267, 43.6516204 ], [ -79.3787403, 43.6511749 ], [ -79.3787385, 43.6511707 ], [ -79.3786887, 43.6510544 ], [ -79.3784608, 43.6505034 ], [ -79.3784274, 43.6504286 ], [ -79.3784186, 43.6504076 ], [ -79.3783956, 43.6503527 ], [ -79.3779273, 43.6492467 ], [ -79.3779004, 43.6491815 ], [ -79.3778952, 43.6491687 ], [ -79.3778901, 43.6491559 ], [ -79.3778661, 43.6490951 ], [ -79.3776314, 43.6485317 ], [ -79.3773767, 43.647922 ], [ -79.3773522, 43.6478606 ], [ -79.3773465, 43.647847 ], [ -79.3773152, 43.6477703 ], [ -79.376981, 43.6469857 ], [ -79.376943, 43.6468684 ], [ -79.3757641, 43.6474608 ], [ -79.3742972, 43.6481944 ], [ -79.3740404, 43.6483227 ], [ -79.373974, 43.648378 ], [ -79.3739003, 43.6484428 ], [ -79.3738681, 43.6484807 ], [ -79.373853, 43.6485134 ], [ -79.3738366, 43.6485661 ], [ -79.3733065, 43.6486777 ], [ -79.3729685, 43.6488266 ], [ -79.372193, 43.6491306 ], [ -79.3714658, 43.6494496 ], [ -79.3721411, 43.6509741 ], [ -79.3727151, 43.6523452 ], [ -79.3728331, 43.6527052 ], [ -79.373918, 43.6553609 ], [ -79.3745658, 43.6570662 ], [ -79.3759002, 43.6604397 ], [ -79.3767169, 43.662419 ], [ -79.377877, 43.662172 ], [ -79.3780071, 43.6621376 ], [ -79.379375, 43.6618761 ], [ -79.3814745, 43.6614332 ], [ -79.381678, 43.6613874 ], [ -79.3818341, 43.6613645 ], [ -79.3819486, 43.6613694 ] ] ] } },
{ "type": "Feature", "properties": { "name": "North St.James Town", "overture_id": "9b676ecd-7690-4ab9-aff4-256a729a5a27", "division_id": "aeeb91ac-ef85-483e-a029-23c68383b5b9" }, "geometry": { "type": "Polygon", "coordinates": [ [ [ -79.3710246, 43.6716495 ], [ -79.3711279, 43.6717378 ], [ -79.3712647, 43.6718217 ], [ -79.3714611, 43.6718886 ], [ -79.3731791, 43.6721515 ], [ -79.3736069, 43.6722068 ], [ -79.3748555, 43.6723348 ], [ -79.3758928, 43.6724648 ], [ -79.3760551, 43.6724789 ], [ -79.3761644, 43.6724789 ], [ -79.3763186, 43.6724658 ], [ -79.3764567, 43.6724479 ], [ -79.376843, 43.6723572 ], [ -79.3794179, 43.671876 ], [ -79.3794702, 43.6718261 ], [ -79.3805662, 43.671611 ], [ -79.3799097, 43.669985 ], [ -79.379452, 43.668894 ], [ -79.3790454, 43.6679341 ], [ -79.3784019, 43.6664454 ], [ -79.3783477, 43.6662852 ], [ -79.3774156, 43.6664851 ], [ -79.377313, 43.6665038 ], [ -79.3772681, 43.6665059 ], [ -79.3771883, 43.6665154 ], [ -79.3769885, 43.6664722 ], [ -79.3766646, 43.666432 ], [ -79.3765017, 43.6664291 ], [ -79.3763119, 43.6664295 ], [ -79.376161, 43.6664373 ], [ -79.376035, 43.6664548 ], [ -79.3758539, 43.6664858 ], [ -79.3757158, 43.6665227 ], [ -79.3755334, 43.6665916 ], [ -79.3753483, 43.6666701 ], [ -79.3751706, 43.6667647 ], [ -79.3750037, 43.6668724 ], [ -79.3748581, 43.6669786 ], [ -79.3746831, 43.6670941 ], [ -79.3722095, 43.6676349 ], [ -79.3697526, 43.668166 ], [ -79.3695614, 43.6681748 ], [ -79.370407, 43.6702594 ], [ -79.3708952, 43.6714822 ], [ -79.3710246, 43.6716495 ] ] ] } },
{ "type": "Feature", "properties": { "name": "St Lawrence-East Bayfront-The Islands", "overture_id": "7ab834a0-2ee1-4ea6-9777-da460f7ac8b1", "division_id": "0ad95942-e82b-46e6-8ab5-5107682f8661" }, "geometry": { "type": "Polygon", "coordinates": [ [ [ -79.3531069, 43.6341786 ], [ -79.3530698, 43.6341993 ], [ -79.3529931, 43.6341328 ], [ -79.3528703, 43.6340263 ], [ -79.3525082, 43.633712 ], [ -79.3505203, 43.6334908 ], [ -79.3595589, 43.6453845 ], [ -79.3472261, 43.6506403 ], [ -79.3481365, 43.6517421 ], [ -79.3493557, 43.6532176 ], [ -79.3518232, 43.6555509 ], [ -79.3523946, 43.6554466 ], [ -79.3530739, 43.6560731 ], [ -79.3532412, 43.6561445 ], [ -79.3534779, 43.6563523 ], [ -79.3540167, 43.6560761 ], [ -79.3542152, 43.6559737 ], [ -79.3548173, 43.6555734 ], [ -79.3545062, 43.6552678 ], [ -79.3546464, 43.6549107 ], [ -79.355042, 43.6548166 ], [ -79.3564327, 43.65451 ], [ -79.3569752, 43.6543994 ], [ -79.3571321, 43.6543819 ], [ -79.3572702, 43.65438 ], [ -79.3573762, 43.654396 ], [ -79.3575089, 43.6544823 ], [ -79.3578348, 43.6542883 ], [ -79.3585335, 43.653906 ], [ -79.3592852, 43.6534882 ], [ -79.3600718, 43.6530249 ], [ -79.3603668, 43.6528299 ], [ -79.3605123, 43.6527236 ], [ -79.3605942, 43.6526436 ], [ -79.3607075, 43.6524873 ], [ -79.3608463, 43.65227 ], [ -79.3608999, 43.6522132 ], [ -79.3609978, 43.6521021 ], [ -79.3612667, 43.6519134 ], [ -79.3627413, 43.6515684 ], [ -79.3666948, 43.650681 ], [ -79.3678951, 43.6503938 ], [ -79.3690753, 43.6500998 ], [ -79.3702186, 43.6498446 ], [ -79.3704124, 43.6497922 ], [ -79.3714658, 43.6494496 ], [ -79.372193, 43.6491306 ], [ -79.3729685, 43.6488266 ], [ -79.3733065, 43.6486777 ], [ -79.3738366, 43.6485661 ], [ -79.373853, 43.6485134 ], [ -79.3738681, 43.6484807 ], [ -79.3739003, 43.6484428 ], [ -79.373974, 43.648378 ], [ -79.3740404, 43.6483227 ], [ -79.3742972, 43.6481944 ], [ -79.3757641, 43.6474608 ], [ -79.376943, 43.6468684 ], [ -79.3770658, 43.6468347 ], [ -79.377177, 43.6467937 ], [ -79.3774578, 43.6465786 ], [ -79.3775582, 43.6465112 ], [ -79.3776868, 43.646449 ], [ -79.3777873, 43.6464004 ], [ -79.3779103, 43.646348 ], [ -79.378074, 43.6462878 ], [ -79.3782103, 43.6462545 ], [ -79.3784449, 43.646204 ], [ -79.3785868, 43.646172 ], [ -79.3788185, 43.6461193 ], [ -79.3789889, 43.6460806 ], [ -79.3791296, 43.6460454 ], [ -79.3792754, 43.6460135 ], [ -79.3800252, 43.6458556 ], [ -79.3802392, 43.645809 ], [ -79.3804377, 43.645766 ], [ -79.3813611, 43.6455606 ], [ -79.3817635, 43.6454755 ], [ -79.3822178, 43.6453828 ], [ -79.3823119, 43.645325 ], [ -79.3825323, 43.6452892 ], [ -79.3824718, 43.6452919 ], [ -79.3822684, 43.6448158 ], [ -79.3807999, 43.6412468 ], [ -79.3805263, 43.640534 ], [ -79.3804378, 43.640335 ], [ -79.3803178, 43.6401448 ], [ -79.3801998, 43.6399657 ], [ -79.3800488, 43.6395964 ], [ -79.3800883, 43.6395838 ], [ -79.3801766, 43.6397075 ], [ -79.3802611, 43.6396815 ], [ -79.3795522, 43.6380422 ], [ -79.3836656, 43.6376605 ], [ -79.3842198, 43.6389921 ], [ -79.3849236, 43.6388306 ], [ -79.3843956, 43.6376015 ], [ -79.384386, 43.6375791 ], [ -79.3854468, 43.6374823 ], [ -79.3854649, 43.637596 ], [ -79.3850552, 43.6376342 ], [ -79.3851756, 43.6379145 ], [ -79.3851498, 43.6379344 ], [ -79.3852478, 43.6381661 ], [ -79.3857577, 43.6380656 ], [ -79.3857235, 43.6379742 ], [ -79.3857522, 43.6379604 ], [ -79.3856914, 43.6375795 ], [ -79.3855866, 43.6375807 ], [ -79.3855638, 43.6374691 ], [ -79.3865987, 43.6373756 ], [ -79.387041, 43.6384989 ], [ -79.3875435, 43.6383884 ], [ -79.3871182, 43.6373196 ], [ -79.3888426, 43.6371663 ], [ -79.3892038, 43.6380857 ], [ -79.3894573, 43.6380307 ], [ -79.3894999, 43.6380592 ], [ -79.3896191, 43.6380341 ], [ -79.3896329, 43.638001 ], [ -79.3898586, 43.637954 ], [ -79.3898842, 43.6379309 ], [ -79.389558, 43.6371244 ], [ -79.3910453, 43.6369933 ], [ -79.391292, 43.637533 ], [ -79.3919358, 43.6373923 ], [ -79.3917677, 43.6369406 ], [ -79.3917671, 43.636894 ], [ -79.3915574, 43.6363887 ], [ -79.391559, 43.6363786 ], [ -79.3915649, 43.6363682 ], [ -79.3915777, 43.6363632 ], [ -79.391591, 43.636359 ], [ -79.3916037, 43.6363586 ], [ -79.3916144, 43.6363605 ], [ -79.3916229, 43.6363682 ], [ -79.3916293, 43.6363775 ], [ -79.3918395, 43.6369322 ], [ -79.3931315, 43.6367993 ], [ -79.3931855, 43.6367767 ], [ -79.393251, 43.6367543 ], [ -79.3932958, 43.6367467 ], [ -79.3933608, 43.636744 ], [ -79.3934166, 43.6367467 ], [ -79.393466, 43.6367547 ], [ -79.3935024, 43.6367553 ], [ -79.3935201, 43.6367617 ], [ -79.3951373, 43.636617 ], [ -79.395254, 43.6364435 ], [ -79.3944883, 43.6355382 ], [ -79.3929268, 43.6363071 ], [ -79.3918922, 43.636396 ], [ -79.3918757, 43.6363917 ], [ -79.3918608, 43.6363752 ], [ -79.3918496, 43.636344 ], [ -79.3918534, 43.6363236 ], [ -79.3918624, 43.6363116 ], [ -79.3918826, 43.6363062 ], [ -79.3928679, 43.6362138 ], [ -79.3944477, 43.6354434 ], [ -79.3949851, 43.6353309 ], [ -79.3959733, 43.6365316 ], [ -79.3968194, 43.6364551 ], [ -79.3969361, 43.6364178 ], [ -79.395424, 43.6347207 ], [ -79.3968665, 43.6339586 ], [ -79.3973525, 43.6336903 ], [ -79.3974379, 43.6336998 ], [ -79.3974613, 43.6337162 ], [ -79.3975399, 43.6336753 ], [ -79.3975929, 43.6336311 ], [ -79.3975922, 43.6335632 ], [ -79.3976301, 43.6335229 ], [ -79.3979303, 43.6333648 ], [ -79.4080889, 43.6251488 ], [ -79.4000044, 43.6164786 ], [ -79.3942484, 43.6092404 ], [ -79.3875295, 43.6094052 ], [ -79.3539393, 43.6102291 ], [ -79.3566268, 43.6266063 ], [ -79.3575571, 43.6270506 ], [ -79.3576887, 43.6271134 ], [ -79.3577421, 43.6271389 ], [ -79.3576384, 43.6272043 ], [ -79.3576257, 43.6272757 ], [ -79.3576062, 43.6273119 ], [ -79.3574177, 43.6275474 ], [ -79.3573647, 43.6275787 ], [ -79.3573052, 43.6276132 ], [ -79.3572811, 43.6276401 ], [ -79.3572613, 43.6276604 ], [ -79.3572494, 43.6276766 ], [ -79.3572143, 43.6276873 ], [ -79.3573172, 43.6277465 ], [ -79.3572764, 43.6277837 ], [ -79.357227, 43.6277855 ], [ -79.357148, 43.627808 ], [ -79.3570548, 43.6279021 ], [ -79.3570716, 43.6279416 ], [ -79.3570446, 43.627979 ], [ -79.3569879, 43.6279982 ], [ -79.3569361, 43.6280357 ], [ -79.3569362, 43.6280879 ], [ -79.3568873, 43.628147 ], [ -79.3568957, 43.6282106 ], [ -79.3568713, 43.6282657 ], [ -79.3568162, 43.6283358 ], [ -79.3567511, 43.6283598 ], [ -79.3567105, 43.6284096 ], [ -79.3566338, 43.6284539 ], [ -79.3566121, 43.6285167 ], [ -79.3566296, 43.6285936 ], [ -79.3563062, 43.6290134 ], [ -79.3564749, 43.6297434 ], [ -79.356807, 43.6300825 ], [ -79.3571152, 43.6303484 ], [ -79.3572083, 43.6304741 ], [ -79.357215, 43.6308636 ], [ -79.3572198, 43.6311441 ], [ -79.3575621, 43.6312263 ], [ -79.3575699, 43.6312289 ], [ -79.357704, 43.631256 ], [ -79.3577079, 43.6312464 ], [ -79.3581368, 43.6313425 ], [ -79.3581466, 43.6313538 ], [ -79.3581467, 43.6313652 ], [ -79.3581273, 43.631412 ], [ -79.3581077, 43.6314151 ], [ -79.3580593, 43.6314144 ], [ -79.3578793, 43.6313871 ], [ -79.3578148, 43.631383 ], [ -79.3577786, 43.6313952 ], [ -79.3577684, 43.6314159 ], [ -79.3577582, 43.6314367 ], [ -79.357774, 43.6314618 ], [ -79.3578875, 43.6315178 ], [ -79.3579124, 43.631547 ], [ -79.3578808, 43.6316081 ], [ -79.3576441, 43.6315545 ], [ -79.3575022, 43.6314135 ], [ -79.3574758, 43.6314308 ], [ -79.3573506, 43.6314921 ], [ -79.3572671, 43.6315558 ], [ -79.3571662, 43.6316704 ], [ -79.3570989, 43.631822 ], [ -79.3570598, 43.6321521 ], [ -79.3570476, 43.6322988 ], [ -79.3570394, 43.632353 ], [ -79.3571273, 43.6324184 ], [ -79.3571995, 43.6324541 ], [ -79.3572204, 43.6325012 ], [ -79.3571907, 43.6325516 ], [ -79.357118, 43.6326049 ], [ -79.3570156, 43.6327758 ], [ -79.357005, 43.6329427 ], [ -79.3568049, 43.6331761 ], [ -79.3567244, 43.6333165 ], [ -79.3564307, 43.6333532 ], [ -79.3562262, 43.6334531 ], [ -79.356127, 43.6334612 ], [ -79.3560487, 43.633445 ], [ -79.3557118, 43.6335239 ], [ -79.3556587, 43.6335708 ], [ -79.3555944, 43.6335826 ], [ -79.3555371, 43.6335644 ], [ -79.3555036, 43.633529 ], [ -79.3555094, 43.6334951 ], [ -79.35555, 43.6334546 ], [ -79.3555615, 43.6334432 ], [ -79.3555381, 43.6333835 ], [ -79.3555014, 43.6333363 ], [ -79.3554409, 43.6332924 ], [ -79.3553675, 43.6332779 ], [ -79.3552949, 43.6332701 ], [ -79.3552277, 43.6332671 ], [ -79.3551467, 43.6333529 ], [ -79.3550907, 43.6333901 ], [ -79.3550461, 43.6334101 ], [ -79.354994, 43.6334086 ], [ -79.3549451, 43.6333963 ], [ -79.3548984, 43.6333717 ], [ -79.3547984, 43.6333604 ], [ -79.3547018, 43.6333671 ], [ -79.3545955, 43.6333978 ], [ -79.3545336, 43.6334182 ], [ -79.3542685, 43.6335052 ], [ -79.3542291, 43.633547 ], [ -79.3541652, 43.6335775 ], [ -79.3540933, 43.6335851 ], [ -79.3540215, 43.6335559 ], [ -79.3537613, 43.6336727 ], [ -79.3537088, 43.6337235 ], [ -79.3536176, 43.6337616 ], [ -79.3534354, 43.6338717 ], [ -79.353128, 43.634162 ], [ -79.3531069, 43.6341786 ] ], [ [ -79.3620592, 43.624759 ], [ -79.3620997, 43.6248739 ], [ -79.3622171, 43.6249707 ], [ -79.3624404, 43.6250361 ], [ -79.3626131, 43.6250992 ], [ -79.3628666, 43.6251474 ], [ -79.3631498, 43.6254387 ], [ -79.3631108, 43.6258071 ], [ -79.3628783, 43.6261634 ], [ -79.3627245, 43.6263991 ], [ -79.3624413, 43.6268036 ], [ -79.3622623, 43.6270592 ], [ -79.3619806, 43.6273076 ], [ -79.3610773, 43.6281529 ], [ -79.3591695, 43.6299168 ], [ -79.3590331, 43.6300429 ], [ -79.3583965, 43.6304262 ], [ -79.3583802, 43.6304361 ], [ -79.358124, 43.6302869 ], [ -79.3578716, 43.6301399 ], [ -79.3579384, 43.6300697 ], [ -79.3577106, 43.6298996 ], [ -79.3572824, 43.6295799 ], [ -79.3572137, 43.6293836 ], [ -79.3573512, 43.6288819 ], [ -79.3573664, 43.6287966 ], [ -79.3573774, 43.6287347 ], [ -79.3574658, 43.6282391 ], [ -79.3575002, 43.62819 ], [ -79.3577517, 43.6278307 ], [ -79.3578469, 43.6277812 ], [ -79.3578963, 43.6277058 ], [ -79.3579451, 43.627687 ], [ -79.3579398, 43.627642 ], [ -79.3579846, 43.62757 ], [ -79.3580829, 43.6274956 ], [ -79.3582371, 43.6273463 ], [ -79.3582906, 43.6272795 ], [ -79.3584215, 43.627161 ], [ -79.3585273, 43.6270484 ], [ -79.3586014, 43.6269123 ], [ -79.3586436, 43.6268219 ], [ -79.3587276, 43.6267534 ], [ -79.3587404, 43.6266905 ], [ -79.3587662, 43.6266441 ], [ -79.3588323, 43.6265981 ], [ -79.3588953, 43.6265159 ], [ -79.3590858, 43.6263279 ], [ -79.359188, 43.626204 ], [ -79.3593108, 43.6261534 ], [ -79.3593768, 43.6260922 ], [ -79.3597027, 43.6259316 ], [ -79.3598777, 43.6258401 ], [ -79.3600244, 43.6257634 ], [ -79.3601997, 43.6256718 ], [ -79.3607825, 43.6253172 ], [ -79.361021, 43.6251248 ], [ -79.3614006, 43.6249531 ], [ -79.361785, 43.6248272 ], [ -79.3618203, 43.6247247 ], [ -79.3619668, 43.6247238 ], [ -79.3620592, 43.624759 ] ] ] } },
{ "type": "Feature", "properties": { "name": "Algonquin Island", "overture_id": "fc37f8ba-de4f-4263-9c2d-993262117b44", "division_id": "1f0e1ccf-9f21-4a0a-b4cd-3db9893f7736" }, "geometry": { "type": "Polygon", "coordinates": [ [ [ -79.3628666, 43.6251474 ], [ -79.3626131, 43.6250992 ], [ -79.3624404, 43.6250361 ], [ -79.3622171, 43.6249707 ], [ -79.3620997, 43.6248739 ], [ -79.3620592, 43.624759 ], [ -79.3619668, 43.6247238 ], [ -79.3618203, 43.6247247 ], [ -79.361785, 43.6248272 ], [ -79.3614006, 43.6249531 ], [ -79.361021, 43.6251248 ], [ -79.3607825, 43.6253172 ], [ -79.3601997, 43.6256718 ], [ -79.3600244, 43.6257634 ], [ -79.3598777, 43.6258401 ], [ -79.3597027, 43.6259316 ], [ -79.3593768, 43.6260922 ], [ -79.3593108, 43.6261534 ], [ -79.359188, 43.626204 ], [ -79.3590858, 43.6263279 ], [ -79.3588953, 43.6265159 ], [ -79.3588323, 43.6265981 ], [ -79.3587662, 43.6266441 ], [ -79.3587404, 43.6266905 ], [ -79.3587276, 43.6267534 ], [ -79.3586436, 43.6268219 ], [ -79.3586014, 43.6269123 ], [ -79.3585273, 43.6270484 ], [ -79.3584215, 43.627161 ], [ -79.3582906, 43.6272795 ], [ -79.3582371, 43.6273463 ], [ -79.3580829, 43.6274956 ], [ -79.3579846, 43.62757 ], [ -79.3579398, 43.627642 ], [ -79.3579451, 43.627687 ], [ -79.3578963, 43.6277058 ], [ -79.3578469, 43.6277812 ], [ -79.3577517, 43.6278307 ], [ -79.3575002, 43.62819 ], [ -79.3574658, 43.6282391 ], [ -79.3573774, 43.6287347 ], [ -79.3573664, 43.6287966 ], [ -79.3573512, 43.6288819 ], [ -79.3572137, 43.6293836 ], [ -79.3572824, 43.6295799 ], [ -79.3577106, 43.6298996 ], [ -79.3579384, 43.6300697 ], [ -79.3578716, 43.6301399 ], [ -79.358124, 43.6302869 ], [ -79.3583802, 43.6304361 ], [ -79.3583965, 43.6304262 ], [ -79.3590331, 43.6300429 ], [ -79.3591695, 43.6299168 ], [ -79.3610773, 43.6281529 ], [ -79.3619806, 43.6273076 ], [ -79.3622623, 43.6270592 ], [ -79.3624413, 43.6268036 ], [ -79.3627245, 43.6263991 ], [ -79.3628783, 43.6261634 ], [ -79.3631108, 43.6258071 ], [ -79.3631498, 43.6254387 ], [ -79.3628666, 43.6251474 ] ] ] } },
{ "type": "Feature", "properties": { "name": "Fort York-Liberty Village", "overture_id": "563097e8-6ca3-4a81-a95e-d66f0e148377", "division_id": "371d5087-0d81-473c-90ac-05e0fad6e0ed" }, "geometry": { "type": "Polygon", "coordinates": [ [ [ -79.4283623, 43.6335156 ], [ -79.4289399, 43.6334384 ], [ -79.4287717, 43.6330533 ], [ -79.4286525, 43.6329264 ], [ -79.4279927, 43.6315597 ], [ -79.4276869, 43.6307793 ], [ -79.427007, 43.6297028 ], [ -79.4262949, 43.629663 ], [ -79.4260106, 43.6296513 ], [ -79.4257142, 43.6296853 ], [ -79.4239292, 43.6298057 ], [ -79.4219041, 43.6299649 ], [ -79.4201352, 43.6301027 ], [ -79.4187075, 43.6295043 ], [ -79.4186904, 43.6294598 ], [ -79.4184484, 43.6294928 ], [ -79.418039, 43.6282253 ], [ -79.4184033, 43.6281624 ], [ -79.4184328, 43.6282156 ], [ -79.4185401, 43.6282584 ], [ -79.418584, 43.6282636 ], [ -79.4186123, 43.6282538 ], [ -79.4186276, 43.6282428 ], [ -79.418639, 43.628222 ], [ -79.4186428, 43.6281973 ], [ -79.4186411, 43.6281545 ], [ -79.4186432, 43.6281123 ], [ -79.4186575, 43.6280667 ], [ -79.4186829, 43.6280236 ], [ -79.418712, 43.6279943 ], [ -79.4187437, 43.6279683 ], [ -79.418813, 43.6279313 ], [ -79.4188954, 43.6279108 ], [ -79.4189549, 43.6279034 ], [ -79.4189925, 43.6279037 ], [ -79.4190846, 43.6279181 ], [ -79.4191434, 43.6279283 ], [ -79.4191951, 43.6279463 ], [ -79.4192702, 43.6279827 ], [ -79.4193097, 43.6280147 ], [ -79.419352, 43.6280666 ], [ -79.4193614, 43.6281098 ], [ -79.41936, 43.6281525 ], [ -79.419248, 43.628385 ], [ -79.4192205, 43.6284146 ], [ -79.4191823, 43.6284476 ], [ -79.4191682, 43.6284738 ], [ -79.4191696, 43.6284942 ], [ -79.419183, 43.6285277 ], [ -79.4192217, 43.6285602 ], [ -79.4193077, 43.6286367 ], [ -79.4193643, 43.6286863 ], [ -79.4193879, 43.6286992 ], [ -79.4194228, 43.6287085 ], [ -79.4194523, 43.6287117 ], [ -79.4194878, 43.6287114 ], [ -79.4195227, 43.6287059 ], [ -79.4195508, 43.6286972 ], [ -79.4195731, 43.6286841 ], [ -79.4195911, 43.6286671 ], [ -79.4195995, 43.6286471 ], [ -79.4196055, 43.6286084 ], [ -79.419624, 43.6285437 ], [ -79.4196343, 43.6285088 ], [ -79.4196705, 43.6284537 ], [ -79.4197336, 43.6283952 ], [ -79.4197754, 43.6283944 ], [ -79.4198017, 43.6284098 ], [ -79.419708, 43.6285751 ], [ -79.4197014, 43.6286242 ], [ -79.4197022, 43.62867 ], [ -79.4197168, 43.628712 ], [ -79.4197565, 43.6287754 ], [ -79.4197161, 43.6287993 ], [ -79.4193573, 43.6290175 ], [ -79.4194371, 43.629198 ], [ -79.4194177, 43.629216 ], [ -79.4195417, 43.6292812 ], [ -79.4195755, 43.6292888 ], [ -79.4196688, 43.6293466 ], [ -79.419736, 43.6293613 ], [ -79.4203222, 43.6292966 ], [ -79.4224756, 43.6291171 ], [ -79.42246, 43.6289029 ], [ -79.4223661, 43.6288165 ], [ -79.4222689, 43.6287204 ], [ -79.4221958, 43.6285952 ], [ -79.4221327, 43.6284336 ], [ -79.422124, 43.6283379 ], [ -79.4221381, 43.6282307 ], [ -79.4222045, 43.6281254 ], [ -79.4223051, 43.6279904 ], [ -79.4224353, 43.6278597 ], [ -79.4225223, 43.62779 ], [ -79.4225595, 43.6277423 ], [ -79.4225544, 43.6277123 ], [ -79.422521, 43.6276273 ], [ -79.4224986, 43.6275647 ], [ -79.4224209, 43.6274916 ], [ -79.4223351, 43.6274561 ], [ -79.4222262, 43.6274316 ], [ -79.4220939, 43.6274231 ], [ -79.4219706, 43.6274234 ], [ -79.4215427, 43.6275216 ], [ -79.4214545, 43.6275349 ], [ -79.4213864, 43.6275337 ], [ -79.4212902, 43.6275218 ], [ -79.4210676, 43.6274611 ], [ -79.42074, 43.6273568 ], [ -79.4205338, 43.6272633 ], [ -79.4204114, 43.627191 ], [ -79.4203467, 43.6271163 ], [ -79.4202871, 43.627018 ], [ -79.4202814, 43.6269767 ], [ -79.420284, 43.6269486 ], [ -79.4202663, 43.6269141 ], [ -79.4202143, 43.626861 ], [ -79.420114, 43.6268051 ], [ -79.4200131, 43.6267704 ], [ -79.4199075, 43.6267525 ], [ -79.4198307, 43.6267488 ], [ -79.4196745, 43.6267862 ], [ -79.4195907, 43.6268313 ], [ -79.4194613, 43.6268915 ], [ -79.4193094, 43.6268573 ], [ -79.4188162, 43.6266874 ], [ -79.4185114, 43.6265906 ], [ -79.4184316, 43.6265758 ], [ -79.4183652, 43.6265792 ], [ -79.4183056, 43.6265741 ], [ -79.4182992, 43.626568 ], [ -79.4182315, 43.626528 ], [ -79.418153, 43.6265091 ], [ -79.4180179, 43.626487 ], [ -79.4175894, 43.6264278 ], [ -79.4170557, 43.6263523 ], [ -79.4166969, 43.6263149 ], [ -79.4166436, 43.6263033 ], [ -79.4166087, 43.6262984 ], [ -79.4165759, 43.626302 ], [ -79.416546, 43.6263115 ], [ -79.4164082, 43.626313 ], [ -79.4155514, 43.6263888 ], [ -79.4149905, 43.6264528 ], [ -79.4148988, 43.6264826 ], [ -79.4148583, 43.6265101 ], [ -79.4148546, 43.6265349 ], [ -79.4148953, 43.6265598 ], [ -79.4149347, 43.6265731 ], [ -79.4150356, 43.6265758 ], [ -79.4151966, 43.6265637 ], [ -79.4163335, 43.6264474 ], [ -79.4165413, 43.6264168 ], [ -79.4180577, 43.6266318 ], [ -79.4183458, 43.6266513 ], [ -79.4183526, 43.6266642 ], [ -79.4184261, 43.62671 ], [ -79.4185655, 43.6267608 ], [ -79.4186263, 43.6267798 ], [ -79.4183956, 43.6270445 ], [ -79.4181439, 43.6270812 ], [ -79.4181337, 43.6270635 ], [ -79.4178279, 43.6269192 ], [ -79.4177679, 43.6269241 ], [ -79.4177358, 43.6269773 ], [ -79.4178178, 43.627239 ], [ -79.41786, 43.6273693 ], [ -79.417353, 43.6279506 ], [ -79.416248, 43.6281375 ], [ -79.4161487, 43.6280953 ], [ -79.4160984, 43.6278754 ], [ -79.4156485, 43.627671 ], [ -79.4155392, 43.6273371 ], [ -79.4155975, 43.6272779 ], [ -79.415558, 43.6271595 ], [ -79.4156726, 43.6269663 ], [ -79.4156767, 43.626941 ], [ -79.4156666, 43.6269279 ], [ -79.4156474, 43.6269163 ], [ -79.4156264, 43.626911 ], [ -79.4156049, 43.6269114 ], [ -79.4155727, 43.6269173 ], [ -79.4155498, 43.6269328 ], [ -79.4154683, 43.6270563 ], [ -79.4153682, 43.6270525 ], [ -79.4151658, 43.6271094 ], [ -79.414936, 43.6271503 ], [ -79.4146868, 43.6271806 ], [ -79.4144359, 43.6271935 ], [ -79.4143121, 43.6271834 ], [ -79.4141507, 43.6271607 ], [ -79.4140168, 43.6271274 ], [ -79.413711, 43.6270458 ], [ -79.413591, 43.6270286 ], [ -79.413501, 43.627029 ], [ -79.4134719, 43.6270326 ], [ -79.4133752, 43.6270534 ], [ -79.4133376, 43.6270687 ], [ -79.4132814, 43.6271063 ], [ -79.4131074, 43.6272488 ], [ -79.4129494, 43.6272993 ], [ -79.4128036, 43.6273451 ], [ -79.4126355, 43.6273711 ], [ -79.4125029, 43.6273876 ], [ -79.4124311, 43.627394 ], [ -79.4123221, 43.6273925 ], [ -79.4121582, 43.627394 ], [ -79.4119812, 43.6273989 ], [ -79.4119541, 43.6273959 ], [ -79.4116445, 43.6273439 ], [ -79.4115761, 43.6273375 ], [ -79.4115064, 43.6273399 ], [ -79.4113775, 43.6273457 ], [ -79.4112525, 43.6273521 ], [ -79.4111752, 43.6273619 ], [ -79.4110916, 43.6273891 ], [ -79.410994, 43.6274264 ], [ -79.4108508, 43.6275001 ], [ -79.4106839, 43.6275833 ], [ -79.4104127, 43.6277707 ], [ -79.4101795, 43.6279511 ], [ -79.4100908, 43.6280884 ], [ -79.4100718, 43.6281633 ], [ -79.4100545, 43.6282566 ], [ -79.410068, 43.6285098 ], [ -79.4101001, 43.6286779 ], [ -79.4101555, 43.6287434 ], [ -79.4102282, 43.6291968 ], [ -79.410201, 43.6292381 ], [ -79.4101366, 43.6292889 ], [ -79.410069, 43.6293394 ], [ -79.4099397, 43.6293964 ], [ -79.4097848, 43.6294326 ], [ -79.4095884, 43.629458 ], [ -79.4092947, 43.6294977 ], [ -79.4091547, 43.6295451 ], [ -79.4091089, 43.6295955 ], [ -79.4090868, 43.6296482 ], [ -79.4090744, 43.6297986 ], [ -79.4091441, 43.6299195 ], [ -79.4092303, 43.6300134 ], [ -79.4094419, 43.6307414 ], [ -79.4094599, 43.6310378 ], [ -79.4099845, 43.6309533 ], [ -79.4099918, 43.6311534 ], [ -79.4096368, 43.6312183 ], [ -79.4087925, 43.6317003 ], [ -79.4086246, 43.633067 ], [ -79.406647, 43.6328512 ], [ -79.4050641, 43.6331162 ], [ -79.4029434, 43.6314674 ], [ -79.4030257, 43.6312821 ], [ -79.4029878, 43.6312631 ], [ -79.4028733, 43.6312337 ], [ -79.4028843, 43.6311909 ], [ -79.4023529, 43.6310393 ], [ -79.4023187, 43.6310072 ], [ -79.3989518, 43.6328269 ], [ -79.3979303, 43.6333648 ], [ -79.3976301, 43.6335229 ], [ -79.3975922, 43.6335632 ], [ -79.3975929, 43.6336311 ], [ -79.3975399, 43.6336753 ], [ -79.3974613, 43.6337162 ], [ -79.3974379, 43.6336998 ], [ -79.3973525, 43.6336903 ], [ -79.3968665, 43.6339586 ], [ -79.3973344, 43.6344693 ], [ -79.3981209, 43.6353967 ], [ -79.3984059, 43.6357151 ], [ -79.3986963, 43.6359242 ], [ -79.3994426, 43.6363018 ], [ -79.3996049, 43.6364309 ], [ -79.3996501, 43.6364843 ], [ -79.4012732, 43.6403704 ], [ -79.4037817, 43.6402234 ], [ -79.4044282, 43.6401613 ], [ -79.405202, 43.6401118 ], [ -79.4061086, 43.640071 ], [ -79.4070219, 43.6400691 ], [ -79.407801, 43.6400846 ], [ -79.4085775, 43.6401244 ], [ -79.4096848, 43.6401841 ], [ -79.4112547, 43.6402442 ], [ -79.4154707, 43.6403997 ], [ -79.4195518, 43.640534 ], [ -79.4214986, 43.6406 ], [ -79.4212564, 43.6401734 ], [ -79.4209974, 43.639469 ], [ -79.4197445, 43.6361833 ], [ -79.4196938, 43.6360834 ], [ -79.4195258, 43.6358317 ], [ -79.4255127, 43.6341561 ], [ -79.425747, 43.6340905 ], [ -79.4267106, 43.6338374 ], [ -79.4273641, 43.633686 ], [ -79.4277158, 43.6336158 ], [ -79.4280715, 43.6335559 ], [ -79.4283623, 43.6335156 ] ] ] } },
{ "type": "Feature", "properties": { "name": "West Queen West", "overture_id": "7087e088-6fd4-4f80-a1ae-6f50dc22f5e6", "division_id": "b11ab042-1905-4f22-a996-cb93931fb7d0" }, "geometry": { "type": "Polygon", "coordinates": [ [ [ -79.40337, 43.645516 ], [ -79.4037606, 43.6464714 ], [ -79.4038894, 43.6468225 ], [ -79.4040101, 43.6471883 ], [ -79.405206, 43.6469673 ], [ -79.4065759, 43.646683 ], [ -79.4073229, 43.6465427 ], [ -79.4077112, 43.6464692 ], [ -79.4085829, 43.6462892 ], [ -79.4095767, 43.6460803 ], [ -79.4099468, 43.6459969 ], [ -79.4107897, 43.6458474 ], [ -79.4112591, 43.6457489 ], [ -79.4114891, 43.6457009 ], [ -79.4131963, 43.6453666 ], [ -79.4139788, 43.6452055 ], [ -79.4150759, 43.644973 ], [ -79.4163043, 43.644726 ], [ -79.4174818, 43.6444795 ], [ -79.4188631, 43.6442044 ], [ -79.4200098, 43.6439812 ], [ -79.4211973, 43.6437274 ], [ -79.4218035, 43.6436173 ], [ -79.4223723, 43.6434812 ], [ -79.4223674, 43.6434653 ], [ -79.4223391, 43.6434025 ], [ -79.4222346, 43.6431193 ], [ -79.4222019, 43.6430286 ], [ -79.4216549, 43.641582 ], [ -79.4216275, 43.6415023 ], [ -79.4216131, 43.6413518 ], [ -79.4216226, 43.6412393 ], [ -79.4216534, 43.6408161 ], [ -79.4214986, 43.6406 ], [ -79.4195518, 43.640534 ], [ -79.4154707, 43.6403997 ], [ -79.4112547, 43.6402442 ], [ -79.4096848, 43.6401841 ], [ -79.4085775, 43.6401244 ], [ -79.407801, 43.6400846 ], [ -79.4070219, 43.6400691 ], [ -79.4061086, 43.640071 ], [ -79.405202, 43.6401118 ], [ -79.4044282, 43.6401613 ], [ -79.4037817, 43.6402234 ], [ -79.4012732, 43.6403704 ], [ -79.401349, 43.6405553 ], [ -79.4014217, 43.6407494 ], [ -79.4017359, 43.6415215 ], [ -79.4018948, 43.6419145 ], [ -79.4021959, 43.6426555 ], [ -79.4023964, 43.6431937 ], [ -79.4027055, 43.6439249 ], [ -79.4029553, 43.6445417 ], [ -79.4032326, 43.6451904 ], [ -79.40337, 43.645516 ] ] ] } },
{ "type": "Feature", "properties": { "name": "Harbourfront-CityPlace", "overture_id": "b214938e-1cb5-4b18-aa6f-84b5c402bdd9", "division_id": "e76a3e35-2f84-46e2-9352-df93b7f590b7" }, "geometry": { "type": "Polygon", "coordinates": [ [ [ -79.3824718, 43.6452919 ], [ -79.3825323, 43.6452892 ], [ -79.3827525, 43.6452456 ], [ -79.3834332, 43.6451086 ], [ -79.3834812, 43.6450926 ], [ -79.3921253, 43.6432249 ], [ -79.3942627, 43.6426526 ], [ -79.3969837, 43.6419262 ], [ -79.4014217, 43.6407494 ], [ -79.401349, 43.6405553 ], [ -79.4012732, 43.6403704 ], [ -79.3996501, 43.6364843 ], [ -79.3996049, 43.6364309 ], [ -79.3994426, 43.6363018 ], [ -79.3986963, 43.6359242 ], [ -79.3984059, 43.6357151 ], [ -79.3981209, 43.6353967 ], [ -79.3973344, 43.6344693 ], [ -79.3968665, 43.6339586 ], [ -79.395424, 43.6347207 ], [ -79.3969361, 43.6364178 ], [ -79.3968194, 43.6364551 ], [ -79.3959733, 43.6365316 ], [ -79.3949851, 43.6353309 ], [ -79.3944477, 43.6354434 ], [ -79.3928679, 43.6362138 ], [ -79.3918826, 43.6363062 ], [ -79.3918624, 43.6363116 ], [ -79.3918534, 43.6363236 ], [ -79.3918496, 43.636344 ], [ -79.3918608, 43.6363752 ], [ -79.3918757, 43.6363917 ], [ -79.3918922, 43.636396 ], [ -79.3929268, 43.6363071 ], [ -79.3944883, 43.6355382 ], [ -79.395254, 43.6364435 ], [ -79.3951373, 43.636617 ], [ -79.3935201, 43.6367617 ], [ -79.3935024, 43.6367553 ], [ -79.393466, 43.6367547 ], [ -79.3934166, 43.6367467 ], [ -79.3933608, 43.636744 ], [ -79.3932958, 43.6367467 ], [ -79.393251, 43.6367543 ], [ -79.3931855, 43.6367767 ], [ -79.3931315, 43.6367993 ], [ -79.3918395, 43.6369322 ], [ -79.3916293, 43.6363775 ], [ -79.3916229, 43.6363682 ], [ -79.3916144, 43.6363605 ], [ -79.3916037, 43.6363586 ], [ -79.391591, 43.636359 ], [ -79.3915777, 43.6363632 ], [ -79.3915649, 43.6363682 ], [ -79.391559, 43.6363786 ], [ -79.3915574, 43.6363887 ], [ -79.3917671, 43.636894 ], [ -79.3917677, 43.6369406 ], [ -79.3919358, 43.6373923 ], [ -79.391292, 43.637533 ], [ -79.3910453, 43.6369933 ], [ -79.389558, 43.6371244 ], [ -79.3898842, 43.6379309 ], [ -79.3898586, 43.637954 ], [ -79.3896329, 43.638001 ], [ -79.3896191, 43.6380341 ], [ -79.3894999, 43.6380592 ], [ -79.3894573, 43.6380307 ], [ -79.3892038, 43.6380857 ], [ -79.3888426, 43.6371663 ], [ -79.3871182, 43.6373196 ], [ -79.3875435, 43.6383884 ], [ -79.387041, 43.6384989 ], [ -79.3865987, 43.6373756 ], [ -79.3855638, 43.6374691 ], [ -79.3855866, 43.6375807 ], [ -79.3856914, 43.6375795 ], [ -79.3857522, 43.6379604 ], [ -79.3857235, 43.6379742 ], [ -79.3857577, 43.6380656 ], [ -79.3852478, 43.6381661 ], [ -79.3851498, 43.6379344 ], [ -79.3851756, 43.6379145 ], [ -79.3850552, 43.6376342 ], [ -79.3854649, 43.637596 ], [ -79.3854468, 43.6374823 ], [ -79.384386, 43.6375791 ], [ -79.3843956, 43.6376015 ], [ -79.3849236, 43.6388306 ], [ -79.3842198, 43.6389921 ], [ -79.3836656, 43.6376605 ], [ -79.3795522, 43.6380422 ], [ -79.3802611, 43.6396815 ], [ -79.3801766, 43.6397075 ], [ -79.3800883, 43.6395838 ], [ -79.3800488, 43.6395964 ], [ -79.3801998, 43.6399657 ], [ -79.3803178, 43.6401448 ], [ -79.3804378, 43.640335 ], [ -79.3805263, 43.640534 ], [ -79.3807999, 43.6412468 ], [ -79.3822684, 43.6448158 ], [ -79.3824718, 43.6452919 ] ] ] } },
{ "type": "Feature", "properties": { "name": "University", "overture_id": "5760e893-774e-4a6a-9156-7730f6c24eeb", "division_id": "4ffa10b5-298c-4263-b4fe-e46b94a917f7" }, "geometry": { "type": "Polygon", "coordinates": [ [ [ -79.3931689, 43.6662474 ], [ -79.3931508, 43.6663724 ], [ -79.393526, 43.6672655 ], [ -79.3941415, 43.6687203 ], [ -79.3958732, 43.6683324 ], [ -79.3967308, 43.668163 ], [ -79.3973807, 43.6680346 ], [ -79.3983637, 43.6678338 ], [ -79.3998335, 43.6675166 ], [ -79.4015367, 43.6671625 ], [ -79.4027062, 43.6669054 ], [ -79.4038689, 43.666657 ], [ -79.4045173, 43.6665236 ], [ -79.4053542, 43.6663592 ], [ -79.4062735, 43.6661647 ], [ -79.4066732, 43.6660784 ], [ -79.4074725, 43.6659154 ], [ -79.4086801, 43.6656772 ], [ -79.4093185, 43.6655259 ], [ -79.4099917, 43.6653901 ], [ -79.4105932, 43.6652547 ], [ -79.4112128, 43.665116 ], [ -79.4107153, 43.6638301 ], [ -79.4097688, 43.6615152 ], [ -79.4090892, 43.6598067 ], [ -79.4079076, 43.6569572 ], [ -79.4077041, 43.6564664 ], [ -79.4076861, 43.6564701 ], [ -79.4075968, 43.6564885 ], [ -79.4075944, 43.656489 ], [ -79.4075866, 43.6564906 ], [ -79.4075039, 43.656507 ], [ -79.4067477, 43.6566569 ], [ -79.4064783, 43.6567112 ], [ -79.4058249, 43.6568364 ], [ -79.4052727, 43.6569434 ], [ -79.405162, 43.656965 ], [ -79.4050736, 43.656983 ], [ -79.405017, 43.6569939 ], [ -79.4049462, 43.657008 ], [ -79.4044926, 43.6570974 ], [ -79.4040308, 43.6571876 ], [ -79.403765, 43.6572392 ], [ -79.4032421, 43.6573407 ], [ -79.4031624, 43.6573562 ], [ -79.4030803, 43.6573723 ], [ -79.402924, 43.6574028 ], [ -79.4027712, 43.6574338 ], [ -79.4023227, 43.6575258 ], [ -79.4018902, 43.6576151 ], [ -79.4017999, 43.6576348 ], [ -79.4013263, 43.6577344 ], [ -79.4011841, 43.6577639 ], [ -79.4010283, 43.6577976 ], [ -79.4007912, 43.6578465 ], [ -79.4004105, 43.6579217 ], [ -79.4003124, 43.6579406 ], [ -79.4002897, 43.6579455 ], [ -79.4002666, 43.6579503 ], [ -79.4002335, 43.6579535 ], [ -79.4001983, 43.6579542 ], [ -79.4001629, 43.6579538 ], [ -79.4001546, 43.6579539 ], [ -79.4000474, 43.6579487 ], [ -79.3998362, 43.6579695 ], [ -79.3997544, 43.6579686 ], [ -79.399629, 43.6579851 ], [ -79.3981974, 43.6582611 ], [ -79.3962112, 43.6586405 ], [ -79.3952932, 43.6588272 ], [ -79.3934834, 43.6592008 ], [ -79.3904944, 43.6598591 ], [ -79.3906731, 43.6602573 ], [ -79.3907442, 43.6603418 ], [ -79.3908468, 43.6604364 ], [ -79.3909293, 43.660495 ], [ -79.3910178, 43.6605455 ], [ -79.3911412, 43.6605993 ], [ -79.3911961, 43.6606144 ], [ -79.3913497, 43.6606707 ], [ -79.3914979, 43.6607425 ], [ -79.3916441, 43.6608147 ], [ -79.39174, 43.6608691 ], [ -79.391923, 43.661003 ], [ -79.3920484, 43.6611218 ], [ -79.3921349, 43.6612145 ], [ -79.3922154, 43.6613285 ], [ -79.3922985, 43.6614837 ], [ -79.3924055, 43.6617226 ], [ -79.392494, 43.6618965 ], [ -79.3929483, 43.6624738 ], [ -79.3931062, 43.6627658 ], [ -79.3932098, 43.6630695 ], [ -79.3935883, 43.6640794 ], [ -79.3938582, 43.6648056 ], [ -79.3938831, 43.6649001 ], [ -79.3938965, 43.6649904 ], [ -79.3938958, 43.6650835 ], [ -79.3938817, 43.66518 ], [ -79.3938569, 43.6652673 ], [ -79.3938187, 43.6653605 ], [ -79.3937597, 43.6654614 ], [ -79.3937027, 43.6655443 ], [ -79.3936343, 43.6656185 ], [ -79.3935733, 43.6656695 ], [ -79.3935102, 43.6657192 ], [ -79.3934391, 43.6657643 ], [ -79.3933922, 43.6657917 ], [ -79.3933533, 43.6658281 ], [ -79.393246, 43.6659459 ], [ -79.3932112, 43.6660061 ], [ -79.3931917, 43.6660594 ], [ -79.3931692, 43.6661608 ], [ -79.3931689, 43.6662474 ] ] ] } },
{ "type": "Feature", "properties": { "name": "Yonge-St.Clair", "overture_id": "c1059893-24d2-4dc4-b77c-b1ec5e176e51", "division_id": "25141475-c758-4a0f-a76d-a9966a0ff9bd" }, "geometry": { "type": "Polygon", "coordinates": [ [ [ -79.3979613, 43.6780715 ], [ -79.3959403, 43.6789685 ], [ -79.3912089, 43.6811178 ], [ -79.3928397, 43.6850359 ], [ -79.393186, 43.6858817 ], [ -79.3948225, 43.689735 ], [ -79.3948916, 43.6899997 ], [ -79.3949365, 43.690198 ], [ -79.3950639, 43.6907847 ], [ -79.3951705, 43.6912638 ], [ -79.3952811, 43.6918067 ], [ -79.3961083, 43.6956667 ], [ -79.3969166, 43.6956089 ], [ -79.3972023, 43.6956545 ], [ -79.3980405, 43.6958465 ], [ -79.3989615, 43.6960966 ], [ -79.400089, 43.6963907 ], [ -79.4012655, 43.6967301 ], [ -79.4022777, 43.6969977 ], [ -79.4025821, 43.6970738 ], [ -79.4027692, 43.6971259 ], [ -79.402963, 43.6971492 ], [ -79.4031239, 43.6972619 ], [ -79.4032031, 43.6972697 ], [ -79.4046048, 43.6976866 ], [ -79.4055624, 43.6979901 ], [ -79.4058833, 43.6981804 ], [ -79.4054124, 43.6969517 ], [ -79.4052814, 43.6965541 ], [ -79.4046756, 43.6950203 ], [ -79.4035075, 43.6952589 ], [ -79.4030944, 43.695349 ], [ -79.4024034, 43.6954945 ], [ -79.4023736, 43.6951129 ], [ -79.4023233, 43.6948923 ], [ -79.4021925, 43.6945767 ], [ -79.4018961, 43.6937283 ], [ -79.4015897, 43.6929229 ], [ -79.4012859, 43.6920987 ], [ -79.4011297, 43.6917569 ], [ -79.4010479, 43.6916497 ], [ -79.4008689, 43.6911969 ], [ -79.4014764, 43.6910592 ], [ -79.4015877, 43.6910761 ], [ -79.4018586, 43.6909884 ], [ -79.403016, 43.6907828 ], [ -79.4030621, 43.6907398 ], [ -79.4030849, 43.690687 ], [ -79.4030845, 43.6906325 ], [ -79.4014955, 43.6866407 ], [ -79.398939, 43.6804602 ], [ -79.3979613, 43.6780715 ] ] ] } },
{ "type": "Feature", "properties": { "name": "Kensington-Chinatown", "overture_id": "83cd5e30-932c-4e45-845d-d517e4dfcb3a", "division_id": "9519db8f-b3fe-4426-b1e0-1aee0a99a8b9" }, "geometry": { "type": "Polygon", "coordinates": [ [ [ -79.3897551, 43.6501961 ], [ -79.3894755, 43.6502325 ], [ -79.3875162, 43.6506728 ], [ -79.3867757, 43.6508031 ], [ -79.3866205, 43.6508369 ], [ -79.3869961, 43.6517557 ], [ -79.3872446, 43.6523144 ], [ -79.3875815, 43.6531081 ], [ -79.3879393, 43.6539661 ], [ -79.3883212, 43.6548054 ], [ -79.3883268, 43.6548189 ], [ -79.3889713, 43.6563589 ], [ -79.3893287, 43.6571327 ], [ -79.3896478, 43.6579205 ], [ -79.3899838, 43.6587011 ], [ -79.3904944, 43.6598591 ], [ -79.3934834, 43.6592008 ], [ -79.3952932, 43.6588272 ], [ -79.3962112, 43.6586405 ], [ -79.3981974, 43.6582611 ], [ -79.399629, 43.6579851 ], [ -79.3997544, 43.6579686 ], [ -79.3998362, 43.6579695 ], [ -79.4000474, 43.6579487 ], [ -79.4001546, 43.6579539 ], [ -79.4001536, 43.6579512 ], [ -79.4001492, 43.6579409 ], [ -79.400137, 43.6579033 ], [ -79.4001332, 43.6578931 ], [ -79.4001103, 43.657831 ], [ -79.4001015, 43.6578098 ], [ -79.3996555, 43.6567148 ], [ -79.3993518, 43.6559531 ], [ -79.3993055, 43.6558365 ], [ -79.3992671, 43.6557415 ], [ -79.3990122, 43.6551124 ], [ -79.3987369, 43.6544449 ], [ -79.3987144, 43.654381 ], [ -79.3986873, 43.654317 ], [ -79.3985077, 43.6538905 ], [ -79.3983662, 43.6535064 ], [ -79.3983051, 43.6533407 ], [ -79.3981732, 43.6530258 ], [ -79.3981519, 43.6529658 ], [ -79.3981382, 43.6529274 ], [ -79.3981331, 43.6529133 ], [ -79.3981501, 43.6529094 ], [ -79.3982427, 43.6528871 ], [ -79.3987078, 43.652785 ], [ -79.3989482, 43.6527322 ], [ -79.3991923, 43.6526812 ], [ -79.3998273, 43.6525461 ], [ -79.4000227, 43.6525055 ], [ -79.4006909, 43.6523668 ], [ -79.4011146, 43.6522788 ], [ -79.4014879, 43.6522013 ], [ -79.4016495, 43.6521677 ], [ -79.4021745, 43.6520587 ], [ -79.402246, 43.6520439 ], [ -79.4023313, 43.6520262 ], [ -79.4028153, 43.6519257 ], [ -79.4035794, 43.6517685 ], [ -79.4036617, 43.651754 ], [ -79.4037161, 43.6517468 ], [ -79.4037623, 43.6517445 ], [ -79.403799, 43.651745 ], [ -79.403824, 43.6517463 ], [ -79.4038739, 43.6517513 ], [ -79.4039137, 43.6517578 ], [ -79.4039487, 43.6517668 ], [ -79.4039839, 43.6517753 ], [ -79.4040467, 43.6517983 ], [ -79.4043745, 43.6519442 ], [ -79.4047277, 43.6521044 ], [ -79.4048184, 43.6521449 ], [ -79.4049852, 43.6522193 ], [ -79.4052472, 43.6523366 ], [ -79.4053066, 43.6523616 ], [ -79.4053681, 43.6523809 ], [ -79.4054068, 43.6523903 ], [ -79.4054551, 43.6523959 ], [ -79.4054997, 43.6523968 ], [ -79.4055397, 43.6523966 ], [ -79.4055879, 43.6523896 ], [ -79.4058549, 43.6523366 ], [ -79.4058892, 43.6523298 ], [ -79.4058993, 43.6523277 ], [ -79.4059943, 43.6523075 ], [ -79.406012, 43.652304 ], [ -79.4050102, 43.6497543 ], [ -79.4043269, 43.648026 ], [ -79.4040101, 43.6471883 ], [ -79.4020019, 43.6476132 ], [ -79.4014137, 43.6477096 ], [ -79.4005973, 43.647888 ], [ -79.3996763, 43.6480675 ], [ -79.3984187, 43.6483259 ], [ -79.3974152, 43.6485384 ], [ -79.3963817, 43.6487657 ], [ -79.3934482, 43.6494067 ], [ -79.3902554, 43.6500816 ], [ -79.3897551, 43.6501961 ] ] ] } },
{ "type": "Feature", "properties": { "name": "Wellington Place", "overture_id": "18f62e9a-2a6f-4aaa-8760-fb24872bfb5a", "division_id": "42dbc2da-431c-45b8-8ffd-720e7df1e690" }, "geometry": { "type": "Polygon", "coordinates": [ [ [ -79.3942627, 43.6426526 ], [ -79.3921253, 43.6432249 ], [ -79.3834812, 43.6450926 ], [ -79.3834332, 43.6451086 ], [ -79.3834758, 43.6451936 ], [ -79.3835013, 43.6452104 ], [ -79.3835242, 43.6452268 ], [ -79.3835984, 43.6453569 ], [ -79.3836986, 43.6455357 ], [ -79.3837496, 43.6456242 ], [ -79.3837704, 43.6456822 ], [ -79.3837811, 43.6457157 ], [ -79.3837881, 43.6457561 ], [ -79.3837888, 43.6458065 ], [ -79.3837797, 43.6458695 ], [ -79.3840449, 43.6463158 ], [ -79.3840855, 43.646388 ], [ -79.3841299, 43.6464741 ], [ -79.384168, 43.6465404 ], [ -79.3847715, 43.6475902 ], [ -79.3848071, 43.6476519 ], [ -79.3848141, 43.6476639 ], [ -79.3848222, 43.6476778 ], [ -79.3848572, 43.6477381 ], [ -79.3851746, 43.6482719 ], [ -79.3853235, 43.6485398 ], [ -79.3854624, 43.6487881 ], [ -79.3854762, 43.6488135 ], [ -79.3855055, 43.6488595 ], [ -79.385519, 43.6488807 ], [ -79.3856143, 43.6489431 ], [ -79.385868, 43.6492716 ], [ -79.3860536, 43.6494998 ], [ -79.3861664, 43.6496481 ], [ -79.3864023, 43.6499722 ], [ -79.386424, 43.6500109 ], [ -79.3864436, 43.6500485 ], [ -79.3864715, 43.650105 ], [ -79.3864907, 43.6501441 ], [ -79.3865053, 43.6501738 ], [ -79.3867387, 43.6507171 ], [ -79.3867697, 43.6507891 ], [ -79.3867757, 43.6508031 ], [ -79.3875162, 43.6506728 ], [ -79.3894755, 43.6502325 ], [ -79.3897551, 43.6501961 ], [ -79.3902554, 43.6500816 ], [ -79.3934482, 43.6494067 ], [ -79.3963817, 43.6487657 ], [ -79.3974152, 43.6485384 ], [ -79.3984187, 43.6483259 ], [ -79.3996763, 43.6480675 ], [ -79.4005973, 43.647888 ], [ -79.4014137, 43.6477096 ], [ -79.4020019, 43.6476132 ], [ -79.4040101, 43.6471883 ], [ -79.4038894, 43.6468225 ], [ -79.4037606, 43.6464714 ], [ -79.40337, 43.645516 ], [ -79.4032326, 43.6451904 ], [ -79.4029553, 43.6445417 ], [ -79.4027055, 43.6439249 ], [ -79.4023964, 43.6431937 ], [ -79.4021959, 43.6426555 ], [ -79.4018948, 43.6419145 ], [ -79.4017359, 43.6415215 ], [ -79.4014217, 43.6407494 ], [ -79.3969837, 43.6419262 ], [ -79.3942627, 43.6426526 ] ] ] } },
{ "type": "Feature", "properties": { "name": "Bay-Cloverhill", "overture_id": "6d47c1b5-d7de-450b-91a8-395716574180", "division_id": "1adf67d9-8b13-41c1-bc19-8cb3eaad513d" }, "geometry": { "type": "Polygon", "coordinates": [ [ [ -79.3906731, 43.6602573 ], [ -79.3904944, 43.6598591 ], [ -79.3858767, 43.66084 ], [ -79.3831086, 43.6613367 ], [ -79.3837892, 43.6630205 ], [ -79.3845939, 43.6649365 ], [ -79.3850398, 43.6660371 ], [ -79.3852584, 43.6665474 ], [ -79.3853399, 43.6666956 ], [ -79.386139, 43.6686946 ], [ -79.3864248, 43.6693684 ], [ -79.3867881, 43.6702267 ], [ -79.3941415, 43.6687203 ], [ -79.393526, 43.6672655 ], [ -79.3931508, 43.6663724 ], [ -79.3931689, 43.6662474 ], [ -79.3931692, 43.6661608 ], [ -79.3931917, 43.6660594 ], [ -79.3932112, 43.6660061 ], [ -79.393246, 43.6659459 ], [ -79.3933533, 43.6658281 ], [ -79.3933922, 43.6657917 ], [ -79.3934391, 43.6657643 ], [ -79.3935102, 43.6657192 ], [ -79.3935733, 43.6656695 ], [ -79.3936343, 43.6656185 ], [ -79.3937027, 43.6655443 ], [ -79.3937597, 43.6654614 ], [ -79.3938187, 43.6653605 ], [ -79.3938569, 43.6652673 ], [ -79.3938817, 43.66518 ], [ -79.3938958, 43.6650835 ], [ -79.3938965, 43.6649904 ], [ -79.3938831, 43.6649001 ], [ -79.3938582, 43.6648056 ], [ -79.3935883, 43.6640794 ], [ -79.3932098, 43.6630695 ], [ -79.3931062, 43.6627658 ], [ -79.3929483, 43.6624738 ], [ -79.392494, 43.6618965 ], [ -79.3924055, 43.6617226 ], [ -79.3922985, 43.6614837 ], [ -79.3922154, 43.6613285 ], [ -79.3921349, 43.6612145 ], [ -79.3920484, 43.6611218 ], [ -79.391923, 43.661003 ], [ -79.39174, 43.6608691 ], [ -79.3916441, 43.6608147 ], [ -79.3914979, 43.6607425 ], [ -79.3913497, 43.6606707 ], [ -79.3911961, 43.6606144 ], [ -79.3911412, 43.6605993 ], [ -79.3910178, 43.6605455 ], [ -79.3909293, 43.660495 ], [ -79.3908468, 43.6604364 ], [ -79.3907442, 43.6603418 ], [ -79.3906731, 43.6602573 ] ] ] } },
{ "type": "Feature", "properties": { "name": "South Eglinton-Davisville", "overture_id": "cfba7082-372b-4d36-a93d-ce4b959feb88", "division_id": "7b988bec-868a-4e68-89a7-03ba9ed6b064" }, "geometry": { "type": "Polygon", "coordinates": [ [ [ -79.3870112, 43.6974687 ], [ -79.3864577, 43.6975193 ], [ -79.3863883, 43.6975084 ], [ -79.3862086, 43.6975037 ], [ -79.3864719, 43.6981692 ], [ -79.3870175, 43.7004999 ], [ -79.3889277, 43.7051728 ], [ -79.3901706, 43.7084068 ], [ -79.3915026, 43.7081335 ], [ -79.3927963, 43.7078785 ], [ -79.3928928, 43.7078601 ], [ -79.3941236, 43.7076041 ], [ -79.3953394, 43.7073588 ], [ -79.3954076, 43.7073445 ], [ -79.3955527, 43.7073151 ], [ -79.3964676, 43.7071302 ], [ -79.396797, 43.7070644 ], [ -79.397457, 43.7069304 ], [ -79.3974967, 43.7069223 ], [ -79.3976893, 43.706882 ], [ -79.3981517, 43.706784 ], [ -79.3983272, 43.7067482 ], [ -79.3983076, 43.706647 ], [ -79.3980926, 43.7056254 ], [ -79.3980768, 43.7055499 ], [ -79.3980574, 43.705452 ], [ -79.3979326, 43.7048571 ], [ -79.397846, 43.7044171 ], [ -79.3978322, 43.704348 ], [ -79.3978178, 43.7042539 ], [ -79.3977977, 43.7041446 ], [ -79.3977272, 43.7037856 ], [ -79.3976504, 43.7034168 ], [ -79.3976242, 43.7032828 ], [ -79.3974868, 43.702592 ], [ -79.3974721, 43.7025222 ], [ -79.3974567, 43.7024493 ], [ -79.3973128, 43.7017825 ], [ -79.3971831, 43.701141 ], [ -79.3971285, 43.7008694 ], [ -79.3970223, 43.7003821 ], [ -79.3970035, 43.7002965 ], [ -79.3969909, 43.7002316 ], [ -79.3969053, 43.6997986 ], [ -79.3968036, 43.6993258 ], [ -79.3966434, 43.6983011 ], [ -79.3964714, 43.6973732 ], [ -79.3962052, 43.6961262 ], [ -79.3961083, 43.6956667 ], [ -79.3957941, 43.6956934 ], [ -79.3957165, 43.6956999 ], [ -79.3955692, 43.6957224 ], [ -79.3954619, 43.6957422 ], [ -79.3952833, 43.6957801 ], [ -79.3951291, 43.6958148 ], [ -79.395021, 43.6958407 ], [ -79.3927555, 43.6962823 ], [ -79.3895292, 43.6969911 ], [ -79.3876466, 43.6973979 ], [ -79.3870112, 43.6974687 ] ] ] } },
{ "type": "Feature", "properties": { "name": "North Toronto", "overture_id": "ee250185-72dc-47b3-9d9a-87bc10460e7f", "division_id": "bac51b59-6c88-48fe-a42b-e449009276ef" }, "geometry": { "type": "Polygon", "coordinates": [ [ [ -79.3986057, 43.7080149 ], [ -79.3985914, 43.7079409 ], [ -79.3983419, 43.7068463 ], [ -79.3983272, 43.7067482 ], [ -79.3981517, 43.706784 ], [ -79.3976893, 43.706882 ], [ -79.3974967, 43.7069223 ], [ -79.397457, 43.7069304 ], [ -79.396797, 43.7070644 ], [ -79.3964676, 43.7071302 ], [ -79.3955527, 43.7073151 ], [ -79.3954076, 43.7073445 ], [ -79.3953394, 43.7073588 ], [ -79.3941236, 43.7076041 ], [ -79.3928928, 43.7078601 ], [ -79.3927963, 43.7078785 ], [ -79.3915026, 43.7081335 ], [ -79.3901706, 43.7084068 ], [ -79.3912136, 43.7111205 ], [ -79.3921993, 43.7137856 ], [ -79.3931203, 43.7136016 ], [ -79.3955152, 43.7131089 ], [ -79.3978695, 43.7126189 ], [ -79.398588, 43.7124723 ], [ -79.3989491, 43.7124079 ], [ -79.3993695, 43.7123307 ], [ -79.399549, 43.7122928 ], [ -79.398957, 43.7095859 ], [ -79.3989374, 43.7095043 ], [ -79.3988541, 43.7091086 ], [ -79.3986496, 43.7082088 ], [ -79.3986185, 43.7080723 ], [ -79.3986057, 43.7080149 ] ] ] } },
{ "type": "Feature", "properties": { "name": "Avondale", "overture_id": "7601424f-042c-48e7-905a-59eef1767427", "division_id": "f7c89401-7e7b-43ad-b021-c107e51a0740" }, "geometry": { "type": "Polygon", "coordinates": [ [ [ -79.4047386, 43.7628934 ], [ -79.4071719, 43.7623331 ], [ -79.4078734, 43.7621842 ], [ -79.4082635, 43.7621014 ], [ -79.4109375, 43.7615088 ], [ -79.4108021, 43.7609632 ], [ -79.4107518, 43.7607247 ], [ -79.4105634, 43.7599666 ], [ -79.410384, 43.7592353 ], [ -79.4102284, 43.7586304 ], [ -79.4101228, 43.7582221 ], [ -79.4099347, 43.75756 ], [ -79.4098797, 43.7573353 ], [ -79.409698, 43.7566558 ], [ -79.4095887, 43.7563318 ], [ -79.4093661, 43.7558392 ], [ -79.4092011, 43.7555253 ], [ -79.4090865, 43.755273 ], [ -79.4089732, 43.7550531 ], [ -79.4088511, 43.7548327 ], [ -79.408778, 43.7547087 ], [ -79.4087271, 43.7546104 ], [ -79.4086728, 43.7544966 ], [ -79.408603, 43.7543411 ], [ -79.40855, 43.7542007 ], [ -79.4085165, 43.7541052 ], [ -79.4084723, 43.7539556 ], [ -79.4084407, 43.7538112 ], [ -79.4083761, 43.7536039 ], [ -79.4082833, 43.7536683 ], [ -79.3988589, 43.7595961 ], [ -79.3973846, 43.7603768 ], [ -79.3959511, 43.7610229 ], [ -79.394483, 43.7615696 ], [ -79.3928425, 43.7620597 ], [ -79.3871501, 43.7633121 ], [ -79.3873224, 43.7639551 ], [ -79.3875893, 43.7648157 ], [ -79.3876999, 43.7652307 ], [ -79.3880542, 43.766585 ], [ -79.3889234, 43.7663715 ], [ -79.3919519, 43.7657169 ], [ -79.3996511, 43.7640048 ], [ -79.4022976, 43.7634331 ], [ -79.4028674, 43.7632985 ], [ -79.4038268, 43.7630894 ], [ -79.4047386, 43.7628934 ] ] ] } },
{ "type": "Feature", "properties": { "name": "Lawrence Park South", "overture_id": "b3266355-a745-40d0-a293-9fd5faff30ff", "division_id": "ecf063df-1faa-4b37-bb36-c08e030934ad" }, "geometry": { "type": "Polygon", "coordinates": [ [ [ -79.3941593, 43.7178892 ], [ -79.3897659, 43.7187809 ], [ -79.3884395, 43.7190504 ], [ -79.3882953, 43.7190817 ], [ -79.3887829, 43.7214187 ], [ -79.3888362, 43.7216793 ], [ -79.3890493, 43.7226909 ], [ -79.3892539, 43.7236881 ], [ -79.3894586, 43.7246791 ], [ -79.3896635, 43.7256823 ], [ -79.389879, 43.7267046 ], [ -79.3900798, 43.7276908 ], [ -79.3919941, 43.727258 ], [ -79.3939696, 43.7268578 ], [ -79.3960955, 43.7263957 ], [ -79.3964003, 43.7263429 ], [ -79.3972465, 43.7261488 ], [ -79.3975677, 43.7260907 ], [ -79.3988572, 43.7258336 ], [ -79.3993061, 43.7257268 ], [ -79.402186, 43.7251047 ], [ -79.4035712, 43.7248424 ], [ -79.4045541, 43.7246098 ], [ -79.4071198, 43.7240637 ], [ -79.4087951, 43.7237317 ], [ -79.4100286, 43.7234618 ], [ -79.4113442, 43.7231887 ], [ -79.4121083, 43.7230315 ], [ -79.4132035, 43.7227983 ], [ -79.4142077, 43.7225747 ], [ -79.4141067, 43.7220295 ], [ -79.4139892, 43.7213953 ], [ -79.4135028, 43.7187704 ], [ -79.4146758, 43.7185355 ], [ -79.4151818, 43.7184367 ], [ -79.4167596, 43.7181224 ], [ -79.4172653, 43.7180217 ], [ -79.4184651, 43.7177857 ], [ -79.4203404, 43.7174113 ], [ -79.4204854, 43.717386 ], [ -79.4222211, 43.7170392 ], [ -79.4219662, 43.7163845 ], [ -79.4215491, 43.7153082 ], [ -79.4211202, 43.7142036 ], [ -79.4210499, 43.71405 ], [ -79.4206173, 43.7131051 ], [ -79.4202486, 43.712217 ], [ -79.4198963, 43.71135 ], [ -79.4195392, 43.7104676 ], [ -79.4193325, 43.7099632 ], [ -79.4177037, 43.7105066 ], [ -79.4173678, 43.7099463 ], [ -79.4170285, 43.709099 ], [ -79.4166731, 43.7081965 ], [ -79.4164921, 43.7077506 ], [ -79.416417, 43.7076013 ], [ -79.4163472, 43.707498 ], [ -79.4162748, 43.7074045 ], [ -79.4162238, 43.7073594 ], [ -79.4171003, 43.7071572 ], [ -79.4169521, 43.7068465 ], [ -79.4168931, 43.7066691 ], [ -79.4159612, 43.7030245 ], [ -79.4143429, 43.7033653 ], [ -79.4109548, 43.7040789 ], [ -79.4085126, 43.7045932 ], [ -79.4086379, 43.7048896 ], [ -79.4087183, 43.7050467 ], [ -79.4088136, 43.7051921 ], [ -79.4089108, 43.705277 ], [ -79.4089745, 43.7053249 ], [ -79.4090342, 43.7053637 ], [ -79.4091596, 43.7054224 ], [ -79.4093011, 43.7054815 ], [ -79.4094325, 43.7055489 ], [ -79.4095364, 43.705625 ], [ -79.4096223, 43.7057379 ], [ -79.4096967, 43.7058296 ], [ -79.4097383, 43.7059318 ], [ -79.4097557, 43.7060084 ], [ -79.409745, 43.706086 ], [ -79.4099669, 43.7069052 ], [ -79.4101614, 43.7077147 ], [ -79.4102137, 43.7079532 ], [ -79.4102713, 43.7081781 ], [ -79.4103572, 43.7083768 ], [ -79.4104363, 43.7085746 ], [ -79.4107823, 43.7094558 ], [ -79.4111323, 43.7103302 ], [ -79.4114918, 43.7111872 ], [ -79.409287, 43.7116428 ], [ -79.4075824, 43.712015 ], [ -79.4059396, 43.7123785 ], [ -79.405721, 43.7124183 ], [ -79.4037522, 43.7128409 ], [ -79.4016615, 43.7132907 ], [ -79.3998308, 43.7136534 ], [ -79.4000985, 43.7149458 ], [ -79.4004718, 43.7166085 ], [ -79.3991231, 43.7168658 ], [ -79.3976911, 43.7171583 ], [ -79.3941593, 43.7178892 ] ] ] } },
{ "type": "Feature", "properties": { "name": "Lawrence Park North", "overture_id": "f3d57437-4a27-44c5-828e-572df3e25463", "division_id": "605a29e6-e300-4da3-a86b-f450877c091c" }, "geometry": { "type": "Polygon", "coordinates": [ [ [ -79.399992, 43.7352683 ], [ -79.4020398, 43.7348217 ], [ -79.4034252, 43.7345195 ], [ -79.4045552, 43.7342711 ], [ -79.4049358, 43.7360196 ], [ -79.4050353, 43.7359886 ], [ -79.408241, 43.7352779 ], [ -79.4088427, 43.7351437 ], [ -79.4101307, 43.7348609 ], [ -79.4112365, 43.7346174 ], [ -79.4124392, 43.7343516 ], [ -79.4163281, 43.7334912 ], [ -79.4163548, 43.7334853 ], [ -79.4169837, 43.7333463 ], [ -79.4169112, 43.7329548 ], [ -79.4169033, 43.7329116 ], [ -79.4167731, 43.7321991 ], [ -79.4166233, 43.7313869 ], [ -79.4165175, 43.7308098 ], [ -79.4164369, 43.7303699 ], [ -79.4164337, 43.7303524 ], [ -79.4162443, 43.7293183 ], [ -79.4161578, 43.7288478 ], [ -79.4160168, 43.728304 ], [ -79.4158785, 43.7277464 ], [ -79.4157373, 43.7273885 ], [ -79.415433, 43.726637 ], [ -79.4150969, 43.7258207 ], [ -79.4147446, 43.7249342 ], [ -79.414567, 43.7244992 ], [ -79.4144996, 43.7241217 ], [ -79.4143537, 43.7233441 ], [ -79.4142077, 43.7225747 ], [ -79.4132035, 43.7227983 ], [ -79.4121083, 43.7230315 ], [ -79.4113442, 43.7231887 ], [ -79.4100286, 43.7234618 ], [ -79.4087951, 43.7237317 ], [ -79.4071198, 43.7240637 ], [ -79.4045541, 43.7246098 ], [ -79.4035712, 43.7248424 ], [ -79.402186, 43.7251047 ], [ -79.3993061, 43.7257268 ], [ -79.3988572, 43.7258336 ], [ -79.3975677, 43.7260907 ], [ -79.3972465, 43.7261488 ], [ -79.3964003, 43.7263429 ], [ -79.3960955, 43.7263957 ], [ -79.3939696, 43.7268578 ], [ -79.3919941, 43.727258 ], [ -79.3900798, 43.7276908 ], [ -79.3901671, 43.7281124 ], [ -79.3902237, 43.7283315 ], [ -79.3903007, 43.7284506 ], [ -79.3902843, 43.7285706 ], [ -79.3904328, 43.7291644 ], [ -79.3906511, 43.7299997 ], [ -79.3907649, 43.7304499 ], [ -79.39127, 43.732448 ], [ -79.3954574, 43.7341633 ], [ -79.3985102, 43.7346928 ], [ -79.399939, 43.7347292 ], [ -79.399992, 43.7352683 ] ] ] } },
{ "type": "Feature", "properties": { "name": "Yonge-Eglinton", "overture_id": "ef2d3e9c-c2c9-42a4-984d-3ace1577dfc6", "division_id": "3eca3925-a339-4f38-9d79-76fd7a702496" }, "geometry": { "type": "Polygon", "coordinates": [ [ [ -79.3980768, 43.7055499 ], [ -79.3980926, 43.7056254 ], [ -79.3983076, 43.706647 ], [ -79.3983272, 43.7067482 ], [ -79.3983419, 43.7068463 ], [ -79.3985914, 43.7079409 ], [ -79.3986057, 43.7080149 ], [ -79.3986185, 43.7080723 ], [ -79.3986496, 43.7082088 ], [ -79.3988541, 43.7091086 ], [ -79.3989374, 43.7095043 ], [ -79.398957, 43.7095859 ], [ -79.399549, 43.7122928 ], [ -79.3998308, 43.7136534 ], [ -79.4016615, 43.7132907 ], [ -79.4037522, 43.7128409 ], [ -79.405721, 43.7124183 ], [ -79.4059396, 43.7123785 ], [ -79.4075824, 43.712015 ], [ -79.409287, 43.7116428 ], [ -79.4114918, 43.7111872 ], [ -79.4111323, 43.7103302 ], [ -79.4107823, 43.7094558 ], [ -79.4104363, 43.7085746 ], [ -79.4103572, 43.7083768 ], [ -79.4102713, 43.7081781 ], [ -79.4102137, 43.7079532 ], [ -79.4101614, 43.7077147 ], [ -79.4099669, 43.7069052 ], [ -79.409745, 43.706086 ], [ -79.4097557, 43.7060084 ], [ -79.4097383, 43.7059318 ], [ -79.4096967, 43.7058296 ], [ -79.4096223, 43.7057379 ], [ -79.4095364, 43.705625 ], [ -79.4094325, 43.7055489 ], [ -79.4093011, 43.7054815 ], [ -79.4091596, 43.7054224 ], [ -79.4090342, 43.7053637 ], [ -79.4089745, 43.7053249 ], [ -79.4089108, 43.705277 ], [ -79.4088136, 43.7051921 ], [ -79.4087183, 43.7050467 ], [ -79.4086379, 43.7048896 ], [ -79.4085126, 43.7045932 ], [ -79.4109548, 43.7040789 ], [ -79.4093983, 43.700162 ], [ -79.4093731, 43.7000769 ], [ -79.4093611, 43.7000245 ], [ -79.4093705, 43.6999714 ], [ -79.4094281, 43.6999099 ], [ -79.4091378, 43.6992582 ], [ -79.4077776, 43.6987876 ], [ -79.4066705, 43.6983985 ], [ -79.4061082, 43.698191 ], [ -79.4058833, 43.6981804 ], [ -79.4055624, 43.6979901 ], [ -79.4046048, 43.6976866 ], [ -79.4032031, 43.6972697 ], [ -79.4031239, 43.6972619 ], [ -79.402963, 43.6971492 ], [ -79.4027692, 43.6971259 ], [ -79.4025821, 43.6970738 ], [ -79.4022777, 43.6969977 ], [ -79.4012655, 43.6967301 ], [ -79.400089, 43.6963907 ], [ -79.3989615, 43.6960966 ], [ -79.3980405, 43.6958465 ], [ -79.3972023, 43.6956545 ], [ -79.3969166, 43.6956089 ], [ -79.3961083, 43.6956667 ], [ -79.3962052, 43.6961262 ], [ -79.3964714, 43.6973732 ], [ -79.3966434, 43.6983011 ], [ -79.3968036, 43.6993258 ], [ -79.3969053, 43.6997986 ], [ -79.3969909, 43.7002316 ], [ -79.3970035, 43.7002965 ], [ -79.3970223, 43.7003821 ], [ -79.3971285, 43.7008694 ], [ -79.3971831, 43.701141 ], [ -79.3973128, 43.7017825 ], [ -79.3974567, 43.7024493 ], [ -79.3974721, 43.7025222 ], [ -79.3974868, 43.702592 ], [ -79.3976242, 43.7032828 ], [ -79.3976504, 43.7034168 ], [ -79.3977272, 43.7037856 ], [ -79.3977977, 43.7041446 ], [ -79.3978178, 43.7042539 ], [ -79.3978322, 43.704348 ], [ -79.397846, 43.7044171 ], [ -79.3979326, 43.7048571 ], [ -79.3980574, 43.705452 ], [ -79.3980768, 43.7055499 ] ] ] } },
{ "type": "Feature", "properties": { "name": "Kensington Market", "overture_id": "3707c9ff-6d18-48ca-a455-cda7d8738244", "division_id": "38fa1220-9bbd-47b1-9f7f-22232b6a0292" }, "geometry": { "type": "Polygon", "coordinates": [ [ [ -79.4040308, 43.6571876 ], [ -79.4044926, 43.6570974 ], [ -79.4049462, 43.657008 ], [ -79.405017, 43.6569939 ], [ -79.4050736, 43.656983 ], [ -79.405162, 43.656965 ], [ -79.4052727, 43.6569434 ], [ -79.4058249, 43.6568364 ], [ -79.4064783, 43.6567112 ], [ -79.4067477, 43.6566569 ], [ -79.4075039, 43.656507 ], [ -79.4075866, 43.6564906 ], [ -79.4075944, 43.656489 ], [ -79.4075968, 43.6564885 ], [ -79.4076861, 43.6564701 ], [ -79.4077041, 43.6564664 ], [ -79.4076987, 43.6564528 ], [ -79.4076969, 43.6564484 ], [ -79.4076731, 43.6563886 ], [ -79.407661, 43.6563581 ], [ -79.4075945, 43.6561925 ], [ -79.4075312, 43.6560348 ], [ -79.4074486, 43.6558345 ], [ -79.4068646, 43.6543923 ], [ -79.4068516, 43.65436 ], [ -79.4068241, 43.6542934 ], [ -79.4067899, 43.6542109 ], [ -79.4067817, 43.6541907 ], [ -79.4067681, 43.6541573 ], [ -79.4067341, 43.6540737 ], [ -79.4063118, 43.6530354 ], [ -79.406276, 43.6529475 ], [ -79.4062666, 43.6529236 ], [ -79.4062387, 43.652857 ], [ -79.406065, 43.6524417 ], [ -79.4060497, 43.6524053 ], [ -79.4060459, 43.6523951 ], [ -79.4060382, 43.6523747 ], [ -79.4060175, 43.6523201 ], [ -79.406012, 43.652304 ], [ -79.4059943, 43.6523075 ], [ -79.4058993, 43.6523277 ], [ -79.4058892, 43.6523298 ], [ -79.4058549, 43.6523366 ], [ -79.4055879, 43.6523896 ], [ -79.4055397, 43.6523966 ], [ -79.4054997, 43.6523968 ], [ -79.4054551, 43.6523959 ], [ -79.4054068, 43.6523903 ], [ -79.4053681, 43.6523809 ], [ -79.4053066, 43.6523616 ], [ -79.4052472, 43.6523366 ], [ -79.4049852, 43.6522193 ], [ -79.4048184, 43.6521449 ], [ -79.4047277, 43.6521044 ], [ -79.4043745, 43.6519442 ], [ -79.4040467, 43.6517983 ], [ -79.4039839, 43.6517753 ], [ -79.4039487, 43.6517668 ], [ -79.4039137, 43.6517578 ], [ -79.4038739, 43.6517513 ], [ -79.403824, 43.6517463 ], [ -79.403799, 43.651745 ], [ -79.4037623, 43.6517445 ], [ -79.4037161, 43.6517468 ], [ -79.4036617, 43.651754 ], [ -79.4035794, 43.6517685 ], [ -79.4028153, 43.6519257 ], [ -79.4023313, 43.6520262 ], [ -79.402246, 43.6520439 ], [ -79.4021745, 43.6520587 ], [ -79.4016495, 43.6521677 ], [ -79.4014879, 43.6522013 ], [ -79.4011146, 43.6522788 ], [ -79.4006909, 43.6523668 ], [ -79.4000227, 43.6525055 ], [ -79.3998273, 43.6525461 ], [ -79.3991923, 43.6526812 ], [ -79.3989482, 43.6527322 ], [ -79.3987078, 43.652785 ], [ -79.3982427, 43.6528871 ], [ -79.3981501, 43.6529094 ], [ -79.3981331, 43.6529133 ], [ -79.3981382, 43.6529274 ], [ -79.3981519, 43.6529658 ], [ -79.3981732, 43.6530258 ], [ -79.3983051, 43.6533407 ], [ -79.3983662, 43.6535064 ], [ -79.3985077, 43.6538905 ], [ -79.3986873, 43.654317 ], [ -79.3987144, 43.654381 ], [ -79.3987369, 43.6544449 ], [ -79.3990122, 43.6551124 ], [ -79.3992671, 43.6557415 ], [ -79.3993055, 43.6558365 ], [ -79.3993518, 43.6559531 ], [ -79.3996555, 43.6567148 ], [ -79.4001015, 43.6578098 ], [ -79.4001103, 43.657831 ], [ -79.4001332, 43.6578931 ], [ -79.400137, 43.6579033 ], [ -79.4001492, 43.6579409 ], [ -79.4001536, 43.6579512 ], [ -79.4001546, 43.6579539 ], [ -79.4001629, 43.6579538 ], [ -79.4001983, 43.6579542 ], [ -79.4002335, 43.6579535 ], [ -79.4002666, 43.6579503 ], [ -79.4002897, 43.6579455 ], [ -79.4003124, 43.6579406 ], [ -79.4004105, 43.6579217 ], [ -79.4007912, 43.6578465 ], [ -79.4010283, 43.6577976 ], [ -79.4011841, 43.6577639 ], [ -79.4013263, 43.6577344 ], [ -79.4017999, 43.6576348 ], [ -79.4018902, 43.6576151 ], [ -79.4023227, 43.6575258 ], [ -79.4027712, 43.6574338 ], [ -79.402924, 43.6574028 ], [ -79.4030803, 43.6573723 ], [ -79.4031624, 43.6573562 ], [ -79.4032421, 43.6573407 ], [ -79.403765, 43.6572392 ], [ -79.4040308, 43.6571876 ] ] ] } },
{ "type": "Feature", "properties": { "name": "Annex", "overture_id": "70badaec-d114-405b-92b5-580941012935", "division_id": "b9ec4292-cfec-4e1a-8fef-6de8d7b255cb" }, "geometry": { "type": "Polygon", "coordinates": [ [ [ -79.3979613, 43.6780715 ], [ -79.3997169, 43.6772924 ], [ -79.4018412, 43.6766717 ], [ -79.4147133, 43.6739659 ], [ -79.4155741, 43.673785 ], [ -79.4218976, 43.6725286 ], [ -79.4215443, 43.6716219 ], [ -79.4212282, 43.670776 ], [ -79.4209318, 43.6700126 ], [ -79.4206421, 43.669253 ], [ -79.4202921, 43.6683387 ], [ -79.4202022, 43.6681195 ], [ -79.4196242, 43.6665736 ], [ -79.4194686, 43.666173 ], [ -79.4187907, 43.6644422 ], [ -79.4185761, 43.6639494 ], [ -79.4184172, 43.6635846 ], [ -79.4172183, 43.6638344 ], [ -79.4161145, 43.6640687 ], [ -79.4159925, 43.6640881 ], [ -79.4148593, 43.6643399 ], [ -79.4136509, 43.6646173 ], [ -79.4124379, 43.6648851 ], [ -79.4118441, 43.6649969 ], [ -79.4118136, 43.6650005 ], [ -79.4112128, 43.665116 ], [ -79.4105932, 43.6652547 ], [ -79.4099917, 43.6653901 ], [ -79.4093185, 43.6655259 ], [ -79.4086801, 43.6656772 ], [ -79.4074725, 43.6659154 ], [ -79.4066732, 43.6660784 ], [ -79.4062735, 43.6661647 ], [ -79.4053542, 43.6663592 ], [ -79.4045173, 43.6665236 ], [ -79.4038689, 43.666657 ], [ -79.4027062, 43.6669054 ], [ -79.4015367, 43.6671625 ], [ -79.3998335, 43.6675166 ], [ -79.3983637, 43.6678338 ], [ -79.3973807, 43.6680346 ], [ -79.3967308, 43.668163 ], [ -79.3958732, 43.6683324 ], [ -79.3941415, 43.6687203 ], [ -79.3867881, 43.6702267 ], [ -79.3871547, 43.6711233 ], [ -79.3872204, 43.6712984 ], [ -79.3875021, 43.671925 ], [ -79.3875839, 43.6721646 ], [ -79.3878072, 43.6726976 ], [ -79.3878648, 43.6728737 ], [ -79.3886963, 43.6748816 ], [ -79.3890956, 43.6758695 ], [ -79.3892388, 43.676242 ], [ -79.3895322, 43.6769622 ], [ -79.3895727, 43.677039 ], [ -79.3895942, 43.6770963 ], [ -79.3900425, 43.678209 ], [ -79.3904321, 43.6791462 ], [ -79.3907284, 43.6798996 ], [ -79.3912089, 43.6811178 ], [ -79.3959403, 43.6789685 ], [ -79.3979613, 43.6780715 ] ] ] } },
{ "type": "Feature", "properties": { "name": "Casa Loma", "overture_id": "d6597e5a-862a-44c8-84e7-dc314b1d5fcb", "division_id": "02a7d5cf-2058-41ae-b60b-d65f32a3bb8c" }, "geometry": { "type": "Polygon", "coordinates": [ [ [ -79.4147133, 43.6739659 ], [ -79.4018412, 43.6766717 ], [ -79.3997169, 43.6772924 ], [ -79.3979613, 43.6780715 ], [ -79.398939, 43.6804602 ], [ -79.4014955, 43.6866407 ], [ -79.4030845, 43.6906325 ], [ -79.4030849, 43.690687 ], [ -79.4030621, 43.6907398 ], [ -79.403016, 43.6907828 ], [ -79.4048962, 43.6903968 ], [ -79.4064009, 43.6900807 ], [ -79.4079532, 43.6897845 ], [ -79.4095163, 43.6894373 ], [ -79.4094915, 43.6893423 ], [ -79.4126692, 43.6886697 ], [ -79.4126438, 43.688517 ], [ -79.412631, 43.6884326 ], [ -79.412625, 43.6883395 ], [ -79.4126035, 43.6882057 ], [ -79.4125767, 43.6881024 ], [ -79.4124446, 43.6877698 ], [ -79.4122709, 43.6873431 ], [ -79.4128217, 43.6872291 ], [ -79.4126053, 43.6866944 ], [ -79.4118993, 43.6849504 ], [ -79.4124676, 43.6848374 ], [ -79.413472, 43.6846331 ], [ -79.413412, 43.6844782 ], [ -79.4135233, 43.6844543 ], [ -79.4154298, 43.6840743 ], [ -79.4176661, 43.6836285 ], [ -79.4182988, 43.6835023 ], [ -79.4183119, 43.6832907 ], [ -79.4176977, 43.6816318 ], [ -79.4176672, 43.6815702 ], [ -79.4174791, 43.6810518 ], [ -79.4169829, 43.6798249 ], [ -79.4167603, 43.6792502 ], [ -79.4165792, 43.6787813 ], [ -79.4164398, 43.6783336 ], [ -79.4148499, 43.6743389 ], [ -79.4147133, 43.6739659 ] ] ] } },
{ "type": "Feature", "properties": { "name": "Trinity-Bellwoods", "overture_id": "67966d94-ebc0-486d-8a84-59fb835f7d7e", "division_id": "ec800957-c90d-4d82-b03c-d249f23c1e81" }, "geometry": { "type": "Polygon", "coordinates": [ [ [ -79.4255593, 43.6514549 ], [ -79.4248974, 43.6498038 ], [ -79.4247365, 43.6494758 ], [ -79.4223723, 43.6434812 ], [ -79.4218035, 43.6436173 ], [ -79.4211973, 43.6437274 ], [ -79.4200098, 43.6439812 ], [ -79.4188631, 43.6442044 ], [ -79.4174818, 43.6444795 ], [ -79.4163043, 43.644726 ], [ -79.4150759, 43.644973 ], [ -79.4139788, 43.6452055 ], [ -79.4131963, 43.6453666 ], [ -79.4114891, 43.6457009 ], [ -79.4112591, 43.6457489 ], [ -79.4107897, 43.6458474 ], [ -79.4099468, 43.6459969 ], [ -79.4095767, 43.6460803 ], [ -79.4085829, 43.6462892 ], [ -79.4077112, 43.6464692 ], [ -79.4073229, 43.6465427 ], [ -79.4065759, 43.646683 ], [ -79.405206, 43.6469673 ], [ -79.4040101, 43.6471883 ], [ -79.4043269, 43.648026 ], [ -79.4050102, 43.6497543 ], [ -79.406012, 43.652304 ], [ -79.4060175, 43.6523201 ], [ -79.4060382, 43.6523747 ], [ -79.4060459, 43.6523951 ], [ -79.4060497, 43.6524053 ], [ -79.406065, 43.6524417 ], [ -79.4062387, 43.652857 ], [ -79.4062666, 43.6529236 ], [ -79.406276, 43.6529475 ], [ -79.4063118, 43.6530354 ], [ -79.4067341, 43.6540737 ], [ -79.4067681, 43.6541573 ], [ -79.4067817, 43.6541907 ], [ -79.4067899, 43.6542109 ], [ -79.4068241, 43.6542934 ], [ -79.4068516, 43.65436 ], [ -79.4068646, 43.6543923 ], [ -79.4074486, 43.6558345 ], [ -79.4075312, 43.6560348 ], [ -79.4075945, 43.6561925 ], [ -79.407661, 43.6563581 ], [ -79.4076731, 43.6563886 ], [ -79.4076969, 43.6564484 ], [ -79.4076987, 43.6564528 ], [ -79.4077041, 43.6564664 ], [ -79.4083542, 43.6563538 ], [ -79.4089611, 43.6562313 ], [ -79.4101654, 43.6559703 ], [ -79.4114099, 43.6557151 ], [ -79.4126183, 43.6554619 ], [ -79.4138803, 43.6552144 ], [ -79.4150584, 43.6549709 ], [ -79.4151798, 43.6549505 ], [ -79.4152958, 43.6549369 ], [ -79.4154353, 43.6549282 ], [ -79.415556, 43.6549389 ], [ -79.4167355, 43.6551155 ], [ -79.4170801, 43.6551688 ], [ -79.4179049, 43.655245 ], [ -79.4180967, 43.6552586 ], [ -79.4182529, 43.6552532 ], [ -79.4185902, 43.6552348 ], [ -79.4188732, 43.6551863 ], [ -79.4197141, 43.6550398 ], [ -79.4202733, 43.6549107 ], [ -79.4214897, 43.6546555 ], [ -79.4227086, 43.6543992 ], [ -79.4239593, 43.6541228 ], [ -79.4251844, 43.6538686 ], [ -79.4264062, 43.6536008 ], [ -79.4262779, 43.6532744 ], [ -79.4260655, 43.6527265 ], [ -79.4258805, 43.6522389 ], [ -79.4255593, 43.6514549 ] ] ] } },
{ "type": "Feature", "properties": { "name": "Forest Hill South", "overture_id": "13446e80-30da-41ba-96fd-17a37d947388", "division_id": "6a88ab5b-f040-4aff-be63-b008ef60d884" }, "geometry": { "type": "Polygon", "coordinates": [ [ [ -79.4109548, 43.7040789 ], [ -79.4143429, 43.7033653 ], [ -79.4159612, 43.7030245 ], [ -79.4255443, 43.7009996 ], [ -79.4254972, 43.700871 ], [ -79.4254764, 43.7008272 ], [ -79.4252439, 43.7002252 ], [ -79.4247692, 43.6990314 ], [ -79.4243451, 43.6979544 ], [ -79.4240487, 43.6972796 ], [ -79.4240446, 43.6972694 ], [ -79.4235803, 43.6961167 ], [ -79.4233388, 43.695514 ], [ -79.4232435, 43.6953026 ], [ -79.4227506, 43.6941128 ], [ -79.4223295, 43.6930661 ], [ -79.4219047, 43.6920098 ], [ -79.4218768, 43.691944 ], [ -79.4218755, 43.6919398 ], [ -79.4218469, 43.6918703 ], [ -79.4216907, 43.6915163 ], [ -79.4216029, 43.6913013 ], [ -79.4213942, 43.6907902 ], [ -79.4212679, 43.6904764 ], [ -79.4207337, 43.6891495 ], [ -79.4205959, 43.6888108 ], [ -79.4203477, 43.6881848 ], [ -79.4203054, 43.6880974 ], [ -79.4202934, 43.6880662 ], [ -79.4199672, 43.6872167 ], [ -79.419639, 43.6864321 ], [ -79.4196209, 43.6863797 ], [ -79.4194174, 43.6858949 ], [ -79.4185443, 43.6837668 ], [ -79.4184125, 43.683795 ], [ -79.4182988, 43.6835023 ], [ -79.4176661, 43.6836285 ], [ -79.4154298, 43.6840743 ], [ -79.4135233, 43.6844543 ], [ -79.413412, 43.6844782 ], [ -79.413472, 43.6846331 ], [ -79.4124676, 43.6848374 ], [ -79.4118993, 43.6849504 ], [ -79.4126053, 43.6866944 ], [ -79.4128217, 43.6872291 ], [ -79.4122709, 43.6873431 ], [ -79.4124446, 43.6877698 ], [ -79.4125767, 43.6881024 ], [ -79.4126035, 43.6882057 ], [ -79.412625, 43.6883395 ], [ -79.412631, 43.6884326 ], [ -79.4126438, 43.688517 ], [ -79.4126692, 43.6886697 ], [ -79.4094915, 43.6893423 ], [ -79.4095163, 43.6894373 ], [ -79.4079532, 43.6897845 ], [ -79.4064009, 43.6900807 ], [ -79.4048962, 43.6903968 ], [ -79.403016, 43.6907828 ], [ -79.4018586, 43.6909884 ], [ -79.4015877, 43.6910761 ], [ -79.4014764, 43.6910592 ], [ -79.4008689, 43.6911969 ], [ -79.4010479, 43.6916497 ], [ -79.4011297, 43.6917569 ], [ -79.4012859, 43.6920987 ], [ -79.4015897, 43.6929229 ], [ -79.4018961, 43.6937283 ], [ -79.4021925, 43.6945767 ], [ -79.4023233, 43.6948923 ], [ -79.4023736, 43.6951129 ], [ -79.4024034, 43.6954945 ], [ -79.4030944, 43.695349 ], [ -79.4035075, 43.6952589 ], [ -79.4046756, 43.6950203 ], [ -79.4052814, 43.6965541 ], [ -79.4054124, 43.6969517 ], [ -79.4058833, 43.6981804 ], [ -79.4061082, 43.698191 ], [ -79.4066705, 43.6983985 ], [ -79.4077776, 43.6987876 ], [ -79.4091378, 43.6992582 ], [ -79.4094281, 43.6999099 ], [ -79.4093705, 43.6999714 ], [ -79.4093611, 43.7000245 ], [ -79.4093731, 43.7000769 ], [ -79.4093983, 43.700162 ], [ -79.4109548, 43.7040789 ] ] ] } },
{ "type": "Feature", "properties": { "name": "Bedford Park-Nortown", "overture_id": "ceb5dd5c-013b-4088-a596-dc1d86478920", "division_id": "0adf10f1-3f7c-4b66-bd04-c5d0afbbd583" }, "geometry": { "type": "Polygon", "coordinates": [ [ [ -79.4155312, 43.7487152 ], [ -79.4176341, 43.746235 ], [ -79.4220114, 43.7432897 ], [ -79.4337072, 43.7361583 ], [ -79.4332029, 43.7340905 ], [ -79.4331747, 43.7338919 ], [ -79.4330165, 43.7331835 ], [ -79.4329642, 43.7330537 ], [ -79.4327603, 43.7321612 ], [ -79.432539, 43.7312677 ], [ -79.4323459, 43.7303829 ], [ -79.4321595, 43.7296358 ], [ -79.4318336, 43.728217 ], [ -79.4316231, 43.7274 ], [ -79.4315225, 43.7269426 ], [ -79.43143, 43.7266247 ], [ -79.4312596, 43.7258 ], [ -79.4309056, 43.7242192 ], [ -79.4305328, 43.7225571 ], [ -79.4303101, 43.7216266 ], [ -79.4301707, 43.7209452 ], [ -79.4299816, 43.7200322 ], [ -79.4298166, 43.7192597 ], [ -79.4295913, 43.7184223 ], [ -79.4292279, 43.7168074 ], [ -79.4290059, 43.7159515 ], [ -79.428792, 43.7150656 ], [ -79.4285996, 43.7142038 ], [ -79.4282113, 43.7125966 ], [ -79.4279471, 43.7115361 ], [ -79.427935, 43.7114208 ], [ -79.4277258, 43.7106278 ], [ -79.4274898, 43.7097408 ], [ -79.4272812, 43.7087709 ], [ -79.4271561, 43.7082947 ], [ -79.4270121, 43.708346 ], [ -79.4267219, 43.7084082 ], [ -79.4260147, 43.7085558 ], [ -79.4242528, 43.7089266 ], [ -79.4212912, 43.7095496 ], [ -79.4193325, 43.7099632 ], [ -79.4195392, 43.7104676 ], [ -79.4198963, 43.71135 ], [ -79.4202486, 43.712217 ], [ -79.4206173, 43.7131051 ], [ -79.4210499, 43.71405 ], [ -79.4211202, 43.7142036 ], [ -79.4215491, 43.7153082 ], [ -79.4219662, 43.7163845 ], [ -79.4222211, 43.7170392 ], [ -79.4204854, 43.717386 ], [ -79.4203404, 43.7174113 ], [ -79.4184651, 43.7177857 ], [ -79.4172653, 43.7180217 ], [ -79.4167596, 43.7181224 ], [ -79.4151818, 43.7184367 ], [ -79.4146758, 43.7185355 ], [ -79.4135028, 43.7187704 ], [ -79.4139892, 43.7213953 ], [ -79.4141067, 43.7220295 ], [ -79.4142077, 43.7225747 ], [ -79.4143537, 43.7233441 ], [ -79.4144996, 43.7241217 ], [ -79.414567, 43.7244992 ], [ -79.4147446, 43.7249342 ], [ -79.4150969, 43.7258207 ], [ -79.415433, 43.726637 ], [ -79.4157373, 43.7273885 ], [ -79.4158785, 43.7277464 ], [ -79.4160168, 43.728304 ], [ -79.4161578, 43.7288478 ], [ -79.4162443, 43.7293183 ], [ -79.4164337, 43.7303524 ], [ -79.4164369, 43.7303699 ], [ -79.4165175, 43.7308098 ], [ -79.4166233, 43.7313869 ], [ -79.4167731, 43.7321991 ], [ -79.4169033, 43.7329116 ], [ -79.4169112, 43.7329548 ], [ -79.4169837, 43.7333463 ], [ -79.4163548, 43.7334853 ], [ -79.4163281, 43.7334912 ], [ -79.4124392, 43.7343516 ], [ -79.4112365, 43.7346174 ], [ -79.4101307, 43.7348609 ], [ -79.4088427, 43.7351437 ], [ -79.408241, 43.7352779 ], [ -79.4050353, 43.7359886 ], [ -79.4049358, 43.7360196 ], [ -79.4056156, 43.739072 ], [ -79.405564, 43.7391433 ], [ -79.4064029, 43.7430987 ], [ -79.406475, 43.7431897 ], [ -79.4065016, 43.7432934 ], [ -79.406849, 43.7446453 ], [ -79.4071061, 43.7460538 ], [ -79.4080984, 43.7497863 ], [ -79.4081572, 43.7503973 ], [ -79.4080923, 43.7509232 ], [ -79.4080832, 43.7520316 ], [ -79.4081941, 43.7528909 ], [ -79.4083761, 43.7536039 ], [ -79.4117117, 43.7517997 ], [ -79.4136858, 43.7502032 ], [ -79.4155312, 43.7487152 ] ] ] } },
{ "type": "Feature", "properties": { "name": "Palmerston-Little Italy", "overture_id": "1b640892-146b-4fda-9bc4-522bb796fad7", "division_id": "14178999-0991-4ea2-aa85-c61150f1b576" }, "geometry": { "type": "Polygon", "coordinates": [ [ [ -79.4101654, 43.6559703 ], [ -79.4089611, 43.6562313 ], [ -79.4083542, 43.6563538 ], [ -79.4077041, 43.6564664 ], [ -79.4079076, 43.6569572 ], [ -79.4090892, 43.6598067 ], [ -79.4097688, 43.6615152 ], [ -79.4107153, 43.6638301 ], [ -79.4112128, 43.665116 ], [ -79.4118136, 43.6650005 ], [ -79.4118441, 43.6649969 ], [ -79.4124379, 43.6648851 ], [ -79.4136509, 43.6646173 ], [ -79.4148593, 43.6643399 ], [ -79.4159925, 43.6640881 ], [ -79.4161145, 43.6640687 ], [ -79.4172183, 43.6638344 ], [ -79.4184172, 43.6635846 ], [ -79.4188712, 43.6634726 ], [ -79.4202512, 43.6631708 ], [ -79.4209157, 43.6630253 ], [ -79.4217724, 43.6628414 ], [ -79.4220603, 43.6627782 ], [ -79.4232687, 43.6625101 ], [ -79.4244341, 43.6622501 ], [ -79.4246466, 43.6621987 ], [ -79.4256585, 43.6619853 ], [ -79.4268595, 43.6617364 ], [ -79.4280544, 43.6614803 ], [ -79.4282066, 43.6614357 ], [ -79.4294381, 43.6611512 ], [ -79.4264062, 43.6536008 ], [ -79.4251844, 43.6538686 ], [ -79.4239593, 43.6541228 ], [ -79.4227086, 43.6543992 ], [ -79.4214897, 43.6546555 ], [ -79.4202733, 43.6549107 ], [ -79.4197141, 43.6550398 ], [ -79.4188732, 43.6551863 ], [ -79.4185902, 43.6552348 ], [ -79.4182529, 43.6552532 ], [ -79.4180967, 43.6552586 ], [ -79.4179049, 43.655245 ], [ -79.4170801, 43.6551688 ], [ -79.4167355, 43.6551155 ], [ -79.415556, 43.6549389 ], [ -79.4154353, 43.6549282 ], [ -79.4152958, 43.6549369 ], [ -79.4151798, 43.6549505 ], [ -79.4150584, 43.6549709 ], [ -79.4138803, 43.6552144 ], [ -79.4126183, 43.6554619 ], [ -79.4114099, 43.6557151 ], [ -79.4101654, 43.6559703 ] ] ] } },
{ "type": "Feature", "properties": { "name": "Wychwood Park", "overture_id": "7b985f14-a083-45ed-a7c5-8b615d0a58cd", "division_id": "b75d156d-bfe5-4b19-a460-105ce36bb373" }, "geometry": { "type": "Polygon", "coordinates": [ [ [ -79.4221271, 43.6786335 ], [ -79.4219949, 43.6783014 ], [ -79.42235, 43.6781268 ], [ -79.4216215, 43.6763787 ], [ -79.4196629, 43.6767944 ], [ -79.4195802, 43.6766143 ], [ -79.4190747, 43.6767188 ], [ -79.4185516, 43.6767747 ], [ -79.4185835, 43.6770781 ], [ -79.4182625, 43.677108 ], [ -79.4183272, 43.6774818 ], [ -79.4182853, 43.6775669 ], [ -79.4181587, 43.6776109 ], [ -79.4182967, 43.6779757 ], [ -79.4187942, 43.6792068 ], [ -79.4193409, 43.6791931 ], [ -79.4207877, 43.6788403 ], [ -79.4218492, 43.6786442 ], [ -79.4219449, 43.6786866 ], [ -79.4220467, 43.6787131 ], [ -79.4220623, 43.6786805 ], [ -79.4220839, 43.6786543 ], [ -79.4221271, 43.6786335 ] ] ] } },
{ "type": "Feature", "properties": { "name": "Wychwood", "overture_id": "beb5cc4a-0e6b-42f5-bd0c-d8f9e6277d48", "division_id": "75f0d032-e75e-4fc8-a566-b9f2f2ada41a" }, "geometry": { "type": "Polygon", "coordinates": [ [ [ -79.4264036, 43.6821723 ], [ -79.4279237, 43.6818518 ], [ -79.4284854, 43.6817336 ], [ -79.4290961, 43.6816037 ], [ -79.4309509, 43.6812138 ], [ -79.4320014, 43.6809933 ], [ -79.4324146, 43.6809065 ], [ -79.4324627, 43.6808674 ], [ -79.4325339, 43.6808364 ], [ -79.4327004, 43.6808052 ], [ -79.4328187, 43.6808166 ], [ -79.4338849, 43.6805986 ], [ -79.4339505, 43.6805871 ], [ -79.4339647, 43.680584 ], [ -79.4349183, 43.6803775 ], [ -79.435919, 43.680162 ], [ -79.4356895, 43.6795921 ], [ -79.4359118, 43.6795475 ], [ -79.4352655, 43.6779888 ], [ -79.4345145, 43.676176 ], [ -79.4340988, 43.6751672 ], [ -79.4339257, 43.6747545 ], [ -79.4337819, 43.6744077 ], [ -79.4346506, 43.6742906 ], [ -79.4333383, 43.6711065 ], [ -79.4331771, 43.6707151 ], [ -79.4330098, 43.670273 ], [ -79.4294196, 43.671034 ], [ -79.4218976, 43.6725286 ], [ -79.4155741, 43.673785 ], [ -79.4147133, 43.6739659 ], [ -79.4148499, 43.6743389 ], [ -79.4164398, 43.6783336 ], [ -79.4165792, 43.6787813 ], [ -79.4167603, 43.6792502 ], [ -79.4169829, 43.6798249 ], [ -79.4174791, 43.6810518 ], [ -79.4176672, 43.6815702 ], [ -79.4176977, 43.6816318 ], [ -79.4183119, 43.6832907 ], [ -79.4182988, 43.6835023 ], [ -79.4184125, 43.683795 ], [ -79.4185443, 43.6837668 ], [ -79.4197787, 43.6835054 ], [ -79.4208349, 43.6832838 ], [ -79.4222027, 43.6829954 ], [ -79.4234308, 43.6827404 ], [ -79.4235483, 43.6827149 ], [ -79.4235513, 43.682732 ], [ -79.4238627, 43.6826725 ], [ -79.4246589, 43.6825088 ], [ -79.4245827, 43.6823319 ], [ -79.424712, 43.6823042 ], [ -79.4261965, 43.6819692 ], [ -79.4262909, 43.6821967 ], [ -79.4264036, 43.6821723 ] ] ] } },
{ "type": "Feature", "properties": { "name": "Dovercourt Village", "overture_id": "b0c722d4-d690-4bf7-8cc0-c2e20e93c148", "division_id": "2a537f62-7a6e-4f96-967f-16b9d62fd9d1" }, "geometry": { "type": "Polygon", "coordinates": [ [ [ -79.4209318, 43.6700126 ], [ -79.4212282, 43.670776 ], [ -79.4215443, 43.6716219 ], [ -79.4218976, 43.6725286 ], [ -79.4294196, 43.671034 ], [ -79.4330098, 43.670273 ], [ -79.4333846, 43.670209 ], [ -79.4338808, 43.6701149 ], [ -79.4342121, 43.6700485 ], [ -79.4345433, 43.6699772 ], [ -79.4348706, 43.6699044 ], [ -79.4359501, 43.6696667 ], [ -79.4362861, 43.6696032 ], [ -79.4366197, 43.6695314 ], [ -79.4366344, 43.6695207 ], [ -79.4392898, 43.6690069 ], [ -79.4353339, 43.6598601 ], [ -79.4341125, 43.6601453 ], [ -79.4338352, 43.660186 ], [ -79.4329169, 43.6603922 ], [ -79.4324351, 43.6604885 ], [ -79.4316727, 43.660661 ], [ -79.4311319, 43.6607907 ], [ -79.4304208, 43.6609452 ], [ -79.430237, 43.6609835 ], [ -79.4294381, 43.6611512 ], [ -79.4282066, 43.6614357 ], [ -79.4280544, 43.6614803 ], [ -79.4268595, 43.6617364 ], [ -79.4256585, 43.6619853 ], [ -79.4246466, 43.6621987 ], [ -79.4244341, 43.6622501 ], [ -79.4232687, 43.6625101 ], [ -79.4220603, 43.6627782 ], [ -79.4217724, 43.6628414 ], [ -79.4209157, 43.6630253 ], [ -79.4202512, 43.6631708 ], [ -79.4188712, 43.6634726 ], [ -79.4184172, 43.6635846 ], [ -79.4185761, 43.6639494 ], [ -79.4187907, 43.6644422 ], [ -79.4194686, 43.666173 ], [ -79.4196242, 43.6665736 ], [ -79.4202022, 43.6681195 ], [ -79.4202921, 43.6683387 ], [ -79.4206421, 43.669253 ], [ -79.4209318, 43.6700126 ] ] ] } },
{ "type": "Feature", "properties": { "name": "Humewood-Cedarvale", "overture_id": "34b0e476-406b-4aaf-912f-50c4ef7dd54b", "division_id": "e7327383-af84-4c5e-bb7c-3eaddd9d8890" }, "geometry": { "type": "Polygon", "coordinates": [ [ [ -79.4252439, 43.7002252 ], [ -79.4254764, 43.7008272 ], [ -79.4254972, 43.700871 ], [ -79.4255443, 43.7009996 ], [ -79.4262726, 43.7008693 ], [ -79.4266602, 43.700762 ], [ -79.4275214, 43.7005639 ], [ -79.4275756, 43.7005531 ], [ -79.4277294, 43.700518 ], [ -79.4286748, 43.7003215 ], [ -79.4288039, 43.7002931 ], [ -79.429029, 43.700249 ], [ -79.4298804, 43.7000686 ], [ -79.4307894, 43.6998728 ], [ -79.4309522, 43.6998377 ], [ -79.4311228, 43.699802 ], [ -79.4312589, 43.6997727 ], [ -79.431868, 43.6996417 ], [ -79.4328376, 43.6994288 ], [ -79.4357435, 43.6988242 ], [ -79.436338, 43.6986838 ], [ -79.4364271, 43.6986667 ], [ -79.4365122, 43.6986496 ], [ -79.4365784, 43.6986354 ], [ -79.4371946, 43.6984954 ], [ -79.4365798, 43.6969383 ], [ -79.435979, 43.6955081 ], [ -79.4357429, 43.6948797 ], [ -79.4346855, 43.6922703 ], [ -79.4345346, 43.6920439 ], [ -79.4343274, 43.6917806 ], [ -79.4342711, 43.6917079 ], [ -79.4342335, 43.6916415 ], [ -79.4341551, 43.6914635 ], [ -79.4333561, 43.6894591 ], [ -79.4333326, 43.6893216 ], [ -79.4333259, 43.6891725 ], [ -79.4333471, 43.6890479 ], [ -79.4330001, 43.6889495 ], [ -79.432526, 43.6888591 ], [ -79.4321786, 43.6888171 ], [ -79.4319731, 43.6888188 ], [ -79.4318423, 43.6888133 ], [ -79.4317022, 43.6884438 ], [ -79.4312737, 43.6873222 ], [ -79.4312536, 43.6872287 ], [ -79.4309512, 43.6864858 ], [ -79.4307433, 43.6859616 ], [ -79.4305857, 43.6855165 ], [ -79.4303316, 43.6848934 ], [ -79.4299561, 43.6839551 ], [ -79.4299393, 43.6838901 ], [ -79.4299366, 43.683811 ], [ -79.4299514, 43.6837194 ], [ -79.4298562, 43.6834745 ], [ -79.4295564, 43.6827481 ], [ -79.4290961, 43.6816037 ], [ -79.4284854, 43.6817336 ], [ -79.4279237, 43.6818518 ], [ -79.4264036, 43.6821723 ], [ -79.4262909, 43.6821967 ], [ -79.4261965, 43.6819692 ], [ -79.424712, 43.6823042 ], [ -79.4245827, 43.6823319 ], [ -79.4246589, 43.6825088 ], [ -79.4238627, 43.6826725 ], [ -79.4235513, 43.682732 ], [ -79.4235483, 43.6827149 ], [ -79.4234308, 43.6827404 ], [ -79.4222027, 43.6829954 ], [ -79.4208349, 43.6832838 ], [ -79.4197787, 43.6835054 ], [ -79.4185443, 43.6837668 ], [ -79.4194174, 43.6858949 ], [ -79.4196209, 43.6863797 ], [ -79.419639, 43.6864321 ], [ -79.4199672, 43.6872167 ], [ -79.4202934, 43.6880662 ], [ -79.4203054, 43.6880974 ], [ -79.4203477, 43.6881848 ], [ -79.4205959, 43.6888108 ], [ -79.4207337, 43.6891495 ], [ -79.4212679, 43.6904764 ], [ -79.4213942, 43.6907902 ], [ -79.4216029, 43.6913013 ], [ -79.4216907, 43.6915163 ], [ -79.4218469, 43.6918703 ], [ -79.4218755, 43.6919398 ], [ -79.4218768, 43.691944 ], [ -79.4219047, 43.6920098 ], [ -79.4223295, 43.6930661 ], [ -79.4227506, 43.6941128 ], [ -79.4232435, 43.6953026 ], [ -79.4233388, 43.695514 ], [ -79.4235803, 43.6961167 ], [ -79.4240446, 43.6972694 ], [ -79.4240487, 43.6972796 ], [ -79.4243451, 43.6979544 ], [ -79.4247692, 43.6990314 ], [ -79.4252439, 43.7002252 ] ] ] } },
{ "type": "Feature", "properties": { "name": "Forest Hill North", "overture_id": "fe8d799f-591c-4865-83e3-735093b2eeb7", "division_id": "6a82ea2f-aeaf-4207-bcbb-2dfc3a063581" }, "geometry": { "type": "Polygon", "coordinates": [ [ [ -79.4275214, 43.7005639 ], [ -79.4266602, 43.700762 ], [ -79.4262726, 43.7008693 ], [ -79.4255443, 43.7009996 ], [ -79.4159612, 43.7030245 ], [ -79.4168931, 43.7066691 ], [ -79.4169521, 43.7068465 ], [ -79.4171003, 43.7071572 ], [ -79.4162238, 43.7073594 ], [ -79.4162748, 43.7074045 ], [ -79.4163472, 43.707498 ], [ -79.416417, 43.7076013 ], [ -79.4164921, 43.7077506 ], [ -79.4166731, 43.7081965 ], [ -79.4170285, 43.709099 ], [ -79.4173678, 43.7099463 ], [ -79.4177037, 43.7105066 ], [ -79.4193325, 43.7099632 ], [ -79.4212912, 43.7095496 ], [ -79.4242528, 43.7089266 ], [ -79.4260147, 43.7085558 ], [ -79.4267219, 43.7084082 ], [ -79.4270121, 43.708346 ], [ -79.4271561, 43.7082947 ], [ -79.4272852, 43.7082448 ], [ -79.4313147, 43.7074021 ], [ -79.4342926, 43.7067792 ], [ -79.4361611, 43.7063864 ], [ -79.4379725, 43.7059923 ], [ -79.4385014, 43.7058794 ], [ -79.438547, 43.7058697 ], [ -79.4387826, 43.705818 ], [ -79.43903, 43.7057638 ], [ -79.4396906, 43.7056184 ], [ -79.4396069, 43.7052617 ], [ -79.4393979, 43.7043704 ], [ -79.4389977, 43.7026877 ], [ -79.4389019, 43.7023089 ], [ -79.4388369, 43.7020522 ], [ -79.4406887, 43.7016221 ], [ -79.4400116, 43.6999524 ], [ -79.4392473, 43.6980677 ], [ -79.4390459, 43.6981084 ], [ -79.4383915, 43.6982483 ], [ -79.4383113, 43.6982656 ], [ -79.4381563, 43.6982945 ], [ -79.4374238, 43.698447 ], [ -79.4372919, 43.698474 ], [ -79.4371946, 43.6984954 ], [ -79.4365784, 43.6986354 ], [ -79.4365122, 43.6986496 ], [ -79.4364271, 43.6986667 ], [ -79.436338, 43.6986838 ], [ -79.4357435, 43.6988242 ], [ -79.4328376, 43.6994288 ], [ -79.431868, 43.6996417 ], [ -79.4312589, 43.6997727 ], [ -79.4311228, 43.699802 ], [ -79.4309522, 43.6998377 ], [ -79.4307894, 43.6998728 ], [ -79.4298804, 43.7000686 ], [ -79.429029, 43.700249 ], [ -79.4288039, 43.7002931 ], [ -79.4286748, 43.7003215 ], [ -79.4277294, 43.700518 ], [ -79.4275756, 43.7005531 ], [ -79.4275214, 43.7005639 ] ] ] } },
{ "type": "Feature", "properties": { "name": "Lansing-Westgate", "overture_id": "2a0a2559-4f00-47f1-a878-7626d8be6261", "division_id": "9a31654f-09f9-4561-b8c8-9a10ff1af986" }, "geometry": { "type": "Polygon", "coordinates": [ [ [ -79.4379015, 43.755506 ], [ -79.4381992, 43.7554716 ], [ -79.4384265, 43.7554595 ], [ -79.4384805, 43.7554588 ], [ -79.4380653, 43.7537798 ], [ -79.43647, 43.7472232 ], [ -79.4360335, 43.7452683 ], [ -79.4357892, 43.7444186 ], [ -79.4355956, 43.7435641 ], [ -79.4355622, 43.7434494 ], [ -79.4353166, 43.7426546 ], [ -79.4350883, 43.7417934 ], [ -79.434872, 43.7408694 ], [ -79.434828, 43.7406022 ], [ -79.4342499, 43.7384156 ], [ -79.4338814, 43.7368405 ], [ -79.4337947, 43.7364778 ], [ -79.4337546, 43.7363495 ], [ -79.4337072, 43.7361583 ], [ -79.4220114, 43.7432897 ], [ -79.4176341, 43.746235 ], [ -79.4155312, 43.7487152 ], [ -79.4136858, 43.7502032 ], [ -79.4117117, 43.7517997 ], [ -79.4083761, 43.7536039 ], [ -79.4084407, 43.7538112 ], [ -79.4084723, 43.7539556 ], [ -79.4085165, 43.7541052 ], [ -79.40855, 43.7542007 ], [ -79.408603, 43.7543411 ], [ -79.4086728, 43.7544966 ], [ -79.4087271, 43.7546104 ], [ -79.408778, 43.7547087 ], [ -79.4088511, 43.7548327 ], [ -79.4089732, 43.7550531 ], [ -79.4090865, 43.755273 ], [ -79.4092011, 43.7555253 ], [ -79.4093661, 43.7558392 ], [ -79.4095887, 43.7563318 ], [ -79.409698, 43.7566558 ], [ -79.4098797, 43.7573353 ], [ -79.4099347, 43.75756 ], [ -79.4101228, 43.7582221 ], [ -79.4102284, 43.7586304 ], [ -79.410384, 43.7592353 ], [ -79.4105634, 43.7599666 ], [ -79.4107518, 43.7607247 ], [ -79.4108021, 43.7609632 ], [ -79.4109375, 43.7615088 ], [ -79.4111095, 43.7621703 ], [ -79.4111618, 43.7623757 ], [ -79.411428, 43.7634602 ], [ -79.411762, 43.7648041 ], [ -79.4122471, 43.7666885 ], [ -79.4124235, 43.7666651 ], [ -79.4126012, 43.7666672 ], [ -79.4127075, 43.7666508 ], [ -79.4133029, 43.766522 ], [ -79.4134035, 43.7665171 ], [ -79.4135001, 43.7665207 ], [ -79.4138409, 43.766593 ], [ -79.4139321, 43.7666034 ], [ -79.4141766, 43.7665988 ], [ -79.414312, 43.7665811 ], [ -79.4153717, 43.7663319 ], [ -79.4161326, 43.7680858 ], [ -79.4236884, 43.7663973 ], [ -79.4255291, 43.7659861 ], [ -79.4277077, 43.765498 ], [ -79.4288483, 43.7652457 ], [ -79.4303349, 43.7649165 ], [ -79.4325216, 43.7644055 ], [ -79.4343237, 43.7640376 ], [ -79.4376386, 43.7633372 ], [ -79.438916, 43.7637309 ], [ -79.4399574, 43.763512 ], [ -79.4404145, 43.7634029 ], [ -79.4399527, 43.7615551 ], [ -79.4396079, 43.7616043 ], [ -79.4394337, 43.7615772 ], [ -79.4391963, 43.761522 ], [ -79.4390697, 43.7614686 ], [ -79.4389167, 43.7614606 ], [ -79.438735, 43.7613756 ], [ -79.4386063, 43.7612578 ], [ -79.4385841, 43.7611734 ], [ -79.4385271, 43.7610984 ], [ -79.4384996, 43.7609105 ], [ -79.4384307, 43.7607973 ], [ -79.4382715, 43.7606999 ], [ -79.4380913, 43.7606689 ], [ -79.437911, 43.7606689 ], [ -79.4377565, 43.7606007 ], [ -79.4376621, 43.7604644 ], [ -79.4376106, 43.7603156 ], [ -79.4376345, 43.7601401 ], [ -79.4377221, 43.7599919 ], [ -79.4378124, 43.7599196 ], [ -79.4379964, 43.7598438 ], [ -79.4380815, 43.7597889 ], [ -79.438159, 43.7597092 ], [ -79.4382079, 43.7595796 ], [ -79.4381751, 43.759451 ], [ -79.4380827, 43.7593113 ], [ -79.4379454, 43.7591626 ], [ -79.4377995, 43.7590634 ], [ -79.43765, 43.7590364 ], [ -79.4374561, 43.7590014 ], [ -79.4372002, 43.7590111 ], [ -79.4371058, 43.7590251 ], [ -79.4369125, 43.7591156 ], [ -79.4365863, 43.7591536 ], [ -79.4363498, 43.7591364 ], [ -79.4358683, 43.7590311 ], [ -79.4356521, 43.7590475 ], [ -79.4354537, 43.7590164 ], [ -79.4353008, 43.7589396 ], [ -79.4352566, 43.758885 ], [ -79.4352047, 43.758821 ], [ -79.4351008, 43.7586637 ], [ -79.4346554, 43.7582755 ], [ -79.4343439, 43.7581764 ], [ -79.4339009, 43.7580666 ], [ -79.4338218, 43.7580632 ], [ -79.4337661, 43.7580533 ], [ -79.433734, 43.7580317 ], [ -79.4337184, 43.7580053 ], [ -79.4337192, 43.7579746 ], [ -79.4337407, 43.757945 ], [ -79.4337995, 43.7578717 ], [ -79.433813, 43.7577161 ], [ -79.4337555, 43.7575281 ], [ -79.433677, 43.7574506 ], [ -79.4335715, 43.7574045 ], [ -79.4333551, 43.7572749 ], [ -79.4331975, 43.7572278 ], [ -79.4330246, 43.7571968 ], [ -79.432875, 43.75719 ], [ -79.432569, 43.7572089 ], [ -79.4322239, 43.7572757 ], [ -79.431823, 43.7573642 ], [ -79.4309652, 43.757565 ], [ -79.4307382, 43.7576064 ], [ -79.4305888, 43.7576038 ], [ -79.4304068, 43.7575749 ], [ -79.4302717, 43.7575164 ], [ -79.4301984, 43.7574784 ], [ -79.4300942, 43.7574002 ], [ -79.4300102, 43.7572847 ], [ -79.4308633, 43.757074 ], [ -79.4355954, 43.7560087 ], [ -79.4359052, 43.7559375 ], [ -79.4369962, 43.75569 ], [ -79.4372524, 43.7556387 ], [ -79.4379015, 43.755506 ] ] ] } },
{ "type": "Feature", "properties": { "name": "Englemount-Lawrence", "overture_id": "3e8bafef-6342-4e41-8d6b-8464244a5596", "division_id": "444e4349-9e19-4d0c-8ac5-317e3f239ebf" }, "geometry": { "type": "Polygon", "coordinates": [ [ [ -79.4342926, 43.7067792 ], [ -79.4313147, 43.7074021 ], [ -79.4272852, 43.7082448 ], [ -79.4271561, 43.7082947 ], [ -79.4272812, 43.7087709 ], [ -79.4274898, 43.7097408 ], [ -79.4277258, 43.7106278 ], [ -79.427935, 43.7114208 ], [ -79.4279471, 43.7115361 ], [ -79.4282113, 43.7125966 ], [ -79.4285996, 43.7142038 ], [ -79.428792, 43.7150656 ], [ -79.4290059, 43.7159515 ], [ -79.4292279, 43.7168074 ], [ -79.4295913, 43.7184223 ], [ -79.4298166, 43.7192597 ], [ -79.4299816, 43.7200322 ], [ -79.4301707, 43.7209452 ], [ -79.4303101, 43.7216266 ], [ -79.4305328, 43.7225571 ], [ -79.4309056, 43.7242192 ], [ -79.4312596, 43.7258 ], [ -79.43143, 43.7266247 ], [ -79.4315225, 43.7269426 ], [ -79.4316231, 43.7274 ], [ -79.4318336, 43.728217 ], [ -79.4321595, 43.7296358 ], [ -79.4323459, 43.7303829 ], [ -79.432539, 43.7312677 ], [ -79.4327603, 43.7321612 ], [ -79.4329642, 43.7330537 ], [ -79.4330165, 43.7331835 ], [ -79.4331747, 43.7338919 ], [ -79.4332029, 43.7340905 ], [ -79.4337072, 43.7361583 ], [ -79.4354868, 43.7350731 ], [ -79.4412375, 43.7318172 ], [ -79.4446278, 43.7308869 ], [ -79.4485404, 43.730056 ], [ -79.4485062, 43.7298412 ], [ -79.4484593, 43.7295757 ], [ -79.4484156, 43.7293119 ], [ -79.4480999, 43.7274068 ], [ -79.4480154, 43.7269503 ], [ -79.4479282, 43.7265695 ], [ -79.4478397, 43.726271 ], [ -79.4478169, 43.7261973 ], [ -79.4477861, 43.7260296 ], [ -79.4477391, 43.7258348 ], [ -79.4476613, 43.7255809 ], [ -79.4475809, 43.7253638 ], [ -79.4474119, 43.7249897 ], [ -79.4472402, 43.724511 ], [ -79.4470632, 43.724038 ], [ -79.4469103, 43.7236649 ], [ -79.4462679, 43.7221277 ], [ -79.4451843, 43.7192142 ], [ -79.4451176, 43.7190383 ], [ -79.4449529, 43.7186037 ], [ -79.4440209, 43.7161449 ], [ -79.443803, 43.7156045 ], [ -79.4434007, 43.7146449 ], [ -79.4428012, 43.7130076 ], [ -79.442743, 43.7128716 ], [ -79.44271, 43.7127944 ], [ -79.442423, 43.7121149 ], [ -79.4422621, 43.7117785 ], [ -79.4420381, 43.7113248 ], [ -79.4418491, 43.7109632 ], [ -79.441798, 43.7108653 ], [ -79.441684, 43.710653 ], [ -79.4392888, 43.7070225 ], [ -79.439026, 43.7066105 ], [ -79.4387668, 43.7062163 ], [ -79.4387564, 43.7062004 ], [ -79.4386263, 43.7060007 ], [ -79.438547, 43.7058697 ], [ -79.4385014, 43.7058794 ], [ -79.4379725, 43.7059923 ], [ -79.4361611, 43.7063864 ], [ -79.4342926, 43.7067792 ] ] ] } },
{ "type": "Feature", "properties": { "name": "Oakwood Village", "overture_id": "2751ee07-8357-4561-96fe-f804f2b9f548", "division_id": "d6c02aea-a538-4ef0-bbcb-d1c78f4725a6" }, "geometry": { "type": "Polygon", "coordinates": [ [ [ -79.4404169, 43.6977888 ], [ -79.4412773, 43.6976168 ], [ -79.4502712, 43.6956952 ], [ -79.4461325, 43.685564 ], [ -79.4457735, 43.6847168 ], [ -79.4449525, 43.6848962 ], [ -79.4449384, 43.6848633 ], [ -79.4444315, 43.6836201 ], [ -79.4435592, 43.6814588 ], [ -79.443252, 43.6807109 ], [ -79.4424533, 43.6787664 ], [ -79.4421862, 43.678822 ], [ -79.4410558, 43.679063 ], [ -79.4399619, 43.6792934 ], [ -79.4388607, 43.6795317 ], [ -79.437785, 43.6797648 ], [ -79.4368147, 43.6799704 ], [ -79.435919, 43.680162 ], [ -79.4349183, 43.6803775 ], [ -79.4339647, 43.680584 ], [ -79.4339505, 43.6805871 ], [ -79.4338849, 43.6805986 ], [ -79.4328187, 43.6808166 ], [ -79.4327004, 43.6808052 ], [ -79.4325339, 43.6808364 ], [ -79.4324627, 43.6808674 ], [ -79.4324146, 43.6809065 ], [ -79.4320014, 43.6809933 ], [ -79.4309509, 43.6812138 ], [ -79.4290961, 43.6816037 ], [ -79.4295564, 43.6827481 ], [ -79.4298562, 43.6834745 ], [ -79.4299514, 43.6837194 ], [ -79.4299366, 43.683811 ], [ -79.4299393, 43.6838901 ], [ -79.4299561, 43.6839551 ], [ -79.4303316, 43.6848934 ], [ -79.4305857, 43.6855165 ], [ -79.4307433, 43.6859616 ], [ -79.4309512, 43.6864858 ], [ -79.4312536, 43.6872287 ], [ -79.4312737, 43.6873222 ], [ -79.4317022, 43.6884438 ], [ -79.4318423, 43.6888133 ], [ -79.4319731, 43.6888188 ], [ -79.4321786, 43.6888171 ], [ -79.432526, 43.6888591 ], [ -79.4330001, 43.6889495 ], [ -79.4333471, 43.6890479 ], [ -79.4333259, 43.6891725 ], [ -79.4333326, 43.6893216 ], [ -79.4333561, 43.6894591 ], [ -79.4341551, 43.6914635 ], [ -79.4342335, 43.6916415 ], [ -79.4342711, 43.6917079 ], [ -79.4343274, 43.6917806 ], [ -79.4345346, 43.6920439 ], [ -79.4346855, 43.6922703 ], [ -79.4357429, 43.6948797 ], [ -79.435979, 43.6955081 ], [ -79.4365798, 43.6969383 ], [ -79.4371946, 43.6984954 ], [ -79.4372919, 43.698474 ], [ -79.4374238, 43.698447 ], [ -79.4381563, 43.6982945 ], [ -79.4383113, 43.6982656 ], [ -79.4383915, 43.6982483 ], [ -79.4390459, 43.6981084 ], [ -79.4392473, 43.6980677 ], [ -79.4404169, 43.6977888 ] ] ] } },
{ "type": "Feature", "properties": { "name": "Wallace Emerson", "overture_id": "1b05be06-646a-4085-ad55-d0945228b4e3", "division_id": "8287df9b-d1bc-4f68-b01d-b729fe2351ad" }, "geometry": { "type": "Polygon", "coordinates": [ [ [ -79.449469, 43.6682681 ], [ -79.4493245, 43.667973 ], [ -79.4491445, 43.6675837 ], [ -79.449009, 43.667284 ], [ -79.4452246, 43.6578176 ], [ -79.4353339, 43.6598601 ], [ -79.4392898, 43.6690069 ], [ -79.4366344, 43.6695207 ], [ -79.4366197, 43.6695314 ], [ -79.4362861, 43.6696032 ], [ -79.4359501, 43.6696667 ], [ -79.4348706, 43.6699044 ], [ -79.4345433, 43.6699772 ], [ -79.4342121, 43.6700485 ], [ -79.4338808, 43.6701149 ], [ -79.4333846, 43.670209 ], [ -79.4330098, 43.670273 ], [ -79.4331771, 43.6707151 ], [ -79.4333383, 43.6711065 ], [ -79.4346506, 43.6742906 ], [ -79.435682, 43.674166 ], [ -79.4366475, 43.6740386 ], [ -79.4370961, 43.6739709 ], [ -79.4373468, 43.6739351 ], [ -79.4376949, 43.6738654 ], [ -79.4381478, 43.6737614 ], [ -79.4394985, 43.6733164 ], [ -79.4397508, 43.6732414 ], [ -79.4409779, 43.6729712 ], [ -79.4423237, 43.6726763 ], [ -79.4442898, 43.6722563 ], [ -79.4457181, 43.6719808 ], [ -79.4513722, 43.6710323 ], [ -79.4512284, 43.6708539 ], [ -79.4502902, 43.6696303 ], [ -79.4499818, 43.6691732 ], [ -79.4497283, 43.6687448 ], [ -79.449469, 43.6682681 ] ] ] } },
{ "type": "Feature", "properties": { "name": "Roncesvalles", "overture_id": "33a062f6-73df-4cb9-ad2c-33501ca950ab", "division_id": "53a4d561-292d-42ea-94b2-d6dd6abc684e" }, "geometry": { "type": "Polygon", "coordinates": [ [ [ -79.4418316, 43.6491042 ], [ -79.4429433, 43.6499494 ], [ -79.4437212, 43.6506442 ], [ -79.4440166, 43.6509031 ], [ -79.4498444, 43.6568596 ], [ -79.4502434, 43.6567686 ], [ -79.4512195, 43.6565659 ], [ -79.4516619, 43.6564938 ], [ -79.4522796, 43.6563657 ], [ -79.4524297, 43.6563347 ], [ -79.4524437, 43.6563318 ], [ -79.4524201, 43.6562365 ], [ -79.4521677, 43.655237 ], [ -79.4521423, 43.6551365 ], [ -79.4521145, 43.6550279 ], [ -79.4520356, 43.6547323 ], [ -79.4518646, 43.6540775 ], [ -79.4518363, 43.6539639 ], [ -79.4518245, 43.6539128 ], [ -79.4517653, 43.653665 ], [ -79.4517344, 43.6535538 ], [ -79.4515694, 43.6530063 ], [ -79.4514166, 43.6525052 ], [ -79.4512276, 43.6519435 ], [ -79.4470161, 43.6410766 ], [ -79.4462192, 43.6390375 ], [ -79.4461895, 43.6389311 ], [ -79.446186, 43.6388691 ], [ -79.4461905, 43.6388066 ], [ -79.4462194, 43.6387154 ], [ -79.4422232, 43.6394903 ], [ -79.4286157, 43.642228 ], [ -79.4282009, 43.6423101 ], [ -79.4287324, 43.6425511 ], [ -79.4290765, 43.642707 ], [ -79.4311626, 43.643636 ], [ -79.4368509, 43.6462888 ], [ -79.4391198, 43.6473604 ], [ -79.4410189, 43.6485355 ], [ -79.4418316, 43.6491042 ] ] ] } },
{ "type": "Feature", "properties": { "name": "Brockton Village", "overture_id": "15bd93ff-4a4a-41d0-ba54-31980b70a2a5", "division_id": "3f2594bd-0fad-4635-b128-313b26c8ff3f" }, "geometry": { "type": "Polygon", "coordinates": [ [ [ -79.442769, 43.651731 ], [ -79.4424764, 43.6510448 ], [ -79.4423774, 43.6508499 ], [ -79.4421849, 43.6505 ], [ -79.4418078, 43.6504115 ], [ -79.4414835, 43.6503408 ], [ -79.441138, 43.6502729 ], [ -79.4400473, 43.6501971 ], [ -79.436614, 43.6499603 ], [ -79.4356129, 43.6498931 ], [ -79.4363642, 43.6517929 ], [ -79.4325617, 43.6525581 ], [ -79.4326034, 43.6526664 ], [ -79.4353339, 43.6598601 ], [ -79.4452246, 43.6578176 ], [ -79.4452087, 43.6577778 ], [ -79.445188, 43.6577261 ], [ -79.4448394, 43.6568542 ], [ -79.4444418, 43.6558367 ], [ -79.443748, 43.6541723 ], [ -79.442769, 43.651731 ] ] ] } },
{ "type": "Feature", "properties": { "name": "Little Portugal", "overture_id": "d6f7d7c0-c12d-4666-a279-dce52560879c", "division_id": "3fe97589-e749-435d-a427-1709ff954ed4" }, "geometry": { "type": "Polygon", "coordinates": [ [ [ -79.4418839, 43.6500173 ], [ -79.4414493, 43.6494118 ], [ -79.4407976, 43.648684 ], [ -79.4410189, 43.6485355 ], [ -79.4391198, 43.6473604 ], [ -79.4368509, 43.6462888 ], [ -79.4311626, 43.643636 ], [ -79.4290765, 43.642707 ], [ -79.4287324, 43.6425511 ], [ -79.4282009, 43.6423101 ], [ -79.4269362, 43.6417353 ], [ -79.4262889, 43.6414874 ], [ -79.4255721, 43.641261 ], [ -79.4251658, 43.6411479 ], [ -79.4243971, 43.6409574 ], [ -79.4235754, 43.6408032 ], [ -79.4229986, 43.640729 ], [ -79.4224062, 43.6406618 ], [ -79.4214986, 43.6406 ], [ -79.4216534, 43.6408161 ], [ -79.4216226, 43.6412393 ], [ -79.4216131, 43.6413518 ], [ -79.4216275, 43.6415023 ], [ -79.4216549, 43.641582 ], [ -79.4222019, 43.6430286 ], [ -79.4222346, 43.6431193 ], [ -79.4223391, 43.6434025 ], [ -79.4223674, 43.6434653 ], [ -79.4223723, 43.6434812 ], [ -79.4247365, 43.6494758 ], [ -79.4248974, 43.6498038 ], [ -79.4255593, 43.6514549 ], [ -79.4258805, 43.6522389 ], [ -79.4260655, 43.6527265 ], [ -79.4262779, 43.6532744 ], [ -79.4264062, 43.6536008 ], [ -79.4298676, 43.6528774 ], [ -79.4299604, 43.6528675 ], [ -79.4300322, 43.6528658 ], [ -79.4301509, 43.6528794 ], [ -79.4302702, 43.6529027 ], [ -79.4304164, 43.652924 ], [ -79.430517, 43.6529303 ], [ -79.4306186, 43.6529305 ], [ -79.4307658, 43.6529174 ], [ -79.4309478, 43.6528857 ], [ -79.4325617, 43.6525581 ], [ -79.4363642, 43.6517929 ], [ -79.4356129, 43.6498931 ], [ -79.436614, 43.6499603 ], [ -79.4400473, 43.6501971 ], [ -79.441138, 43.6502729 ], [ -79.4414835, 43.6503408 ], [ -79.4418078, 43.6504115 ], [ -79.4421849, 43.6505 ], [ -79.4418839, 43.6500173 ] ] ] } },
{ "type": "Feature", "properties": { "name": "Dufferin Grove", "overture_id": "1f042c08-3e24-4c2d-91ed-06b035918a05", "division_id": "273b8cb7-5f99-4d47-8371-1efa72679d4d" }, "geometry": { "type": "Polygon", "coordinates": [ [ [ -79.4299604, 43.6528675 ], [ -79.4298676, 43.6528774 ], [ -79.4264062, 43.6536008 ], [ -79.4294381, 43.6611512 ], [ -79.430237, 43.6609835 ], [ -79.4304208, 43.6609452 ], [ -79.4311319, 43.6607907 ], [ -79.4316727, 43.660661 ], [ -79.4324351, 43.6604885 ], [ -79.4329169, 43.6603922 ], [ -79.4338352, 43.660186 ], [ -79.4341125, 43.6601453 ], [ -79.4353339, 43.6598601 ], [ -79.4326034, 43.6526664 ], [ -79.4325617, 43.6525581 ], [ -79.4309478, 43.6528857 ], [ -79.4307658, 43.6529174 ], [ -79.4306186, 43.6529305 ], [ -79.430517, 43.6529303 ], [ -79.4304164, 43.652924 ], [ -79.4302702, 43.6529027 ], [ -79.4301509, 43.6528794 ], [ -79.4300322, 43.6528658 ], [ -79.4299604, 43.6528675 ] ] ] } },
{ "type": "Feature", "properties": { "name": "Parkdale", "overture_id": "8d38df3b-0a4f-4b54-b95e-b47958b8a613", "division_id": "6d15f2ad-328a-4f3b-97d6-7f6484d50213" }, "geometry": { "type": "Polygon", "coordinates": [ [ [ -79.4287324, 43.6425511 ], [ -79.4290765, 43.642707 ], [ -79.4311626, 43.643636 ], [ -79.4368509, 43.6462888 ], [ -79.4391198, 43.6473604 ], [ -79.4404971, 43.6470585 ], [ -79.4405743, 43.6470426 ], [ -79.4406153, 43.6470358 ], [ -79.4413142, 43.6469075 ], [ -79.4420609, 43.6467577 ], [ -79.4426801, 43.6466377 ], [ -79.4427328, 43.6466272 ], [ -79.4427781, 43.6466193 ], [ -79.442945, 43.6465838 ], [ -79.4434673, 43.6464851 ], [ -79.4435249, 43.6464747 ], [ -79.4436032, 43.6464596 ], [ -79.4441405, 43.6463546 ], [ -79.4444467, 43.6462909 ], [ -79.4454432, 43.6460949 ], [ -79.4464946, 43.6458843 ], [ -79.4470466, 43.6457758 ], [ -79.4475769, 43.6456718 ], [ -79.44821, 43.6455485 ], [ -79.4486114, 43.6454642 ], [ -79.448697, 43.6454472 ], [ -79.4487139, 43.6454438 ], [ -79.4485783, 43.6450979 ], [ -79.4485532, 43.6450339 ], [ -79.4484822, 43.6448407 ], [ -79.4483954, 43.6446156 ], [ -79.4483662, 43.6445443 ], [ -79.4482522, 43.6442493 ], [ -79.4482083, 43.6441359 ], [ -79.4480401, 43.6437007 ], [ -79.4480049, 43.6436092 ], [ -79.4478659, 43.6432495 ], [ -79.4477229, 43.6428765 ], [ -79.4477013, 43.6428192 ], [ -79.4473505, 43.6419121 ], [ -79.4472213, 43.6415787 ], [ -79.4471899, 43.6414964 ], [ -79.4471182, 43.6413085 ], [ -79.4470263, 43.6410636 ], [ -79.4470045, 43.6410086 ], [ -79.4468542, 43.6406192 ], [ -79.4468226, 43.6405373 ], [ -79.4466895, 43.6401942 ], [ -79.4466307, 43.6400691 ], [ -79.4465582, 43.6399368 ], [ -79.4465109, 43.6398375 ], [ -79.4464798, 43.6397721 ], [ -79.4464132, 43.6396074 ], [ -79.4463769, 43.6395168 ], [ -79.4463611, 43.6394766 ], [ -79.4463293, 43.6393907 ], [ -79.4463048, 43.6393232 ], [ -79.4462683, 43.6392228 ], [ -79.4462633, 43.6392106 ], [ -79.4461741, 43.6389771 ], [ -79.4461405, 43.6388894 ], [ -79.4461254, 43.6388505 ], [ -79.4461251, 43.6388497 ], [ -79.4461152, 43.638823 ], [ -79.4460923, 43.6387631 ], [ -79.4460859, 43.6387465 ], [ -79.4460828, 43.6387358 ], [ -79.4460628, 43.6386769 ], [ -79.4460465, 43.6386397 ], [ -79.4459714, 43.6385112 ], [ -79.445941, 43.6384798 ], [ -79.4459045, 43.6384573 ], [ -79.4458609, 43.6384354 ], [ -79.4457867, 43.6384131 ], [ -79.4456273, 43.6383701 ], [ -79.4455036, 43.6383372 ], [ -79.4454377, 43.6383155 ], [ -79.445386, 43.638293 ], [ -79.445101, 43.6381718 ], [ -79.4450743, 43.6381605 ], [ -79.4450451, 43.6381497 ], [ -79.4449609, 43.6381183 ], [ -79.4447924, 43.6380574 ], [ -79.4446136, 43.637997 ], [ -79.4444327, 43.6379358 ], [ -79.4440466, 43.6378053 ], [ -79.4439957, 43.6377879 ], [ -79.4439273, 43.637763 ], [ -79.4436538, 43.6376638 ], [ -79.4433912, 43.6375595 ], [ -79.4432624, 43.6375068 ], [ -79.4431358, 43.6374549 ], [ -79.4428333, 43.6373214 ], [ -79.4425949, 43.6372099 ], [ -79.4425494, 43.6371878 ], [ -79.4423102, 43.637056 ], [ -79.4422901, 43.637045 ], [ -79.4420186, 43.6368871 ], [ -79.4417625, 43.6367274 ], [ -79.4416505, 43.6366631 ], [ -79.4415638, 43.6366221 ], [ -79.4414533, 43.6365773 ], [ -79.4413708, 43.6365501 ], [ -79.4412781, 43.6365244 ], [ -79.4412163, 43.6363715 ], [ -79.4403556, 43.6359575 ], [ -79.4400776, 43.6358426 ], [ -79.439804, 43.6357275 ], [ -79.4395785, 43.6356277 ], [ -79.4395416, 43.6356607 ], [ -79.4393366, 43.6355696 ], [ -79.439129, 43.6354716 ], [ -79.438745, 43.6352919 ], [ -79.4381059, 43.6350176 ], [ -79.438161, 43.635023 ], [ -79.4382025, 43.6350191 ], [ -79.4382186, 43.6349997 ], [ -79.4382206, 43.6349371 ], [ -79.4377848, 43.6347799 ], [ -79.4376545, 43.634844 ], [ -79.4376195, 43.6348304 ], [ -79.4370009, 43.6345896 ], [ -79.436962, 43.6345916 ], [ -79.4365483, 43.6344486 ], [ -79.4364169, 43.6343979 ], [ -79.4363303, 43.6343688 ], [ -79.4363163, 43.6343475 ], [ -79.436276, 43.6343178 ], [ -79.4361453, 43.6342679 ], [ -79.4360554, 43.6342402 ], [ -79.4359696, 43.6342033 ], [ -79.4358717, 43.6341737 ], [ -79.4355686, 43.634099 ], [ -79.4352635, 43.6340257 ], [ -79.4349899, 43.6339616 ], [ -79.4349483, 43.6339466 ], [ -79.4349222, 43.6339223 ], [ -79.4348994, 43.633884 ], [ -79.4348853, 43.6338495 ], [ -79.4345976, 43.6337796 ], [ -79.4345889, 43.633817 ], [ -79.4345701, 43.6338364 ], [ -79.434544, 43.6338505 ], [ -79.4345172, 43.6338539 ], [ -79.4342664, 43.6338097 ], [ -79.4337803, 43.6337359 ], [ -79.4332365, 43.6336518 ], [ -79.4330674, 43.6336306 ], [ -79.4328234, 43.6336088 ], [ -79.4323091, 43.633566 ], [ -79.4321086, 43.6335525 ], [ -79.4318604, 43.6335384 ], [ -79.4317786, 43.6335413 ], [ -79.4313163, 43.6334543 ], [ -79.4303745, 43.6334739 ], [ -79.4293419, 43.6335651 ], [ -79.428181, 43.6337332 ], [ -79.427357, 43.6338757 ], [ -79.4265041, 43.6340912 ], [ -79.425749, 43.634264 ], [ -79.4256108, 43.6343879 ], [ -79.4256208, 43.634416 ], [ -79.4256453, 43.6344769 ], [ -79.4256528, 43.6344964 ], [ -79.4256749, 43.6345559 ], [ -79.4257049, 43.6346363 ], [ -79.4257717, 43.6348066 ], [ -79.425801, 43.6348829 ], [ -79.4259694, 43.6353293 ], [ -79.4260617, 43.635571 ], [ -79.4263503, 43.6363208 ], [ -79.4265976, 43.6369724 ], [ -79.4266367, 43.6370732 ], [ -79.4266673, 43.6371526 ], [ -79.4267601, 43.6373933 ], [ -79.4268626, 43.6376612 ], [ -79.4270149, 43.6380532 ], [ -79.427175, 43.6384651 ], [ -79.4273233, 43.6388664 ], [ -79.4273234, 43.6388666 ], [ -79.4273244, 43.6388694 ], [ -79.4273466, 43.6389288 ], [ -79.4273517, 43.6389421 ], [ -79.4273571, 43.6389559 ], [ -79.4273802, 43.6390144 ], [ -79.4273838, 43.6390235 ], [ -79.4273874, 43.6390319 ], [ -79.4274844, 43.6392841 ], [ -79.4275476, 43.6394533 ], [ -79.4276474, 43.6397286 ], [ -79.4279076, 43.6403886 ], [ -79.4279395, 43.6404685 ], [ -79.4279665, 43.6405355 ], [ -79.4279824, 43.6405763 ], [ -79.4281715, 43.6410677 ], [ -79.4283586, 43.641554 ], [ -79.4284575, 43.6418069 ], [ -79.4285881, 43.6421364 ], [ -79.4285925, 43.6421514 ], [ -79.4286115, 43.6422136 ], [ -79.4286157, 43.642228 ], [ -79.4287324, 43.6425511 ] ] ] } },
{ "type": "Feature", "properties": { "name": "Exhibition Place", "overture_id": "e870bb6a-c3f9-41eb-b4c6-004d089b6c4a", "division_id": "b59db9d8-11e3-41ec-ab56-637bd4ab127b" }, "geometry": { "type": "Polygon", "coordinates": [ [ [ -79.4093429, 43.6351827 ], [ -79.4096591, 43.6359571 ], [ -79.4115685, 43.6364861 ], [ -79.4118013, 43.6366015 ], [ -79.4121911, 43.6368952 ], [ -79.4126233, 43.6369927 ], [ -79.4129417, 43.6369494 ], [ -79.4158467, 43.636135 ], [ -79.4177225, 43.6356088 ], [ -79.4182376, 43.6355346 ], [ -79.4185785, 43.6356011 ], [ -79.4213907, 43.6347911 ], [ -79.4231405, 43.6342932 ], [ -79.4248129, 43.6338262 ], [ -79.4250713, 43.6337522 ], [ -79.4252012, 43.6337195 ], [ -79.4254645, 43.6336513 ], [ -79.4256171, 43.6336089 ], [ -79.4261115, 43.6334661 ], [ -79.4270392, 43.633205 ], [ -79.4278916, 43.6329579 ], [ -79.4279324, 43.6329447 ], [ -79.4287236, 43.6327187 ], [ -79.4288845, 43.6326711 ], [ -79.4290173, 43.6326148 ], [ -79.4291742, 43.6325313 ], [ -79.4293593, 43.6324265 ], [ -79.4294505, 43.6322858 ], [ -79.4295042, 43.632115 ], [ -79.4294894, 43.6319723 ], [ -79.4294398, 43.63185 ], [ -79.4293553, 43.6317238 ], [ -79.4292225, 43.6316259 ], [ -79.4288617, 43.6313898 ], [ -79.4288779, 43.6313778 ], [ -79.4286455, 43.6312552 ], [ -79.4283992, 43.6311481 ], [ -79.4278839, 43.6309709 ], [ -79.4273312, 43.6307803 ], [ -79.4262824, 43.6304153 ], [ -79.4259123, 43.630287 ], [ -79.425779, 43.6302466 ], [ -79.4256015, 43.6302047 ], [ -79.4254198, 43.6301737 ], [ -79.4252161, 43.6301487 ], [ -79.4249943, 43.6301449 ], [ -79.4246637, 43.6301615 ], [ -79.4234434, 43.6302678 ], [ -79.4232743, 43.6302794 ], [ -79.4232394, 43.6302818 ], [ -79.4226236, 43.6303239 ], [ -79.4214333, 43.6304362 ], [ -79.4210282, 43.630483 ], [ -79.4200589, 43.6305808 ], [ -79.4200032, 43.6305902 ], [ -79.4199582, 43.6306073 ], [ -79.4196465, 43.6306489 ], [ -79.4195882, 43.6306426 ], [ -79.4195277, 43.6306394 ], [ -79.4188211, 43.6307151 ], [ -79.4186198, 43.6307459 ], [ -79.4183831, 43.6307797 ], [ -79.4180107, 43.6308432 ], [ -79.4166046, 43.6310876 ], [ -79.4153798, 43.6312931 ], [ -79.4153747, 43.6312833 ], [ -79.4150728, 43.6313307 ], [ -79.4147722, 43.631395 ], [ -79.4142365, 43.6315469 ], [ -79.4133336, 43.6318269 ], [ -79.4122249, 43.6322082 ], [ -79.4112812, 43.6324999 ], [ -79.410815, 43.6326702 ], [ -79.4106226, 43.6327299 ], [ -79.4105283, 43.6327645 ], [ -79.410439, 43.6328026 ], [ -79.4102429, 43.6328902 ], [ -79.4100753, 43.632983 ], [ -79.4098483, 43.6331429 ], [ -79.4096657, 43.6333207 ], [ -79.4094879, 43.6335753 ], [ -79.4094264, 43.6336778 ], [ -79.409327, 43.6339717 ], [ -79.4091034, 43.6343469 ], [ -79.4090507, 43.6344995 ], [ -79.4091981, 43.6348029 ], [ -79.4092199, 43.6348536 ], [ -79.4093429, 43.6351827 ] ] ] } },
{ "type": "Feature", "properties": { "name": "Liberty Village", "overture_id": "e6532ae5-1abb-45df-a04b-a0966aeed386", "division_id": "13a028c3-741b-44ca-a5d3-04e4bad8f2da" }, "geometry": { "type": "Polygon", "coordinates": [ [ [ -79.4262889, 43.6414874 ], [ -79.4269362, 43.6417353 ], [ -79.4282009, 43.6423101 ], [ -79.4286157, 43.642228 ], [ -79.4286115, 43.6422136 ], [ -79.4285925, 43.6421514 ], [ -79.4285881, 43.6421364 ], [ -79.4284575, 43.6418069 ], [ -79.4283586, 43.641554 ], [ -79.4281715, 43.6410677 ], [ -79.4279824, 43.6405763 ], [ -79.4279665, 43.6405355 ], [ -79.4279395, 43.6404685 ], [ -79.4279076, 43.6403886 ], [ -79.4276474, 43.6397286 ], [ -79.4275476, 43.6394533 ], [ -79.4274844, 43.6392841 ], [ -79.4273874, 43.6390319 ], [ -79.4273838, 43.6390235 ], [ -79.4273802, 43.6390144 ], [ -79.4273571, 43.6389559 ], [ -79.4273517, 43.6389421 ], [ -79.4273466, 43.6389288 ], [ -79.4273244, 43.6388694 ], [ -79.4273234, 43.6388666 ], [ -79.4273233, 43.6388664 ], [ -79.427175, 43.6384651 ], [ -79.4270149, 43.6380532 ], [ -79.4268626, 43.6376612 ], [ -79.4267601, 43.6373933 ], [ -79.4266673, 43.6371526 ], [ -79.4266367, 43.6370732 ], [ -79.4265976, 43.6369724 ], [ -79.4263503, 43.6363208 ], [ -79.4260617, 43.635571 ], [ -79.4259694, 43.6353293 ], [ -79.425801, 43.6348829 ], [ -79.4257717, 43.6348066 ], [ -79.4257049, 43.6346363 ], [ -79.4256749, 43.6345559 ], [ -79.4256528, 43.6344964 ], [ -79.4256453, 43.6344769 ], [ -79.4256208, 43.634416 ], [ -79.4256108, 43.6343879 ], [ -79.4254381, 43.63434 ], [ -79.4250821, 43.6344545 ], [ -79.4250683, 43.6344423 ], [ -79.4247608, 43.6345639 ], [ -79.424749, 43.6345518 ], [ -79.4241142, 43.6347579 ], [ -79.4233421, 43.6349774 ], [ -79.4232383, 43.6350069 ], [ -79.4232264, 43.6349961 ], [ -79.4231681, 43.6350126 ], [ -79.423032, 43.6351453 ], [ -79.4208419, 43.6357539 ], [ -79.4207687, 43.6357772 ], [ -79.4197723, 43.6360489 ], [ -79.4195522, 43.6361161 ], [ -79.4166158, 43.6368848 ], [ -79.4148846, 43.6373529 ], [ -79.4139661, 43.6375786 ], [ -79.4132915, 43.6377223 ], [ -79.4124533, 43.6378824 ], [ -79.4115842, 43.6381448 ], [ -79.4106165, 43.6383822 ], [ -79.4105379, 43.6385668 ], [ -79.4107806, 43.6391372 ], [ -79.4108406, 43.6392686 ], [ -79.4108818, 43.639354 ], [ -79.411088, 43.6398454 ], [ -79.4111855, 43.6400777 ], [ -79.4112547, 43.6402442 ], [ -79.4154707, 43.6403997 ], [ -79.4195518, 43.640534 ], [ -79.4214986, 43.6406 ], [ -79.4224062, 43.6406618 ], [ -79.4229986, 43.640729 ], [ -79.4235754, 43.6408032 ], [ -79.4243971, 43.6409574 ], [ -79.4251658, 43.6411479 ], [ -79.4255721, 43.641261 ], [ -79.4262889, 43.6414874 ] ] ] } },
{ "type": "Feature", "properties": { "name": "South Parkdale", "overture_id": "56fc3ee4-634b-48c2-b285-40889a31188a", "division_id": "d763a8db-c688-463f-ae51-04b3b2d6dd3d" }, "geometry": { "type": "Polygon", "coordinates": [ [ [ -79.4262889, 43.6414874 ], [ -79.4269362, 43.6417353 ], [ -79.4282009, 43.6423101 ], [ -79.4286157, 43.642228 ], [ -79.4422232, 43.6394903 ], [ -79.4462194, 43.6387154 ], [ -79.4465025, 43.6384707 ], [ -79.446597, 43.6384658 ], [ -79.4466804, 43.6384418 ], [ -79.4467628, 43.6384381 ], [ -79.4468949, 43.6381723 ], [ -79.4477304, 43.6383874 ], [ -79.4482763, 43.63851 ], [ -79.4487204, 43.638595 ], [ -79.449272, 43.6386929 ], [ -79.4503447, 43.6388433 ], [ -79.4516699, 43.6390194 ], [ -79.4524393, 43.6390962 ], [ -79.4533137, 43.6391681 ], [ -79.4542385, 43.6392319 ], [ -79.4546029, 43.6392494 ], [ -79.455331, 43.6392732 ], [ -79.4555757, 43.6392736 ], [ -79.4560615, 43.6392736 ], [ -79.4565081, 43.6392657 ], [ -79.4569056, 43.6392509 ], [ -79.4571628, 43.6392379 ], [ -79.4575179, 43.6392065 ], [ -79.4578815, 43.6391746 ], [ -79.4589213, 43.639051 ], [ -79.4591686, 43.6390223 ], [ -79.4592925, 43.6390085 ], [ -79.4595377, 43.6389736 ], [ -79.4597815, 43.6389368 ], [ -79.4600281, 43.6388966 ], [ -79.4602715, 43.6388561 ], [ -79.4605156, 43.6388155 ], [ -79.4607576, 43.6387706 ], [ -79.4609993, 43.6387214 ], [ -79.4612412, 43.6386714 ], [ -79.4614785, 43.6386223 ], [ -79.4618367, 43.6385413 ], [ -79.4622005, 43.6384575 ], [ -79.462449, 43.638397 ], [ -79.4626903, 43.6383406 ], [ -79.4631752, 43.6382092 ], [ -79.4634179, 43.6381419 ], [ -79.4636563, 43.638074 ], [ -79.4640118, 43.6379617 ], [ -79.4642481, 43.6378901 ], [ -79.464483, 43.6378138 ], [ -79.4647168, 43.637733 ], [ -79.4649499, 43.6376513 ], [ -79.4651808, 43.6375712 ], [ -79.4654111, 43.6374849 ], [ -79.4657541, 43.6373551 ], [ -79.4659936, 43.6372588 ], [ -79.4688804, 43.6360358 ], [ -79.4718565, 43.6347097 ], [ -79.4720424, 43.6346288 ], [ -79.4723188, 43.6345073 ], [ -79.4727696, 43.634293 ], [ -79.4729487, 43.6341969 ], [ -79.4731232, 43.6341077 ], [ -79.4732961, 43.6340129 ], [ -79.4734678, 43.6339139 ], [ -79.4736373, 43.6338183 ], [ -79.4738055, 43.6337152 ], [ -79.4742391, 43.6334403 ], [ -79.4739643, 43.6333014 ], [ -79.47326, 43.6330176 ], [ -79.4728011, 43.6328279 ], [ -79.4726081, 43.6327264 ], [ -79.4724327, 43.6326342 ], [ -79.4720262, 43.6323752 ], [ -79.4712258, 43.6317018 ], [ -79.4709154, 43.6320038 ], [ -79.470901, 43.6319905 ], [ -79.4708906, 43.6319745 ], [ -79.4708632, 43.6319575 ], [ -79.4708173, 43.6319189 ], [ -79.4707679, 43.6319207 ], [ -79.4706703, 43.6320207 ], [ -79.470623, 43.6320467 ], [ -79.4705807, 43.6320702 ], [ -79.4704933, 43.6321033 ], [ -79.470345, 43.6321623 ], [ -79.4702352, 43.6322011 ], [ -79.4701575, 43.6322308 ], [ -79.470013, 43.6323066 ], [ -79.4698643, 43.6323815 ], [ -79.4696852, 43.6324647 ], [ -79.4694719, 43.6325613 ], [ -79.4693992, 43.632612 ], [ -79.4691711, 43.6327536 ], [ -79.4687457, 43.6330997 ], [ -79.4684374, 43.6334488 ], [ -79.4681941, 43.6338328 ], [ -79.4678511, 43.6340603 ], [ -79.4677429, 43.6340848 ], [ -79.4676348, 43.6340835 ], [ -79.4671735, 43.6342303 ], [ -79.4671042, 43.6343061 ], [ -79.4669927, 43.6343611 ], [ -79.4668288, 43.634388 ], [ -79.4666649, 43.6344076 ], [ -79.4663777, 43.6343831 ], [ -79.4662002, 43.6343978 ], [ -79.4656308, 43.634673 ], [ -79.4655007, 43.634794 ], [ -79.4652118, 43.6349066 ], [ -79.4649651, 43.6351609 ], [ -79.4646305, 43.6353615 ], [ -79.4643804, 43.6354764 ], [ -79.4638617, 43.6356684 ], [ -79.4634224, 43.6356733 ], [ -79.463299, 43.6357051 ], [ -79.4631706, 43.6357161 ], [ -79.4628732, 43.6356807 ], [ -79.4626063, 43.6356452 ], [ -79.462265, 43.6357809 ], [ -79.4620487, 43.635968 ], [ -79.4616516, 43.6363129 ], [ -79.4615376, 43.6363508 ], [ -79.461475, 43.6363159 ], [ -79.46141, 43.6363062 ], [ -79.4612317, 43.6363147 ], [ -79.4611734, 43.6363649 ], [ -79.4610577, 43.6364486 ], [ -79.4608591, 43.6365556 ], [ -79.4605829, 43.6366681 ], [ -79.4602796, 43.636744 ], [ -79.4601022, 43.6367678 ], [ -79.4598191, 43.6367678 ], [ -79.459591, 43.6367727 ], [ -79.4591542, 43.636813 ], [ -79.4590926, 43.6368198 ], [ -79.4590208, 43.6368124 ], [ -79.4589718, 43.6367965 ], [ -79.4589109, 43.6367739 ], [ -79.4588738, 43.6367605 ], [ -79.4588374, 43.6367525 ], [ -79.4587859, 43.6367623 ], [ -79.4587183, 43.6367996 ], [ -79.4586085, 43.6368791 ], [ -79.4584539, 43.6369726 ], [ -79.4583229, 43.6370527 ], [ -79.4580483, 43.6371548 ], [ -79.4577957, 43.6372074 ], [ -79.4575812, 43.6372203 ], [ -79.4570024, 43.6372105 ], [ -79.4566611, 43.637164 ], [ -79.4565572, 43.6371634 ], [ -79.4564753, 43.6371817 ], [ -79.4562607, 43.6371872 ], [ -79.4561255, 43.6372068 ], [ -79.4559244, 43.6372704 ], [ -79.4556786, 43.6373597 ], [ -79.4553761, 43.6374239 ], [ -79.4552545, 43.6374765 ], [ -79.4549123, 43.6374422 ], [ -79.4543057, 43.6373921 ], [ -79.4541747, 43.6373517 ], [ -79.4539644, 43.6373089 ], [ -79.453803, 43.6372942 ], [ -79.4536248, 43.6372502 ], [ -79.4531457, 43.6370112 ], [ -79.4529759, 43.6368424 ], [ -79.4526937, 43.6366895 ], [ -79.4523685, 43.6365923 ], [ -79.4519663, 43.6365049 ], [ -79.4514003, 43.6364554 ], [ -79.4510683, 43.6364511 ], [ -79.4509001, 43.63647 ], [ -79.4506948, 43.6364982 ], [ -79.4504405, 43.6364994 ], [ -79.4498652, 43.6364914 ], [ -79.4497925, 43.6364792 ], [ -79.44973, 43.6364456 ], [ -79.4495281, 43.6362897 ], [ -79.4493684, 43.6361771 ], [ -79.4492831, 43.636138 ], [ -79.4491293, 43.6361258 ], [ -79.448957, 43.6361368 ], [ -79.448772, 43.6362077 ], [ -79.4486072, 43.6362976 ], [ -79.4483791, 43.636396 ], [ -79.4481806, 43.6364682 ], [ -79.4478342, 43.6365318 ], [ -79.4476213, 43.6365226 ], [ -79.4473307, 43.6364554 ], [ -79.4468821, 43.6363104 ], [ -79.4466168, 43.6361808 ], [ -79.4462687, 43.6360781 ], [ -79.4461589, 43.6359797 ], [ -79.4459215, 43.6359821 ], [ -79.445352, 43.6357504 ], [ -79.443915, 43.6351365 ], [ -79.4439243, 43.6349799 ], [ -79.4431521, 43.6346589 ], [ -79.4430676, 43.6346638 ], [ -79.4429628, 43.6347201 ], [ -79.4428116, 43.6347859 ], [ -79.4424391, 43.6349076 ], [ -79.4419739, 43.6349469 ], [ -79.4416067, 43.6349392 ], [ -79.4412096, 43.6348937 ], [ -79.441051, 43.6348352 ], [ -79.4406795, 43.6347019 ], [ -79.4402862, 43.6344854 ], [ -79.4400111, 43.6342485 ], [ -79.4400728, 43.6341449 ], [ -79.4400228, 43.6339026 ], [ -79.4399334, 43.6338695 ], [ -79.4398951, 43.6338664 ], [ -79.4397535, 43.6337859 ], [ -79.4392894, 43.6335498 ], [ -79.4393596, 43.633227 ], [ -79.4393373, 43.6331827 ], [ -79.4392702, 43.6331284 ], [ -79.4389147, 43.6330002 ], [ -79.4384144, 43.6327672 ], [ -79.4377573, 43.6325285 ], [ -79.4376339, 43.632477 ], [ -79.4372168, 43.6322868 ], [ -79.4370988, 43.6322421 ], [ -79.4369298, 43.6321344 ], [ -79.4359589, 43.6318237 ], [ -79.4359253, 43.6318296 ], [ -79.4358824, 43.631817 ], [ -79.4351381, 43.6314044 ], [ -79.4338949, 43.6309812 ], [ -79.4337139, 43.6309006 ], [ -79.4336763, 43.6308599 ], [ -79.433628, 43.6308375 ], [ -79.4335154, 43.6308201 ], [ -79.4332123, 43.6307676 ], [ -79.4309177, 43.630291 ], [ -79.4294558, 43.6300163 ], [ -79.4277808, 43.6297814 ], [ -79.427007, 43.6297028 ], [ -79.4276869, 43.6307793 ], [ -79.4279927, 43.6315597 ], [ -79.4286525, 43.6329264 ], [ -79.4287717, 43.6330533 ], [ -79.4289399, 43.6334384 ], [ -79.4283623, 43.6335156 ], [ -79.4280715, 43.6335559 ], [ -79.4277158, 43.6336158 ], [ -79.4273641, 43.633686 ], [ -79.4267106, 43.6338374 ], [ -79.425747, 43.6340905 ], [ -79.4255127, 43.6341561 ], [ -79.4195258, 43.6358317 ], [ -79.4196938, 43.6360834 ], [ -79.4197445, 43.6361833 ], [ -79.4209974, 43.639469 ], [ -79.4212564, 43.6401734 ], [ -79.4214986, 43.6406 ], [ -79.4224062, 43.6406618 ], [ -79.4229986, 43.640729 ], [ -79.4235754, 43.6408032 ], [ -79.4243971, 43.6409574 ], [ -79.4251658, 43.6411479 ], [ -79.4255721, 43.641261 ], [ -79.4262889, 43.6414874 ] ] ] } },
{ "type": "Feature", "properties": { "name": "Caledonia-Fairbank", "overture_id": "d92a6794-53a0-44a6-882a-e66748222468", "division_id": "1f5e9e03-5214-409f-bac3-78f54ff98a99" }, "geometry": { "type": "Polygon", "coordinates": [ [ [ -79.4467974, 43.6844923 ], [ -79.4461745, 43.6846289 ], [ -79.4457735, 43.6847168 ], [ -79.4461325, 43.685564 ], [ -79.4502712, 43.6956952 ], [ -79.4584787, 43.693849 ], [ -79.4632959, 43.6927862 ], [ -79.4639933, 43.6923828 ], [ -79.4646274, 43.6921732 ], [ -79.4630814, 43.6893806 ], [ -79.4622016, 43.6860135 ], [ -79.4616866, 43.6840429 ], [ -79.4612789, 43.6832204 ], [ -79.4604432, 43.68191 ], [ -79.4602133, 43.681567 ], [ -79.4589292, 43.6818469 ], [ -79.4576327, 43.6821312 ], [ -79.4563483, 43.6824112 ], [ -79.4525997, 43.6832268 ], [ -79.451406, 43.6834876 ], [ -79.4502007, 43.6837523 ], [ -79.4490052, 43.6840122 ], [ -79.447835, 43.6842664 ], [ -79.4467974, 43.6844923 ] ] ] } },
{ "type": "Feature", "properties": { "name": "Junction Triangle", "overture_id": "a48c2fb1-f5b8-45c7-b606-f6ae5e7a4f7a", "division_id": "29534bac-5e31-4153-93c8-838ac43691c1" }, "geometry": { "type": "Polygon", "coordinates": [ [ [ -79.443748, 43.6541723 ], [ -79.4444418, 43.6558367 ], [ -79.4448394, 43.6568542 ], [ -79.445188, 43.6577261 ], [ -79.4452087, 43.6577778 ], [ -79.4452246, 43.6578176 ], [ -79.449009, 43.667284 ], [ -79.4502133, 43.6671747 ], [ -79.4508463, 43.66713 ], [ -79.4516376, 43.6671203 ], [ -79.459658, 43.6672041 ], [ -79.4599948, 43.6672019 ], [ -79.4573414, 43.6645111 ], [ -79.4560027, 43.6631359 ], [ -79.4546126, 43.6617209 ], [ -79.4520949, 43.6591443 ], [ -79.4500506, 43.6570723 ], [ -79.4498444, 43.6568596 ], [ -79.4440166, 43.6509031 ], [ -79.4437212, 43.6506442 ], [ -79.4429433, 43.6499494 ], [ -79.4418316, 43.6491042 ], [ -79.4410189, 43.6485355 ], [ -79.4407976, 43.648684 ], [ -79.4414493, 43.6494118 ], [ -79.4418839, 43.6500173 ], [ -79.4421849, 43.6505 ], [ -79.4423774, 43.6508499 ], [ -79.4424764, 43.6510448 ], [ -79.442769, 43.651731 ], [ -79.443748, 43.6541723 ] ] ] } },
{ "type": "Feature", "properties": { "name": "Corso Italia-Davenport", "overture_id": "c82f77c2-ee49-4606-9a67-f14939bd52b3", "division_id": "e17a6d3f-dca7-4a0f-a3e0-d41c4680bc00" }, "geometry": { "type": "Polygon", "coordinates": [ [ [ -79.4563483, 43.6824112 ], [ -79.4576327, 43.6821312 ], [ -79.4589292, 43.6818469 ], [ -79.4602133, 43.681567 ], [ -79.4569565, 43.6766571 ], [ -79.4566682, 43.6761818 ], [ -79.4562504, 43.6754883 ], [ -79.4559936, 43.6751347 ], [ -79.4558042, 43.6748856 ], [ -79.4556716, 43.67474 ], [ -79.4555657, 43.674619 ], [ -79.4553948, 43.6744446 ], [ -79.4551367, 43.6742118 ], [ -79.4549295, 43.6740309 ], [ -79.4545432, 43.6737428 ], [ -79.4540034, 43.673381 ], [ -79.4532517, 43.6728839 ], [ -79.4528092, 43.6725584 ], [ -79.4523891, 43.6721893 ], [ -79.4520111, 43.6717699 ], [ -79.4513722, 43.6710323 ], [ -79.4457181, 43.6719808 ], [ -79.4442898, 43.6722563 ], [ -79.4423237, 43.6726763 ], [ -79.4409779, 43.6729712 ], [ -79.4397508, 43.6732414 ], [ -79.4394985, 43.6733164 ], [ -79.4381478, 43.6737614 ], [ -79.4376949, 43.6738654 ], [ -79.4373468, 43.6739351 ], [ -79.4370961, 43.6739709 ], [ -79.4366475, 43.6740386 ], [ -79.435682, 43.674166 ], [ -79.4346506, 43.6742906 ], [ -79.4337819, 43.6744077 ], [ -79.4339257, 43.6747545 ], [ -79.4340988, 43.6751672 ], [ -79.4345145, 43.676176 ], [ -79.4352655, 43.6779888 ], [ -79.4359118, 43.6795475 ], [ -79.4356895, 43.6795921 ], [ -79.435919, 43.680162 ], [ -79.4368147, 43.6799704 ], [ -79.437785, 43.6797648 ], [ -79.4388607, 43.6795317 ], [ -79.4399619, 43.6792934 ], [ -79.4410558, 43.679063 ], [ -79.4421862, 43.678822 ], [ -79.4424533, 43.6787664 ], [ -79.443252, 43.6807109 ], [ -79.4435592, 43.6814588 ], [ -79.4444315, 43.6836201 ], [ -79.4449384, 43.6848633 ], [ -79.4449525, 43.6848962 ], [ -79.4457735, 43.6847168 ], [ -79.4461745, 43.6846289 ], [ -79.4467974, 43.6844923 ], [ -79.447835, 43.6842664 ], [ -79.4490052, 43.6840122 ], [ -79.4502007, 43.6837523 ], [ -79.451406, 43.6834876 ], [ -79.4525997, 43.6832268 ], [ -79.4563483, 43.6824112 ] ] ] } },
{ "type": "Feature", "properties": { "name": "Briar Hill-Belgravia", "overture_id": "1b257034-bf20-484b-9bb5-6b2e430f367d", "division_id": "6721dd51-4a0b-4ab9-aaaf-ac208194fb4d" }, "geometry": { "type": "Polygon", "coordinates": [ [ [ -79.4639933, 43.6923828 ], [ -79.4632959, 43.6927862 ], [ -79.4584787, 43.693849 ], [ -79.4502712, 43.6956952 ], [ -79.4412773, 43.6976168 ], [ -79.4404169, 43.6977888 ], [ -79.4392473, 43.6980677 ], [ -79.4400116, 43.6999524 ], [ -79.4406887, 43.7016221 ], [ -79.4388369, 43.7020522 ], [ -79.4389019, 43.7023089 ], [ -79.4389977, 43.7026877 ], [ -79.4393979, 43.7043704 ], [ -79.4396069, 43.7052617 ], [ -79.4396906, 43.7056184 ], [ -79.4401135, 43.705594 ], [ -79.4410189, 43.7054194 ], [ -79.4422825, 43.7051903 ], [ -79.4448548, 43.7046224 ], [ -79.445664, 43.704442 ], [ -79.447277, 43.7040823 ], [ -79.4491811, 43.7036609 ], [ -79.4555341, 43.7022616 ], [ -79.4559051, 43.7021818 ], [ -79.4560218, 43.7021551 ], [ -79.4563544, 43.7020785 ], [ -79.4571473, 43.7018932 ], [ -79.4600178, 43.7012428 ], [ -79.4603761, 43.7011622 ], [ -79.4639607, 43.7003689 ], [ -79.4670873, 43.6996861 ], [ -79.4655383, 43.6940972 ], [ -79.465152, 43.6931431 ], [ -79.4646274, 43.6921732 ], [ -79.4639933, 43.6923828 ] ] ] } },
{ "type": "Feature", "properties": { "name": "Clanton Park", "overture_id": "3a0644ba-0912-448a-9a1c-9ecb50d657b1", "division_id": "c8855417-2755-4ca9-9fe1-bd651adef27d" }, "geometry": { "type": "Polygon", "coordinates": [ [ [ -79.4401279, 43.7552003 ], [ -79.4405538, 43.7551197 ], [ -79.4519904, 43.7526745 ], [ -79.4595133, 43.751084 ], [ -79.45832, 43.7480882 ], [ -79.4582667, 43.748018 ], [ -79.4582296, 43.7479969 ], [ -79.4581335, 43.7479958 ], [ -79.4548974, 43.7487019 ], [ -79.4528043, 43.7435237 ], [ -79.4554932, 43.7428795 ], [ -79.4596657, 43.7420124 ], [ -79.4587728, 43.73986 ], [ -79.4565034, 43.7403055 ], [ -79.4560594, 43.7385642 ], [ -79.4557916, 43.7382702 ], [ -79.4555019, 43.7369064 ], [ -79.45273, 43.7343599 ], [ -79.4532658, 43.7340139 ], [ -79.4530413, 43.7335536 ], [ -79.4528632, 43.7333832 ], [ -79.4577155, 43.7323347 ], [ -79.4589189, 43.7320919 ], [ -79.4578878, 43.7280651 ], [ -79.4566012, 43.728344 ], [ -79.4485404, 43.730056 ], [ -79.4446278, 43.7308869 ], [ -79.4412375, 43.7318172 ], [ -79.4354868, 43.7350731 ], [ -79.4337072, 43.7361583 ], [ -79.4337546, 43.7363495 ], [ -79.4337947, 43.7364778 ], [ -79.4338814, 43.7368405 ], [ -79.4342499, 43.7384156 ], [ -79.434828, 43.7406022 ], [ -79.434872, 43.7408694 ], [ -79.4350883, 43.7417934 ], [ -79.4353166, 43.7426546 ], [ -79.4355622, 43.7434494 ], [ -79.4355956, 43.7435641 ], [ -79.4357892, 43.7444186 ], [ -79.4360335, 43.7452683 ], [ -79.43647, 43.7472232 ], [ -79.4380653, 43.7537798 ], [ -79.4384805, 43.7554588 ], [ -79.4387732, 43.7554477 ], [ -79.4390776, 43.7554133 ], [ -79.4393122, 43.7553651 ], [ -79.4401279, 43.7552003 ] ] ] } },
{ "type": "Feature", "properties": { "name": "Yorkdale-Glen Park", "overture_id": "18bf772d-0514-4eb9-b03b-833f7336aebf", "division_id": "2e61a88f-b7dc-483e-8de4-8305ec756c7a" }, "geometry": { "type": "Polygon", "coordinates": [ [ [ -79.4485062, 43.7298412 ], [ -79.4485404, 43.730056 ], [ -79.4566012, 43.728344 ], [ -79.4578878, 43.7280651 ], [ -79.4724799, 43.7249016 ], [ -79.471879, 43.7213039 ], [ -79.4709778, 43.7166824 ], [ -79.469811, 43.7107964 ], [ -79.4689179, 43.7062906 ], [ -79.4670873, 43.6996861 ], [ -79.4639607, 43.7003689 ], [ -79.4603761, 43.7011622 ], [ -79.4600178, 43.7012428 ], [ -79.4571473, 43.7018932 ], [ -79.4563544, 43.7020785 ], [ -79.4560218, 43.7021551 ], [ -79.4559051, 43.7021818 ], [ -79.4555341, 43.7022616 ], [ -79.4491811, 43.7036609 ], [ -79.447277, 43.7040823 ], [ -79.445664, 43.704442 ], [ -79.4448548, 43.7046224 ], [ -79.4422825, 43.7051903 ], [ -79.4410189, 43.7054194 ], [ -79.4401135, 43.705594 ], [ -79.4396906, 43.7056184 ], [ -79.43903, 43.7057638 ], [ -79.4387826, 43.705818 ], [ -79.438547, 43.7058697 ], [ -79.4386263, 43.7060007 ], [ -79.4387564, 43.7062004 ], [ -79.4387668, 43.7062163 ], [ -79.439026, 43.7066105 ], [ -79.4392888, 43.7070225 ], [ -79.441684, 43.710653 ], [ -79.441798, 43.7108653 ], [ -79.4418491, 43.7109632 ], [ -79.4420381, 43.7113248 ], [ -79.4422621, 43.7117785 ], [ -79.442423, 43.7121149 ], [ -79.44271, 43.7127944 ], [ -79.442743, 43.7128716 ], [ -79.4428012, 43.7130076 ], [ -79.4434007, 43.7146449 ], [ -79.443803, 43.7156045 ], [ -79.4440209, 43.7161449 ], [ -79.4449529, 43.7186037 ], [ -79.4451176, 43.7190383 ], [ -79.4451843, 43.7192142 ], [ -79.4462679, 43.7221277 ], [ -79.4469103, 43.7236649 ], [ -79.4470632, 43.724038 ], [ -79.4472402, 43.724511 ], [ -79.4474119, 43.7249897 ], [ -79.4475809, 43.7253638 ], [ -79.4476613, 43.7255809 ], [ -79.4477391, 43.7258348 ], [ -79.4477861, 43.7260296 ], [ -79.4478169, 43.7261973 ], [ -79.4478397, 43.726271 ], [ -79.4479282, 43.7265695 ], [ -79.4480154, 43.7269503 ], [ -79.4480999, 43.7274068 ], [ -79.4484156, 43.7293119 ], [ -79.4484593, 43.7295757 ], [ -79.4485062, 43.7298412 ] ] ] } },
{ "type": "Feature", "properties": { "name": "Weston-Pelham Park", "overture_id": "d9fbe6c7-b4c5-41bb-84d3-02bf7f5ab43b", "division_id": "f80661a8-9bba-426d-a7bb-12bff34ef8e9" }, "geometry": { "type": "Polygon", "coordinates": [ [ [ -79.4516376, 43.6671203 ], [ -79.4508463, 43.66713 ], [ -79.4502133, 43.6671747 ], [ -79.449009, 43.667284 ], [ -79.4491445, 43.6675837 ], [ -79.4493245, 43.667973 ], [ -79.449469, 43.6682681 ], [ -79.4497283, 43.6687448 ], [ -79.4499818, 43.6691732 ], [ -79.4502902, 43.6696303 ], [ -79.4512284, 43.6708539 ], [ -79.4513722, 43.6710323 ], [ -79.4520111, 43.6717699 ], [ -79.4523891, 43.6721893 ], [ -79.4528092, 43.6725584 ], [ -79.4532517, 43.6728839 ], [ -79.4540034, 43.673381 ], [ -79.4545432, 43.6737428 ], [ -79.4549295, 43.6740309 ], [ -79.4551367, 43.6742118 ], [ -79.4553948, 43.6744446 ], [ -79.4555657, 43.674619 ], [ -79.4556716, 43.67474 ], [ -79.4558042, 43.6748856 ], [ -79.4559936, 43.6751347 ], [ -79.4562504, 43.6754883 ], [ -79.4566682, 43.6761818 ], [ -79.4569565, 43.6766571 ], [ -79.4602133, 43.681567 ], [ -79.4604432, 43.68191 ], [ -79.4605121, 43.681895 ], [ -79.4605608, 43.6818927 ], [ -79.4608351, 43.6818317 ], [ -79.4608879, 43.6818207 ], [ -79.4609863, 43.6817987 ], [ -79.4610663, 43.681781 ], [ -79.4610975, 43.6817743 ], [ -79.4611606, 43.6817608 ], [ -79.4611505, 43.6817358 ], [ -79.4611339, 43.6816928 ], [ -79.461126, 43.6816723 ], [ -79.4611829, 43.6816608 ], [ -79.4616595, 43.6815511 ], [ -79.4627094, 43.6813233 ], [ -79.4637881, 43.681091 ], [ -79.4642365, 43.6809946 ], [ -79.4648685, 43.6808586 ], [ -79.4654802, 43.6807284 ], [ -79.4653322, 43.6803651 ], [ -79.4660128, 43.6802103 ], [ -79.4660907, 43.6802047 ], [ -79.4683353, 43.6797289 ], [ -79.4703882, 43.6792941 ], [ -79.4704297, 43.6792863 ], [ -79.4704809, 43.6792767 ], [ -79.4705694, 43.6794993 ], [ -79.4717824, 43.6792441 ], [ -79.4724229, 43.6792278 ], [ -79.4724917, 43.6792257 ], [ -79.4713398, 43.6783776 ], [ -79.4709667, 43.6780896 ], [ -79.4695294, 43.6768346 ], [ -79.467609, 43.674918 ], [ -79.4599948, 43.6672019 ], [ -79.459658, 43.6672041 ], [ -79.4516376, 43.6671203 ] ] ] } },
{ "type": "Feature", "properties": { "name": "High Park North", "overture_id": "648adde8-13b1-4929-92a9-ec12a5446283", "division_id": "71befeb4-c060-4f50-8cc9-1ad03f938845" }, "geometry": { "type": "Polygon", "coordinates": [ [ [ -79.4522796, 43.6563657 ], [ -79.4516619, 43.6564938 ], [ -79.4512195, 43.6565659 ], [ -79.4502434, 43.6567686 ], [ -79.4498444, 43.6568596 ], [ -79.4500506, 43.6570723 ], [ -79.4520949, 43.6591443 ], [ -79.4546126, 43.6617209 ], [ -79.4560027, 43.6631359 ], [ -79.4692807, 43.6602624 ], [ -79.4701507, 43.6609292 ], [ -79.4701949, 43.6610044 ], [ -79.4702318, 43.6611072 ], [ -79.4708504, 43.6625524 ], [ -79.4709666, 43.6625254 ], [ -79.4715179, 43.6624031 ], [ -79.4717497, 43.6623541 ], [ -79.4721495, 43.6622688 ], [ -79.4722512, 43.6622456 ], [ -79.4723424, 43.6622256 ], [ -79.4727407, 43.6621399 ], [ -79.4733151, 43.6620114 ], [ -79.4735462, 43.6619391 ], [ -79.473773, 43.6618496 ], [ -79.473885, 43.6617873 ], [ -79.4740197, 43.6617026 ], [ -79.4743937, 43.6614369 ], [ -79.4744909, 43.6613797 ], [ -79.4745502, 43.6613473 ], [ -79.4746613, 43.6612936 ], [ -79.4747437, 43.6612582 ], [ -79.4748646, 43.6612142 ], [ -79.4751143, 43.6611421 ], [ -79.4752084, 43.661121 ], [ -79.4753211, 43.6610955 ], [ -79.4765503, 43.660827 ], [ -79.477577, 43.6605928 ], [ -79.4776656, 43.6605729 ], [ -79.4787859, 43.6603228 ], [ -79.47958, 43.6601475 ], [ -79.4798857, 43.660085 ], [ -79.4800074, 43.66006 ], [ -79.4799776, 43.6599877 ], [ -79.4798683, 43.6597299 ], [ -79.4797208, 43.6593827 ], [ -79.4796614, 43.6592424 ], [ -79.4794028, 43.6586346 ], [ -79.4793188, 43.6584288 ], [ -79.4792392, 43.6582343 ], [ -79.4790933, 43.6578885 ], [ -79.4789482, 43.6575418 ], [ -79.4786552, 43.6568691 ], [ -79.4785924, 43.656721 ], [ -79.4784551, 43.6563703 ], [ -79.4778041, 43.6548276 ], [ -79.4777782, 43.6547671 ], [ -79.4777601, 43.6547215 ], [ -79.4764802, 43.6516867 ], [ -79.4764584, 43.6516318 ], [ -79.4764544, 43.6516209 ], [ -79.4764163, 43.6515225 ], [ -79.4764083, 43.6515008 ], [ -79.4762985, 43.6512288 ], [ -79.476271, 43.6511446 ], [ -79.4761335, 43.6511707 ], [ -79.4758765, 43.6512303 ], [ -79.4755333, 43.6513098 ], [ -79.4751524, 43.651395 ], [ -79.4743918, 43.6515589 ], [ -79.4741364, 43.6516139 ], [ -79.4740299, 43.6516359 ], [ -79.4739294, 43.6516596 ], [ -79.4736961, 43.6517115 ], [ -79.4728488, 43.6519 ], [ -79.4717709, 43.6521348 ], [ -79.4712135, 43.6522589 ], [ -79.4705294, 43.6524051 ], [ -79.4701046, 43.6524966 ], [ -79.469991, 43.65252 ], [ -79.4698547, 43.6525498 ], [ -79.4696173, 43.6526017 ], [ -79.4686609, 43.652812 ], [ -79.4668701, 43.6532075 ], [ -79.465965, 43.6534054 ], [ -79.4657361, 43.6534532 ], [ -79.4653974, 43.653524 ], [ -79.4652645, 43.6535537 ], [ -79.4651182, 43.6535862 ], [ -79.4647738, 43.6536627 ], [ -79.4645537, 43.6537127 ], [ -79.4636767, 43.6539071 ], [ -79.4623239, 43.6542012 ], [ -79.4610226, 43.6544887 ], [ -79.4605513, 43.6545933 ], [ -79.4601788, 43.6546743 ], [ -79.46001, 43.6547122 ], [ -79.4598285, 43.654751 ], [ -79.4595759, 43.6548051 ], [ -79.4594944, 43.6548235 ], [ -79.4588202, 43.6549671 ], [ -79.4586321, 43.6550043 ], [ -79.4586079, 43.6550093 ], [ -79.4573716, 43.6552704 ], [ -79.4571474, 43.6553177 ], [ -79.4571156, 43.6553246 ], [ -79.4570352, 43.6553428 ], [ -79.4569228, 43.6553702 ], [ -79.4568373, 43.6553917 ], [ -79.4566668, 43.6554292 ], [ -79.4566584, 43.655431 ], [ -79.456206, 43.6555271 ], [ -79.456173, 43.6555341 ], [ -79.4558768, 43.6555984 ], [ -79.4555414, 43.6556713 ], [ -79.454347, 43.6559187 ], [ -79.4542552, 43.6559384 ], [ -79.4537898, 43.6560436 ], [ -79.4529844, 43.6562166 ], [ -79.4528293, 43.6562496 ], [ -79.4525619, 43.6563071 ], [ -79.4524677, 43.6563268 ], [ -79.4524437, 43.6563318 ], [ -79.4524297, 43.6563347 ], [ -79.4522796, 43.6563657 ] ] ] } },
{ "type": "Feature", "properties": { "name": "Parkdale—High Park", "overture_id": "23a0d936-812f-4c69-8b34-d51c904f321d", "division_id": "56e64567-2b31-44fd-b8e8-dfba502c8fcf" }, "geometry": { "type": "Polygon", "coordinates": [ [ [ -79.4546126, 43.6617209 ], [ -79.4560027, 43.6631359 ], [ -79.4573414, 43.6645111 ], [ -79.4599948, 43.6672019 ], [ -79.4606429, 43.6672127 ], [ -79.4618273, 43.6672251 ], [ -79.4682539, 43.6673182 ], [ -79.4734708, 43.6673415 ], [ -79.4748626, 43.6672765 ], [ -79.4798103, 43.6669899 ], [ -79.4826443, 43.6668273 ], [ -79.483652, 43.6667658 ], [ -79.4845801, 43.6667106 ], [ -79.4863429, 43.6666068 ], [ -79.4879723, 43.666514 ], [ -79.4897952, 43.6664086 ], [ -79.4913334, 43.666319 ], [ -79.49293, 43.6662265 ], [ -79.4946601, 43.666127 ], [ -79.4962783, 43.6660335 ], [ -79.4975308, 43.6659596 ], [ -79.4984469, 43.6659076 ], [ -79.4991145, 43.6658695 ], [ -79.4992017, 43.6658644 ], [ -79.5000346, 43.665814 ], [ -79.5045505, 43.6655305 ], [ -79.5065959, 43.6653932 ], [ -79.5070985, 43.6653243 ], [ -79.5078589, 43.6651715 ], [ -79.508414, 43.665016 ], [ -79.5089258, 43.6648363 ], [ -79.5093603, 43.6646459 ], [ -79.509921, 43.6643716 ], [ -79.5108434, 43.6637573 ], [ -79.5121888, 43.6626216 ], [ -79.5121289, 43.6625792 ], [ -79.5120165, 43.6624983 ], [ -79.5119867, 43.6624758 ], [ -79.5119622, 43.6624623 ], [ -79.5118433, 43.6623948 ], [ -79.5116917, 43.6623138 ], [ -79.5115383, 43.6622328 ], [ -79.5114968, 43.6622103 ], [ -79.5113062, 43.6621293 ], [ -79.5110872, 43.6620753 ], [ -79.5109845, 43.6620573 ], [ -79.5105796, 43.6619764 ], [ -79.5102507, 43.6619449 ], [ -79.5097865, 43.6620079 ], [ -79.5092933, 43.6621295 ], [ -79.508845, 43.6623231 ], [ -79.5083774, 43.6624897 ], [ -79.5079446, 43.6626248 ], [ -79.5075025, 43.6627958 ], [ -79.507091, 43.6629219 ], [ -79.5066044, 43.6630255 ], [ -79.5061689, 43.663021 ], [ -79.5060073, 43.6629884 ], [ -79.5057705, 43.6629175 ], [ -79.5055253, 43.662814 ], [ -79.5054067, 43.6627555 ], [ -79.5051471, 43.6625575 ], [ -79.5048607, 43.662346 ], [ -79.5044701, 43.662148 ], [ -79.504205, 43.662012 ], [ -79.5040962, 43.6619544 ], [ -79.5038123, 43.6617469 ], [ -79.5037576, 43.6617069 ], [ -79.5034496, 43.6614189 ], [ -79.503085, 43.6611309 ], [ -79.5026972, 43.6608564 ], [ -79.5024608, 43.6606847 ], [ -79.5022943, 43.6605638 ], [ -79.5019162, 43.6602893 ], [ -79.5014835, 43.6600103 ], [ -79.5014175, 43.6599748 ], [ -79.5010562, 43.6597808 ], [ -79.500615, 43.6595692 ], [ -79.5001482, 43.6593532 ], [ -79.4998846, 43.6591375 ], [ -79.4997798, 43.6590517 ], [ -79.499523, 43.6586961 ], [ -79.4994432, 43.6583136 ], [ -79.4994704, 43.6581941 ], [ -79.4995323, 43.657922 ], [ -79.4996257, 43.6576546 ], [ -79.4997552, 43.6573711 ], [ -79.5000907, 43.657061 ], [ -79.5005657, 43.6567342 ], [ -79.5012368, 43.6563647 ], [ -79.5016145, 43.6560901 ], [ -79.5019437, 43.6557976 ], [ -79.5023129, 43.6554701 ], [ -79.5025321, 43.6551721 ], [ -79.5027082, 43.654939 ], [ -79.5027746, 43.6547996 ], [ -79.5028909, 43.6544751 ], [ -79.5029407, 43.654117 ], [ -79.5029607, 43.6536412 ], [ -79.5029241, 43.6533984 ], [ -79.5028254, 43.6531902 ], [ -79.5025467, 43.6528798 ], [ -79.5020713, 43.6525931 ], [ -79.5015251, 43.6524086 ], [ -79.5009475, 43.6522826 ], [ -79.5003432, 43.6521791 ], [ -79.4996917, 43.6521701 ], [ -79.4990808, 43.652153 ], [ -79.4984678, 43.6520967 ], [ -79.4978644, 43.6519946 ], [ -79.497257, 43.6519766 ], [ -79.4966497, 43.6519855 ], [ -79.4962791, 43.6520299 ], [ -79.4957509, 43.6520924 ], [ -79.49484, 43.6522105 ], [ -79.4944322, 43.6522751 ], [ -79.4938077, 43.6522991 ], [ -79.4933619, 43.6522919 ], [ -79.4931799, 43.6522702 ], [ -79.4924923, 43.6521525 ], [ -79.491921, 43.6519602 ], [ -79.4915755, 43.6517367 ], [ -79.4913164, 43.6515012 ], [ -79.491167, 43.6512608 ], [ -79.4910142, 43.650994 ], [ -79.4908315, 43.6506287 ], [ -79.4907916, 43.6503451 ], [ -79.4907949, 43.6500687 ], [ -79.4909411, 43.6497202 ], [ -79.4912895, 43.6493928 ], [ -79.491539, 43.6490688 ], [ -79.4917827, 43.6487222 ], [ -79.4919737, 43.6484747 ], [ -79.4920396, 43.6483937 ], [ -79.492274, 43.6481102 ], [ -79.492422, 43.6478717 ], [ -79.4924914, 43.6477253 ], [ -79.4926313, 43.6474477 ], [ -79.4927731, 43.6471274 ], [ -79.4927969, 43.6469205 ], [ -79.492821, 43.6467386 ], [ -79.4928142, 43.646469 ], [ -79.492789, 43.6462189 ], [ -79.4927076, 43.6459117 ], [ -79.4926745, 43.6458388 ], [ -79.4926217, 43.6457702 ], [ -79.4925548, 43.6456832 ], [ -79.4925206, 43.6456237 ], [ -79.4924363, 43.6455344 ], [ -79.4923618, 43.6454729 ], [ -79.4922101, 43.6453552 ], [ -79.4920044, 43.6451942 ], [ -79.4918882, 43.6450951 ], [ -79.49174, 43.644954 ], [ -79.491553, 43.6447221 ], [ -79.4914388, 43.6445557 ], [ -79.4913616, 43.6444314 ], [ -79.4912043, 43.6442039 ], [ -79.4909852, 43.6438416 ], [ -79.4907893, 43.6434756 ], [ -79.4905945, 43.6430842 ], [ -79.4904604, 43.6426964 ], [ -79.4903966, 43.6424987 ], [ -79.4903628, 43.6423939 ], [ -79.4902256, 43.6420629 ], [ -79.4901977, 43.6420068 ], [ -79.4901014, 43.6418521 ], [ -79.4900517, 43.6417737 ], [ -79.4899716, 43.6416472 ], [ -79.4899051, 43.6415613 ], [ -79.4898013, 43.6414643 ], [ -79.4896606, 43.6413657 ], [ -79.4894395, 43.6412391 ], [ -79.4892915, 43.641203 ], [ -79.489108, 43.6412164 ], [ -79.4889987, 43.6412507 ], [ -79.4882149, 43.6415286 ], [ -79.4879479, 43.6416471 ], [ -79.4875079, 43.6418173 ], [ -79.4870952, 43.6419375 ], [ -79.4866661, 43.6420337 ], [ -79.486347, 43.6420775 ], [ -79.4859774, 43.6421144 ], [ -79.4857114, 43.6421192 ], [ -79.485443, 43.642102 ], [ -79.4852193, 43.6420416 ], [ -79.4850669, 43.6419264 ], [ -79.4849928, 43.6417454 ], [ -79.4849996, 43.6415732 ], [ -79.485008, 43.641397 ], [ -79.4850087, 43.641238 ], [ -79.4850283, 43.6408804 ], [ -79.4850743, 43.6406233 ], [ -79.485116, 43.6402835 ], [ -79.4851063, 43.6400671 ], [ -79.4851155, 43.6398983 ], [ -79.4851293, 43.6396454 ], [ -79.4851025, 43.6391222 ], [ -79.4850478, 43.6388319 ], [ -79.4849233, 43.6385842 ], [ -79.4848366, 43.6384847 ], [ -79.4847375, 43.6384153 ], [ -79.4846774, 43.638377 ], [ -79.484536, 43.6382964 ], [ -79.4843995, 43.638228 ], [ -79.4842532, 43.6381557 ], [ -79.4840552, 43.6381017 ], [ -79.4838557, 43.63806 ], [ -79.4836189, 43.6380478 ], [ -79.4833796, 43.6380255 ], [ -79.483247, 43.6380147 ], [ -79.4830138, 43.6380113 ], [ -79.4824819, 43.6379769 ], [ -79.4823343, 43.6379777 ], [ -79.4818859, 43.6379945 ], [ -79.4814028, 43.6380391 ], [ -79.4808625, 43.6381008 ], [ -79.4804005, 43.6381205 ], [ -79.4798545, 43.638144 ], [ -79.4793646, 43.6381399 ], [ -79.4788501, 43.638128 ], [ -79.4784581, 43.6380777 ], [ -79.478121, 43.6380012 ], [ -79.4778418, 43.6378812 ], [ -79.4775022, 43.6377419 ], [ -79.4772954, 43.6375418 ], [ -79.4772179, 43.6374165 ], [ -79.4770886, 43.6372211 ], [ -79.4769786, 43.6369965 ], [ -79.4768754, 43.6367561 ], [ -79.4768334, 43.6364518 ], [ -79.4767374, 43.6362792 ], [ -79.4767158, 43.6362402 ], [ -79.47653, 43.6359747 ], [ -79.4764239, 43.6357877 ], [ -79.4763435, 43.6356461 ], [ -79.4762541, 43.6354927 ], [ -79.4761783, 43.6353625 ], [ -79.4760127, 43.6350474 ], [ -79.4759668, 43.6349715 ], [ -79.4758412, 43.6347638 ], [ -79.4757054, 43.6344442 ], [ -79.4756059, 43.6342829 ], [ -79.4755026, 43.6341156 ], [ -79.4751313, 43.6338635 ], [ -79.4743592, 43.6334853 ], [ -79.4742481, 43.6334448 ], [ -79.4742391, 43.6334403 ], [ -79.4739643, 43.6333014 ], [ -79.47326, 43.6330176 ], [ -79.4728011, 43.6328279 ], [ -79.4726081, 43.6327264 ], [ -79.4724327, 43.6326342 ], [ -79.4720262, 43.6323752 ], [ -79.4712258, 43.6317018 ], [ -79.4707074, 43.6312657 ], [ -79.4669045, 43.6303281 ], [ -79.4666293, 43.6327187 ], [ -79.4543512, 43.635453 ], [ -79.4409712, 43.6316933 ], [ -79.4258573, 43.6270548 ], [ -79.427007, 43.6297028 ], [ -79.4276869, 43.6307793 ], [ -79.4279927, 43.6315597 ], [ -79.4286525, 43.6329264 ], [ -79.4277406, 43.6332215 ], [ -79.4271451, 43.6333885 ], [ -79.4254071, 43.6338777 ], [ -79.4255127, 43.6341561 ], [ -79.4257933, 43.6348949 ], [ -79.4276474, 43.6397286 ], [ -79.427762, 43.6400273 ], [ -79.4285881, 43.6421364 ], [ -79.4285925, 43.6421514 ], [ -79.4286157, 43.642228 ], [ -79.4282009, 43.6423101 ], [ -79.4287324, 43.6425511 ], [ -79.4290765, 43.642707 ], [ -79.4311626, 43.643636 ], [ -79.4368509, 43.6462888 ], [ -79.4391198, 43.6473604 ], [ -79.4410189, 43.6485355 ], [ -79.4418316, 43.6491042 ], [ -79.4429433, 43.6499494 ], [ -79.4437212, 43.6506442 ], [ -79.4440166, 43.6509031 ], [ -79.4498444, 43.6568596 ], [ -79.4500506, 43.6570723 ], [ -79.4520949, 43.6591443 ], [ -79.4546126, 43.6617209 ] ] ] } },
{ "type": "Feature", "properties": { "name": "High Park-Swansea", "overture_id": "a3b311cf-5fce-49be-ac4c-4eb954daf2e0", "division_id": "0bf2820e-d853-489d-9705-82c4da04fde8" }, "geometry": { "type": "Polygon", "coordinates": [ [ [ -79.492274, 43.6481102 ], [ -79.492422, 43.6478717 ], [ -79.4924914, 43.6477253 ], [ -79.4926313, 43.6474477 ], [ -79.4927731, 43.6471274 ], [ -79.4927969, 43.6469205 ], [ -79.492821, 43.6467386 ], [ -79.4928142, 43.646469 ], [ -79.492789, 43.6462189 ], [ -79.4927076, 43.6459117 ], [ -79.4926745, 43.6458388 ], [ -79.4926217, 43.6457702 ], [ -79.4925548, 43.6456832 ], [ -79.4925206, 43.6456237 ], [ -79.4924363, 43.6455344 ], [ -79.4923618, 43.6454729 ], [ -79.4922101, 43.6453552 ], [ -79.4920044, 43.6451942 ], [ -79.4918882, 43.6450951 ], [ -79.49174, 43.644954 ], [ -79.491553, 43.6447221 ], [ -79.4914388, 43.6445557 ], [ -79.4913616, 43.6444314 ], [ -79.4912043, 43.6442039 ], [ -79.4909852, 43.6438416 ], [ -79.4907893, 43.6434756 ], [ -79.4905945, 43.6430842 ], [ -79.4904604, 43.6426964 ], [ -79.4903966, 43.6424987 ], [ -79.4903628, 43.6423939 ], [ -79.4902256, 43.6420629 ], [ -79.4901977, 43.6420068 ], [ -79.4901014, 43.6418521 ], [ -79.4900517, 43.6417737 ], [ -79.4899716, 43.6416472 ], [ -79.4899051, 43.6415613 ], [ -79.4898013, 43.6414643 ], [ -79.4896606, 43.6413657 ], [ -79.4894395, 43.6412391 ], [ -79.4892915, 43.641203 ], [ -79.489108, 43.6412164 ], [ -79.4889987, 43.6412507 ], [ -79.4882149, 43.6415286 ], [ -79.4879479, 43.6416471 ], [ -79.4875079, 43.6418173 ], [ -79.4870952, 43.6419375 ], [ -79.4866661, 43.6420337 ], [ -79.486347, 43.6420775 ], [ -79.4859774, 43.6421144 ], [ -79.4857114, 43.6421192 ], [ -79.485443, 43.642102 ], [ -79.4852193, 43.6420416 ], [ -79.4850669, 43.6419264 ], [ -79.4849928, 43.6417454 ], [ -79.4849996, 43.6415732 ], [ -79.485008, 43.641397 ], [ -79.4850087, 43.641238 ], [ -79.4850283, 43.6408804 ], [ -79.4850743, 43.6406233 ], [ -79.485116, 43.6402835 ], [ -79.4851063, 43.6400671 ], [ -79.4851155, 43.6398983 ], [ -79.4851293, 43.6396454 ], [ -79.4851025, 43.6391222 ], [ -79.4850478, 43.6388319 ], [ -79.4849233, 43.6385842 ], [ -79.4848366, 43.6384847 ], [ -79.4847375, 43.6384153 ], [ -79.4846774, 43.638377 ], [ -79.484536, 43.6382964 ], [ -79.4843995, 43.638228 ], [ -79.4842532, 43.6381557 ], [ -79.4840552, 43.6381017 ], [ -79.4838557, 43.63806 ], [ -79.4836189, 43.6380478 ], [ -79.4833796, 43.6380255 ], [ -79.483247, 43.6380147 ], [ -79.4830138, 43.6380113 ], [ -79.4824819, 43.6379769 ], [ -79.4823343, 43.6379777 ], [ -79.4818859, 43.6379945 ], [ -79.4814028, 43.6380391 ], [ -79.4808625, 43.6381008 ], [ -79.4804005, 43.6381205 ], [ -79.4798545, 43.638144 ], [ -79.4793646, 43.6381399 ], [ -79.4788501, 43.638128 ], [ -79.4784581, 43.6380777 ], [ -79.478121, 43.6380012 ], [ -79.4778418, 43.6378812 ], [ -79.4775022, 43.6377419 ], [ -79.4772954, 43.6375418 ], [ -79.4772179, 43.6374165 ], [ -79.4770886, 43.6372211 ], [ -79.4769786, 43.6369965 ], [ -79.4768754, 43.6367561 ], [ -79.4768334, 43.6364518 ], [ -79.4767374, 43.6362792 ], [ -79.4767158, 43.6362402 ], [ -79.47653, 43.6359747 ], [ -79.4764239, 43.6357877 ], [ -79.4763435, 43.6356461 ], [ -79.4762541, 43.6354927 ], [ -79.4761783, 43.6353625 ], [ -79.4760127, 43.6350474 ], [ -79.4759668, 43.6349715 ], [ -79.4758412, 43.6347638 ], [ -79.4757054, 43.6344442 ], [ -79.4756059, 43.6342829 ], [ -79.4755026, 43.6341156 ], [ -79.4751313, 43.6338635 ], [ -79.4743592, 43.6334853 ], [ -79.4742481, 43.6334448 ], [ -79.4742391, 43.6334403 ], [ -79.4738055, 43.6337152 ], [ -79.4736373, 43.6338183 ], [ -79.4734678, 43.6339139 ], [ -79.4732961, 43.6340129 ], [ -79.4731232, 43.6341077 ], [ -79.4729487, 43.6341969 ], [ -79.4727696, 43.634293 ], [ -79.4723188, 43.6345073 ], [ -79.4720424, 43.6346288 ], [ -79.4718565, 43.6347097 ], [ -79.4688804, 43.6360358 ], [ -79.4659936, 43.6372588 ], [ -79.4657541, 43.6373551 ], [ -79.4654111, 43.6374849 ], [ -79.4651808, 43.6375712 ], [ -79.4649499, 43.6376513 ], [ -79.4647168, 43.637733 ], [ -79.464483, 43.6378138 ], [ -79.4642481, 43.6378901 ], [ -79.4640118, 43.6379617 ], [ -79.4636563, 43.638074 ], [ -79.4634179, 43.6381419 ], [ -79.4631752, 43.6382092 ], [ -79.4626903, 43.6383406 ], [ -79.462449, 43.638397 ], [ -79.4622005, 43.6384575 ], [ -79.4618367, 43.6385413 ], [ -79.4614785, 43.6386223 ], [ -79.4612412, 43.6386714 ], [ -79.4609993, 43.6387214 ], [ -79.4607576, 43.6387706 ], [ -79.4605156, 43.6388155 ], [ -79.4602715, 43.6388561 ], [ -79.4600281, 43.6388966 ], [ -79.4597815, 43.6389368 ], [ -79.4595377, 43.6389736 ], [ -79.4592925, 43.6390085 ], [ -79.4591686, 43.6390223 ], [ -79.4589213, 43.639051 ], [ -79.4578815, 43.6391746 ], [ -79.4575179, 43.6392065 ], [ -79.4571628, 43.6392379 ], [ -79.4569056, 43.6392509 ], [ -79.4565081, 43.6392657 ], [ -79.4560615, 43.6392736 ], [ -79.4555757, 43.6392736 ], [ -79.455331, 43.6392732 ], [ -79.4546029, 43.6392494 ], [ -79.4542385, 43.6392319 ], [ -79.4533137, 43.6391681 ], [ -79.4524393, 43.6390962 ], [ -79.4516699, 43.6390194 ], [ -79.4503447, 43.6388433 ], [ -79.449272, 43.6386929 ], [ -79.4487204, 43.638595 ], [ -79.4482763, 43.63851 ], [ -79.4477304, 43.6383874 ], [ -79.4468949, 43.6381723 ], [ -79.4467628, 43.6384381 ], [ -79.4466804, 43.6384418 ], [ -79.446597, 43.6384658 ], [ -79.4465025, 43.6384707 ], [ -79.4462194, 43.6387154 ], [ -79.4461905, 43.6388066 ], [ -79.446186, 43.6388691 ], [ -79.4461895, 43.6389311 ], [ -79.4462192, 43.6390375 ], [ -79.4470161, 43.6410766 ], [ -79.4512276, 43.6519435 ], [ -79.4514166, 43.6525052 ], [ -79.4515694, 43.6530063 ], [ -79.4517344, 43.6535538 ], [ -79.4517653, 43.653665 ], [ -79.4518245, 43.6539128 ], [ -79.4518363, 43.6539639 ], [ -79.4518646, 43.6540775 ], [ -79.4520356, 43.6547323 ], [ -79.4521145, 43.6550279 ], [ -79.4521423, 43.6551365 ], [ -79.4521677, 43.655237 ], [ -79.4524201, 43.6562365 ], [ -79.4524437, 43.6563318 ], [ -79.4528293, 43.6562496 ], [ -79.4529844, 43.6562166 ], [ -79.4537898, 43.6560436 ], [ -79.4542552, 43.6559384 ], [ -79.454347, 43.6559187 ], [ -79.469991, 43.65252 ], [ -79.4701046, 43.6524966 ], [ -79.4705294, 43.6524051 ], [ -79.4712135, 43.6522589 ], [ -79.4717709, 43.6521348 ], [ -79.4728488, 43.6519 ], [ -79.4736961, 43.6517115 ], [ -79.4739294, 43.6516596 ], [ -79.4740299, 43.6516359 ], [ -79.4741364, 43.6516139 ], [ -79.4743918, 43.6515589 ], [ -79.4751524, 43.651395 ], [ -79.4755333, 43.6513098 ], [ -79.4758765, 43.6512303 ], [ -79.4761335, 43.6511707 ], [ -79.476271, 43.6511446 ], [ -79.4763844, 43.651112 ], [ -79.4767092, 43.6510437 ], [ -79.4768505, 43.6510138 ], [ -79.4771972, 43.6509381 ], [ -79.4774185, 43.650894 ], [ -79.4776404, 43.6508498 ], [ -79.4778913, 43.6507937 ], [ -79.4781279, 43.6507408 ], [ -79.4789559, 43.6505634 ], [ -79.4790469, 43.6505438 ], [ -79.4791272, 43.6505257 ], [ -79.4795926, 43.6504181 ], [ -79.4798626, 43.6503556 ], [ -79.4803153, 43.6502509 ], [ -79.4804162, 43.650231 ], [ -79.4805186, 43.6502046 ], [ -79.4808797, 43.6501293 ], [ -79.4809653, 43.6501114 ], [ -79.4817773, 43.649942 ], [ -79.4828211, 43.6497124 ], [ -79.4829279, 43.6496889 ], [ -79.4830533, 43.6496624 ], [ -79.4836602, 43.6495198 ], [ -79.484124, 43.6494038 ], [ -79.4843297, 43.6493496 ], [ -79.4844411, 43.6493223 ], [ -79.4845498, 43.6492889 ], [ -79.4846371, 43.649252 ], [ -79.4847221, 43.6492065 ], [ -79.4848668, 43.6491057 ], [ -79.4852393, 43.6487685 ], [ -79.4853343, 43.6486843 ], [ -79.4854494, 43.6485823 ], [ -79.4854831, 43.6485524 ], [ -79.4855435, 43.6484989 ], [ -79.4856502, 43.6484027 ], [ -79.4856642, 43.6483919 ], [ -79.4857035, 43.6483534 ], [ -79.4857398, 43.6483244 ], [ -79.4858825, 43.6482374 ], [ -79.4861332, 43.6481137 ], [ -79.4863395, 43.6480348 ], [ -79.4865501, 43.6479836 ], [ -79.486724, 43.6479435 ], [ -79.4869835, 43.6478887 ], [ -79.4873965, 43.6478031 ], [ -79.4877262, 43.6477558 ], [ -79.488046, 43.6477381 ], [ -79.4881914, 43.6477379 ], [ -79.4884722, 43.6477502 ], [ -79.4887623, 43.6477656 ], [ -79.4894152, 43.6478021 ], [ -79.4896747, 43.6478193 ], [ -79.4899262, 43.6478453 ], [ -79.490169, 43.6478931 ], [ -79.490441, 43.6479627 ], [ -79.4908241, 43.6480905 ], [ -79.4910836, 43.6481794 ], [ -79.4912347, 43.6482312 ], [ -79.4919737, 43.6484747 ], [ -79.4920396, 43.6483937 ], [ -79.492274, 43.6481102 ] ] ] } },
{ "type": "Feature", "properties": { "name": "Junction Area", "overture_id": "6160dbd4-19c7-4293-9504-4576e7ce19f5", "division_id": "e673e449-dff3-45ba-898d-d8d2cdc5e74a" }, "geometry": { "type": "Polygon", "coordinates": [ [ [ -79.4573414, 43.6645111 ], [ -79.4599948, 43.6672019 ], [ -79.467609, 43.674918 ], [ -79.4695294, 43.6768346 ], [ -79.4709667, 43.6780896 ], [ -79.4713398, 43.6783776 ], [ -79.4724917, 43.6792257 ], [ -79.4726387, 43.6792212 ], [ -79.4734542, 43.6790236 ], [ -79.4738288, 43.679388 ], [ -79.4744195, 43.679248 ], [ -79.4748485, 43.6791473 ], [ -79.476005, 43.6788757 ], [ -79.4758416, 43.6784866 ], [ -79.4757985, 43.6783794 ], [ -79.4748858, 43.6776699 ], [ -79.4736799, 43.6767322 ], [ -79.4736595, 43.6766613 ], [ -79.4736255, 43.6765574 ], [ -79.4736596, 43.6762953 ], [ -79.4738808, 43.6756889 ], [ -79.4735037, 43.6752109 ], [ -79.4741952, 43.6749904 ], [ -79.4749579, 43.6748208 ], [ -79.4750462, 43.6748012 ], [ -79.4783691, 43.6740866 ], [ -79.4782451, 43.6737962 ], [ -79.478587, 43.6737153 ], [ -79.4788428, 43.673651 ], [ -79.478572, 43.6730095 ], [ -79.4807813, 43.6725164 ], [ -79.4804009, 43.671575 ], [ -79.4802636, 43.6712414 ], [ -79.480079, 43.6707792 ], [ -79.4803007, 43.6707302 ], [ -79.4812028, 43.670531 ], [ -79.4817197, 43.6704151 ], [ -79.4823865, 43.6702665 ], [ -79.4833855, 43.6700437 ], [ -79.4838865, 43.6699263 ], [ -79.4839405, 43.6699132 ], [ -79.4835523, 43.668994 ], [ -79.4830919, 43.6679265 ], [ -79.4828345, 43.6672912 ], [ -79.4826443, 43.6668273 ], [ -79.4821058, 43.6655793 ], [ -79.4822677, 43.6655819 ], [ -79.4822284, 43.6654953 ], [ -79.4824269, 43.6654909 ], [ -79.4823079, 43.6651938 ], [ -79.4826774, 43.6651051 ], [ -79.4823872, 43.6644143 ], [ -79.4822685, 43.6641317 ], [ -79.4822471, 43.6641273 ], [ -79.4820585, 43.6636752 ], [ -79.4818821, 43.6632451 ], [ -79.4818658, 43.6632501 ], [ -79.4818426, 43.6631995 ], [ -79.4818589, 43.6631962 ], [ -79.4814596, 43.6622414 ], [ -79.4812437, 43.6617235 ], [ -79.4812228, 43.6617286 ], [ -79.4812042, 43.6616746 ], [ -79.4812248, 43.6616688 ], [ -79.4808097, 43.6603268 ], [ -79.4802613, 43.6604549 ], [ -79.4801393, 43.6604769 ], [ -79.4800946, 43.6603126 ], [ -79.4800385, 43.6601433 ], [ -79.4800074, 43.66006 ], [ -79.4798857, 43.660085 ], [ -79.47958, 43.6601475 ], [ -79.4787859, 43.6603228 ], [ -79.4776656, 43.6605729 ], [ -79.477577, 43.6605928 ], [ -79.4765503, 43.660827 ], [ -79.4753211, 43.6610955 ], [ -79.4752084, 43.661121 ], [ -79.4751143, 43.6611421 ], [ -79.4748646, 43.6612142 ], [ -79.4747437, 43.6612582 ], [ -79.4746613, 43.6612936 ], [ -79.4745502, 43.6613473 ], [ -79.4744909, 43.6613797 ], [ -79.4743937, 43.6614369 ], [ -79.4740197, 43.6617026 ], [ -79.473885, 43.6617873 ], [ -79.473773, 43.6618496 ], [ -79.4735462, 43.6619391 ], [ -79.4733151, 43.6620114 ], [ -79.4727407, 43.6621399 ], [ -79.4723424, 43.6622256 ], [ -79.4722512, 43.6622456 ], [ -79.4721495, 43.6622688 ], [ -79.4717497, 43.6623541 ], [ -79.4715179, 43.6624031 ], [ -79.4709666, 43.6625254 ], [ -79.4708504, 43.6625524 ], [ -79.4702318, 43.6611072 ], [ -79.4701949, 43.6610044 ], [ -79.4701507, 43.6609292 ], [ -79.4692807, 43.6602624 ], [ -79.4560027, 43.6631359 ], [ -79.4573414, 43.6645111 ] ] ] } },
{ "type": "Feature", "properties": { "name": "Keelesdale-Eglinton West", "overture_id": "e337d01c-91d2-46be-ba12-a49615ee1308", "division_id": "ece92a5a-b86f-4cdc-b993-b76237813726" }, "geometry": { "type": "Polygon", "coordinates": [ [ [ -79.4823021, 43.6885146 ], [ -79.4852659, 43.6878377 ], [ -79.4870751, 43.6874631 ], [ -79.4830705, 43.6852396 ], [ -79.4814585, 43.6844405 ], [ -79.4800356, 43.6837441 ], [ -79.4792242, 43.6833446 ], [ -79.4783954, 43.6829062 ], [ -79.4777477, 43.6825658 ], [ -79.4772233, 43.6822535 ], [ -79.4766761, 43.6819441 ], [ -79.475724, 43.6813864 ], [ -79.4748455, 43.6808472 ], [ -79.4743579, 43.6805113 ], [ -79.4734498, 43.6798857 ], [ -79.4726166, 43.6793118 ], [ -79.4724917, 43.6792257 ], [ -79.4724229, 43.6792278 ], [ -79.4717824, 43.6792441 ], [ -79.4705694, 43.6794993 ], [ -79.4704809, 43.6792767 ], [ -79.4704297, 43.6792863 ], [ -79.4703882, 43.6792941 ], [ -79.4683353, 43.6797289 ], [ -79.4660907, 43.6802047 ], [ -79.4660128, 43.6802103 ], [ -79.4653322, 43.6803651 ], [ -79.4654802, 43.6807284 ], [ -79.4648685, 43.6808586 ], [ -79.4642365, 43.6809946 ], [ -79.4637881, 43.681091 ], [ -79.4627094, 43.6813233 ], [ -79.4616595, 43.6815511 ], [ -79.4611829, 43.6816608 ], [ -79.461126, 43.6816723 ], [ -79.4611339, 43.6816928 ], [ -79.4611505, 43.6817358 ], [ -79.4611606, 43.6817608 ], [ -79.4610975, 43.6817743 ], [ -79.4610663, 43.681781 ], [ -79.4609863, 43.6817987 ], [ -79.4608879, 43.6818207 ], [ -79.4608351, 43.6818317 ], [ -79.4605608, 43.6818927 ], [ -79.4605121, 43.681895 ], [ -79.4604432, 43.68191 ], [ -79.4612789, 43.6832204 ], [ -79.4616866, 43.6840429 ], [ -79.4622016, 43.6860135 ], [ -79.4630814, 43.6893806 ], [ -79.4646274, 43.6921732 ], [ -79.4648944, 43.6920878 ], [ -79.4655618, 43.6919369 ], [ -79.4664453, 43.6918199 ], [ -79.467432, 43.6917245 ], [ -79.4678631, 43.6917129 ], [ -79.4681769, 43.6916992 ], [ -79.4688528, 43.6915489 ], [ -79.4696601, 43.691352 ], [ -79.4716349, 43.6909118 ], [ -79.4751097, 43.6901224 ], [ -79.4776122, 43.6896123 ], [ -79.4781353, 43.6894785 ], [ -79.4789962, 43.6891585 ], [ -79.4794697, 43.689015 ], [ -79.4799095, 43.6889287 ], [ -79.4810227, 43.6888133 ], [ -79.4823021, 43.6885146 ] ] ] } },
{ "type": "Feature", "properties": { "name": "Westminster-Branson", "overture_id": "e020fc65-33c2-40e1-a417-52f3ae1a5ee5", "division_id": "abba657d-21e5-4d4c-9faa-0dd8af41c833" }, "geometry": { "type": "Polygon", "coordinates": [ [ [ -79.4453788, 43.7907535 ], [ -79.4453788, 43.7909703 ], [ -79.4455129, 43.7915705 ], [ -79.4457565, 43.7924485 ], [ -79.4465072, 43.7922818 ], [ -79.4467618, 43.7922246 ], [ -79.4469851, 43.7921745 ], [ -79.4476572, 43.7920142 ], [ -79.4481327, 43.7919195 ], [ -79.4483932, 43.7918622 ], [ -79.4486897, 43.7917971 ], [ -79.448928, 43.791745 ], [ -79.4491091, 43.7917053 ], [ -79.4492516, 43.791674 ], [ -79.4571698, 43.7899606 ], [ -79.4647621, 43.7883493 ], [ -79.4659522, 43.788109 ], [ -79.4667282, 43.7879567 ], [ -79.4668788, 43.787923 ], [ -79.4667966, 43.7877726 ], [ -79.4667198, 43.7875886 ], [ -79.4666668, 43.7873989 ], [ -79.466587, 43.7872367 ], [ -79.4665012, 43.7871123 ], [ -79.4663951, 43.7869821 ], [ -79.4663211, 43.7869016 ], [ -79.466181, 43.7868899 ], [ -79.4660335, 43.7868555 ], [ -79.4659721, 43.7867243 ], [ -79.4660683, 43.7866055 ], [ -79.4662317, 43.7864752 ], [ -79.466269, 43.7863279 ], [ -79.4662522, 43.7861555 ], [ -79.466246, 43.7859846 ], [ -79.4663111, 43.785858 ], [ -79.4663272, 43.7857491 ], [ -79.4663751, 43.7855983 ], [ -79.4664901, 43.7854875 ], [ -79.46664, 43.785402 ], [ -79.4668774, 43.7853468 ], [ -79.4670792, 43.785295 ], [ -79.4671764, 43.7851989 ], [ -79.4671895, 43.7850484 ], [ -79.4672981, 43.7849705 ], [ -79.4675109, 43.7849608 ], [ -79.4676669, 43.7849496 ], [ -79.4677836, 43.7849872 ], [ -79.4680206, 43.784993 ], [ -79.468251, 43.784968 ], [ -79.4684555, 43.7848797 ], [ -79.4685477, 43.7847461 ], [ -79.4685316, 43.7846142 ], [ -79.4684535, 43.7844721 ], [ -79.4683308, 43.7843445 ], [ -79.468029, 43.7841564 ], [ -79.4678658, 43.784101 ], [ -79.4676626, 43.7840456 ], [ -79.4674436, 43.7840037 ], [ -79.4672587, 43.7839847 ], [ -79.4670648, 43.7839838 ], [ -79.4666935, 43.7840419 ], [ -79.4664811, 43.7840894 ], [ -79.4662809, 43.7841422 ], [ -79.4659356, 43.7842768 ], [ -79.4657414, 43.7843055 ], [ -79.4655185, 43.7843026 ], [ -79.4653408, 43.7842828 ], [ -79.4647359, 43.784222 ], [ -79.4645311, 43.7842174 ], [ -79.4643437, 43.7841918 ], [ -79.4641693, 43.784163 ], [ -79.4640194, 43.7841401 ], [ -79.4638057, 43.7841131 ], [ -79.4635833, 43.7840923 ], [ -79.4633895, 43.7840097 ], [ -79.4632262, 43.7839064 ], [ -79.4631471, 43.7837766 ], [ -79.4631276, 43.7836181 ], [ -79.4631149, 43.7834821 ], [ -79.4630656, 43.7833487 ], [ -79.4630093, 43.7832252 ], [ -79.4629436, 43.7831074 ], [ -79.4628376, 43.7829912 ], [ -79.4627018, 43.7829166 ], [ -79.4625218, 43.7828706 ], [ -79.4624118, 43.7827489 ], [ -79.4623545, 43.7826194 ], [ -79.4623374, 43.7824795 ], [ -79.462267, 43.7823432 ], [ -79.462151, 43.782236 ], [ -79.4620159, 43.7821604 ], [ -79.4617265, 43.7820193 ], [ -79.4615845, 43.7819167 ], [ -79.461474, 43.7817971 ], [ -79.4613255, 43.7816814 ], [ -79.4612008, 43.7815877 ], [ -79.4610208, 43.7814612 ], [ -79.4608841, 43.78134 ], [ -79.460808, 43.781157 ], [ -79.4607941, 43.7811069 ], [ -79.4607696, 43.7810561 ], [ -79.460658, 43.7809746 ], [ -79.460489, 43.7810035 ], [ -79.4603616, 43.7809474 ], [ -79.4602329, 43.7808564 ], [ -79.4600743, 43.780754 ], [ -79.4599169, 43.7806607 ], [ -79.4597189, 43.7805684 ], [ -79.4595294, 43.7805003 ], [ -79.4593397, 43.7804882 ], [ -79.4591556, 43.7805091 ], [ -79.4590269, 43.7805902 ], [ -79.4590208, 43.7806018 ], [ -79.4589065, 43.7807151 ], [ -79.4587731, 43.780908 ], [ -79.4587224, 43.7809535 ], [ -79.4585997, 43.7810452 ], [ -79.4584435, 43.7811251 ], [ -79.4582883, 43.7811583 ], [ -79.4582182, 43.7811157 ], [ -79.4582557, 43.7810443 ], [ -79.4583161, 43.7809501 ], [ -79.4583335, 43.780862 ], [ -79.4582822, 43.7808192 ], [ -79.4581722, 43.7808274 ], [ -79.4580334, 43.7808618 ], [ -79.4579091, 43.780833 ], [ -79.457893, 43.7807221 ], [ -79.4579295, 43.780595 ], [ -79.457839, 43.7804655 ], [ -79.4578115, 43.7803222 ], [ -79.4578635, 43.7802735 ], [ -79.4578482, 43.7801788 ], [ -79.4579136, 43.7800513 ], [ -79.4579091, 43.7799246 ], [ -79.4577485, 43.7797444 ], [ -79.4575929, 43.7797451 ], [ -79.4574249, 43.7797737 ], [ -79.4573049, 43.7797248 ], [ -79.4573012, 43.7795703 ], [ -79.4572895, 43.7794316 ], [ -79.4572338, 43.7791576 ], [ -79.4571654, 43.7790651 ], [ -79.4568689, 43.7788959 ], [ -79.456733, 43.7788415 ], [ -79.4566307, 43.7786772 ], [ -79.4566719, 43.7785943 ], [ -79.4567068, 43.7784548 ], [ -79.4568124, 43.7783457 ], [ -79.4569857, 43.778296 ], [ -79.4571545, 43.7782885 ], [ -79.4573274, 43.7783085 ], [ -79.4574764, 43.7782169 ], [ -79.4575431, 43.7780686 ], [ -79.4575934, 43.777927 ], [ -79.4577726, 43.7778175 ], [ -79.4578888, 43.7777483 ], [ -79.4580039, 43.7776337 ], [ -79.4580774, 43.7775015 ], [ -79.4580814, 43.7773604 ], [ -79.4581488, 43.7772396 ], [ -79.4582551, 43.7771002 ], [ -79.4583526, 43.7769353 ], [ -79.4584669, 43.7767992 ], [ -79.4586355, 43.7766771 ], [ -79.4595093, 43.7764175 ], [ -79.4599495, 43.7763165 ], [ -79.4603308, 43.7762783 ], [ -79.4605688, 43.7762502 ], [ -79.4606623, 43.7762374 ], [ -79.4609631, 43.776205 ], [ -79.4612598, 43.7761246 ], [ -79.4614164, 43.7759597 ], [ -79.4615273, 43.7757315 ], [ -79.4616487, 43.7755591 ], [ -79.4617855, 43.7754114 ], [ -79.4620289, 43.7752572 ], [ -79.462726, 43.7748352 ], [ -79.4630237, 43.7747176 ], [ -79.4633382, 43.7746173 ], [ -79.4636714, 43.7745321 ], [ -79.4640081, 43.7744546 ], [ -79.4642937, 43.7744319 ], [ -79.4646149, 43.7744304 ], [ -79.4649824, 43.7743975 ], [ -79.4653237, 43.7743239 ], [ -79.4656596, 43.7742135 ], [ -79.4659191, 43.7740227 ], [ -79.4660197, 43.773769 ], [ -79.466007, 43.7736627 ], [ -79.4659902, 43.7735216 ], [ -79.4658793, 43.7733093 ], [ -79.465779, 43.7730505 ], [ -79.4656516, 43.7728326 ], [ -79.4655161, 43.7726365 ], [ -79.4653411, 43.7724777 ], [ -79.4648825, 43.7722758 ], [ -79.4646632, 43.7722027 ], [ -79.4644111, 43.7721489 ], [ -79.4641422, 43.7721005 ], [ -79.4638103, 43.7719978 ], [ -79.4635279, 43.7718763 ], [ -79.4627964, 43.7715863 ], [ -79.4625322, 43.7715228 ], [ -79.4622754, 43.7714831 ], [ -79.4620293, 43.7714671 ], [ -79.4618368, 43.7714463 ], [ -79.4616846, 43.7714391 ], [ -79.4615304, 43.7714633 ], [ -79.4609658, 43.7715955 ], [ -79.4607525, 43.7716003 ], [ -79.4605349, 43.7716315 ], [ -79.4603053, 43.7716342 ], [ -79.4601229, 43.7716294 ], [ -79.459848, 43.7716323 ], [ -79.4593363, 43.7716763 ], [ -79.4590279, 43.7716841 ], [ -79.4585377, 43.7715165 ], [ -79.4583345, 43.7713722 ], [ -79.4581166, 43.7712977 ], [ -79.4578752, 43.7713422 ], [ -79.4576901, 43.771472 ], [ -79.4575493, 43.7716013 ], [ -79.4573595, 43.7716836 ], [ -79.4571919, 43.7717431 ], [ -79.4568083, 43.7719097 ], [ -79.456658, 43.7719815 ], [ -79.456465, 43.7720574 ], [ -79.4562429, 43.7720296 ], [ -79.4561023, 43.7718872 ], [ -79.4560265, 43.7717034 ], [ -79.4561237, 43.7713863 ], [ -79.4561183, 43.771333 ], [ -79.4560556, 43.7712483 ], [ -79.4560297, 43.7711698 ], [ -79.4559195, 43.7710149 ], [ -79.4557473, 43.7708802 ], [ -79.4555839, 43.7707204 ], [ -79.4555003, 43.7705525 ], [ -79.4554736, 43.7703789 ], [ -79.4555504, 43.7700513 ], [ -79.4555242, 43.7698649 ], [ -79.4555028, 43.7696736 ], [ -79.4554552, 43.769494 ], [ -79.4553606, 43.76934 ], [ -79.4551789, 43.7693253 ], [ -79.4549726, 43.7693784 ], [ -79.4547819, 43.7694346 ], [ -79.4543367, 43.7694661 ], [ -79.4538237, 43.7694603 ], [ -79.4535991, 43.7694719 ], [ -79.453382, 43.7695065 ], [ -79.4531354, 43.769558 ], [ -79.452895, 43.7695702 ], [ -79.452661, 43.7695496 ], [ -79.4525044, 43.7694337 ], [ -79.452459, 43.7692966 ], [ -79.4524008, 43.7691456 ], [ -79.4522975, 43.7689073 ], [ -79.4521708, 43.7688269 ], [ -79.4519455, 43.768849 ], [ -79.4517249, 43.768925 ], [ -79.4515428, 43.7690342 ], [ -79.4513856, 43.7691581 ], [ -79.451232, 43.7692904 ], [ -79.4510141, 43.7693948 ], [ -79.4507771, 43.7694497 ], [ -79.4505304, 43.7694282 ], [ -79.4504391, 43.769286 ], [ -79.4504294, 43.7690664 ], [ -79.4503828, 43.7688872 ], [ -79.4503059, 43.7687157 ], [ -79.4501974, 43.7685584 ], [ -79.4500089, 43.7684667 ], [ -79.4497525, 43.7684566 ], [ -79.449507, 43.7684425 ], [ -79.4492656, 43.7683742 ], [ -79.4490366, 43.768281 ], [ -79.4487979, 43.7681725 ], [ -79.4485756, 43.7680505 ], [ -79.4483399, 43.7679638 ], [ -79.4481086, 43.7679263 ], [ -79.4478913, 43.7678488 ], [ -79.4476898, 43.7677401 ], [ -79.4474783, 43.7676367 ], [ -79.4472671, 43.7675512 ], [ -79.4471125, 43.7674176 ], [ -79.4471115, 43.767242 ], [ -79.4470424, 43.767051 ], [ -79.4468886, 43.7668914 ], [ -79.4466599, 43.7668132 ], [ -79.4461697, 43.7667561 ], [ -79.4459432, 43.7667391 ], [ -79.4459119, 43.7666822 ], [ -79.4458975, 43.7665159 ], [ -79.4460011, 43.7663643 ], [ -79.4459122, 43.7661697 ], [ -79.4458802, 43.7660065 ], [ -79.445883, 43.7658278 ], [ -79.445766, 43.7656375 ], [ -79.4456222, 43.765453 ], [ -79.4454862, 43.765053 ], [ -79.4454907, 43.7648769 ], [ -79.4455062, 43.7647522 ], [ -79.4454619, 43.7646645 ], [ -79.4453818, 43.7645452 ], [ -79.445242, 43.7643765 ], [ -79.4450412, 43.7641727 ], [ -79.4448081, 43.7640152 ], [ -79.444443, 43.7638912 ], [ -79.4441969, 43.7637164 ], [ -79.4440115, 43.7635919 ], [ -79.4437888, 43.7634187 ], [ -79.4436079, 43.7632349 ], [ -79.4434245, 43.7629994 ], [ -79.4432522, 43.7627527 ], [ -79.4430991, 43.762423 ], [ -79.4430231, 43.7622747 ], [ -79.4428578, 43.7620715 ], [ -79.4426791, 43.7618783 ], [ -79.4425487, 43.7617241 ], [ -79.4424823, 43.7616432 ], [ -79.4423305, 43.7614441 ], [ -79.4421216, 43.7612875 ], [ -79.4418477, 43.7612078 ], [ -79.4415597, 43.7612037 ], [ -79.4413055, 43.761216 ], [ -79.4409806, 43.7613129 ], [ -79.4406668, 43.7614257 ], [ -79.4403858, 43.7615119 ], [ -79.4399527, 43.7615551 ], [ -79.4404145, 43.7634029 ], [ -79.4430278, 43.7738576 ], [ -79.4460815, 43.7860715 ], [ -79.4466072, 43.7880582 ], [ -79.4466662, 43.7884222 ], [ -79.4466716, 43.7887359 ], [ -79.446559, 43.7890109 ], [ -79.4463015, 43.7894213 ], [ -79.4457114, 43.7901339 ], [ -79.4454163, 43.7905676 ], [ -79.4453788, 43.7907535 ] ] ] } },
{ "type": "Feature", "properties": { "name": "Bathurst Manor", "overture_id": "76712f0d-5ec5-4ea2-8bc9-8ef8256a808b", "division_id": "1dfacd61-60d6-4e8a-914b-9ce6a5d847e7" }, "geometry": { "type": "Polygon", "coordinates": [ [ [ -79.4646175, 43.7584932 ], [ -79.4646053, 43.7583988 ], [ -79.4639259, 43.7552921 ], [ -79.4627713, 43.7503767 ], [ -79.4595133, 43.751084 ], [ -79.4519904, 43.7526745 ], [ -79.4405538, 43.7551197 ], [ -79.4401279, 43.7552003 ], [ -79.4393122, 43.7553651 ], [ -79.4390776, 43.7554133 ], [ -79.4387732, 43.7554477 ], [ -79.4384805, 43.7554588 ], [ -79.4384265, 43.7554595 ], [ -79.4381992, 43.7554716 ], [ -79.4379015, 43.755506 ], [ -79.4372524, 43.7556387 ], [ -79.4369962, 43.75569 ], [ -79.4359052, 43.7559375 ], [ -79.4355954, 43.7560087 ], [ -79.4308633, 43.757074 ], [ -79.4300102, 43.7572847 ], [ -79.4300942, 43.7574002 ], [ -79.4301984, 43.7574784 ], [ -79.4302717, 43.7575164 ], [ -79.4304068, 43.7575749 ], [ -79.4305888, 43.7576038 ], [ -79.4307382, 43.7576064 ], [ -79.4309652, 43.757565 ], [ -79.431823, 43.7573642 ], [ -79.4322239, 43.7572757 ], [ -79.432569, 43.7572089 ], [ -79.432875, 43.75719 ], [ -79.4330246, 43.7571968 ], [ -79.4331975, 43.7572278 ], [ -79.4333551, 43.7572749 ], [ -79.4335715, 43.7574045 ], [ -79.433677, 43.7574506 ], [ -79.4337555, 43.7575281 ], [ -79.433813, 43.7577161 ], [ -79.4337995, 43.7578717 ], [ -79.4337407, 43.757945 ], [ -79.4337192, 43.7579746 ], [ -79.4337184, 43.7580053 ], [ -79.433734, 43.7580317 ], [ -79.4337661, 43.7580533 ], [ -79.4338218, 43.7580632 ], [ -79.4339009, 43.7580666 ], [ -79.4343439, 43.7581764 ], [ -79.4346554, 43.7582755 ], [ -79.4351008, 43.7586637 ], [ -79.4352047, 43.758821 ], [ -79.4352566, 43.758885 ], [ -79.4353008, 43.7589396 ], [ -79.4354537, 43.7590164 ], [ -79.4356521, 43.7590475 ], [ -79.4358683, 43.7590311 ], [ -79.4363498, 43.7591364 ], [ -79.4365863, 43.7591536 ], [ -79.4369125, 43.7591156 ], [ -79.4371058, 43.7590251 ], [ -79.4372002, 43.7590111 ], [ -79.4374561, 43.7590014 ], [ -79.43765, 43.7590364 ], [ -79.4377995, 43.7590634 ], [ -79.4379454, 43.7591626 ], [ -79.4380827, 43.7593113 ], [ -79.4381751, 43.759451 ], [ -79.4382079, 43.7595796 ], [ -79.438159, 43.7597092 ], [ -79.4380815, 43.7597889 ], [ -79.4379964, 43.7598438 ], [ -79.4378124, 43.7599196 ], [ -79.4377221, 43.7599919 ], [ -79.4376345, 43.7601401 ], [ -79.4376106, 43.7603156 ], [ -79.4376621, 43.7604644 ], [ -79.4377565, 43.7606007 ], [ -79.437911, 43.7606689 ], [ -79.4380913, 43.7606689 ], [ -79.4382715, 43.7606999 ], [ -79.4384307, 43.7607973 ], [ -79.4384996, 43.7609105 ], [ -79.4385271, 43.7610984 ], [ -79.4385841, 43.7611734 ], [ -79.4386063, 43.7612578 ], [ -79.438735, 43.7613756 ], [ -79.4389167, 43.7614606 ], [ -79.4390697, 43.7614686 ], [ -79.4391963, 43.761522 ], [ -79.4394337, 43.7615772 ], [ -79.4396079, 43.7616043 ], [ -79.4399527, 43.7615551 ], [ -79.4403858, 43.7615119 ], [ -79.4406668, 43.7614257 ], [ -79.4409806, 43.7613129 ], [ -79.4413055, 43.761216 ], [ -79.4415597, 43.7612037 ], [ -79.4418477, 43.7612078 ], [ -79.4421216, 43.7612875 ], [ -79.4423305, 43.7614441 ], [ -79.4424823, 43.7616432 ], [ -79.4425487, 43.7617241 ], [ -79.4426791, 43.7618783 ], [ -79.4428578, 43.7620715 ], [ -79.4430231, 43.7622747 ], [ -79.4430991, 43.762423 ], [ -79.4432522, 43.7627527 ], [ -79.4434245, 43.7629994 ], [ -79.4436079, 43.7632349 ], [ -79.4437888, 43.7634187 ], [ -79.4440115, 43.7635919 ], [ -79.4441969, 43.7637164 ], [ -79.444443, 43.7638912 ], [ -79.4448081, 43.7640152 ], [ -79.4450412, 43.7641727 ], [ -79.445242, 43.7643765 ], [ -79.4453818, 43.7645452 ], [ -79.4454619, 43.7646645 ], [ -79.4455062, 43.7647522 ], [ -79.4454907, 43.7648769 ], [ -79.4454862, 43.765053 ], [ -79.4456222, 43.765453 ], [ -79.445766, 43.7656375 ], [ -79.445883, 43.7658278 ], [ -79.4458802, 43.7660065 ], [ -79.4459122, 43.7661697 ], [ -79.4460011, 43.7663643 ], [ -79.4458975, 43.7665159 ], [ -79.4459119, 43.7666822 ], [ -79.4459432, 43.7667391 ], [ -79.4461697, 43.7667561 ], [ -79.4466599, 43.7668132 ], [ -79.4468886, 43.7668914 ], [ -79.4470424, 43.767051 ], [ -79.4471115, 43.767242 ], [ -79.4471125, 43.7674176 ], [ -79.4472671, 43.7675512 ], [ -79.4474783, 43.7676367 ], [ -79.4476898, 43.7677401 ], [ -79.4478913, 43.7678488 ], [ -79.4481086, 43.7679263 ], [ -79.4483399, 43.7679638 ], [ -79.4485756, 43.7680505 ], [ -79.4487979, 43.7681725 ], [ -79.4490366, 43.768281 ], [ -79.4492656, 43.7683742 ], [ -79.449507, 43.7684425 ], [ -79.4497525, 43.7684566 ], [ -79.4500089, 43.7684667 ], [ -79.4501974, 43.7685584 ], [ -79.4503059, 43.7687157 ], [ -79.4503828, 43.7688872 ], [ -79.4504294, 43.7690664 ], [ -79.4504391, 43.769286 ], [ -79.4505304, 43.7694282 ], [ -79.4507771, 43.7694497 ], [ -79.4510141, 43.7693948 ], [ -79.451232, 43.7692904 ], [ -79.4513856, 43.7691581 ], [ -79.4515428, 43.7690342 ], [ -79.4517249, 43.768925 ], [ -79.4519455, 43.768849 ], [ -79.4521708, 43.7688269 ], [ -79.4522975, 43.7689073 ], [ -79.4524008, 43.7691456 ], [ -79.452459, 43.7692966 ], [ -79.4525044, 43.7694337 ], [ -79.452661, 43.7695496 ], [ -79.452895, 43.7695702 ], [ -79.4531354, 43.769558 ], [ -79.453382, 43.7695065 ], [ -79.4535991, 43.7694719 ], [ -79.4538237, 43.7694603 ], [ -79.4543367, 43.7694661 ], [ -79.4547819, 43.7694346 ], [ -79.4549726, 43.7693784 ], [ -79.4551789, 43.7693253 ], [ -79.4553606, 43.76934 ], [ -79.4554552, 43.769494 ], [ -79.4555028, 43.7696736 ], [ -79.4555242, 43.7698649 ], [ -79.4555504, 43.7700513 ], [ -79.4554736, 43.7703789 ], [ -79.4555003, 43.7705525 ], [ -79.4555839, 43.7707204 ], [ -79.4557473, 43.7708802 ], [ -79.4559195, 43.7710149 ], [ -79.4560297, 43.7711698 ], [ -79.4560556, 43.7712483 ], [ -79.4561183, 43.771333 ], [ -79.4561237, 43.7713863 ], [ -79.4560265, 43.7717034 ], [ -79.4561023, 43.7718872 ], [ -79.4562429, 43.7720296 ], [ -79.456465, 43.7720574 ], [ -79.456658, 43.7719815 ], [ -79.4568083, 43.7719097 ], [ -79.4571919, 43.7717431 ], [ -79.4573595, 43.7716836 ], [ -79.4575493, 43.7716013 ], [ -79.4576901, 43.771472 ], [ -79.4578752, 43.7713422 ], [ -79.4581166, 43.7712977 ], [ -79.4583345, 43.7713722 ], [ -79.4585377, 43.7715165 ], [ -79.4590279, 43.7716841 ], [ -79.4593363, 43.7716763 ], [ -79.459848, 43.7716323 ], [ -79.4601229, 43.7716294 ], [ -79.4603053, 43.7716342 ], [ -79.4605349, 43.7716315 ], [ -79.4607525, 43.7716003 ], [ -79.4609658, 43.7715955 ], [ -79.4615304, 43.7714633 ], [ -79.4616846, 43.7714391 ], [ -79.4618368, 43.7714463 ], [ -79.4620293, 43.7714671 ], [ -79.4622754, 43.7714831 ], [ -79.4625322, 43.7715228 ], [ -79.4627964, 43.7715863 ], [ -79.4635279, 43.7718763 ], [ -79.4638103, 43.7719978 ], [ -79.4641422, 43.7721005 ], [ -79.4644111, 43.7721489 ], [ -79.4646632, 43.7722027 ], [ -79.4648825, 43.7722758 ], [ -79.4653411, 43.7724777 ], [ -79.4655161, 43.7726365 ], [ -79.4656516, 43.7728326 ], [ -79.465779, 43.7730505 ], [ -79.4658793, 43.7733093 ], [ -79.4659902, 43.7735216 ], [ -79.466007, 43.7736627 ], [ -79.4660197, 43.773769 ], [ -79.4659191, 43.7740227 ], [ -79.4656596, 43.7742135 ], [ -79.4653237, 43.7743239 ], [ -79.4649824, 43.7743975 ], [ -79.4646149, 43.7744304 ], [ -79.4642937, 43.7744319 ], [ -79.4640081, 43.7744546 ], [ -79.4636714, 43.7745321 ], [ -79.4633382, 43.7746173 ], [ -79.4630237, 43.7747176 ], [ -79.462726, 43.7748352 ], [ -79.4620289, 43.7752572 ], [ -79.4617855, 43.7754114 ], [ -79.4616487, 43.7755591 ], [ -79.4615273, 43.7757315 ], [ -79.4614164, 43.7759597 ], [ -79.4612598, 43.7761246 ], [ -79.4609631, 43.776205 ], [ -79.4606623, 43.7762374 ], [ -79.4605688, 43.7762502 ], [ -79.4603308, 43.7762783 ], [ -79.4599495, 43.7763165 ], [ -79.4595093, 43.7764175 ], [ -79.4586355, 43.7766771 ], [ -79.4584669, 43.7767992 ], [ -79.4583526, 43.7769353 ], [ -79.4582551, 43.7771002 ], [ -79.4581488, 43.7772396 ], [ -79.4580814, 43.7773604 ], [ -79.4580774, 43.7775015 ], [ -79.4580039, 43.7776337 ], [ -79.4578888, 43.7777483 ], [ -79.4577726, 43.7778175 ], [ -79.4575934, 43.777927 ], [ -79.4575431, 43.7780686 ], [ -79.4574764, 43.7782169 ], [ -79.4573274, 43.7783085 ], [ -79.4571545, 43.7782885 ], [ -79.4569857, 43.778296 ], [ -79.4568124, 43.7783457 ], [ -79.4567068, 43.7784548 ], [ -79.4566719, 43.7785943 ], [ -79.4566307, 43.7786772 ], [ -79.456733, 43.7788415 ], [ -79.4568689, 43.7788959 ], [ -79.4571654, 43.7790651 ], [ -79.4572338, 43.7791576 ], [ -79.4572895, 43.7794316 ], [ -79.4573012, 43.7795703 ], [ -79.4573049, 43.7797248 ], [ -79.4574249, 43.7797737 ], [ -79.4575929, 43.7797451 ], [ -79.4577485, 43.7797444 ], [ -79.4579091, 43.7799246 ], [ -79.4579136, 43.7800513 ], [ -79.4578482, 43.7801788 ], [ -79.4578635, 43.7802735 ], [ -79.4578115, 43.7803222 ], [ -79.457839, 43.7804655 ], [ -79.4579295, 43.780595 ], [ -79.457893, 43.7807221 ], [ -79.4579091, 43.780833 ], [ -79.4580334, 43.7808618 ], [ -79.4581722, 43.7808274 ], [ -79.4582822, 43.7808192 ], [ -79.4583335, 43.780862 ], [ -79.4583161, 43.7809501 ], [ -79.4582557, 43.7810443 ], [ -79.4582182, 43.7811157 ], [ -79.4582883, 43.7811583 ], [ -79.4584435, 43.7811251 ], [ -79.4585997, 43.7810452 ], [ -79.4587224, 43.7809535 ], [ -79.4587731, 43.780908 ], [ -79.4589065, 43.7807151 ], [ -79.4590208, 43.7806018 ], [ -79.4590269, 43.7805902 ], [ -79.4591556, 43.7805091 ], [ -79.4593397, 43.7804882 ], [ -79.4595294, 43.7805003 ], [ -79.4597189, 43.7805684 ], [ -79.4599169, 43.7806607 ], [ -79.4600743, 43.780754 ], [ -79.4602329, 43.7808564 ], [ -79.4603616, 43.7809474 ], [ -79.460489, 43.7810035 ], [ -79.460658, 43.7809746 ], [ -79.4607696, 43.7810561 ], [ -79.4607941, 43.7811069 ], [ -79.460808, 43.781157 ], [ -79.4608841, 43.78134 ], [ -79.4610208, 43.7814612 ], [ -79.4612008, 43.7815877 ], [ -79.4613255, 43.7816814 ], [ -79.461474, 43.7817971 ], [ -79.4615845, 43.7819167 ], [ -79.4617265, 43.7820193 ], [ -79.4620159, 43.7821604 ], [ -79.462151, 43.782236 ], [ -79.462267, 43.7823432 ], [ -79.4623374, 43.7824795 ], [ -79.4623545, 43.7826194 ], [ -79.4624118, 43.7827489 ], [ -79.4625218, 43.7828706 ], [ -79.4627018, 43.7829166 ], [ -79.4628376, 43.7829912 ], [ -79.4629436, 43.7831074 ], [ -79.4630093, 43.7832252 ], [ -79.4630656, 43.7833487 ], [ -79.4631149, 43.7834821 ], [ -79.4631276, 43.7836181 ], [ -79.4631471, 43.7837766 ], [ -79.4632262, 43.7839064 ], [ -79.4633895, 43.7840097 ], [ -79.4635833, 43.7840923 ], [ -79.4638057, 43.7841131 ], [ -79.4640194, 43.7841401 ], [ -79.4641693, 43.784163 ], [ -79.4643437, 43.7841918 ], [ -79.4645311, 43.7842174 ], [ -79.4647359, 43.784222 ], [ -79.4653408, 43.7842828 ], [ -79.4655185, 43.7843026 ], [ -79.4657414, 43.7843055 ], [ -79.4659356, 43.7842768 ], [ -79.4662809, 43.7841422 ], [ -79.4664811, 43.7840894 ], [ -79.4666935, 43.7840419 ], [ -79.4670648, 43.7839838 ], [ -79.4672587, 43.7839847 ], [ -79.4674436, 43.7840037 ], [ -79.4676626, 43.7840456 ], [ -79.4678658, 43.784101 ], [ -79.468029, 43.7841564 ], [ -79.4683308, 43.7843445 ], [ -79.4684535, 43.7844721 ], [ -79.4685316, 43.7846142 ], [ -79.4685477, 43.7847461 ], [ -79.4684555, 43.7848797 ], [ -79.468251, 43.784968 ], [ -79.4680206, 43.784993 ], [ -79.4677836, 43.7849872 ], [ -79.4676669, 43.7849496 ], [ -79.4675109, 43.7849608 ], [ -79.4672981, 43.7849705 ], [ -79.4671895, 43.7850484 ], [ -79.4671764, 43.7851989 ], [ -79.4670792, 43.785295 ], [ -79.4668774, 43.7853468 ], [ -79.46664, 43.785402 ], [ -79.4664901, 43.7854875 ], [ -79.4663751, 43.7855983 ], [ -79.4663272, 43.7857491 ], [ -79.4663111, 43.785858 ], [ -79.466246, 43.7859846 ], [ -79.4662522, 43.7861555 ], [ -79.466269, 43.7863279 ], [ -79.4662317, 43.7864752 ], [ -79.4660683, 43.7866055 ], [ -79.4659721, 43.7867243 ], [ -79.4660335, 43.7868555 ], [ -79.466181, 43.7868899 ], [ -79.4663211, 43.7869016 ], [ -79.4663951, 43.7869821 ], [ -79.4665012, 43.7871123 ], [ -79.466587, 43.7872367 ], [ -79.4666668, 43.7873989 ], [ -79.4667198, 43.7875886 ], [ -79.4667966, 43.7877726 ], [ -79.4668788, 43.787923 ], [ -79.4670179, 43.7878918 ], [ -79.4671431, 43.7878655 ], [ -79.467449, 43.7878014 ], [ -79.4683122, 43.7876237 ], [ -79.4684849, 43.7875882 ], [ -79.4685834, 43.7875679 ], [ -79.468612, 43.787562 ], [ -79.4690392, 43.7874741 ], [ -79.4691809, 43.787445 ], [ -79.4700891, 43.7872688 ], [ -79.4700709, 43.7868005 ], [ -79.4700734, 43.7861705 ], [ -79.4701244, 43.7847403 ], [ -79.4701779, 43.7827379 ], [ -79.4701487, 43.7823852 ], [ -79.4700418, 43.7817815 ], [ -79.4669285, 43.7688626 ], [ -79.4653358, 43.7616248 ], [ -79.4652069, 43.7610226 ], [ -79.4651243, 43.76079 ], [ -79.4650301, 43.7602835 ], [ -79.4649961, 43.7600272 ], [ -79.4649669, 43.7597213 ], [ -79.4649523, 43.7594733 ], [ -79.4647129, 43.7589549 ], [ -79.4646096, 43.7585371 ], [ -79.4646175, 43.7584932 ] ] ] } },
{ "type": "Feature", "properties": { "name": "Newtonbrook West", "overture_id": "db8f869f-0ad2-4371-bd12-c13bb3e1967a", "division_id": "284df50f-8a10-46b9-8b45-30606549eff8" }, "geometry": { "type": "Polygon", "coordinates": [ [ [ -79.435032, 43.7947575 ], [ -79.435304, 43.794695 ], [ -79.4354496, 43.7946611 ], [ -79.4355627, 43.7946348 ], [ -79.4356531, 43.7946137 ], [ -79.4360032, 43.7945328 ], [ -79.4361855, 43.7944906 ], [ -79.4363798, 43.7944457 ], [ -79.4365438, 43.7944059 ], [ -79.4366898, 43.794376 ], [ -79.4382415, 43.7940589 ], [ -79.4386555, 43.7939699 ], [ -79.4395528, 43.7937539 ], [ -79.4405061, 43.7935455 ], [ -79.4405507, 43.7935357 ], [ -79.4409079, 43.7934576 ], [ -79.441018, 43.7934298 ], [ -79.4411314, 43.7934082 ], [ -79.4424928, 43.7931251 ], [ -79.4444444, 43.7927223 ], [ -79.4450004, 43.7926014 ], [ -79.4457565, 43.7924485 ], [ -79.4455129, 43.7915705 ], [ -79.4453788, 43.7909703 ], [ -79.4453788, 43.7907535 ], [ -79.4454163, 43.7905676 ], [ -79.4457114, 43.7901339 ], [ -79.4463015, 43.7894213 ], [ -79.446559, 43.7890109 ], [ -79.4466716, 43.7887359 ], [ -79.4466662, 43.7884222 ], [ -79.4466072, 43.7880582 ], [ -79.4460815, 43.7860715 ], [ -79.4430278, 43.7738576 ], [ -79.442663, 43.7738927 ], [ -79.4420844, 43.7739528 ], [ -79.4418245, 43.7739898 ], [ -79.4414809, 43.7740373 ], [ -79.441038, 43.7741055 ], [ -79.4388426, 43.7745989 ], [ -79.4373756, 43.7749277 ], [ -79.4364717, 43.7751281 ], [ -79.4357845, 43.7752799 ], [ -79.4338899, 43.7757072 ], [ -79.4327872, 43.775942 ], [ -79.4317297, 43.776187 ], [ -79.4302404, 43.7764979 ], [ -79.4270647, 43.7772077 ], [ -79.4254661, 43.7775737 ], [ -79.422983, 43.7781232 ], [ -79.421623, 43.7784179 ], [ -79.4206408, 43.7786468 ], [ -79.4203122, 43.7787136 ], [ -79.4193888, 43.778925 ], [ -79.4185007, 43.7791392 ], [ -79.4176813, 43.7793094 ], [ -79.4174402, 43.7793687 ], [ -79.4155779, 43.7797695 ], [ -79.4157283, 43.7804558 ], [ -79.4159536, 43.7814405 ], [ -79.4161628, 43.7822713 ], [ -79.4163278, 43.7829239 ], [ -79.4163425, 43.7830091 ], [ -79.4165558, 43.7838398 ], [ -79.4167261, 43.7845185 ], [ -79.4169487, 43.7854228 ], [ -79.4171271, 43.7861829 ], [ -79.417343, 43.7870445 ], [ -79.4175562, 43.7879062 ], [ -79.4178231, 43.7889799 ], [ -79.4181316, 43.7902433 ], [ -79.4184709, 43.7916373 ], [ -79.4187914, 43.7929491 ], [ -79.4190153, 43.7938116 ], [ -79.4192085, 43.7946093 ], [ -79.4198173, 43.7971596 ], [ -79.4200471, 43.7980391 ], [ -79.4207708, 43.7978877 ], [ -79.4208476, 43.7978705 ], [ -79.4210627, 43.7978224 ], [ -79.4216513, 43.7976843 ], [ -79.4219056, 43.797628 ], [ -79.4223583, 43.7975236 ], [ -79.4223844, 43.797518 ], [ -79.4231832, 43.7973455 ], [ -79.423399, 43.7972956 ], [ -79.4240001, 43.7971568 ], [ -79.4248432, 43.7970053 ], [ -79.4253766, 43.7968948 ], [ -79.4254222, 43.7968846 ], [ -79.4263774, 43.7966718 ], [ -79.4266601, 43.7966036 ], [ -79.4268639, 43.7965583 ], [ -79.4277801, 43.7963673 ], [ -79.4279654, 43.7963273 ], [ -79.4283303, 43.7962471 ], [ -79.428462, 43.796211 ], [ -79.4285957, 43.7961797 ], [ -79.4297472, 43.7959316 ], [ -79.4319712, 43.7954401 ], [ -79.4337836, 43.7950396 ], [ -79.4338929, 43.7950145 ], [ -79.4339018, 43.7950125 ], [ -79.4341224, 43.7949618 ], [ -79.4344004, 43.7949033 ], [ -79.4346197, 43.7948526 ], [ -79.4347357, 43.7948258 ], [ -79.4347402, 43.7948248 ], [ -79.4348348, 43.7948029 ], [ -79.435032, 43.7947575 ] ] ] } },
{ "type": "Feature", "properties": { "name": "Willowdale West", "overture_id": "1f99e051-ea61-4b33-9297-8f7820a1636f", "division_id": "4e40da1e-ae00-4ecf-915c-e47545eaae64" }, "geometry": { "type": "Polygon", "coordinates": [ [ [ -79.4420844, 43.7739528 ], [ -79.442663, 43.7738927 ], [ -79.4430278, 43.7738576 ], [ -79.4404145, 43.7634029 ], [ -79.4399574, 43.763512 ], [ -79.438916, 43.7637309 ], [ -79.4376386, 43.7633372 ], [ -79.4343237, 43.7640376 ], [ -79.4325216, 43.7644055 ], [ -79.4303349, 43.7649165 ], [ -79.4288483, 43.7652457 ], [ -79.4277077, 43.765498 ], [ -79.4255291, 43.7659861 ], [ -79.4236884, 43.7663973 ], [ -79.4161326, 43.7680858 ], [ -79.4153717, 43.7663319 ], [ -79.414312, 43.7665811 ], [ -79.4141766, 43.7665988 ], [ -79.4139321, 43.7666034 ], [ -79.4138409, 43.766593 ], [ -79.4135001, 43.7665207 ], [ -79.4134035, 43.7665171 ], [ -79.4133029, 43.766522 ], [ -79.4127075, 43.7666508 ], [ -79.4126012, 43.7666672 ], [ -79.4124235, 43.7666651 ], [ -79.4122471, 43.7666885 ], [ -79.4123286, 43.7669827 ], [ -79.4126773, 43.7684219 ], [ -79.4129059, 43.7692809 ], [ -79.4133713, 43.7712083 ], [ -79.4135061, 43.7717262 ], [ -79.4135799, 43.7720092 ], [ -79.4136395, 43.772268 ], [ -79.4138339, 43.7729839 ], [ -79.4140353, 43.7737957 ], [ -79.4143899, 43.7751751 ], [ -79.4148579, 43.7769757 ], [ -79.4150899, 43.7779061 ], [ -79.4153018, 43.7787381 ], [ -79.4153991, 43.7791041 ], [ -79.4154366, 43.779244 ], [ -79.4155779, 43.7797695 ], [ -79.4174402, 43.7793687 ], [ -79.4176813, 43.7793094 ], [ -79.4185007, 43.7791392 ], [ -79.4193888, 43.778925 ], [ -79.4203122, 43.7787136 ], [ -79.4206408, 43.7786468 ], [ -79.421623, 43.7784179 ], [ -79.422983, 43.7781232 ], [ -79.4254661, 43.7775737 ], [ -79.4270647, 43.7772077 ], [ -79.4302404, 43.7764979 ], [ -79.4317297, 43.776187 ], [ -79.4327872, 43.775942 ], [ -79.4338899, 43.7757072 ], [ -79.4357845, 43.7752799 ], [ -79.4364717, 43.7751281 ], [ -79.4373756, 43.7749277 ], [ -79.4388426, 43.7745989 ], [ -79.441038, 43.7741055 ], [ -79.4414809, 43.7740373 ], [ -79.4418245, 43.7739898 ], [ -79.4420844, 43.7739528 ] ] ] } },
{ "type": "Feature", "properties": { "name": "Downsview", "overture_id": "6de0f8d1-b8cc-4044-b54e-2c55feacf790", "division_id": "d82db430-df0e-4866-94c9-c588a831515a" }, "geometry": { "type": "Polygon", "coordinates": [ [ [ -79.497942, 43.734717 ], [ -79.4979461, 43.7346244 ], [ -79.4980352, 43.7345615 ], [ -79.49816, 43.7345489 ], [ -79.4968816, 43.7340652 ], [ -79.4951187, 43.7333998 ], [ -79.4949822, 43.7334071 ], [ -79.4949058, 43.7334168 ], [ -79.4947988, 43.733435 ], [ -79.4946508, 43.7334675 ], [ -79.4944629, 43.73352 ], [ -79.4943381, 43.7335542 ], [ -79.494198, 43.7335878 ], [ -79.4941333, 43.7336145 ], [ -79.4940847, 43.7336542 ], [ -79.4939838, 43.733545 ], [ -79.4937605, 43.7330183 ], [ -79.4934426, 43.7322234 ], [ -79.4917294, 43.7283059 ], [ -79.491673, 43.7281952 ], [ -79.4916214, 43.7281215 ], [ -79.4915118, 43.7279987 ], [ -79.491493, 43.727988 ], [ -79.4914365, 43.7279344 ], [ -79.4912184, 43.7280299 ], [ -79.490623, 43.7282359 ], [ -79.4903789, 43.7282984 ], [ -79.4901814, 43.7278213 ], [ -79.4901583, 43.7277382 ], [ -79.4901284, 43.7276772 ], [ -79.490077, 43.7276404 ], [ -79.4900159, 43.7276251 ], [ -79.4899448, 43.727629 ], [ -79.4898803, 43.7276473 ], [ -79.4898136, 43.7276699 ], [ -79.4884946, 43.7279676 ], [ -79.4883954, 43.7279952 ], [ -79.4883179, 43.7279936 ], [ -79.488281, 43.7279592 ], [ -79.4880648, 43.7274063 ], [ -79.4880562, 43.727301 ], [ -79.4862825, 43.7277007 ], [ -79.4854751, 43.7258738 ], [ -79.4837619, 43.7262671 ], [ -79.4820701, 43.7266421 ], [ -79.4818793, 43.7258848 ], [ -79.4817076, 43.725202 ], [ -79.4815886, 43.7244465 ], [ -79.4815899, 43.7243913 ], [ -79.4815712, 43.7241262 ], [ -79.4815564, 43.7239944 ], [ -79.4815095, 43.7236397 ], [ -79.4814692, 43.7234245 ], [ -79.4813089, 43.7227205 ], [ -79.4807626, 43.7228547 ], [ -79.4724799, 43.7249016 ], [ -79.4578878, 43.7280651 ], [ -79.4589189, 43.7320919 ], [ -79.4577155, 43.7323347 ], [ -79.4528632, 43.7333832 ], [ -79.4530413, 43.7335536 ], [ -79.4532658, 43.7340139 ], [ -79.45273, 43.7343599 ], [ -79.4555019, 43.7369064 ], [ -79.4557916, 43.7382702 ], [ -79.4560594, 43.7385642 ], [ -79.4565034, 43.7403055 ], [ -79.4587728, 43.73986 ], [ -79.4596657, 43.7420124 ], [ -79.4554932, 43.7428795 ], [ -79.4528043, 43.7435237 ], [ -79.4548974, 43.7487019 ], [ -79.4581335, 43.7479958 ], [ -79.4582296, 43.7479969 ], [ -79.4582667, 43.748018 ], [ -79.45832, 43.7480882 ], [ -79.4595133, 43.751084 ], [ -79.4627713, 43.7503767 ], [ -79.4639559, 43.7501388 ], [ -79.4640295, 43.7501367 ], [ -79.4642974, 43.7501149 ], [ -79.464825, 43.7501811 ], [ -79.4649839, 43.75021 ], [ -79.4651225, 43.7502565 ], [ -79.4652558, 43.7502946 ], [ -79.4654286, 43.7503641 ], [ -79.4656339, 43.7504562 ], [ -79.465718, 43.7505124 ], [ -79.4681602, 43.7528226 ], [ -79.4685353, 43.7531983 ], [ -79.4688577, 43.7534764 ], [ -79.4691957, 43.7537317 ], [ -79.4698962, 43.7541771 ], [ -79.4713956, 43.7547802 ], [ -79.4724456, 43.7551894 ], [ -79.4729593, 43.7553745 ], [ -79.4730915, 43.7554105 ], [ -79.4732869, 43.7554511 ], [ -79.473763, 43.7555169 ], [ -79.4742854, 43.7555353 ], [ -79.4745318, 43.7555361 ], [ -79.4747116, 43.7555319 ], [ -79.4749383, 43.7555135 ], [ -79.475183, 43.7554746 ], [ -79.4785164, 43.7547149 ], [ -79.4794835, 43.754495 ], [ -79.4802448, 43.7543312 ], [ -79.4809638, 43.754157 ], [ -79.4810832, 43.7541227 ], [ -79.4812815, 43.754054 ], [ -79.4816955, 43.753837 ], [ -79.4819889, 43.7536519 ], [ -79.4822498, 43.753445 ], [ -79.4824435, 43.7532457 ], [ -79.4826383, 43.753022 ], [ -79.4827949, 43.7527313 ], [ -79.4828992, 43.7524005 ], [ -79.4829155, 43.7522103 ], [ -79.482785, 43.7482967 ], [ -79.4827212, 43.7477061 ], [ -79.4827235, 43.7475143 ], [ -79.4827404, 43.7471875 ], [ -79.4827717, 43.7469823 ], [ -79.4828105, 43.7468219 ], [ -79.4829021, 43.7465785 ], [ -79.4829746, 43.7463754 ], [ -79.4830767, 43.746235 ], [ -79.4831659, 43.7461282 ], [ -79.4832883, 43.7459829 ], [ -79.4834628, 43.7458275 ], [ -79.4836275, 43.7456721 ], [ -79.4838153, 43.7455674 ], [ -79.4839139, 43.7454882 ], [ -79.4841772, 43.7453399 ], [ -79.4843465, 43.7452762 ], [ -79.4845964, 43.7451585 ], [ -79.4848208, 43.7450877 ], [ -79.4850133, 43.7450358 ], [ -79.4857983, 43.7448946 ], [ -79.4863619, 43.7447937 ], [ -79.4867203, 43.7447321 ], [ -79.4872148, 43.7446672 ], [ -79.4918221, 43.743656 ], [ -79.4925405, 43.7434822 ], [ -79.494774, 43.7429954 ], [ -79.4970207, 43.7425185 ], [ -79.4969375, 43.7423523 ], [ -79.4968604, 43.7421503 ], [ -79.4970126, 43.7417153 ], [ -79.497008, 43.7414638 ], [ -79.4969221, 43.7412647 ], [ -79.4967639, 43.7410986 ], [ -79.4965815, 43.7409818 ], [ -79.4964138, 43.7408229 ], [ -79.4963119, 43.7404567 ], [ -79.4962355, 43.7402566 ], [ -79.4961463, 43.7400764 ], [ -79.4958258, 43.7398021 ], [ -79.4956353, 43.7397004 ], [ -79.4954288, 43.739666 ], [ -79.495284, 43.7394984 ], [ -79.4947737, 43.7392746 ], [ -79.494653, 43.7390817 ], [ -79.49472, 43.7388681 ], [ -79.49471, 43.7386733 ], [ -79.4946624, 43.7384703 ], [ -79.4945578, 43.7382489 ], [ -79.494368, 43.7381162 ], [ -79.4942299, 43.737827 ], [ -79.4942755, 43.737764 ], [ -79.4943029, 43.7376869 ], [ -79.4943801, 43.73756 ], [ -79.4944873, 43.7374311 ], [ -79.494549, 43.7372335 ], [ -79.4945329, 43.7370004 ], [ -79.494376, 43.7368231 ], [ -79.4943915, 43.7366652 ], [ -79.4945457, 43.7364772 ], [ -79.494659, 43.7362926 ], [ -79.4948622, 43.7361937 ], [ -79.4950466, 43.7361094 ], [ -79.4950929, 43.7359781 ], [ -79.4951572, 43.7358449 ], [ -79.4952055, 43.7357514 ], [ -79.4952008, 43.7356453 ], [ -79.4952082, 43.7355334 ], [ -79.4950882, 43.7354093 ], [ -79.4950157, 43.7352679 ], [ -79.495231, 43.7352737 ], [ -79.4954603, 43.7353434 ], [ -79.495699, 43.7352839 ], [ -79.4958861, 43.7351438 ], [ -79.4960316, 43.7350024 ], [ -79.4962046, 43.7348807 ], [ -79.4964682, 43.7348434 ], [ -79.4967739, 43.7347683 ], [ -79.4969134, 43.7348308 ], [ -79.4969677, 43.7348338 ], [ -79.4970287, 43.7348284 ], [ -79.4970629, 43.7348124 ], [ -79.4970864, 43.7347814 ], [ -79.4971166, 43.7347499 ], [ -79.4971461, 43.7347378 ], [ -79.4972051, 43.7347243 ], [ -79.497299, 43.7347146 ], [ -79.497362, 43.7347184 ], [ -79.4974136, 43.7347184 ], [ -79.4974566, 43.7347257 ], [ -79.4974894, 43.7347451 ], [ -79.4975135, 43.734764 ], [ -79.4975337, 43.7347887 ], [ -79.4975732, 43.7348575 ], [ -79.4975913, 43.7348803 ], [ -79.4976302, 43.7349074 ], [ -79.4977824, 43.7349762 ], [ -79.4979534, 43.7348764 ], [ -79.497942, 43.734717 ] ] ] } },
{ "type": "Feature", "properties": { "name": "Maple Leaf", "overture_id": "19abd8df-cc1b-43d1-82ec-72aaef8c6739", "division_id": "7e40dba1-0757-462d-868c-27647635a735" }, "geometry": { "type": "Polygon", "coordinates": [ [ [ -79.469811, 43.7107964 ], [ -79.4709778, 43.7166824 ], [ -79.471879, 43.7213039 ], [ -79.4724799, 43.7249016 ], [ -79.4807626, 43.7228547 ], [ -79.4813089, 43.7227205 ], [ -79.4893456, 43.7207456 ], [ -79.4924863, 43.7200836 ], [ -79.4922674, 43.7193973 ], [ -79.4915114, 43.7174036 ], [ -79.4912016, 43.7163964 ], [ -79.4910012, 43.7156943 ], [ -79.4908637, 43.7152129 ], [ -79.4905955, 43.7142009 ], [ -79.4901502, 43.7124549 ], [ -79.4899792, 43.7120058 ], [ -79.4898867, 43.7117203 ], [ -79.4897874, 43.7112763 ], [ -79.4896855, 43.7107616 ], [ -79.4895642, 43.7101068 ], [ -79.4895273, 43.7098911 ], [ -79.489196, 43.709259 ], [ -79.4890244, 43.7089876 ], [ -79.4888125, 43.7086386 ], [ -79.4885764, 43.7083167 ], [ -79.4884819, 43.7081645 ], [ -79.4883377, 43.7079503 ], [ -79.487646, 43.7063833 ], [ -79.4794965, 43.7081897 ], [ -79.4790888, 43.7083012 ], [ -79.4786945, 43.7084272 ], [ -79.4781929, 43.7086211 ], [ -79.4777074, 43.7088344 ], [ -79.4772515, 43.7090322 ], [ -79.4768572, 43.7091931 ], [ -79.4763824, 43.7093424 ], [ -79.4733381, 43.7099376 ], [ -79.469811, 43.7107964 ] ] ] } },
{ "type": "Feature", "properties": { "name": "Beechborough-Greenbrook", "overture_id": "6e33dcca-a867-464b-932e-4e0c7c1224c4", "division_id": "b70b0368-0494-4c5a-b198-d2a3530f2683" }, "geometry": { "type": "Polygon", "coordinates": [ [ [ -79.493844, 43.6938063 ], [ -79.4976474, 43.6929935 ], [ -79.4979849, 43.6928221 ], [ -79.4870751, 43.6874631 ], [ -79.4852659, 43.6878377 ], [ -79.4823021, 43.6885146 ], [ -79.4810227, 43.6888133 ], [ -79.4799095, 43.6889287 ], [ -79.4794697, 43.689015 ], [ -79.4789962, 43.6891585 ], [ -79.4781353, 43.6894785 ], [ -79.4776122, 43.6896123 ], [ -79.4751097, 43.6901224 ], [ -79.4716349, 43.6909118 ], [ -79.4696601, 43.691352 ], [ -79.4688528, 43.6915489 ], [ -79.4681769, 43.6916992 ], [ -79.4678631, 43.6917129 ], [ -79.467432, 43.6917245 ], [ -79.4664453, 43.6918199 ], [ -79.4655618, 43.6919369 ], [ -79.4648944, 43.6920878 ], [ -79.4646274, 43.6921732 ], [ -79.465152, 43.6931431 ], [ -79.4655383, 43.6940972 ], [ -79.4670873, 43.6996861 ], [ -79.4671057, 43.6996821 ], [ -79.4688056, 43.6992748 ], [ -79.4742875, 43.6979513 ], [ -79.4743736, 43.6979305 ], [ -79.4746067, 43.6978742 ], [ -79.4755573, 43.6976979 ], [ -79.4804392, 43.6966172 ], [ -79.483518, 43.6959142 ], [ -79.4854659, 43.6954766 ], [ -79.4865552, 43.6952772 ], [ -79.487338, 43.6951453 ], [ -79.487739, 43.6950652 ], [ -79.4887212, 43.6948634 ], [ -79.4898142, 43.6946387 ], [ -79.493844, 43.6938063 ] ] ] } },
{ "type": "Feature", "properties": { "name": "Runnymede-Bloor West Village", "overture_id": "66bad57b-8743-4427-85f9-8cbc3f856360", "division_id": "a919d96b-7f1b-4256-a299-d523d9a3f0c2" }, "geometry": { "type": "Polygon", "coordinates": [ [ [ -79.494249, 43.6613235 ], [ -79.4941685, 43.6610945 ], [ -79.4942302, 43.6607977 ], [ -79.4942798, 43.6606629 ], [ -79.4943579, 43.6605242 ], [ -79.4944091, 43.6604523 ], [ -79.4945645, 43.6603157 ], [ -79.4946188, 43.660268 ], [ -79.4950908, 43.659975 ], [ -79.4953932, 43.6597351 ], [ -79.4954062, 43.6597223 ], [ -79.4954865, 43.6596611 ], [ -79.4951547, 43.6594618 ], [ -79.4950875, 43.6594327 ], [ -79.4950365, 43.6594137 ], [ -79.4949724, 43.6593999 ], [ -79.4949084, 43.6593944 ], [ -79.4943384, 43.6594512 ], [ -79.4929712, 43.6595942 ], [ -79.4928673, 43.6596073 ], [ -79.4927815, 43.6596219 ], [ -79.4927293, 43.6596304 ], [ -79.4926174, 43.6596486 ], [ -79.4925385, 43.6596622 ], [ -79.4914522, 43.659893 ], [ -79.4913585, 43.6599118 ], [ -79.4902223, 43.6601393 ], [ -79.4891703, 43.6603753 ], [ -79.4891172, 43.6603856 ], [ -79.4890036, 43.6604094 ], [ -79.4888385, 43.660016 ], [ -79.4884934, 43.6591659 ], [ -79.4883025, 43.6587011 ], [ -79.4882518, 43.6585586 ], [ -79.4881972, 43.6584374 ], [ -79.4881098, 43.6582256 ], [ -79.4880396, 43.6580307 ], [ -79.4876006, 43.6569522 ], [ -79.487315, 43.6562153 ], [ -79.487195, 43.6559459 ], [ -79.4870677, 43.655619 ], [ -79.4870227, 43.6554981 ], [ -79.4869818, 43.6553914 ], [ -79.4867272, 43.6547762 ], [ -79.4865129, 43.654255 ], [ -79.4864094, 43.6540041 ], [ -79.4862531, 43.6536229 ], [ -79.4854437, 43.6516609 ], [ -79.4851332, 43.6509015 ], [ -79.4848217, 43.6501567 ], [ -79.4844411, 43.6493223 ], [ -79.4843297, 43.6493496 ], [ -79.484124, 43.6494038 ], [ -79.4836602, 43.6495198 ], [ -79.4830533, 43.6496624 ], [ -79.4829279, 43.6496889 ], [ -79.4828211, 43.6497124 ], [ -79.4817773, 43.649942 ], [ -79.4809653, 43.6501114 ], [ -79.4808797, 43.6501293 ], [ -79.4805186, 43.6502046 ], [ -79.4804162, 43.650231 ], [ -79.4803153, 43.6502509 ], [ -79.4798626, 43.6503556 ], [ -79.4795926, 43.6504181 ], [ -79.4791272, 43.6505257 ], [ -79.4790469, 43.6505438 ], [ -79.4789559, 43.6505634 ], [ -79.4781279, 43.6507408 ], [ -79.4778913, 43.6507937 ], [ -79.4776404, 43.6508498 ], [ -79.4774185, 43.650894 ], [ -79.4771972, 43.6509381 ], [ -79.4768505, 43.6510138 ], [ -79.4767092, 43.6510437 ], [ -79.4763844, 43.651112 ], [ -79.476271, 43.6511446 ], [ -79.4762985, 43.6512288 ], [ -79.4764083, 43.6515008 ], [ -79.4764163, 43.6515225 ], [ -79.4764544, 43.6516209 ], [ -79.4764584, 43.6516318 ], [ -79.4764802, 43.6516867 ], [ -79.4777601, 43.6547215 ], [ -79.4777782, 43.6547671 ], [ -79.4778041, 43.6548276 ], [ -79.4784551, 43.6563703 ], [ -79.4785924, 43.656721 ], [ -79.4786552, 43.6568691 ], [ -79.4789482, 43.6575418 ], [ -79.4790933, 43.6578885 ], [ -79.4792392, 43.6582343 ], [ -79.4793188, 43.6584288 ], [ -79.4794028, 43.6586346 ], [ -79.4796614, 43.6592424 ], [ -79.4797208, 43.6593827 ], [ -79.4798683, 43.6597299 ], [ -79.4799776, 43.6599877 ], [ -79.4800074, 43.66006 ], [ -79.4800385, 43.6601433 ], [ -79.4800946, 43.6603126 ], [ -79.4801393, 43.6604769 ], [ -79.4802613, 43.6604549 ], [ -79.4808097, 43.6603268 ], [ -79.4812248, 43.6616688 ], [ -79.4812042, 43.6616746 ], [ -79.4812228, 43.6617286 ], [ -79.4812437, 43.6617235 ], [ -79.4814596, 43.6622414 ], [ -79.4818589, 43.6631962 ], [ -79.4818426, 43.6631995 ], [ -79.4818658, 43.6632501 ], [ -79.4818821, 43.6632451 ], [ -79.4820585, 43.6636752 ], [ -79.4822471, 43.6641273 ], [ -79.4822685, 43.6641317 ], [ -79.4823872, 43.6644143 ], [ -79.4826774, 43.6651051 ], [ -79.4823079, 43.6651938 ], [ -79.4824269, 43.6654909 ], [ -79.4822284, 43.6654953 ], [ -79.4822677, 43.6655819 ], [ -79.4821058, 43.6655793 ], [ -79.4826443, 43.6668273 ], [ -79.483652, 43.6667658 ], [ -79.4845801, 43.6667106 ], [ -79.4863429, 43.6666068 ], [ -79.4879723, 43.666514 ], [ -79.4897952, 43.6664086 ], [ -79.4913334, 43.666319 ], [ -79.49293, 43.6662265 ], [ -79.4946601, 43.666127 ], [ -79.4962783, 43.6660335 ], [ -79.4975308, 43.6659596 ], [ -79.4984469, 43.6659076 ], [ -79.4991145, 43.6658695 ], [ -79.4992017, 43.6658644 ], [ -79.4991948, 43.6657637 ], [ -79.4992151, 43.6656338 ], [ -79.4992222, 43.6655182 ], [ -79.4991117, 43.6655355 ], [ -79.4990592, 43.6655438 ], [ -79.4985702, 43.665606 ], [ -79.4985342, 43.6655029 ], [ -79.4984952, 43.6654631 ], [ -79.4982933, 43.6653026 ], [ -79.4982714, 43.6652886 ], [ -79.4980797, 43.6651659 ], [ -79.4980432, 43.6651426 ], [ -79.4977257, 43.6649315 ], [ -79.4975948, 43.6648737 ], [ -79.4972021, 43.6647887 ], [ -79.4967729, 43.6646956 ], [ -79.4963867, 43.6645341 ], [ -79.4963221, 43.6644915 ], [ -79.4962038, 43.664391 ], [ -79.4961558, 43.6642994 ], [ -79.4960005, 43.6640126 ], [ -79.4959232, 43.6639132 ], [ -79.4956242, 43.6636888 ], [ -79.495511, 43.6636141 ], [ -79.4954757, 43.6635856 ], [ -79.4954456, 43.663557 ], [ -79.4953487, 43.6634375 ], [ -79.4951579, 43.6632286 ], [ -79.4949497, 43.66305 ], [ -79.4947915, 43.6629248 ], [ -79.4947428, 43.6628386 ], [ -79.494701, 43.6627482 ], [ -79.494603, 43.6624489 ], [ -79.4945735, 43.6619832 ], [ -79.4945454, 43.6617728 ], [ -79.4945038, 43.6616631 ], [ -79.494249, 43.6613235 ] ] ] } },
{ "type": "Feature", "properties": { "name": "Brookhaven-Amesbury", "overture_id": "15a0426e-6b94-4b7a-88dd-7dfeca06dde3", "division_id": "92d9fd26-dde2-407e-9f6f-8628e2cd0dfa" }, "geometry": { "type": "Polygon", "coordinates": [ [ [ -79.4949219, 43.7047607 ], [ -79.5027311, 43.7030292 ], [ -79.5031804, 43.7029661 ], [ -79.5037858, 43.7028967 ], [ -79.5036452, 43.7022877 ], [ -79.5034585, 43.7015807 ], [ -79.5032512, 43.7008567 ], [ -79.5028972, 43.6995619 ], [ -79.5048237, 43.6991001 ], [ -79.5050037, 43.6990607 ], [ -79.5052686, 43.6990027 ], [ -79.5080395, 43.6983959 ], [ -79.5082498, 43.6983499 ], [ -79.5053581, 43.6969253 ], [ -79.50381, 43.6972749 ], [ -79.5031403, 43.6974303 ], [ -79.5029261, 43.6974787 ], [ -79.5023828, 43.6976023 ], [ -79.5021961, 43.6967717 ], [ -79.5029476, 43.6966141 ], [ -79.5041543, 43.6963612 ], [ -79.5029691, 43.6957503 ], [ -79.5029602, 43.6957457 ], [ -79.5017864, 43.6951186 ], [ -79.5000684, 43.6942448 ], [ -79.4976474, 43.6929935 ], [ -79.493844, 43.6938063 ], [ -79.4898142, 43.6946387 ], [ -79.4887212, 43.6948634 ], [ -79.487739, 43.6950652 ], [ -79.487338, 43.6951453 ], [ -79.4865552, 43.6952772 ], [ -79.4854659, 43.6954766 ], [ -79.483518, 43.6959142 ], [ -79.4804392, 43.6966172 ], [ -79.4755573, 43.6976979 ], [ -79.4746067, 43.6978742 ], [ -79.4743736, 43.6979305 ], [ -79.4742875, 43.6979513 ], [ -79.4688056, 43.6992748 ], [ -79.4671057, 43.6996821 ], [ -79.4670873, 43.6996861 ], [ -79.4689179, 43.7062906 ], [ -79.469811, 43.7107964 ], [ -79.4733381, 43.7099376 ], [ -79.4763824, 43.7093424 ], [ -79.4768572, 43.7091931 ], [ -79.4772515, 43.7090322 ], [ -79.4777074, 43.7088344 ], [ -79.4781929, 43.7086211 ], [ -79.4786945, 43.7084272 ], [ -79.4790888, 43.7083012 ], [ -79.4794965, 43.7081897 ], [ -79.487646, 43.7063833 ], [ -79.4906625, 43.7057011 ], [ -79.4949219, 43.7047607 ] ] ] } },
{ "type": "Feature", "properties": { "name": "York University Heights", "overture_id": "808fe611-f998-4691-9a31-ec4ab94e8015", "division_id": "9d4c45e9-5c33-4a29-972d-1428008c82ef" }, "geometry": { "type": "Polygon", "coordinates": [ [ [ -79.4906964, 43.782428 ], [ -79.4907833, 43.7824072 ], [ -79.4934327, 43.7817749 ], [ -79.4944922, 43.7815153 ], [ -79.4946323, 43.7814805 ], [ -79.5091806, 43.7781031 ], [ -79.5139046, 43.777056 ], [ -79.5191456, 43.7759588 ], [ -79.5217056, 43.7754557 ], [ -79.5213534, 43.7750429 ], [ -79.5212112, 43.7749855 ], [ -79.5208571, 43.7747442 ], [ -79.5207204, 43.7746147 ], [ -79.5205363, 43.7745094 ], [ -79.5203786, 43.7744252 ], [ -79.5198614, 43.7743442 ], [ -79.5196337, 43.7742605 ], [ -79.5194275, 43.7741237 ], [ -79.5192693, 43.7740552 ], [ -79.5191482, 43.773992 ], [ -79.5190078, 43.7739625 ], [ -79.5188234, 43.7740249 ], [ -79.5187325, 43.77413 ], [ -79.5186202, 43.7740898 ], [ -79.5185478, 43.7739523 ], [ -79.5185887, 43.7738366 ], [ -79.5186906, 43.7737741 ], [ -79.5189296, 43.7735739 ], [ -79.5188944, 43.7733989 ], [ -79.5188267, 43.7732282 ], [ -79.5187023, 43.7730895 ], [ -79.51836, 43.7728633 ], [ -79.5181464, 43.7728234 ], [ -79.518192, 43.7726261 ], [ -79.5180804, 43.7724126 ], [ -79.5178239, 43.7722721 ], [ -79.5175872, 43.772184 ], [ -79.5173589, 43.7720668 ], [ -79.5171812, 43.7719591 ], [ -79.517027, 43.7718434 ], [ -79.5170172, 43.7716487 ], [ -79.5170585, 43.7714354 ], [ -79.5169884, 43.7712599 ], [ -79.5168275, 43.7711246 ], [ -79.5167299, 43.770995 ], [ -79.5168469, 43.7709316 ], [ -79.5167021, 43.7705891 ], [ -79.5163246, 43.7702532 ], [ -79.5161925, 43.7700912 ], [ -79.5160148, 43.769984 ], [ -79.5158771, 43.770025 ], [ -79.5157418, 43.7699489 ], [ -79.5156004, 43.7699213 ], [ -79.5155383, 43.7700147 ], [ -79.5153643, 43.7700017 ], [ -79.5152181, 43.7698569 ], [ -79.5151417, 43.7697298 ], [ -79.5151662, 43.7696099 ], [ -79.5149553, 43.7694659 ], [ -79.5146227, 43.7696775 ], [ -79.5144852, 43.7698537 ], [ -79.5143094, 43.7699944 ], [ -79.5138824, 43.7701336 ], [ -79.5136289, 43.7701196 ], [ -79.5133989, 43.7700682 ], [ -79.5131652, 43.7700289 ], [ -79.5129228, 43.7700092 ], [ -79.5124602, 43.7699046 ], [ -79.5122509, 43.7697981 ], [ -79.5121846, 43.7696416 ], [ -79.5123214, 43.7693409 ], [ -79.512208, 43.7691942 ], [ -79.5119894, 43.769156 ], [ -79.5119016, 43.7692092 ], [ -79.5118412, 43.7690724 ], [ -79.5117423, 43.7689325 ], [ -79.5116446, 43.7688498 ], [ -79.5114443, 43.7688301 ], [ -79.5112337, 43.7687836 ], [ -79.5112659, 43.7686345 ], [ -79.5113558, 43.7684766 ], [ -79.5113361, 43.768312 ], [ -79.5111717, 43.7682132 ], [ -79.5109631, 43.7681677 ], [ -79.5109853, 43.7680197 ], [ -79.510934, 43.7678812 ], [ -79.510769, 43.7677599 ], [ -79.5106527, 43.7676108 ], [ -79.5105152, 43.7675013 ], [ -79.5103902, 43.7675067 ], [ -79.510302, 43.7675839 ], [ -79.5101323, 43.767505 ], [ -79.510053, 43.7673419 ], [ -79.5101592, 43.7672759 ], [ -79.5103345, 43.7672721 ], [ -79.5103523, 43.7671541 ], [ -79.5100073, 43.7671537 ], [ -79.5098551, 43.7670759 ], [ -79.5098487, 43.7669554 ], [ -79.5099124, 43.7667532 ], [ -79.5094983, 43.7668541 ], [ -79.5093334, 43.7667711 ], [ -79.5092921, 43.7666147 ], [ -79.5093304, 43.7664726 ], [ -79.5092556, 43.7663038 ], [ -79.5091148, 43.7661566 ], [ -79.5090204, 43.7658518 ], [ -79.5088896, 43.7657553 ], [ -79.508699, 43.7657309 ], [ -79.5085857, 43.7656258 ], [ -79.5083852, 43.7655179 ], [ -79.5081713, 43.7654263 ], [ -79.5079715, 43.7653053 ], [ -79.5076127, 43.7650675 ], [ -79.5074615, 43.7649423 ], [ -79.5073822, 43.7647478 ], [ -79.5072117, 43.7645958 ], [ -79.5072136, 43.7644011 ], [ -79.5071709, 43.7642062 ], [ -79.507255, 43.7640639 ], [ -79.5073036, 43.7639302 ], [ -79.507312, 43.7637847 ], [ -79.50731, 43.763636 ], [ -79.5073616, 43.7634919 ], [ -79.5073794, 43.7633319 ], [ -79.5074485, 43.7632377 ], [ -79.5076312, 43.7632401 ], [ -79.507832, 43.7632953 ], [ -79.5080318, 43.7633353 ], [ -79.5082233, 43.7632776 ], [ -79.5084023, 43.7631493 ], [ -79.5084529, 43.7629936 ], [ -79.508466, 43.7628425 ], [ -79.5083829, 43.7627689 ], [ -79.5081943, 43.7627915 ], [ -79.5081307, 43.7627144 ], [ -79.5082779, 43.7626551 ], [ -79.5085002, 43.7626217 ], [ -79.5086873, 43.7625546 ], [ -79.5087614, 43.7624289 ], [ -79.5086979, 43.7622817 ], [ -79.5086306, 43.7622071 ], [ -79.5084965, 43.7621955 ], [ -79.5084677, 43.7621827 ], [ -79.5084148, 43.7622039 ], [ -79.5083611, 43.7622194 ], [ -79.5083275, 43.7622129 ], [ -79.5082992, 43.7621715 ], [ -79.5082374, 43.7620604 ], [ -79.5082208, 43.7620026 ], [ -79.5082238, 43.7619627 ], [ -79.5082367, 43.7619301 ], [ -79.5082561, 43.7618284 ], [ -79.508177, 43.7616773 ], [ -79.5080151, 43.7616451 ], [ -79.5077815, 43.7615808 ], [ -79.507598, 43.7614495 ], [ -79.5074431, 43.7613119 ], [ -79.5074246, 43.7611318 ], [ -79.507447, 43.7609616 ], [ -79.5073961, 43.7608102 ], [ -79.5072041, 43.760791 ], [ -79.5070019, 43.7608453 ], [ -79.5068409, 43.7607429 ], [ -79.5067041, 43.7606623 ], [ -79.5065338, 43.7607284 ], [ -79.5063454, 43.7607574 ], [ -79.5062126, 43.7608424 ], [ -79.505998, 43.7608003 ], [ -79.5059018, 43.760694 ], [ -79.5060564, 43.7606225 ], [ -79.5059162, 43.7605523 ], [ -79.5057308, 43.7606015 ], [ -79.5055374, 43.7606627 ], [ -79.5053503, 43.7606023 ], [ -79.5051602, 43.7606162 ], [ -79.5049751, 43.7605553 ], [ -79.5049379, 43.760415 ], [ -79.5049486, 43.7602692 ], [ -79.504903, 43.7601123 ], [ -79.5048849, 43.7599627 ], [ -79.5052889, 43.7598724 ], [ -79.5052893, 43.7597428 ], [ -79.5052477, 43.7596193 ], [ -79.5051987, 43.7594469 ], [ -79.5051357, 43.7592464 ], [ -79.5049929, 43.7585514 ], [ -79.5049942, 43.7585151 ], [ -79.5049983, 43.7584899 ], [ -79.5050848, 43.7583756 ], [ -79.505135, 43.7583122 ], [ -79.5051853, 43.7582526 ], [ -79.5052222, 43.7581969 ], [ -79.5053275, 43.7580032 ], [ -79.5054006, 43.7578574 ], [ -79.5054408, 43.7577867 ], [ -79.5054998, 43.7576951 ], [ -79.5055595, 43.7576186 ], [ -79.5056346, 43.7575348 ], [ -79.5057117, 43.7574607 ], [ -79.5058559, 43.7573784 ], [ -79.5059216, 43.7573464 ], [ -79.5060322, 43.7573106 ], [ -79.5061523, 43.7572801 ], [ -79.5062059, 43.7572626 ], [ -79.5062911, 43.7572253 ], [ -79.5063896, 43.7571701 ], [ -79.5064815, 43.7571028 ], [ -79.5065311, 43.7570529 ], [ -79.5067497, 43.7567899 ], [ -79.5066713, 43.7566703 ], [ -79.5062368, 43.7565095 ], [ -79.5060738, 43.7564262 ], [ -79.5062589, 43.7563284 ], [ -79.5064922, 43.756341 ], [ -79.5066646, 43.7562814 ], [ -79.5068148, 43.7560014 ], [ -79.506914, 43.7558489 ], [ -79.5071521, 43.7557845 ], [ -79.5073177, 43.7556275 ], [ -79.5074485, 43.7554726 ], [ -79.507545, 43.7553108 ], [ -79.5076382, 43.755118 ], [ -79.50783, 43.7547979 ], [ -79.5078903, 43.7546511 ], [ -79.5079628, 43.7543353 ], [ -79.5080003, 43.7541919 ], [ -79.5080794, 43.7541028 ], [ -79.5082545, 43.754065 ], [ -79.5084831, 43.7540084 ], [ -79.5086554, 43.753927 ], [ -79.5088238, 43.7538781 ], [ -79.5092314, 43.753897 ], [ -79.509444, 43.7538636 ], [ -79.5096559, 43.7538069 ], [ -79.5096827, 43.7536684 ], [ -79.5096063, 43.7535419 ], [ -79.5096251, 43.7534291 ], [ -79.5094943, 43.7533225 ], [ -79.5094614, 43.7532145 ], [ -79.5093501, 43.7531017 ], [ -79.5094574, 43.752999 ], [ -79.5096117, 43.7529849 ], [ -79.5097511, 43.7529535 ], [ -79.509851, 43.752798 ], [ -79.509959, 43.7526594 ], [ -79.510024, 43.7524851 ], [ -79.5099335, 43.7520768 ], [ -79.509908, 43.7518879 ], [ -79.5098457, 43.7516897 ], [ -79.5097357, 43.7514679 ], [ -79.5096572, 43.751279 ], [ -79.5095372, 43.7511632 ], [ -79.5093716, 43.751078 ], [ -79.5092516, 43.7510237 ], [ -79.5091181, 43.7510228 ], [ -79.5088747, 43.7509782 ], [ -79.5083544, 43.7509041 ], [ -79.5081079, 43.7508256 ], [ -79.5079014, 43.7508096 ], [ -79.5076778, 43.7508627 ], [ -79.507427, 43.7508881 ], [ -79.507264, 43.7507864 ], [ -79.5073278, 43.7506781 ], [ -79.5074263, 43.7506408 ], [ -79.5074773, 43.7506365 ], [ -79.5075152, 43.750629 ], [ -79.5075296, 43.7506164 ], [ -79.5075443, 43.7505926 ], [ -79.5075524, 43.7505553 ], [ -79.5075403, 43.7504953 ], [ -79.5075209, 43.7503732 ], [ -79.5075356, 43.7503044 ], [ -79.5075356, 43.7502637 ], [ -79.5075168, 43.7501615 ], [ -79.5075068, 43.7501301 ], [ -79.5074887, 43.7501044 ], [ -79.5072868, 43.7500012 ], [ -79.5070495, 43.7500143 ], [ -79.5068423, 43.7499557 ], [ -79.5067652, 43.7497803 ], [ -79.5065774, 43.7496651 ], [ -79.506332, 43.749635 ], [ -79.5060879, 43.7496864 ], [ -79.5058452, 43.7496931 ], [ -79.5056024, 43.7496452 ], [ -79.5053999, 43.7494975 ], [ -79.5047267, 43.7491472 ], [ -79.5045248, 43.7490252 ], [ -79.5042922, 43.7488716 ], [ -79.5040669, 43.7487544 ], [ -79.5038583, 43.7486285 ], [ -79.5037014, 43.7484783 ], [ -79.5036209, 43.748285 ], [ -79.5034513, 43.748132 ], [ -79.5031904, 43.7480549 ], [ -79.5029564, 43.7479997 ], [ -79.5027157, 43.7479149 ], [ -79.5024515, 43.747805 ], [ -79.5022124, 43.7476744 ], [ -79.5021159, 43.7475044 ], [ -79.5020968, 43.7472988 ], [ -79.5019251, 43.7471234 ], [ -79.5014128, 43.7469849 ], [ -79.5008911, 43.7468241 ], [ -79.5004801, 43.7466899 ], [ -79.5002072, 43.7466298 ], [ -79.4999061, 43.7465736 ], [ -79.4996305, 43.7465383 ], [ -79.4993448, 43.7464472 ], [ -79.4987621, 43.7462423 ], [ -79.4984845, 43.7461687 ], [ -79.4983008, 43.7460907 ], [ -79.4981546, 43.7460587 ], [ -79.4980252, 43.7460243 ], [ -79.4979843, 43.7460078 ], [ -79.4979467, 43.7459812 ], [ -79.497932, 43.745955 ], [ -79.4979226, 43.7459177 ], [ -79.4979166, 43.745864 ], [ -79.4979152, 43.7457898 ], [ -79.4979212, 43.7457525 ], [ -79.4979367, 43.7457036 ], [ -79.4980191, 43.7454992 ], [ -79.4980594, 43.7452589 ], [ -79.4979957, 43.7450211 ], [ -79.4979052, 43.7448225 ], [ -79.4978475, 43.7446229 ], [ -79.4978361, 43.7443976 ], [ -79.4978455, 43.7442213 ], [ -79.4979011, 43.7440256 ], [ -79.497877, 43.7437969 ], [ -79.4978817, 43.7435964 ], [ -79.4976638, 43.7434845 ], [ -79.4974022, 43.7434908 ], [ -79.4972225, 43.743329 ], [ -79.4972245, 43.7431148 ], [ -79.4973191, 43.7429022 ], [ -79.4971763, 43.7427457 ], [ -79.4970549, 43.7425795 ], [ -79.4970207, 43.7425185 ], [ -79.494774, 43.7429954 ], [ -79.4925405, 43.7434822 ], [ -79.4918221, 43.743656 ], [ -79.4872148, 43.7446672 ], [ -79.4867203, 43.7447321 ], [ -79.4863619, 43.7447937 ], [ -79.4857983, 43.7448946 ], [ -79.4850133, 43.7450358 ], [ -79.4848208, 43.7450877 ], [ -79.4845964, 43.7451585 ], [ -79.4843465, 43.7452762 ], [ -79.4841772, 43.7453399 ], [ -79.4839139, 43.7454882 ], [ -79.4838153, 43.7455674 ], [ -79.4836275, 43.7456721 ], [ -79.4834628, 43.7458275 ], [ -79.4832883, 43.7459829 ], [ -79.4831659, 43.7461282 ], [ -79.4830767, 43.746235 ], [ -79.4829746, 43.7463754 ], [ -79.4829021, 43.7465785 ], [ -79.4828105, 43.7468219 ], [ -79.4827717, 43.7469823 ], [ -79.4827404, 43.7471875 ], [ -79.4827235, 43.7475143 ], [ -79.4827212, 43.7477061 ], [ -79.482785, 43.7482967 ], [ -79.4829155, 43.7522103 ], [ -79.4828992, 43.7524005 ], [ -79.4827949, 43.7527313 ], [ -79.4826383, 43.753022 ], [ -79.4824435, 43.7532457 ], [ -79.4822498, 43.753445 ], [ -79.4819889, 43.7536519 ], [ -79.4816955, 43.753837 ], [ -79.4812815, 43.754054 ], [ -79.4810832, 43.7541227 ], [ -79.4809638, 43.754157 ], [ -79.4802448, 43.7543312 ], [ -79.4794835, 43.754495 ], [ -79.4785164, 43.7547149 ], [ -79.475183, 43.7554746 ], [ -79.4749383, 43.7555135 ], [ -79.4747116, 43.7555319 ], [ -79.4745318, 43.7555361 ], [ -79.4742854, 43.7555353 ], [ -79.473763, 43.7555169 ], [ -79.4732869, 43.7554511 ], [ -79.4730915, 43.7554105 ], [ -79.4729593, 43.7553745 ], [ -79.4724456, 43.7551894 ], [ -79.4713956, 43.7547802 ], [ -79.4698962, 43.7541771 ], [ -79.4691957, 43.7537317 ], [ -79.4688577, 43.7534764 ], [ -79.4685353, 43.7531983 ], [ -79.4681602, 43.7528226 ], [ -79.465718, 43.7505124 ], [ -79.4656339, 43.7504562 ], [ -79.4654286, 43.7503641 ], [ -79.4652558, 43.7502946 ], [ -79.4651225, 43.7502565 ], [ -79.4649839, 43.75021 ], [ -79.464825, 43.7501811 ], [ -79.4642974, 43.7501149 ], [ -79.4640295, 43.7501367 ], [ -79.4639559, 43.7501388 ], [ -79.4627713, 43.7503767 ], [ -79.4639259, 43.7552921 ], [ -79.4646053, 43.7583988 ], [ -79.4646175, 43.7584932 ], [ -79.4646096, 43.7585371 ], [ -79.4647129, 43.7589549 ], [ -79.4649523, 43.7594733 ], [ -79.4649669, 43.7597213 ], [ -79.4649961, 43.7600272 ], [ -79.4650301, 43.7602835 ], [ -79.4651243, 43.76079 ], [ -79.4652069, 43.7610226 ], [ -79.4653358, 43.7616248 ], [ -79.4669285, 43.7688626 ], [ -79.4700418, 43.7817815 ], [ -79.4701487, 43.7823852 ], [ -79.4701779, 43.7827379 ], [ -79.4701244, 43.7847403 ], [ -79.4700734, 43.7861705 ], [ -79.4700709, 43.7868005 ], [ -79.4700891, 43.7872688 ], [ -79.4703165, 43.7872247 ], [ -79.4709552, 43.7870726 ], [ -79.4710807, 43.7870411 ], [ -79.471881, 43.7868395 ], [ -79.4722374, 43.786752 ], [ -79.4727378, 43.7866433 ], [ -79.4728935, 43.7866183 ], [ -79.4729784, 43.7866003 ], [ -79.4750629, 43.7860969 ], [ -79.4752938, 43.7860501 ], [ -79.4758368, 43.7859187 ], [ -79.4763686, 43.7857901 ], [ -79.4763807, 43.7857872 ], [ -79.4769985, 43.7856378 ], [ -79.4770034, 43.7856366 ], [ -79.4774128, 43.7855376 ], [ -79.4778102, 43.7854415 ], [ -79.4783577, 43.7853091 ], [ -79.4799454, 43.7849333 ], [ -79.4808651, 43.7847027 ], [ -79.4815659, 43.784554 ], [ -79.4820728, 43.7844374 ], [ -79.4821915, 43.7844092 ], [ -79.4822559, 43.7843953 ], [ -79.4823669, 43.7843697 ], [ -79.482491, 43.7843412 ], [ -79.4825637, 43.7843243 ], [ -79.4829926, 43.7842246 ], [ -79.4830056, 43.7842216 ], [ -79.4832373, 43.7841677 ], [ -79.4875255, 43.7831412 ], [ -79.4878561, 43.7830922 ], [ -79.4884194, 43.7829584 ], [ -79.4890151, 43.7828168 ], [ -79.4891963, 43.7827773 ], [ -79.4906964, 43.782428 ] ] ] } },
{ "type": "Feature", "properties": { "name": "Rustic", "overture_id": "3537eddb-eed1-45a9-92a3-eb86588edf88", "division_id": "4e88c687-2d84-4105-b478-65193ff77d54" }, "geometry": { "type": "Polygon", "coordinates": [ [ [ -79.5027311, 43.7030292 ], [ -79.4949219, 43.7047607 ], [ -79.4906625, 43.7057011 ], [ -79.487646, 43.7063833 ], [ -79.4883377, 43.7079503 ], [ -79.4884819, 43.7081645 ], [ -79.4885764, 43.7083167 ], [ -79.4888125, 43.7086386 ], [ -79.4890244, 43.7089876 ], [ -79.489196, 43.709259 ], [ -79.4895273, 43.7098911 ], [ -79.4895642, 43.7101068 ], [ -79.4896855, 43.7107616 ], [ -79.4897874, 43.7112763 ], [ -79.4898867, 43.7117203 ], [ -79.4899792, 43.7120058 ], [ -79.4901502, 43.7124549 ], [ -79.4905955, 43.7142009 ], [ -79.4908637, 43.7152129 ], [ -79.4910012, 43.7156943 ], [ -79.4912016, 43.7163964 ], [ -79.4915114, 43.7174036 ], [ -79.4922674, 43.7193973 ], [ -79.4924863, 43.7200836 ], [ -79.4955254, 43.719443 ], [ -79.5021344, 43.7184504 ], [ -79.5078206, 43.717737 ], [ -79.5057916, 43.7102098 ], [ -79.5055699, 43.709254 ], [ -79.5053484, 43.7084232 ], [ -79.5051182, 43.7075598 ], [ -79.5050608, 43.7073756 ], [ -79.5045056, 43.7055048 ], [ -79.5042522, 43.704482 ], [ -79.5037858, 43.7028967 ], [ -79.5031804, 43.7029661 ], [ -79.5027311, 43.7030292 ] ] ] } },
{ "type": "Feature", "properties": { "name": "Mount Dennis", "overture_id": "7600fec4-e158-42f9-ad5c-1d26d45272a6", "division_id": "bc12c80d-df16-47f7-8d84-c55cba30cd1e" }, "geometry": { "type": "Polygon", "coordinates": [ [ [ -79.4976474, 43.6929935 ], [ -79.5000684, 43.6942448 ], [ -79.5017864, 43.6951186 ], [ -79.5029602, 43.6957457 ], [ -79.5031326, 43.6955749 ], [ -79.5033514, 43.6954765 ], [ -79.5036547, 43.6953418 ], [ -79.5063788, 43.6947108 ], [ -79.5056149, 43.6940527 ], [ -79.5090551, 43.6932601 ], [ -79.5091014, 43.6932563 ], [ -79.5091251, 43.6932565 ], [ -79.5091499, 43.6932655 ], [ -79.5091701, 43.693279 ], [ -79.5094924, 43.6939951 ], [ -79.5115499, 43.6935566 ], [ -79.512887, 43.6934243 ], [ -79.5132924, 43.6933926 ], [ -79.5132974, 43.6929062 ], [ -79.5132999, 43.6926601 ], [ -79.5133026, 43.6923929 ], [ -79.5133165, 43.6919914 ], [ -79.5132771, 43.6915819 ], [ -79.5132052, 43.6911707 ], [ -79.5131161, 43.6907925 ], [ -79.513013, 43.6905251 ], [ -79.5129741, 43.6904243 ], [ -79.5129646, 43.6903998 ], [ -79.5128764, 43.6900214 ], [ -79.5127461, 43.6896223 ], [ -79.5127392, 43.6896011 ], [ -79.5126394, 43.68923 ], [ -79.5127541, 43.6888673 ], [ -79.5126309, 43.6884249 ], [ -79.512395, 43.6880988 ], [ -79.5122275, 43.6879026 ], [ -79.512017, 43.6876999 ], [ -79.5118614, 43.6875506 ], [ -79.511693, 43.687425 ], [ -79.5115086, 43.6873247 ], [ -79.5113831, 43.6871661 ], [ -79.511268, 43.686811 ], [ -79.5111152, 43.6864646 ], [ -79.5109779, 43.6860844 ], [ -79.5108826, 43.6857095 ], [ -79.5108685, 43.6856635 ], [ -79.5107682, 43.6853378 ], [ -79.5106507, 43.6849836 ], [ -79.5104775, 43.6846667 ], [ -79.5103677, 43.6844538 ], [ -79.5102881, 43.6842761 ], [ -79.5102363, 43.6841329 ], [ -79.5088036, 43.6843939 ], [ -79.5079239, 43.684553 ], [ -79.5071514, 43.6846752 ], [ -79.5067893, 43.6846955 ], [ -79.5063977, 43.6847033 ], [ -79.505986, 43.68468 ], [ -79.5057607, 43.684647 ], [ -79.5053275, 43.6845927 ], [ -79.5047347, 43.6845006 ], [ -79.5041918, 43.6843842 ], [ -79.5029296, 43.6841136 ], [ -79.5025796, 43.6840671 ], [ -79.502133, 43.6840234 ], [ -79.5017092, 43.6840157 ], [ -79.501331, 43.6840399 ], [ -79.5005076, 43.6841418 ], [ -79.4998021, 43.6842892 ], [ -79.4988231, 43.6845045 ], [ -79.4981995, 43.6825435 ], [ -79.4979541, 43.6817947 ], [ -79.4976966, 43.6810217 ], [ -79.4975404, 43.6810478 ], [ -79.4971736, 43.68111 ], [ -79.4971014, 43.6811131 ], [ -79.4967458, 43.6811284 ], [ -79.4962871, 43.6811595 ], [ -79.4957963, 43.6812846 ], [ -79.4954583, 43.681464 ], [ -79.4950144, 43.6817084 ], [ -79.4945142, 43.6818355 ], [ -79.4937158, 43.682018 ], [ -79.493389, 43.6820925 ], [ -79.4922725, 43.6823481 ], [ -79.4912875, 43.6825735 ], [ -79.4887877, 43.6831419 ], [ -79.4872722, 43.6834832 ], [ -79.4857085, 43.6838421 ], [ -79.4843593, 43.684166 ], [ -79.4839355, 43.6842775 ], [ -79.483391, 43.6848914 ], [ -79.4830705, 43.6852396 ], [ -79.4870751, 43.6874631 ], [ -79.4979849, 43.6928221 ], [ -79.4976474, 43.6929935 ] ] ] } },
{ "type": "Feature", "properties": { "name": "Lambton Baby Point", "overture_id": "92dff192-32cc-45f9-b4c7-44937678c0d3", "division_id": "cf50a782-661f-4be8-92ed-d544dc71d22d" }, "geometry": { "type": "Polygon", "coordinates": [ [ [ -79.4881098, 43.6582256 ], [ -79.4881972, 43.6584374 ], [ -79.4882518, 43.6585586 ], [ -79.4883025, 43.6587011 ], [ -79.4884934, 43.6591659 ], [ -79.4888385, 43.660016 ], [ -79.4890036, 43.6604094 ], [ -79.4891172, 43.6603856 ], [ -79.4891703, 43.6603753 ], [ -79.4902223, 43.6601393 ], [ -79.4913585, 43.6599118 ], [ -79.4914522, 43.659893 ], [ -79.4925385, 43.6596622 ], [ -79.4926174, 43.6596486 ], [ -79.4927293, 43.6596304 ], [ -79.4927815, 43.6596219 ], [ -79.4928673, 43.6596073 ], [ -79.4929712, 43.6595942 ], [ -79.4943384, 43.6594512 ], [ -79.4949084, 43.6593944 ], [ -79.4949724, 43.6593999 ], [ -79.4950365, 43.6594137 ], [ -79.4950875, 43.6594327 ], [ -79.4951547, 43.6594618 ], [ -79.4954865, 43.6596611 ], [ -79.4954062, 43.6597223 ], [ -79.4953932, 43.6597351 ], [ -79.4950908, 43.659975 ], [ -79.4946188, 43.660268 ], [ -79.4945645, 43.6603157 ], [ -79.4944091, 43.6604523 ], [ -79.4943579, 43.6605242 ], [ -79.4942798, 43.6606629 ], [ -79.4942302, 43.6607977 ], [ -79.4941685, 43.6610945 ], [ -79.494249, 43.6613235 ], [ -79.4945038, 43.6616631 ], [ -79.4945454, 43.6617728 ], [ -79.4945735, 43.6619832 ], [ -79.494603, 43.6624489 ], [ -79.494701, 43.6627482 ], [ -79.4947428, 43.6628386 ], [ -79.4947915, 43.6629248 ], [ -79.4949497, 43.66305 ], [ -79.4951579, 43.6632286 ], [ -79.4953487, 43.6634375 ], [ -79.4954456, 43.663557 ], [ -79.4954757, 43.6635856 ], [ -79.495511, 43.6636141 ], [ -79.4956242, 43.6636888 ], [ -79.4959232, 43.6639132 ], [ -79.4960005, 43.6640126 ], [ -79.4961558, 43.6642994 ], [ -79.4962038, 43.664391 ], [ -79.4963221, 43.6644915 ], [ -79.4963867, 43.6645341 ], [ -79.4967729, 43.6646956 ], [ -79.4972021, 43.6647887 ], [ -79.4975948, 43.6648737 ], [ -79.4977257, 43.6649315 ], [ -79.4980432, 43.6651426 ], [ -79.4980797, 43.6651659 ], [ -79.4982714, 43.6652886 ], [ -79.4982933, 43.6653026 ], [ -79.4984952, 43.6654631 ], [ -79.4985342, 43.6655029 ], [ -79.4985702, 43.665606 ], [ -79.4990592, 43.6655438 ], [ -79.4991117, 43.6655355 ], [ -79.4992222, 43.6655182 ], [ -79.4992151, 43.6656338 ], [ -79.4991948, 43.6657637 ], [ -79.4992017, 43.6658644 ], [ -79.5000346, 43.665814 ], [ -79.5045505, 43.6655305 ], [ -79.5065959, 43.6653932 ], [ -79.5070985, 43.6653243 ], [ -79.5078589, 43.6651715 ], [ -79.508414, 43.665016 ], [ -79.5089258, 43.6648363 ], [ -79.5093603, 43.6646459 ], [ -79.509921, 43.6643716 ], [ -79.5108434, 43.6637573 ], [ -79.5121888, 43.6626216 ], [ -79.5121289, 43.6625792 ], [ -79.5120165, 43.6624983 ], [ -79.5119867, 43.6624758 ], [ -79.5119622, 43.6624623 ], [ -79.5118433, 43.6623948 ], [ -79.5116917, 43.6623138 ], [ -79.5115383, 43.6622328 ], [ -79.5114968, 43.6622103 ], [ -79.5113062, 43.6621293 ], [ -79.5110872, 43.6620753 ], [ -79.5109845, 43.6620573 ], [ -79.5105796, 43.6619764 ], [ -79.5102507, 43.6619449 ], [ -79.5097865, 43.6620079 ], [ -79.5092933, 43.6621295 ], [ -79.508845, 43.6623231 ], [ -79.5083774, 43.6624897 ], [ -79.5079446, 43.6626248 ], [ -79.5075025, 43.6627958 ], [ -79.507091, 43.6629219 ], [ -79.5066044, 43.6630255 ], [ -79.5061689, 43.663021 ], [ -79.5060073, 43.6629884 ], [ -79.5057705, 43.6629175 ], [ -79.5055253, 43.662814 ], [ -79.5054067, 43.6627555 ], [ -79.5051471, 43.6625575 ], [ -79.5048607, 43.662346 ], [ -79.5044701, 43.662148 ], [ -79.504205, 43.662012 ], [ -79.5040962, 43.6619544 ], [ -79.5038123, 43.6617469 ], [ -79.5037576, 43.6617069 ], [ -79.5034496, 43.6614189 ], [ -79.503085, 43.6611309 ], [ -79.5026972, 43.6608564 ], [ -79.5024608, 43.6606847 ], [ -79.5022943, 43.6605638 ], [ -79.5019162, 43.6602893 ], [ -79.5014835, 43.6600103 ], [ -79.5014175, 43.6599748 ], [ -79.5010562, 43.6597808 ], [ -79.500615, 43.6595692 ], [ -79.5001482, 43.6593532 ], [ -79.4998846, 43.6591375 ], [ -79.4997798, 43.6590517 ], [ -79.499523, 43.6586961 ], [ -79.4994432, 43.6583136 ], [ -79.4994704, 43.6581941 ], [ -79.4995323, 43.657922 ], [ -79.4996257, 43.6576546 ], [ -79.4997552, 43.6573711 ], [ -79.5000907, 43.657061 ], [ -79.5005657, 43.6567342 ], [ -79.5012368, 43.6563647 ], [ -79.5016145, 43.6560901 ], [ -79.5019437, 43.6557976 ], [ -79.5023129, 43.6554701 ], [ -79.5025321, 43.6551721 ], [ -79.5027082, 43.654939 ], [ -79.5027746, 43.6547996 ], [ -79.5028909, 43.6544751 ], [ -79.5029407, 43.654117 ], [ -79.5029607, 43.6536412 ], [ -79.5029241, 43.6533984 ], [ -79.5028254, 43.6531902 ], [ -79.5025467, 43.6528798 ], [ -79.5020713, 43.6525931 ], [ -79.5015251, 43.6524086 ], [ -79.5009475, 43.6522826 ], [ -79.5003432, 43.6521791 ], [ -79.4996917, 43.6521701 ], [ -79.4990808, 43.652153 ], [ -79.4984678, 43.6520967 ], [ -79.4978644, 43.6519946 ], [ -79.497257, 43.6519766 ], [ -79.4966497, 43.6519855 ], [ -79.4962791, 43.6520299 ], [ -79.4957509, 43.6520924 ], [ -79.49484, 43.6522105 ], [ -79.4944322, 43.6522751 ], [ -79.4938077, 43.6522991 ], [ -79.4933619, 43.6522919 ], [ -79.4931799, 43.6522702 ], [ -79.4924923, 43.6521525 ], [ -79.491921, 43.6519602 ], [ -79.4915755, 43.6517367 ], [ -79.4913164, 43.6515012 ], [ -79.491167, 43.6512608 ], [ -79.4910142, 43.650994 ], [ -79.4908315, 43.6506287 ], [ -79.4907916, 43.6503451 ], [ -79.4907949, 43.6500687 ], [ -79.4909411, 43.6497202 ], [ -79.4912895, 43.6493928 ], [ -79.491539, 43.6490688 ], [ -79.4917827, 43.6487222 ], [ -79.4919737, 43.6484747 ], [ -79.4912347, 43.6482312 ], [ -79.4910836, 43.6481794 ], [ -79.4908241, 43.6480905 ], [ -79.490441, 43.6479627 ], [ -79.490169, 43.6478931 ], [ -79.4899262, 43.6478453 ], [ -79.4896747, 43.6478193 ], [ -79.4894152, 43.6478021 ], [ -79.4887623, 43.6477656 ], [ -79.4884722, 43.6477502 ], [ -79.4881914, 43.6477379 ], [ -79.488046, 43.6477381 ], [ -79.4877262, 43.6477558 ], [ -79.4873965, 43.6478031 ], [ -79.4869835, 43.6478887 ], [ -79.486724, 43.6479435 ], [ -79.4865501, 43.6479836 ], [ -79.4863395, 43.6480348 ], [ -79.4861332, 43.6481137 ], [ -79.4858825, 43.6482374 ], [ -79.4857398, 43.6483244 ], [ -79.4857035, 43.6483534 ], [ -79.4856642, 43.6483919 ], [ -79.4856502, 43.6484027 ], [ -79.4855435, 43.6484989 ], [ -79.4854831, 43.6485524 ], [ -79.4854494, 43.6485823 ], [ -79.4853343, 43.6486843 ], [ -79.4852393, 43.6487685 ], [ -79.4848668, 43.6491057 ], [ -79.4847221, 43.6492065 ], [ -79.4846371, 43.649252 ], [ -79.4845498, 43.6492889 ], [ -79.4844411, 43.6493223 ], [ -79.4848217, 43.6501567 ], [ -79.4851332, 43.6509015 ], [ -79.4854437, 43.6516609 ], [ -79.4862531, 43.6536229 ], [ -79.4864094, 43.6540041 ], [ -79.4865129, 43.654255 ], [ -79.4867272, 43.6547762 ], [ -79.4869818, 43.6553914 ], [ -79.4870227, 43.6554981 ], [ -79.4870677, 43.655619 ], [ -79.487195, 43.6559459 ], [ -79.487315, 43.6562153 ], [ -79.4876006, 43.6569522 ], [ -79.4880396, 43.6580307 ], [ -79.4881098, 43.6582256 ] ] ] } },
{ "type": "Feature", "properties": { "name": "Rockcliffe-Smythe", "overture_id": "7fabdcfe-ddbc-4284-a9d6-ba264b7d49a2", "division_id": "4e3a69c6-250f-42c7-9b89-b1b3ed8f45fb" }, "geometry": { "type": "Polygon", "coordinates": [ [ [ -79.4863429, 43.6666068 ], [ -79.4845801, 43.6667106 ], [ -79.483652, 43.6667658 ], [ -79.4826443, 43.6668273 ], [ -79.4828345, 43.6672912 ], [ -79.4830919, 43.6679265 ], [ -79.4835523, 43.668994 ], [ -79.4839405, 43.6699132 ], [ -79.4838865, 43.6699263 ], [ -79.4833855, 43.6700437 ], [ -79.4823865, 43.6702665 ], [ -79.4817197, 43.6704151 ], [ -79.4812028, 43.670531 ], [ -79.4803007, 43.6707302 ], [ -79.480079, 43.6707792 ], [ -79.4802636, 43.6712414 ], [ -79.4804009, 43.671575 ], [ -79.4807813, 43.6725164 ], [ -79.478572, 43.6730095 ], [ -79.4788428, 43.673651 ], [ -79.478587, 43.6737153 ], [ -79.4782451, 43.6737962 ], [ -79.4783691, 43.6740866 ], [ -79.4750462, 43.6748012 ], [ -79.4749579, 43.6748208 ], [ -79.4741952, 43.6749904 ], [ -79.4735037, 43.6752109 ], [ -79.4738808, 43.6756889 ], [ -79.4736596, 43.6762953 ], [ -79.4736255, 43.6765574 ], [ -79.4736595, 43.6766613 ], [ -79.4736799, 43.6767322 ], [ -79.4748858, 43.6776699 ], [ -79.4757985, 43.6783794 ], [ -79.4758416, 43.6784866 ], [ -79.476005, 43.6788757 ], [ -79.4748485, 43.6791473 ], [ -79.4744195, 43.679248 ], [ -79.4738288, 43.679388 ], [ -79.4734542, 43.6790236 ], [ -79.4726387, 43.6792212 ], [ -79.4724917, 43.6792257 ], [ -79.4726166, 43.6793118 ], [ -79.4734498, 43.6798857 ], [ -79.4743579, 43.6805113 ], [ -79.4748455, 43.6808472 ], [ -79.475724, 43.6813864 ], [ -79.4766761, 43.6819441 ], [ -79.4772233, 43.6822535 ], [ -79.4777477, 43.6825658 ], [ -79.4783954, 43.6829062 ], [ -79.4792242, 43.6833446 ], [ -79.4800356, 43.6837441 ], [ -79.4814585, 43.6844405 ], [ -79.4830705, 43.6852396 ], [ -79.483391, 43.6848914 ], [ -79.4839355, 43.6842775 ], [ -79.4843593, 43.684166 ], [ -79.4857085, 43.6838421 ], [ -79.4872722, 43.6834832 ], [ -79.4887877, 43.6831419 ], [ -79.4912875, 43.6825735 ], [ -79.4922725, 43.6823481 ], [ -79.493389, 43.6820925 ], [ -79.4937158, 43.682018 ], [ -79.4945142, 43.6818355 ], [ -79.4950144, 43.6817084 ], [ -79.4954583, 43.681464 ], [ -79.4957963, 43.6812846 ], [ -79.4962871, 43.6811595 ], [ -79.4967458, 43.6811284 ], [ -79.4971014, 43.6811131 ], [ -79.4971736, 43.68111 ], [ -79.4975404, 43.6810478 ], [ -79.4976966, 43.6810217 ], [ -79.4979541, 43.6817947 ], [ -79.4981995, 43.6825435 ], [ -79.4988231, 43.6845045 ], [ -79.4998021, 43.6842892 ], [ -79.5005076, 43.6841418 ], [ -79.501331, 43.6840399 ], [ -79.5017092, 43.6840157 ], [ -79.502133, 43.6840234 ], [ -79.5025796, 43.6840671 ], [ -79.5029296, 43.6841136 ], [ -79.5041918, 43.6843842 ], [ -79.5047347, 43.6845006 ], [ -79.5053275, 43.6845927 ], [ -79.5057607, 43.684647 ], [ -79.505986, 43.68468 ], [ -79.5063977, 43.6847033 ], [ -79.5067893, 43.6846955 ], [ -79.5071514, 43.6846752 ], [ -79.5079239, 43.684553 ], [ -79.5088036, 43.6843939 ], [ -79.5102363, 43.6841329 ], [ -79.5102162, 43.6840806 ], [ -79.5101204, 43.6838313 ], [ -79.5100145, 43.6835253 ], [ -79.5097811, 43.6832282 ], [ -79.5095407, 43.6829222 ], [ -79.5092526, 43.6826387 ], [ -79.5088952, 43.6824497 ], [ -79.5084506, 43.6823733 ], [ -79.5084234, 43.6823733 ], [ -79.5082317, 43.6823674 ], [ -79.5079566, 43.6823617 ], [ -79.5074517, 43.682441 ], [ -79.506863, 43.6824793 ], [ -79.5064087, 43.6823511 ], [ -79.5059726, 43.6822341 ], [ -79.5057741, 43.6821196 ], [ -79.5056277, 43.681987 ], [ -79.5054978, 43.6818209 ], [ -79.5054738, 43.6816604 ], [ -79.5054745, 43.6815264 ], [ -79.5055457, 43.6813026 ], [ -79.5054697, 43.6809291 ], [ -79.5055317, 43.6805735 ], [ -79.5055608, 43.6803932 ], [ -79.505708, 43.6802111 ], [ -79.5059001, 43.6801062 ], [ -79.5061192, 43.6800199 ], [ -79.5065602, 43.6798443 ], [ -79.50694, 43.6796057 ], [ -79.507171, 43.6793582 ], [ -79.5072457, 43.6792772 ], [ -79.5074437, 43.6789171 ], [ -79.5074631, 43.6788811 ], [ -79.5076882, 43.6784625 ], [ -79.5078969, 43.6780439 ], [ -79.5080794, 43.6776073 ], [ -79.5082789, 43.6771708 ], [ -79.5085234, 43.6767612 ], [ -79.5088376, 43.6763966 ], [ -79.5092477, 43.6760455 ], [ -79.5097011, 43.6757755 ], [ -79.5098634, 43.6756944 ], [ -79.5102196, 43.6755189 ], [ -79.5107307, 43.6752353 ], [ -79.511224, 43.6749742 ], [ -79.5116595, 43.6746591 ], [ -79.5120509, 43.6743305 ], [ -79.5123042, 43.6739435 ], [ -79.5123931, 43.6736758 ], [ -79.5123189, 43.6735953 ], [ -79.5123006, 43.6735336 ], [ -79.5123401, 43.6732777 ], [ -79.512435, 43.6730658 ], [ -79.5123581, 43.6725888 ], [ -79.5122526, 43.6721252 ], [ -79.5120936, 43.6716842 ], [ -79.5119691, 43.6712341 ], [ -79.5118725, 43.6707931 ], [ -79.5118461, 43.6706176 ], [ -79.5118073, 43.670352 ], [ -79.5117513, 43.6699687 ], [ -79.5117416, 43.669902 ], [ -79.5116357, 43.6694834 ], [ -79.5115135, 43.6691324 ], [ -79.5115071, 43.6691006 ], [ -79.5114899, 43.6690649 ], [ -79.5114434, 43.6689344 ], [ -79.5113471, 43.6686643 ], [ -79.5112773, 43.6682863 ], [ -79.5114612, 43.6679037 ], [ -79.5117901, 43.6676021 ], [ -79.5121671, 43.6673635 ], [ -79.5125324, 43.6671519 ], [ -79.5128009, 43.6668683 ], [ -79.5129899, 43.6665532 ], [ -79.5130789, 43.6661752 ], [ -79.5130842, 43.6657656 ], [ -79.5130519, 43.6653515 ], [ -79.5129587, 43.6649465 ], [ -79.5129316, 43.6648152 ], [ -79.5128722, 43.664528 ], [ -79.5128066, 43.6641139 ], [ -79.5126972, 43.6637179 ], [ -79.5125871, 43.6633308 ], [ -79.5124076, 43.6629303 ], [ -79.5121888, 43.6626216 ], [ -79.5108434, 43.6637573 ], [ -79.509921, 43.6643716 ], [ -79.5093603, 43.6646459 ], [ -79.5089258, 43.6648363 ], [ -79.508414, 43.665016 ], [ -79.5078589, 43.6651715 ], [ -79.5070985, 43.6653243 ], [ -79.5065959, 43.6653932 ], [ -79.5045505, 43.6655305 ], [ -79.5000346, 43.665814 ], [ -79.4992017, 43.6658644 ], [ -79.4991145, 43.6658695 ], [ -79.4984469, 43.6659076 ], [ -79.4975308, 43.6659596 ], [ -79.4962783, 43.6660335 ], [ -79.4946601, 43.666127 ], [ -79.49293, 43.6662265 ], [ -79.4913334, 43.666319 ], [ -79.4897952, 43.6664086 ], [ -79.4879723, 43.666514 ], [ -79.4863429, 43.6666068 ] ] ] } },
{ "type": "Feature", "properties": { "name": "Stonegate-Queensway", "overture_id": "4d50d61e-0eef-491a-ba3f-544fb31504f0", "division_id": "45a902aa-9430-4ba0-8c87-d5ee301024fb" }, "geometry": { "type": "Polygon", "coordinates": [ [ [ -79.5139494, 43.6218214 ], [ -79.513652, 43.6212607 ], [ -79.5133925, 43.6208069 ], [ -79.5131661, 43.6204862 ], [ -79.5106421, 43.620976 ], [ -79.5050782, 43.6220908 ], [ -79.5010496, 43.6229363 ], [ -79.4945302, 43.6244899 ], [ -79.4931874, 43.6248061 ], [ -79.4825698, 43.6273901 ], [ -79.4822298, 43.6274966 ], [ -79.4797421, 43.6293913 ], [ -79.4778063, 43.6308443 ], [ -79.4759326, 43.6322845 ], [ -79.4755859, 43.6325454 ], [ -79.475226, 43.6328031 ], [ -79.4745788, 43.6332286 ], [ -79.4742391, 43.6334403 ], [ -79.4742481, 43.6334448 ], [ -79.4743592, 43.6334853 ], [ -79.4751313, 43.6338635 ], [ -79.4755026, 43.6341156 ], [ -79.4756059, 43.6342829 ], [ -79.4757054, 43.6344442 ], [ -79.4758412, 43.6347638 ], [ -79.4759668, 43.6349715 ], [ -79.4760127, 43.6350474 ], [ -79.4761783, 43.6353625 ], [ -79.4762541, 43.6354927 ], [ -79.4763435, 43.6356461 ], [ -79.4764239, 43.6357877 ], [ -79.47653, 43.6359747 ], [ -79.4767158, 43.6362402 ], [ -79.4767374, 43.6362792 ], [ -79.4768334, 43.6364518 ], [ -79.4768754, 43.6367561 ], [ -79.4769786, 43.6369965 ], [ -79.4770886, 43.6372211 ], [ -79.4772179, 43.6374165 ], [ -79.4772954, 43.6375418 ], [ -79.4775022, 43.6377419 ], [ -79.4778418, 43.6378812 ], [ -79.478121, 43.6380012 ], [ -79.4784581, 43.6380777 ], [ -79.4788501, 43.638128 ], [ -79.4793646, 43.6381399 ], [ -79.4798545, 43.638144 ], [ -79.4804005, 43.6381205 ], [ -79.4808625, 43.6381008 ], [ -79.4814028, 43.6380391 ], [ -79.4818859, 43.6379945 ], [ -79.4823343, 43.6379777 ], [ -79.4824819, 43.6379769 ], [ -79.4830138, 43.6380113 ], [ -79.483247, 43.6380147 ], [ -79.4833796, 43.6380255 ], [ -79.4836189, 43.6380478 ], [ -79.4838557, 43.63806 ], [ -79.4840552, 43.6381017 ], [ -79.4842532, 43.6381557 ], [ -79.4843995, 43.638228 ], [ -79.484536, 43.6382964 ], [ -79.4846774, 43.638377 ], [ -79.4847375, 43.6384153 ], [ -79.4848366, 43.6384847 ], [ -79.4849233, 43.6385842 ], [ -79.4850478, 43.6388319 ], [ -79.4851025, 43.6391222 ], [ -79.4851293, 43.6396454 ], [ -79.4851155, 43.6398983 ], [ -79.4851063, 43.6400671 ], [ -79.485116, 43.6402835 ], [ -79.4850743, 43.6406233 ], [ -79.4850283, 43.6408804 ], [ -79.4850087, 43.641238 ], [ -79.485008, 43.641397 ], [ -79.4849996, 43.6415732 ], [ -79.4849928, 43.6417454 ], [ -79.4850669, 43.6419264 ], [ -79.4852193, 43.6420416 ], [ -79.485443, 43.642102 ], [ -79.4857114, 43.6421192 ], [ -79.4859774, 43.6421144 ], [ -79.486347, 43.6420775 ], [ -79.4866661, 43.6420337 ], [ -79.4870952, 43.6419375 ], [ -79.4875079, 43.6418173 ], [ -79.4879479, 43.6416471 ], [ -79.4882149, 43.6415286 ], [ -79.4889987, 43.6412507 ], [ -79.489108, 43.6412164 ], [ -79.4892915, 43.641203 ], [ -79.4894395, 43.6412391 ], [ -79.4896606, 43.6413657 ], [ -79.4898013, 43.6414643 ], [ -79.4899051, 43.6415613 ], [ -79.4899716, 43.6416472 ], [ -79.4900517, 43.6417737 ], [ -79.4901014, 43.6418521 ], [ -79.4901977, 43.6420068 ], [ -79.4902256, 43.6420629 ], [ -79.4903628, 43.6423939 ], [ -79.4903966, 43.6424987 ], [ -79.4904604, 43.6426964 ], [ -79.4905945, 43.6430842 ], [ -79.4907893, 43.6434756 ], [ -79.4909852, 43.6438416 ], [ -79.4912043, 43.6442039 ], [ -79.4913616, 43.6444314 ], [ -79.4914388, 43.6445557 ], [ -79.491553, 43.6447221 ], [ -79.49174, 43.644954 ], [ -79.4918882, 43.6450951 ], [ -79.4920044, 43.6451942 ], [ -79.4922101, 43.6453552 ], [ -79.4923618, 43.6454729 ], [ -79.4924363, 43.6455344 ], [ -79.4925206, 43.6456237 ], [ -79.4925548, 43.6456832 ], [ -79.4926217, 43.6457702 ], [ -79.4926745, 43.6458388 ], [ -79.4927076, 43.6459117 ], [ -79.492789, 43.6462189 ], [ -79.4928142, 43.646469 ], [ -79.492821, 43.6467386 ], [ -79.4927969, 43.6469205 ], [ -79.4927731, 43.6471274 ], [ -79.4926313, 43.6474477 ], [ -79.4924914, 43.6477253 ], [ -79.492422, 43.6478717 ], [ -79.492274, 43.6481102 ], [ -79.4920396, 43.6483937 ], [ -79.4919737, 43.6484747 ], [ -79.4945573, 43.6493256 ], [ -79.4957391, 43.6496744 ], [ -79.4966782, 43.6498796 ], [ -79.4975691, 43.6500178 ], [ -79.4988041, 43.6500734 ], [ -79.4992144, 43.6500647 ], [ -79.4994123, 43.6500373 ], [ -79.49977, 43.6499751 ], [ -79.5170435, 43.6461068 ], [ -79.5234388, 43.6446473 ], [ -79.5150064, 43.6241919 ], [ -79.5147829, 43.6235942 ], [ -79.514175, 43.6223228 ], [ -79.5139494, 43.6218214 ] ] ] } },
{ "type": "Feature", "properties": { "name": "Humber Bay Shores", "overture_id": "b4e050ab-ff95-4cbd-94fd-551df0d89095", "division_id": "f238e57c-a810-41e2-bc9a-b48b486891d8" }, "geometry": { "type": "Polygon", "coordinates": [ [ [ -79.4822298, 43.6274966 ], [ -79.4825698, 43.6273901 ], [ -79.4931874, 43.6248061 ], [ -79.492541, 43.623361 ], [ -79.4911801, 43.6236676 ], [ -79.4892941, 43.6240541 ], [ -79.4889712, 43.6241501 ], [ -79.4888469, 43.624187 ], [ -79.4866349, 43.6248452 ], [ -79.4865879, 43.6247061 ], [ -79.4866422, 43.6245803 ], [ -79.4867702, 43.62444 ], [ -79.4869067, 43.6243167 ], [ -79.4870388, 43.6242208 ], [ -79.4871066, 43.6241092 ], [ -79.4870902, 43.6240055 ], [ -79.4870238, 43.6239365 ], [ -79.4868884, 43.6238445 ], [ -79.4867081, 43.6238119 ], [ -79.4865328, 43.6237475 ], [ -79.486361, 43.6236439 ], [ -79.4862217, 43.6235415 ], [ -79.4860823, 43.6234295 ], [ -79.4859388, 43.6233265 ], [ -79.4857835, 43.6231915 ], [ -79.4856928, 43.6231086 ], [ -79.4856537, 43.6230504 ], [ -79.4856282, 43.6229753 ], [ -79.485593, 43.6229195 ], [ -79.4855168, 43.6228523 ], [ -79.4853188, 43.6227801 ], [ -79.4851503, 43.6227467 ], [ -79.4849525, 43.6227217 ], [ -79.4845438, 43.6226322 ], [ -79.4843408, 43.6225904 ], [ -79.4839412, 43.6224685 ], [ -79.4828295, 43.622091 ], [ -79.4826, 43.6220351 ], [ -79.4824214, 43.6220105 ], [ -79.4820936, 43.62201 ], [ -79.481972, 43.6219832 ], [ -79.4824785, 43.6212046 ], [ -79.4825735, 43.6210921 ], [ -79.4830778, 43.6206383 ], [ -79.4831824, 43.6205608 ], [ -79.4833013, 43.6204786 ], [ -79.4838395, 43.6202626 ], [ -79.4839979, 43.6202186 ], [ -79.4842624, 43.6201616 ], [ -79.4852784, 43.6199131 ], [ -79.4855498, 43.6198233 ], [ -79.4856702, 43.6197721 ], [ -79.4857411, 43.6197217 ], [ -79.485922, 43.6196042 ], [ -79.4860369, 43.6195069 ], [ -79.4861089, 43.6194353 ], [ -79.4861939, 43.6193368 ], [ -79.4865867, 43.6187 ], [ -79.4869184, 43.6181044 ], [ -79.4873489, 43.6172817 ], [ -79.4893136, 43.6137785 ], [ -79.4894721, 43.6134528 ], [ -79.4897125, 43.6130059 ], [ -79.4897871, 43.6127287 ], [ -79.4898887, 43.6121046 ], [ -79.4901332, 43.6104669 ], [ -79.4876253, 43.6103495 ], [ -79.4866661, 43.6103328 ], [ -79.4867361, 43.610405 ], [ -79.4867911, 43.6104507 ], [ -79.4867956, 43.6104797 ], [ -79.4867661, 43.610569 ], [ -79.4867306, 43.6107361 ], [ -79.4867133, 43.6107726 ], [ -79.4866987, 43.610798 ], [ -79.4866723, 43.6108096 ], [ -79.4866345, 43.6108161 ], [ -79.4865389, 43.6108181 ], [ -79.4863892, 43.6108105 ], [ -79.4863382, 43.6108191 ], [ -79.4863114, 43.6108336 ], [ -79.4862631, 43.6108982 ], [ -79.4862622, 43.6109091 ], [ -79.4863209, 43.6109928 ], [ -79.4863309, 43.611 ], [ -79.4863924, 43.6110201 ], [ -79.486482, 43.6110191 ], [ -79.486589, 43.611035 ], [ -79.4867137, 43.611091 ], [ -79.4868202, 43.6112571 ], [ -79.4867933, 43.6113861 ], [ -79.486742, 43.6115022 ], [ -79.4866871, 43.6115765 ], [ -79.4865354, 43.6115482 ], [ -79.4864436, 43.6115922 ], [ -79.4863988, 43.6116534 ], [ -79.4864205, 43.611723 ], [ -79.4864964, 43.61177 ], [ -79.4867839, 43.6118166 ], [ -79.4868049, 43.6118857 ], [ -79.4868085, 43.6119835 ], [ -79.4867803, 43.6121017 ], [ -79.4867543, 43.6121524 ], [ -79.4866719, 43.6122456 ], [ -79.4865769, 43.6122204 ], [ -79.4864588, 43.6122159 ], [ -79.4863928, 43.6122287 ], [ -79.4862747, 43.612269 ], [ -79.4862042, 43.6123101 ], [ -79.4861961, 43.6123222 ], [ -79.4861726, 43.6124102 ], [ -79.4861726, 43.6124372 ], [ -79.4861821, 43.6127658 ], [ -79.4862117, 43.6128286 ], [ -79.486315, 43.6129062 ], [ -79.486427, 43.6129572 ], [ -79.4865014, 43.6129455 ], [ -79.4865813, 43.6128741 ], [ -79.4865709, 43.6127469 ], [ -79.4865778, 43.6126564 ], [ -79.4865824, 43.6126468 ], [ -79.4865872, 43.6126466 ], [ -79.4866107, 43.6126624 ], [ -79.4866466, 43.6126825 ], [ -79.4866876, 43.6126925 ], [ -79.4867819, 43.6127075 ], [ -79.4869121, 43.6127087 ], [ -79.4869846, 43.6127492 ], [ -79.4870411, 43.6128424 ], [ -79.4870494, 43.6128738 ], [ -79.4870368, 43.6129261 ], [ -79.4869884, 43.61306 ], [ -79.486914, 43.613049 ], [ -79.486901, 43.6130825 ], [ -79.4868667, 43.613076 ], [ -79.486806, 43.6132347 ], [ -79.4868441, 43.6132401 ], [ -79.4868324, 43.6132756 ], [ -79.4868969, 43.6132904 ], [ -79.4868212, 43.6134614 ], [ -79.4867819, 43.613456 ], [ -79.486773, 43.6134795 ], [ -79.4867501, 43.6134764 ], [ -79.4867157, 43.6135391 ], [ -79.486685, 43.613604 ], [ -79.4865804, 43.6136115 ], [ -79.486356, 43.6135991 ], [ -79.4862313, 43.6136363 ], [ -79.486107, 43.6137154 ], [ -79.4860205, 43.6138192 ], [ -79.4859427, 43.613958 ], [ -79.4859324, 43.6140991 ], [ -79.4859736, 43.6143898 ], [ -79.4859473, 43.6145019 ], [ -79.48575, 43.6148614 ], [ -79.4857385, 43.614966 ], [ -79.4856445, 43.615196 ], [ -79.4852992, 43.6158654 ], [ -79.4853342, 43.6159375 ], [ -79.4851995, 43.6163892 ], [ -79.4850882, 43.6164681 ], [ -79.4850332, 43.6165744 ], [ -79.4849128, 43.6168484 ], [ -79.48493, 43.616904 ], [ -79.4847946, 43.6172362 ], [ -79.4847086, 43.617286 ], [ -79.4844035, 43.6176638 ], [ -79.4843817, 43.6177152 ], [ -79.4841352, 43.6178282 ], [ -79.4839872, 43.6178249 ], [ -79.4839402, 43.6178373 ], [ -79.4839, 43.6178016 ], [ -79.4838547, 43.6177929 ], [ -79.4837882, 43.6178282 ], [ -79.483779, 43.6178522 ], [ -79.4838284, 43.6178996 ], [ -79.4836697, 43.6180044 ], [ -79.4835987, 43.6180796 ], [ -79.4835568, 43.6181191 ], [ -79.4835395, 43.6181507 ], [ -79.4835104, 43.6181744 ], [ -79.4831273, 43.6183944 ], [ -79.4825652, 43.6184352 ], [ -79.4816318, 43.6187286 ], [ -79.4815985, 43.6186318 ], [ -79.4815487, 43.6186031 ], [ -79.4815082, 43.6186046 ], [ -79.4813962, 43.6186517 ], [ -79.4812286, 43.6185147 ], [ -79.4813815, 43.6183508 ], [ -79.4814602, 43.6182827 ], [ -79.4816108, 43.6181858 ], [ -79.4816334, 43.6181714 ], [ -79.481661, 43.6181323 ], [ -79.4816545, 43.6181104 ], [ -79.481632, 43.6180888 ], [ -79.4815988, 43.618073 ], [ -79.4814909, 43.6180311 ], [ -79.481338, 43.6178644 ], [ -79.4813047, 43.6178529 ], [ -79.4812679, 43.6178548 ], [ -79.4812387, 43.6178693 ], [ -79.4812246, 43.6178894 ], [ -79.4812224, 43.6179066 ], [ -79.4812265, 43.6179276 ], [ -79.4812533, 43.6179626 ], [ -79.4812569, 43.6179932 ], [ -79.4812346, 43.6180186 ], [ -79.4809512, 43.6181805 ], [ -79.4806159, 43.6183965 ], [ -79.4805892, 43.6184033 ], [ -79.4805661, 43.6183991 ], [ -79.4788812, 43.6171809 ], [ -79.4788639, 43.6171631 ], [ -79.4788675, 43.6171364 ], [ -79.4800912, 43.6162165 ], [ -79.4801543, 43.6161999 ], [ -79.4802047, 43.6162024 ], [ -79.4802231, 43.6162124 ], [ -79.4804639, 43.6162406 ], [ -79.4805064, 43.6160795 ], [ -79.4805568, 43.6158072 ], [ -79.4806256, 43.6155863 ], [ -79.4806165, 43.615573 ], [ -79.4805901, 43.6155614 ], [ -79.4801313, 43.61549 ], [ -79.4801164, 43.6154759 ], [ -79.4801095, 43.6154451 ], [ -79.480355, 43.6144994 ], [ -79.4804794, 43.6141057 ], [ -79.4805032, 43.6140816 ], [ -79.4805451, 43.6140696 ], [ -79.4820348, 43.6141247 ], [ -79.4820694, 43.6141036 ], [ -79.4821276, 43.6139705 ], [ -79.4821786, 43.6139467 ], [ -79.4828359, 43.6140047 ], [ -79.4828249, 43.6141576 ], [ -79.4830216, 43.6142196 ], [ -79.4830552, 43.6146928 ], [ -79.4830989, 43.6147653 ], [ -79.4831918, 43.6147936 ], [ -79.4832664, 43.6147917 ], [ -79.4833538, 43.6147653 ], [ -79.4833975, 43.6147231 ], [ -79.4834194, 43.6146862 ], [ -79.4836451, 43.614039 ], [ -79.4841676, 43.6132224 ], [ -79.4841658, 43.6131578 ], [ -79.4841476, 43.6131183 ], [ -79.4841194, 43.6131038 ], [ -79.4839974, 43.6130781 ], [ -79.4838199, 43.6130399 ], [ -79.4835987, 43.6129502 ], [ -79.4834949, 43.6128751 ], [ -79.4834157, 43.6128052 ], [ -79.4833447, 43.612682 ], [ -79.4832573, 43.6125429 ], [ -79.4831654, 43.6124355 ], [ -79.4830616, 43.6123736 ], [ -79.4829396, 43.6123597 ], [ -79.4828522, 43.6123769 ], [ -79.4827849, 43.6124091 ], [ -79.4827057, 43.6124836 ], [ -79.4826829, 43.6125594 ], [ -79.4826656, 43.61268 ], [ -79.4826929, 43.6129087 ], [ -79.4827339, 43.6129918 ], [ -79.4827139, 43.6130339 ], [ -79.482662, 43.6130873 ], [ -79.4825002, 43.6131746 ], [ -79.4822892, 43.6132604 ], [ -79.4820248, 43.6133399 ], [ -79.481769, 43.6133911 ], [ -79.4814627, 43.6134393 ], [ -79.4811173, 43.6134728 ], [ -79.4808963, 43.6134675 ], [ -79.4806969, 43.6134131 ], [ -79.4805784, 43.6133535 ], [ -79.4804642, 43.6132384 ], [ -79.4803255, 43.6130679 ], [ -79.4801319, 43.6126693 ], [ -79.4799527, 43.612278 ], [ -79.4797749, 43.612098 ], [ -79.4796333, 43.6120238 ], [ -79.4794859, 43.6119505 ], [ -79.4792504, 43.6119369 ], [ -79.4791724, 43.6119568 ], [ -79.4790178, 43.6120028 ], [ -79.4789094, 43.6120813 ], [ -79.4788501, 43.6121744 ], [ -79.4788386, 43.6122843 ], [ -79.4788472, 43.6123554 ], [ -79.4790611, 43.6127027 ], [ -79.4791391, 43.6128408 ], [ -79.4793227, 43.6130626 ], [ -79.4793443, 43.6131516 ], [ -79.4793169, 43.6132384 ], [ -79.478986, 43.6137709 ], [ -79.4785236, 43.6143589 ], [ -79.4784051, 43.6144237 ], [ -79.4782317, 43.6144216 ], [ -79.4778791, 43.6143338 ], [ -79.4773271, 43.6141622 ], [ -79.4771855, 43.6141768 ], [ -79.4770988, 43.6142166 ], [ -79.4769254, 43.6143735 ], [ -79.4769167, 43.6144488 ], [ -79.4769572, 43.6145409 ], [ -79.4773994, 43.6148527 ], [ -79.4774918, 43.614997 ], [ -79.4775092, 43.6150996 ], [ -79.4772549, 43.6156289 ], [ -79.4766653, 43.6164512 ], [ -79.4761104, 43.6170726 ], [ -79.4755555, 43.6176103 ], [ -79.4754226, 43.6176291 ], [ -79.4752983, 43.6176061 ], [ -79.4750613, 43.6175455 ], [ -79.4749284, 43.6175852 ], [ -79.474885, 43.6176438 ], [ -79.474885, 43.6177589 ], [ -79.4749371, 43.6178844 ], [ -79.4750527, 43.6179765 ], [ -79.4758511, 43.6182242 ], [ -79.4759337, 43.6182242 ], [ -79.4760105, 43.6181952 ], [ -79.4760702, 43.6181453 ], [ -79.4760965, 43.6181022 ], [ -79.4761092, 43.6180524 ], [ -79.476116, 43.61801 ], [ -79.4761332, 43.6179884 ], [ -79.476147, 43.6179718 ], [ -79.4764142, 43.6177817 ], [ -79.476498, 43.6176638 ], [ -79.476662, 43.6175558 ], [ -79.4768351, 43.6174512 ], [ -79.4769361, 43.6174105 ], [ -79.4770462, 43.6174022 ], [ -79.4771505, 43.6174064 ], [ -79.4772526, 43.6173997 ], [ -79.4773085, 43.6174008 ], [ -79.4773668, 43.6174258 ], [ -79.4773741, 43.6174561 ], [ -79.477558, 43.6175556 ], [ -79.4779817, 43.6177568 ], [ -79.478405, 43.6179741 ], [ -79.4784969, 43.6180344 ], [ -79.4786348, 43.6181636 ], [ -79.4787391, 43.6183132 ], [ -79.4787996, 43.6184552 ], [ -79.4788215, 43.6185718 ], [ -79.4788196, 43.6186503 ], [ -79.4787923, 43.6187142 ], [ -79.4787568, 43.6187531 ], [ -79.4786221, 43.6188499 ], [ -79.4785702, 43.6188545 ], [ -79.4783727, 43.6189791 ], [ -79.4783627, 43.6190061 ], [ -79.4783654, 43.6191722 ], [ -79.4781196, 43.6191623 ], [ -79.4781369, 43.6191214 ], [ -79.4781387, 43.6189725 ], [ -79.4781251, 43.6189541 ], [ -79.4779694, 43.6188368 ], [ -79.4779057, 43.618815 ], [ -79.4778875, 43.618784 ], [ -79.4778729, 43.6187307 ], [ -79.4778347, 43.6185573 ], [ -79.477781, 43.6184908 ], [ -79.4777027, 43.6184189 ], [ -79.4776053, 43.6183662 ], [ -79.4774751, 43.61833 ], [ -79.4773486, 43.6183175 ], [ -79.4772066, 43.6183267 ], [ -79.4770273, 43.6183774 ], [ -79.476847, 43.6184532 ], [ -79.4766613, 43.6185725 ], [ -79.4765348, 43.6187102 ], [ -79.4764747, 43.6188407 ], [ -79.4764729, 43.6190081 ], [ -79.4765193, 43.6191392 ], [ -79.4766613, 43.6193139 ], [ -79.4767351, 43.6193962 ], [ -79.4768124, 43.6194305 ], [ -79.4771319, 43.6196104 ], [ -79.4774551, 43.6196935 ], [ -79.4776517, 43.6197053 ], [ -79.4778556, 43.6197244 ], [ -79.4781187, 43.6197969 ], [ -79.478339, 43.6198898 ], [ -79.478674, 43.6200836 ], [ -79.4789298, 43.6201765 ], [ -79.4790991, 43.6202859 ], [ -79.4792793, 43.6204117 ], [ -79.4794304, 43.6205146 ], [ -79.4796653, 43.6206279 ], [ -79.4797581, 43.6207043 ], [ -79.4798037, 43.620794 ], [ -79.4798528, 43.6208427 ], [ -79.4799448, 43.6208941 ], [ -79.4802506, 43.6210381 ], [ -79.4803822, 43.6210783 ], [ -79.48032, 43.6213938 ], [ -79.4802584, 43.6213596 ], [ -79.4800906, 43.6213484 ], [ -79.4800746, 43.621343 ], [ -79.4796829, 43.6211261 ], [ -79.4795808, 43.6210862 ], [ -79.4794868, 43.6210613 ], [ -79.479383, 43.6210401 ], [ -79.4792568, 43.6210136 ], [ -79.4790079, 43.620928 ], [ -79.4781271, 43.6205889 ], [ -79.4778794, 43.6204892 ], [ -79.4778278, 43.6204797 ], [ -79.4777991, 43.6204843 ], [ -79.4777662, 43.620507 ], [ -79.4777592, 43.6205179 ], [ -79.4777592, 43.620539 ], [ -79.4777653, 43.6205453 ], [ -79.4777774, 43.6205485 ], [ -79.4778556, 43.6205614 ], [ -79.4780825, 43.6206641 ], [ -79.4781392, 43.6206898 ], [ -79.478357, 43.6207628 ], [ -79.4787118, 43.6209008 ], [ -79.4790836, 43.6210312 ], [ -79.4792032, 43.6210688 ], [ -79.4792144, 43.6210945 ], [ -79.4791378, 43.621146 ], [ -79.4791008, 43.6211778 ], [ -79.4791357, 43.6212266 ], [ -79.4791762, 43.621244 ], [ -79.4792211, 43.6212437 ], [ -79.4793524, 43.6212127 ], [ -79.4793683, 43.6211943 ], [ -79.4793672, 43.6211759 ], [ -79.4794064, 43.6211758 ], [ -79.4794178, 43.6212038 ], [ -79.4794463, 43.6212443 ], [ -79.4794519, 43.6212619 ], [ -79.4794651, 43.621273 ], [ -79.4795068, 43.6212738 ], [ -79.4795156, 43.6212815 ], [ -79.479515, 43.6212954 ], [ -79.4794942, 43.6213 ], [ -79.4794782, 43.621301 ], [ -79.479462, 43.6213065 ], [ -79.4794623, 43.6213247 ], [ -79.4794679, 43.6213445 ], [ -79.479471, 43.6213612 ], [ -79.479461, 43.6213803 ], [ -79.4794472, 43.6213961 ], [ -79.4794541, 43.6214081 ], [ -79.4794689, 43.621416 ], [ -79.4795324, 43.6214279 ], [ -79.4795829, 43.6214304 ], [ -79.4796066, 43.6214185 ], [ -79.47964, 43.6214211 ], [ -79.4796598, 43.6214267 ], [ -79.4796826, 43.6214391 ], [ -79.4797031, 43.6214666 ], [ -79.4797723, 43.6214342 ], [ -79.4797891, 43.6214198 ], [ -79.4798064, 43.6214193 ], [ -79.4798417, 43.6214286 ], [ -79.4798678, 43.6214406 ], [ -79.4798983, 43.6214521 ], [ -79.4799083, 43.6214612 ], [ -79.4799147, 43.6214788 ], [ -79.4799127, 43.6214956 ], [ -79.4799099, 43.6215063 ], [ -79.4799279, 43.6215063 ], [ -79.4799462, 43.6215041 ], [ -79.4799597, 43.6215086 ], [ -79.4799669, 43.6215219 ], [ -79.4799503, 43.6215273 ], [ -79.4799412, 43.6215329 ], [ -79.4799367, 43.621545 ], [ -79.47994, 43.6215538 ], [ -79.4799398, 43.6215678 ], [ -79.4799415, 43.6215789 ], [ -79.4799337, 43.6215921 ], [ -79.4799124, 43.6216076 ], [ -79.479896, 43.6216031 ], [ -79.4798884, 43.621603 ], [ -79.4798822, 43.6216152 ], [ -79.4798716, 43.6216304 ], [ -79.4798594, 43.6216337 ], [ -79.4798385, 43.6216337 ], [ -79.4797781, 43.6216367 ], [ -79.4796145, 43.6216824 ], [ -79.4795053, 43.6216919 ], [ -79.4794108, 43.6216641 ], [ -79.4793483, 43.621658 ], [ -79.4790848, 43.6215858 ], [ -79.478829, 43.6215277 ], [ -79.4785564, 43.6215009 ], [ -79.477779, 43.6216045 ], [ -79.4775434, 43.6215823 ], [ -79.477412, 43.6214391 ], [ -79.4771477, 43.6210372 ], [ -79.4771104, 43.6208923 ], [ -79.4771378, 43.6207648 ], [ -79.4771559, 43.620587 ], [ -79.4772547, 43.6204217 ], [ -79.4772796, 43.6204157 ], [ -79.477306, 43.6204122 ], [ -79.4773137, 43.6204131 ], [ -79.4773399, 43.6204182 ], [ -79.4774092, 43.6204566 ], [ -79.4775476, 43.620525 ], [ -79.4775858, 43.6205438 ], [ -79.4776589, 43.620573 ], [ -79.4776678, 43.6205748 ], [ -79.4776987, 43.6205711 ], [ -79.4777172, 43.6205632 ], [ -79.4777269, 43.6205568 ], [ -79.4777308, 43.6205515 ], [ -79.4777334, 43.6205448 ], [ -79.4777313, 43.6205395 ], [ -79.4777282, 43.6205364 ], [ -79.4777032, 43.6205233 ], [ -79.4775101, 43.6204371 ], [ -79.4774304, 43.6203944 ], [ -79.4773694, 43.6203609 ], [ -79.4773345, 43.62033 ], [ -79.4772134, 43.6201669 ], [ -79.4770396, 43.6200592 ], [ -79.4765425, 43.6199155 ], [ -79.4764652, 43.6198542 ], [ -79.4763514, 43.619819 ], [ -79.476274, 43.6198157 ], [ -79.4760446, 43.6198147 ], [ -79.4759385, 43.6198078 ], [ -79.4758161, 43.6197834 ], [ -79.4757729, 43.6197765 ], [ -79.47566, 43.6196793 ], [ -79.4752959, 43.618817 ], [ -79.4752581, 43.6187979 ], [ -79.4751065, 43.6187287 ], [ -79.4750569, 43.6187194 ], [ -79.4749058, 43.6187196 ], [ -79.4746748, 43.6187344 ], [ -79.4744732, 43.6187997 ], [ -79.4743208, 43.6189206 ], [ -79.4742883, 43.6190597 ], [ -79.4743533, 43.6192417 ], [ -79.4746271, 43.6196246 ], [ -79.4748005, 43.6198605 ], [ -79.4748439, 43.6200268 ], [ -79.4748576, 43.6202444 ], [ -79.4746062, 43.6206921 ], [ -79.474216, 43.6211995 ], [ -79.4737854, 43.6215614 ], [ -79.4734328, 43.621938 ], [ -79.4731453, 43.6221681 ], [ -79.4728736, 43.6223104 ], [ -79.4726395, 43.6223951 ], [ -79.4724502, 43.6224296 ], [ -79.4723375, 43.6224244 ], [ -79.4722017, 43.6224087 ], [ -79.4720456, 43.6223993 ], [ -79.4718289, 43.6224171 ], [ -79.471378, 43.622483 ], [ -79.4710731, 43.6225049 ], [ -79.4707466, 43.6225196 ], [ -79.4704735, 43.6225227 ], [ -79.4701397, 43.622484 ], [ -79.4699056, 43.6224275 ], [ -79.4695515, 43.622347 ], [ -79.4693608, 43.6223731 ], [ -79.4692235, 43.6224328 ], [ -79.4691166, 43.6225259 ], [ -79.4690848, 43.6226399 ], [ -79.4690891, 43.6227748 ], [ -79.4691513, 43.6229118 ], [ -79.4694085, 43.6231179 ], [ -79.4697394, 43.6234788 ], [ -79.4699677, 43.6239338 ], [ -79.4700645, 43.62421 ], [ -79.4702047, 43.6249254 ], [ -79.4702856, 43.6251064 ], [ -79.4703665, 43.6252057 ], [ -79.4704532, 43.6252675 ], [ -79.4705891, 43.6253093 ], [ -79.4707148, 43.6253271 ], [ -79.470826, 43.6253177 ], [ -79.4709373, 43.6252873 ], [ -79.4709937, 43.6252549 ], [ -79.4710341, 43.6252256 ], [ -79.4710876, 43.6251859 ], [ -79.471141, 43.6251524 ], [ -79.4712509, 43.6251315 ], [ -79.4713246, 43.6251325 ], [ -79.4714676, 43.6251618 ], [ -79.4716164, 43.6252235 ], [ -79.4718476, 43.6253637 ], [ -79.4719647, 43.625393 ], [ -79.4720211, 43.6253815 ], [ -79.4720644, 43.625349 ], [ -79.4720789, 43.6253051 ], [ -79.4720716, 43.6252748 ], [ -79.4720514, 43.6252434 ], [ -79.4720196, 43.6252173 ], [ -79.4719994, 43.6251911 ], [ -79.471982, 43.6251472 ], [ -79.4719864, 43.6250604 ], [ -79.4720095, 43.6249892 ], [ -79.4720167, 43.6249359 ], [ -79.4720095, 43.6249055 ], [ -79.4719907, 43.6248773 ], [ -79.4719011, 43.6248104 ], [ -79.4717971, 43.6247225 ], [ -79.4716829, 43.6245771 ], [ -79.4716685, 43.624438 ], [ -79.4716873, 43.6242957 ], [ -79.4717783, 43.6241587 ], [ -79.4723375, 43.6235991 ], [ -79.4724762, 43.6234903 ], [ -79.4726525, 43.6234485 ], [ -79.4728042, 43.6234401 ], [ -79.4728938, 43.6234516 ], [ -79.4730065, 43.6234987 ], [ -79.4737117, 43.6242152 ], [ -79.4738056, 43.6242288 ], [ -79.473832, 43.6242233 ], [ -79.4738664, 43.6242079 ], [ -79.4738779, 43.6241764 ], [ -79.4738704, 43.6241631 ], [ -79.4742552, 43.6238356 ], [ -79.474246, 43.6238115 ], [ -79.4742231, 43.6237969 ], [ -79.4741984, 43.6237969 ], [ -79.4741657, 43.6238094 ], [ -79.474109, 43.6238509 ], [ -79.474047, 43.623882 ], [ -79.473996, 43.6238908 ], [ -79.4739524, 43.6238941 ], [ -79.4738872, 43.6239119 ], [ -79.4738503, 43.6239119 ], [ -79.4737907, 43.6239586 ], [ -79.4737711, 43.6239596 ], [ -79.4737639, 43.6239534 ], [ -79.4737625, 43.6239412 ], [ -79.473778, 43.6238927 ], [ -79.4736878, 43.6238568 ], [ -79.4736396, 43.6238199 ], [ -79.4734657, 43.6236519 ], [ -79.473468, 43.6234681 ], [ -79.4734812, 43.6233524 ], [ -79.4734307, 43.6232664 ], [ -79.4734408, 43.6231796 ], [ -79.4735361, 43.6230463 ], [ -79.473703, 43.6229783 ], [ -79.4737652, 43.6229349 ], [ -79.4737782, 43.6229056 ], [ -79.473789, 43.6228135 ], [ -79.4738273, 43.6227267 ], [ -79.4738981, 43.6226801 ], [ -79.4739682, 43.6226535 ], [ -79.4740325, 43.6226352 ], [ -79.4741409, 43.622619 ], [ -79.4742319, 43.6226258 ], [ -79.4743547, 43.6226592 ], [ -79.4744508, 43.6227199 ], [ -79.4746307, 43.622847 ], [ -79.4747232, 43.6228888 ], [ -79.474734, 43.6229265 ], [ -79.4747528, 43.6229652 ], [ -79.4747882, 43.6229872 ], [ -79.4748778, 43.6230159 ], [ -79.4749407, 43.6230091 ], [ -79.4749761, 43.6230159 ], [ -79.4750295, 43.6230572 ], [ -79.4752868, 43.6233412 ], [ -79.4752629, 43.6233768 ], [ -79.475195, 43.623405 ], [ -79.4751293, 43.6234244 ], [ -79.4750772, 43.6234301 ], [ -79.4750281, 43.623427 ], [ -79.4750028, 43.6234364 ], [ -79.4749862, 43.6234626 ], [ -79.474997, 43.623483 ], [ -79.4750151, 43.6235028 ], [ -79.4750606, 43.6235018 ], [ -79.4752449, 43.6234852 ], [ -79.4754388, 43.6234727 ], [ -79.4755753, 43.623474 ], [ -79.4756655, 43.6235036 ], [ -79.4757629, 43.6235129 ], [ -79.4758375, 43.623505 ], [ -79.475903, 43.6234819 ], [ -79.4760551, 43.6234147 ], [ -79.4761033, 43.6234055 ], [ -79.4761907, 43.6234134 ], [ -79.4763683, 43.6234511 ], [ -79.4764279, 43.6234553 ], [ -79.476476, 43.6234529 ], [ -79.4765049, 43.6234432 ], [ -79.4765368, 43.6234073 ], [ -79.4765989, 43.6234482 ], [ -79.4765879, 43.6234559 ], [ -79.4765612, 43.6234968 ], [ -79.4765576, 43.6235065 ], [ -79.4765609, 43.6235225 ], [ -79.476573, 43.623557 ], [ -79.4766522, 43.6236539 ], [ -79.4767464, 43.6238018 ], [ -79.476766, 43.6238245 ], [ -79.4768466, 43.6238703 ], [ -79.4768411, 43.6238918 ], [ -79.4767856, 43.6239768 ], [ -79.4767473, 43.6240203 ], [ -79.4766891, 43.6240815 ], [ -79.4766563, 43.6241326 ], [ -79.4766513, 43.6241596 ], [ -79.4766418, 43.6241672 ], [ -79.4765862, 43.6241889 ], [ -79.4765744, 43.6242028 ], [ -79.476567, 43.6242281 ], [ -79.4765753, 43.6242714 ], [ -79.4763389, 43.624281 ], [ -79.476303, 43.624233 ], [ -79.4762578, 43.6241961 ], [ -79.4761904, 43.6241401 ], [ -79.4761401, 43.6240947 ], [ -79.4761036, 43.6240659 ], [ -79.4760561, 43.6240337 ], [ -79.4760497, 43.6240321 ], [ -79.4759869, 43.6240204 ], [ -79.4759682, 43.62402 ], [ -79.4759533, 43.6240228 ], [ -79.4759384, 43.6240276 ], [ -79.4759304, 43.6240347 ], [ -79.4759235, 43.6240446 ], [ -79.4759201, 43.6240618 ], [ -79.4759229, 43.6240866 ], [ -79.4759269, 43.6241051 ], [ -79.4759353, 43.6241141 ], [ -79.4761223, 43.624261 ], [ -79.4761762, 43.6243237 ], [ -79.4762112, 43.6244013 ], [ -79.4762433, 43.6244408 ], [ -79.4762548, 43.6244864 ], [ -79.4762525, 43.6245138 ], [ -79.476143, 43.624765 ], [ -79.4761178, 43.6248555 ], [ -79.4761206, 43.6249244 ], [ -79.4761401, 43.6249659 ], [ -79.4761705, 43.6249846 ], [ -79.4762009, 43.6249941 ], [ -79.4762313, 43.6249933 ], [ -79.4762709, 43.6249825 ], [ -79.4762944, 43.6249688 ], [ -79.4763047, 43.6249522 ], [ -79.476311, 43.6249348 ], [ -79.4763317, 43.6248534 ], [ -79.476338, 43.6247309 ], [ -79.4766126, 43.6247193 ], [ -79.4766473, 43.6247731 ], [ -79.476646, 43.6247823 ], [ -79.4766154, 43.6248541 ], [ -79.4765412, 43.6250103 ], [ -79.4765357, 43.6250614 ], [ -79.4765161, 43.625095 ], [ -79.4764774, 43.6251596 ], [ -79.4764438, 43.6252373 ], [ -79.4764292, 43.6252805 ], [ -79.4764051, 43.6253895 ], [ -79.4764342, 43.625437 ], [ -79.4763737, 43.6255417 ], [ -79.4761302, 43.6254581 ], [ -79.4761297, 43.6253843 ], [ -79.4761215, 43.6253454 ], [ -79.4761097, 43.6253223 ], [ -79.476096, 43.6253124 ], [ -79.4760551, 43.6252933 ], [ -79.4760264, 43.625293 ], [ -79.4759768, 43.6253019 ], [ -79.475944, 43.6253338 ], [ -79.475939, 43.6253569 ], [ -79.4759404, 43.6253846 ], [ -79.4759554, 43.6254162 ], [ -79.4759654, 43.6254416 ], [ -79.4759654, 43.6254673 ], [ -79.4759627, 43.625489 ], [ -79.4759604, 43.6255345 ], [ -79.4759536, 43.6256281 ], [ -79.4759549, 43.6256897 ], [ -79.4759763, 43.6257796 ], [ -79.4760036, 43.6257987 ], [ -79.4760355, 43.6258063 ], [ -79.4760693, 43.6258034 ], [ -79.4760822, 43.6258005 ], [ -79.4761135, 43.6257884 ], [ -79.4761341, 43.6257708 ], [ -79.476143, 43.625744 ], [ -79.4762496, 43.625756 ], [ -79.4761413, 43.6261481 ], [ -79.4760776, 43.6264407 ], [ -79.4759893, 43.6266284 ], [ -79.4758121, 43.6270181 ], [ -79.4757685, 43.6271132 ], [ -79.4757525, 43.6271227 ], [ -79.4757324, 43.6271244 ], [ -79.4755417, 43.6270953 ], [ -79.4755452, 43.627063 ], [ -79.4755383, 43.627048 ], [ -79.4755237, 43.6270304 ], [ -79.4755096, 43.6270248 ], [ -79.4754861, 43.6270208 ], [ -79.4754712, 43.6270212 ], [ -79.4754526, 43.6270283 ], [ -79.4754365, 43.6270376 ], [ -79.4753898, 43.6271541 ], [ -79.475388, 43.6271665 ], [ -79.4754027, 43.6272016 ], [ -79.4754462, 43.627212 ], [ -79.4754672, 43.6272091 ], [ -79.4754798, 43.6272028 ], [ -79.4754878, 43.6271927 ], [ -79.4755002, 43.6271682 ], [ -79.4755535, 43.6271759 ], [ -79.4755807, 43.6272543 ], [ -79.475589, 43.6273282 ], [ -79.4755664, 43.6274413 ], [ -79.475546, 43.6275052 ], [ -79.4754789, 43.6277083 ], [ -79.4753969, 43.6279554 ], [ -79.4753195, 43.6281036 ], [ -79.4752449, 43.628213 ], [ -79.4752062, 43.6282594 ], [ -79.4751425, 43.6283074 ], [ -79.4750988, 43.6283271 ], [ -79.4750731, 43.6283434 ], [ -79.4749088, 43.6282782 ], [ -79.4749249, 43.6282662 ], [ -79.4749313, 43.6282492 ], [ -79.4749313, 43.6282332 ], [ -79.4749309, 43.6282245 ], [ -79.4749174, 43.6282176 ], [ -79.474899, 43.6282123 ], [ -79.4748621, 43.6282131 ], [ -79.4748355, 43.6282215 ], [ -79.4748191, 43.6282425 ], [ -79.4747936, 43.628264 ], [ -79.474759, 43.6283036 ], [ -79.4747574, 43.6283189 ], [ -79.4747656, 43.6283355 ], [ -79.4747918, 43.6283537 ], [ -79.4748168, 43.6283581 ], [ -79.4748364, 43.628356 ], [ -79.4748494, 43.6283454 ], [ -79.4748678, 43.6283257 ], [ -79.4748872, 43.6283205 ], [ -79.4749912, 43.6283601 ], [ -79.4750009, 43.6283797 ], [ -79.475011, 43.6283924 ], [ -79.4750103, 43.6284434 ], [ -79.4750019, 43.6284927 ], [ -79.4749807, 43.6285449 ], [ -79.4749543, 43.6285859 ], [ -79.4748737, 43.6286991 ], [ -79.4747723, 43.6288363 ], [ -79.4746676, 43.6289419 ], [ -79.4745274, 43.6290679 ], [ -79.4744458, 43.6291129 ], [ -79.4743685, 43.6291223 ], [ -79.4742962, 43.6291161 ], [ -79.474269, 43.6291068 ], [ -79.4742239, 43.6290771 ], [ -79.4742199, 43.6290672 ], [ -79.474236, 43.6290508 ], [ -79.4742489, 43.6290302 ], [ -79.4742538, 43.6290157 ], [ -79.4742503, 43.6290029 ], [ -79.474244, 43.6289937 ], [ -79.4742345, 43.6289867 ], [ -79.474207, 43.6289798 ], [ -79.4741801, 43.6289779 ], [ -79.4741634, 43.6289802 ], [ -79.4741474, 43.6289875 ], [ -79.4740797, 43.62904 ], [ -79.474041, 43.6290855 ], [ -79.4740413, 43.6291 ], [ -79.4740496, 43.6291162 ], [ -79.4740751, 43.6291334 ], [ -79.4741049, 43.6291386 ], [ -79.474123, 43.629133 ], [ -79.4741611, 43.6291025 ], [ -79.4741706, 43.6290989 ], [ -79.474211, 43.6291303 ], [ -79.4742145, 43.6291554 ], [ -79.4742173, 43.6292035 ], [ -79.4741947, 43.6292461 ], [ -79.4741838, 43.6292616 ], [ -79.4741692, 43.6292733 ], [ -79.4741557, 43.629287 ], [ -79.4741351, 43.6293262 ], [ -79.4740462, 43.6294123 ], [ -79.473967, 43.6294767 ], [ -79.4738804, 43.6295327 ], [ -79.4737721, 43.6295947 ], [ -79.4736711, 43.6296396 ], [ -79.4735748, 43.6296583 ], [ -79.473477, 43.6296612 ], [ -79.4733901, 43.6296477 ], [ -79.4733015, 43.6296228 ], [ -79.4732069, 43.6295896 ], [ -79.473194, 43.6295788 ], [ -79.4731934, 43.6295723 ], [ -79.4731992, 43.6295657 ], [ -79.4732264, 43.6295379 ], [ -79.4732763, 43.6294966 ], [ -79.4732852, 43.6294802 ], [ -79.4732835, 43.6294669 ], [ -79.4732809, 43.6294557 ], [ -79.4732697, 43.629442 ], [ -79.4732476, 43.6294248 ], [ -79.4732296, 43.6294198 ], [ -79.4732081, 43.6294198 ], [ -79.47318, 43.6294233 ], [ -79.4731487, 43.629436 ], [ -79.473059, 43.6295092 ], [ -79.472995, 43.6295725 ], [ -79.4729497, 43.629607 ], [ -79.4729291, 43.6296161 ], [ -79.4729067, 43.6296184 ], [ -79.4728864, 43.6296143 ], [ -79.4728537, 43.629603 ], [ -79.4728339, 43.6296037 ], [ -79.4727312, 43.6296209 ], [ -79.4726983, 43.629636 ], [ -79.4726054, 43.6296834 ], [ -79.4725454, 43.6297545 ], [ -79.4724795, 43.6298882 ], [ -79.4724193, 43.6303098 ], [ -79.4724105, 43.630335 ], [ -79.4723943, 43.6303863 ], [ -79.4723752, 43.6304142 ], [ -79.4723521, 43.630442 ], [ -79.4723061, 43.6304843 ], [ -79.4722384, 43.6305377 ], [ -79.4721805, 43.6305817 ], [ -79.4721285, 43.6306193 ], [ -79.4720951, 43.6306411 ], [ -79.4720627, 43.6306575 ], [ -79.4720219, 43.63067 ], [ -79.4719811, 43.63068 ], [ -79.47195, 43.6306854 ], [ -79.4718874, 43.6306837 ], [ -79.4717719, 43.6306733 ], [ -79.4715725, 43.6306532 ], [ -79.4713323, 43.6306236 ], [ -79.4712697, 43.6306162 ], [ -79.4712011, 43.6306139 ], [ -79.4711296, 43.6306156 ], [ -79.4710707, 43.6306189 ], [ -79.4710211, 43.6306256 ], [ -79.4709553, 43.6306414 ], [ -79.4708519, 43.6306921 ], [ -79.4708329, 43.6307062 ], [ -79.4708175, 43.6307287 ], [ -79.4708018, 43.6307542 ], [ -79.4707818, 43.6307891 ], [ -79.470773, 43.630818 ], [ -79.4707679, 43.6308559 ], [ -79.47078, 43.6309069 ], [ -79.4707962, 43.6309438 ], [ -79.4708607, 43.6309962 ], [ -79.4710578, 43.6311315 ], [ -79.4713242, 43.6313149 ], [ -79.4712984, 43.63134 ], [ -79.4714487, 43.631444 ], [ -79.4712258, 43.6317018 ], [ -79.4720262, 43.6323752 ], [ -79.4724327, 43.6326342 ], [ -79.4726081, 43.6327264 ], [ -79.4728011, 43.6328279 ], [ -79.47326, 43.6330176 ], [ -79.4739643, 43.6333014 ], [ -79.4742391, 43.6334403 ], [ -79.4745788, 43.6332286 ], [ -79.475226, 43.6328031 ], [ -79.4755859, 43.6325454 ], [ -79.4759326, 43.6322845 ], [ -79.4778063, 43.6308443 ], [ -79.4797421, 43.6293913 ], [ -79.4822298, 43.6274966 ] ] ] } },
{ "type": "Feature", "properties": { "name": "Long Branch", "overture_id": "8454e954-c838-4641-8632-f84a23f70bba", "division_id": "67c5eb93-997c-4c54-a63b-bb03fddb2982" }, "geometry": { "type": "Polygon", "coordinates": [ [ [ -79.524194, 43.6011476 ], [ -79.5262346, 43.6006727 ], [ -79.5264679, 43.6011747 ], [ -79.5267067, 43.6012796 ], [ -79.5325049, 43.598412 ], [ -79.5331865, 43.5980643 ], [ -79.5486532, 43.590211 ], [ -79.5484675, 43.5901289 ], [ -79.5483186, 43.590037 ], [ -79.5478465, 43.5898319 ], [ -79.5474342, 43.5896059 ], [ -79.5471767, 43.589532 ], [ -79.5469483, 43.5894122 ], [ -79.5467971, 43.5893368 ], [ -79.5466188, 43.589228 ], [ -79.546506, 43.5890624 ], [ -79.5463559, 43.5889609 ], [ -79.5466512, 43.5886872 ], [ -79.5472556, 43.5879978 ], [ -79.5473764, 43.5878753 ], [ -79.5474901, 43.5877523 ], [ -79.5476348, 43.5875993 ], [ -79.5478817, 43.5873289 ], [ -79.5482222, 43.5869706 ], [ -79.5480821, 43.5869562 ], [ -79.5479022, 43.5869005 ], [ -79.5473997, 43.5867488 ], [ -79.5457497, 43.5858023 ], [ -79.5445377, 43.5850852 ], [ -79.5438825, 43.5813926 ], [ -79.5434072, 43.5809952 ], [ -79.5433767, 43.5810764 ], [ -79.5431915, 43.5815697 ], [ -79.542986, 43.58206 ], [ -79.5425986, 43.582955 ], [ -79.5421981, 43.583678 ], [ -79.5419926, 43.5838688 ], [ -79.5417562, 43.5843106 ], [ -79.5416456, 43.5843968 ], [ -79.5415875, 43.5844701 ], [ -79.5413681, 43.5845897 ], [ -79.5411225, 43.584828 ], [ -79.5409659, 43.5850698 ], [ -79.5403884, 43.5856198 ], [ -79.5399853, 43.5861087 ], [ -79.5397903, 43.5861902 ], [ -79.5394828, 43.5865909 ], [ -79.5391622, 43.5867403 ], [ -79.5386953, 43.58713 ], [ -79.5377822, 43.5876244 ], [ -79.5375178, 43.5878512 ], [ -79.5369722, 43.5881174 ], [ -79.5362035, 43.588169 ], [ -79.5358453, 43.5881106 ], [ -79.5346228, 43.5880074 ], [ -79.534486, 43.5879789 ], [ -79.534186, 43.5879014 ], [ -79.534066, 43.5875198 ], [ -79.5338503, 43.5875144 ], [ -79.5339178, 43.5878458 ], [ -79.5335391, 43.5881282 ], [ -79.5330179, 43.5882668 ], [ -79.5317785, 43.5884433 ], [ -79.5310857, 43.5885404 ], [ -79.5308233, 43.5885223 ], [ -79.5307863, 43.588473 ], [ -79.5307757, 43.5884163 ], [ -79.530779, 43.5883794 ], [ -79.5308952, 43.5883532 ], [ -79.5309959, 43.5883017 ], [ -79.53095, 43.5880981 ], [ -79.5308827, 43.5879701 ], [ -79.5307398, 43.5878893 ], [ -79.5300591, 43.5878953 ], [ -79.5296649, 43.5879137 ], [ -79.529472, 43.5879719 ], [ -79.5293485, 43.5880776 ], [ -79.5287079, 43.5887822 ], [ -79.5287448, 43.5889214 ], [ -79.5286491, 43.5890443 ], [ -79.5285207, 43.5891407 ], [ -79.5277107, 43.5896011 ], [ -79.5272195, 43.5896567 ], [ -79.526926, 43.5896622 ], [ -79.5265145, 43.5896418 ], [ -79.5261076, 43.5896914 ], [ -79.524916, 43.589855 ], [ -79.5248157, 43.5897824 ], [ -79.5240564, 43.5899372 ], [ -79.5233701, 43.59002 ], [ -79.5222142, 43.5901375 ], [ -79.5215195, 43.5901416 ], [ -79.5198461, 43.5902319 ], [ -79.5195554, 43.5903229 ], [ -79.5195404, 43.5903745 ], [ -79.519082, 43.590551 ], [ -79.5190528, 43.5905822 ], [ -79.519139, 43.5909824 ], [ -79.5191673, 43.5910337 ], [ -79.5192512, 43.5911863 ], [ -79.5196585, 43.5921103 ], [ -79.5217257, 43.5971273 ], [ -79.522494, 43.5969554 ], [ -79.524194, 43.6011476 ] ] ] } },
{ "type": "Feature", "properties": { "name": "New Toronto", "overture_id": "32dfccb4-3d66-48fa-920c-c23120c5dca2", "division_id": "4aaa958f-bd26-4816-8316-d15d8e5d8017" }, "geometry": { "type": "Polygon", "coordinates": [ [ [ -79.4973837, 43.600802 ], [ -79.4972185, 43.6008372 ], [ -79.4970047, 43.601061 ], [ -79.4968616, 43.6012132 ], [ -79.4970169, 43.6016116 ], [ -79.4972035, 43.6021162 ], [ -79.4972744, 43.602405 ], [ -79.4979589, 43.6023611 ], [ -79.5004131, 43.6083083 ], [ -79.5010563, 43.6098029 ], [ -79.5015686, 43.6110462 ], [ -79.5016065, 43.6111828 ], [ -79.5016157, 43.611246 ], [ -79.5016169, 43.6112902 ], [ -79.5016119, 43.6113727 ], [ -79.5017009, 43.6115612 ], [ -79.5019578, 43.6121191 ], [ -79.5025689, 43.6134465 ], [ -79.5267067, 43.6012796 ], [ -79.5264679, 43.6011747 ], [ -79.5262346, 43.6006727 ], [ -79.524194, 43.6011476 ], [ -79.522494, 43.5969554 ], [ -79.5217257, 43.5971273 ], [ -79.5196585, 43.5921103 ], [ -79.5192512, 43.5911863 ], [ -79.5191673, 43.5910337 ], [ -79.519139, 43.5909824 ], [ -79.5190528, 43.5905822 ], [ -79.5189742, 43.590624 ], [ -79.5189402, 43.5906176 ], [ -79.518902, 43.5906262 ], [ -79.518763, 43.5906975 ], [ -79.5187065, 43.5907219 ], [ -79.5186528, 43.5907235 ], [ -79.5185592, 43.5907213 ], [ -79.518497, 43.5906903 ], [ -79.5184404, 43.5906125 ], [ -79.5182016, 43.5903864 ], [ -79.5180688, 43.590389 ], [ -79.5179133, 43.5904209 ], [ -79.5172318, 43.5905602 ], [ -79.5171192, 43.5905212 ], [ -79.5167304, 43.590279 ], [ -79.5164671, 43.5899939 ], [ -79.5162737, 43.5896773 ], [ -79.5162339, 43.5895407 ], [ -79.5165584, 43.5889655 ], [ -79.5165137, 43.5888999 ], [ -79.5164604, 43.5888786 ], [ -79.5163839, 43.5889083 ], [ -79.5162908, 43.5890768 ], [ -79.5162173, 43.5891278 ], [ -79.5160588, 43.5891261 ], [ -79.5157038, 43.5889931 ], [ -79.5154609, 43.5889248 ], [ -79.5152091, 43.5889072 ], [ -79.5150109, 43.5889628 ], [ -79.5149088, 43.5890353 ], [ -79.5150682, 43.5894232 ], [ -79.5151343, 43.5894373 ], [ -79.5152033, 43.5894373 ], [ -79.5155007, 43.5893986 ], [ -79.5156232, 43.5894535 ], [ -79.5156854, 43.5895485 ], [ -79.5156756, 43.5896612 ], [ -79.5156309, 43.5898329 ], [ -79.5156397, 43.5898597 ], [ -79.5156986, 43.5899616 ], [ -79.5157211, 43.5900143 ], [ -79.5157107, 43.5900928 ], [ -79.5153886, 43.590164 ], [ -79.5153167, 43.5900804 ], [ -79.5152001, 43.5900498 ], [ -79.514841, 43.5901265 ], [ -79.5148183, 43.5902207 ], [ -79.5148275, 43.5902591 ], [ -79.5129901, 43.5906706 ], [ -79.5115648, 43.5902808 ], [ -79.5114999, 43.5901398 ], [ -79.5111926, 43.5893496 ], [ -79.5110799, 43.5890862 ], [ -79.5110701, 43.5889602 ], [ -79.5111167, 43.5888316 ], [ -79.5112036, 43.5886888 ], [ -79.5113358, 43.5885921 ], [ -79.5115611, 43.5884777 ], [ -79.5121465, 43.5883695 ], [ -79.5122628, 43.5882941 ], [ -79.5122714, 43.5881975 ], [ -79.5122052, 43.5880378 ], [ -79.5122224, 43.5879642 ], [ -79.5123705, 43.5878666 ], [ -79.5125395, 43.587793 ], [ -79.5129314, 43.5876946 ], [ -79.5132301, 43.5877371 ], [ -79.5132252, 43.5877708 ], [ -79.5133318, 43.5879651 ], [ -79.5134065, 43.5879997 ], [ -79.5135387, 43.5880006 ], [ -79.5141828, 43.5878799 ], [ -79.5143469, 43.5878276 ], [ -79.5145967, 43.5876334 ], [ -79.5146224, 43.5876307 ], [ -79.5150559, 43.5877886 ], [ -79.5152163, 43.5878808 ], [ -79.5152824, 43.5879961 ], [ -79.5153436, 43.5880289 ], [ -79.5154045, 43.588028 ], [ -79.5154734, 43.5880431 ], [ -79.5160808, 43.5882578 ], [ -79.516356, 43.5883068 ], [ -79.516875, 43.5884426 ], [ -79.5171597, 43.588556 ], [ -79.5172452, 43.5885546 ], [ -79.5173074, 43.5885158 ], [ -79.5173172, 43.5884666 ], [ -79.5173036, 43.5884152 ], [ -79.5172608, 43.5883715 ], [ -79.517186, 43.5883265 ], [ -79.5165776, 43.5881463 ], [ -79.5157427, 43.5878942 ], [ -79.5150672, 43.5875057 ], [ -79.514904, 43.5873782 ], [ -79.5143315, 43.5871269 ], [ -79.5139136, 43.5870608 ], [ -79.5135394, 43.5870558 ], [ -79.5131643, 43.5870734 ], [ -79.5131487, 43.5870171 ], [ -79.5131254, 43.5869939 ], [ -79.5130953, 43.5869826 ], [ -79.5130486, 43.5869791 ], [ -79.5129991, 43.5869897 ], [ -79.5129806, 43.587008 ], [ -79.5129777, 43.5870347 ], [ -79.5129748, 43.5871009 ], [ -79.512725, 43.5871847 ], [ -79.512483, 43.587203 ], [ -79.5122449, 43.5871889 ], [ -79.5122264, 43.5871382 ], [ -79.5121691, 43.5870847 ], [ -79.5120942, 43.5870896 ], [ -79.5120748, 43.5871114 ], [ -79.5120767, 43.5872149 ], [ -79.5119096, 43.5872769 ], [ -79.5116724, 43.5873057 ], [ -79.5116151, 43.5872952 ], [ -79.5114353, 43.5872818 ], [ -79.5112914, 43.5872783 ], [ -79.5112749, 43.5872079 ], [ -79.5112399, 43.587191 ], [ -79.5112049, 43.5871938 ], [ -79.5111573, 43.5872015 ], [ -79.5111398, 43.587222 ], [ -79.5111369, 43.5872924 ], [ -79.5109853, 43.5873332 ], [ -79.510892, 43.587336 ], [ -79.5108405, 43.587329 ], [ -79.5107754, 43.5873198 ], [ -79.5103779, 43.5872339 ], [ -79.5104061, 43.5871537 ], [ -79.5103924, 43.5871319 ], [ -79.510339, 43.587103 ], [ -79.5102826, 43.5871051 ], [ -79.5102486, 43.5871206 ], [ -79.5102117, 43.5871854 ], [ -79.5098433, 43.5871621 ], [ -79.5094934, 43.5871839 ], [ -79.5093486, 43.587229 ], [ -79.5092748, 43.5872924 ], [ -79.5092291, 43.5873557 ], [ -79.5092165, 43.5874374 ], [ -79.509234, 43.5874944 ], [ -79.5092787, 43.5875521 ], [ -79.5093545, 43.5876098 ], [ -79.5094351, 43.58765 ], [ -79.5099979, 43.5877985 ], [ -79.5101738, 43.5879245 ], [ -79.5102865, 43.5881639 ], [ -79.5102889, 43.5885141 ], [ -79.5102032, 43.588742 ], [ -79.510115, 43.5887828 ], [ -79.5100966, 43.5888369 ], [ -79.5101248, 43.5888831 ], [ -79.5101628, 43.5889114 ], [ -79.5103219, 43.5889256 ], [ -79.510317, 43.5891615 ], [ -79.5102399, 43.589319 ], [ -79.5101018, 43.5895429 ], [ -79.5098472, 43.5898498 ], [ -79.5096898, 43.5899878 ], [ -79.5096023, 43.5900497 ], [ -79.5092349, 43.5901159 ], [ -79.5089647, 43.5901469 ], [ -79.5087762, 43.590175 ], [ -79.5086887, 43.5902229 ], [ -79.5086615, 43.5902525 ], [ -79.5086421, 43.5902792 ], [ -79.5086285, 43.5903088 ], [ -79.5086226, 43.5903454 ], [ -79.5086362, 43.5904045 ], [ -79.5087101, 43.5904735 ], [ -79.5087976, 43.590527 ], [ -79.509233, 43.5906143 ], [ -79.5099483, 43.5907607 ], [ -79.5103507, 43.5908705 ], [ -79.5104925, 43.5909156 ], [ -79.510582, 43.590962 ], [ -79.5106966, 43.5910254 ], [ -79.510821, 43.5911042 ], [ -79.5108755, 43.5911704 ], [ -79.5109221, 43.5912746 ], [ -79.5108852, 43.5915786 ], [ -79.5106383, 43.5919954 ], [ -79.5104187, 43.5923037 ], [ -79.5103818, 43.5923431 ], [ -79.5103059, 43.5923727 ], [ -79.5101466, 43.5923994 ], [ -79.5099755, 43.5923797 ], [ -79.5098589, 43.5923642 ], [ -79.5097073, 43.5923586 ], [ -79.5096256, 43.5923952 ], [ -79.5096158, 43.5924112 ], [ -79.5096189, 43.592438 ], [ -79.5096436, 43.5924894 ], [ -79.5096914, 43.592514 ], [ -79.5099475, 43.5925665 ], [ -79.5101173, 43.5926012 ], [ -79.5102993, 43.5926157 ], [ -79.5104675, 43.5926313 ], [ -79.5105534, 43.5926461 ], [ -79.5105644, 43.592655 ], [ -79.5105711, 43.5926608 ], [ -79.510573, 43.5926705 ], [ -79.5105693, 43.5926772 ], [ -79.5105619, 43.5926843 ], [ -79.5105497, 43.59269 ], [ -79.5105209, 43.592694 ], [ -79.510494, 43.5926945 ], [ -79.5102993, 43.5926917 ], [ -79.5101944, 43.5926973 ], [ -79.5100509, 43.5927028 ], [ -79.5099028, 43.5926917 ], [ -79.5097748, 43.5926593 ], [ -79.5097532, 43.592657 ], [ -79.509713, 43.5926693 ], [ -79.5096945, 43.592685 ], [ -79.5096884, 43.5926995 ], [ -79.5096853, 43.5927274 ], [ -79.5096961, 43.5927632 ], [ -79.5097346, 43.5927989 ], [ -79.5103101, 43.5928894 ], [ -79.5104752, 43.5929475 ], [ -79.5105708, 43.5930313 ], [ -79.5106649, 43.5931397 ], [ -79.510722, 43.5932649 ], [ -79.5107374, 43.5933677 ], [ -79.5107236, 43.5934861 ], [ -79.510631, 43.593618 ], [ -79.5105122, 43.5936984 ], [ -79.5101389, 43.5937856 ], [ -79.5098272, 43.5937554 ], [ -79.5096853, 43.5937364 ], [ -79.5092718, 43.5938358 ], [ -79.5090882, 43.5938906 ], [ -79.5090157, 43.5939007 ], [ -79.5089586, 43.5939051 ], [ -79.5088321, 43.5938247 ], [ -79.5087689, 43.5937923 ], [ -79.5086424, 43.5937666 ], [ -79.5086069, 43.5937576 ], [ -79.508556, 43.5937599 ], [ -79.5084233, 43.593818 ], [ -79.5082752, 43.593866 ], [ -79.5081363, 43.5939007 ], [ -79.5079759, 43.5939286 ], [ -79.5078463, 43.5939532 ], [ -79.5076565, 43.5939822 ], [ -79.5073217, 43.5940839 ], [ -79.5072137, 43.5941118 ], [ -79.5070687, 43.5941509 ], [ -79.50697, 43.5941643 ], [ -79.5068944, 43.5941733 ], [ -79.506862, 43.5941733 ], [ -79.5067293, 43.5941766 ], [ -79.5066475, 43.5941733 ], [ -79.5065349, 43.5941521 ], [ -79.5064609, 43.5941241 ], [ -79.5064115, 43.594094 ], [ -79.5063621, 43.5940236 ], [ -79.5063282, 43.593942 ], [ -79.5063652, 43.5938202 ], [ -79.5063976, 43.5937342 ], [ -79.506359, 43.5936448 ], [ -79.5063251, 43.5935654 ], [ -79.5062819, 43.5935308 ], [ -79.5062202, 43.5935018 ], [ -79.50614, 43.5934839 ], [ -79.5060613, 43.5934705 ], [ -79.5059919, 43.5934604 ], [ -79.5058854, 43.5934682 ], [ -79.5057388, 43.5935085 ], [ -79.5054426, 43.5937621 ], [ -79.5050785, 43.5940012 ], [ -79.5050153, 43.5941733 ], [ -79.5049844, 43.5942292 ], [ -79.5049366, 43.594256 ], [ -79.5042161, 43.5942727 ], [ -79.5038474, 43.5942359 ], [ -79.5034632, 43.594285 ], [ -79.5030837, 43.5943409 ], [ -79.5027273, 43.5944046 ], [ -79.5024774, 43.5944616 ], [ -79.5021735, 43.5945722 ], [ -79.5017322, 43.5947498 ], [ -79.5014653, 43.5948403 ], [ -79.5012231, 43.5948839 ], [ -79.5010889, 43.5948537 ], [ -79.5010411, 43.5948616 ], [ -79.500984, 43.5950001 ], [ -79.5008374, 43.5950973 ], [ -79.5007402, 43.5951253 ], [ -79.5006631, 43.5951588 ], [ -79.5006338, 43.5952057 ], [ -79.5005088, 43.5952873 ], [ -79.5003869, 43.5954102 ], [ -79.5003962, 43.5955264 ], [ -79.5004471, 43.5956269 ], [ -79.5004394, 43.5957945 ], [ -79.5003592, 43.5959778 ], [ -79.5003246, 43.5961476 ], [ -79.5002168, 43.5963869 ], [ -79.5000904, 43.5964495 ], [ -79.4998338, 43.5967043 ], [ -79.4997755, 43.5970218 ], [ -79.4995607, 43.5976116 ], [ -79.4992206, 43.5978586 ], [ -79.4990233, 43.5978903 ], [ -79.4989309, 43.5979234 ], [ -79.4988512, 43.5979438 ], [ -79.4985266, 43.5979375 ], [ -79.4984567, 43.5977967 ], [ -79.4983293, 43.5978164 ], [ -79.4983779, 43.5980635 ], [ -79.4983206, 43.5982211 ], [ -79.4981855, 43.5983738 ], [ -79.4979425, 43.5984675 ], [ -79.4978735, 43.5985083 ], [ -79.4978444, 43.598566 ], [ -79.4978395, 43.5986033 ], [ -79.4978337, 43.5986512 ], [ -79.4979075, 43.5988398 ], [ -79.4979688, 43.5990629 ], [ -79.4979697, 43.5992501 ], [ -79.4981262, 43.5993972 ], [ -79.4981651, 43.5994479 ], [ -79.4982069, 43.5995528 ], [ -79.498169, 43.5998195 ], [ -79.4979561, 43.600208 ], [ -79.4978346, 43.6002509 ], [ -79.4973837, 43.600802 ] ] ] } },
{ "type": "Feature", "properties": { "name": "Mimico-Queensway", "overture_id": "d41af438-7d0c-43c1-b013-e5189a0db6b2", "division_id": "bf9fe6b4-29bd-4ae4-87d1-c6a4379b0080" }, "geometry": { "type": "Polygon", "coordinates": [ [ [ -79.5010496, 43.6229363 ], [ -79.5050782, 43.6220908 ], [ -79.5106421, 43.620976 ], [ -79.5131661, 43.6204862 ], [ -79.5220252, 43.6187427 ], [ -79.5302429, 43.6171543 ], [ -79.5260272, 43.6071807 ], [ -79.5255739, 43.6061268 ], [ -79.525217, 43.6053701 ], [ -79.5251516, 43.6051923 ], [ -79.5251218, 43.605099 ], [ -79.5250632, 43.6048875 ], [ -79.5250315, 43.604743 ], [ -79.5249999, 43.6045206 ], [ -79.5249896, 43.6043883 ], [ -79.5249842, 43.6042099 ], [ -79.5249866, 43.604069 ], [ -79.5249941, 43.6039796 ], [ -79.5250013, 43.6038895 ], [ -79.5250115, 43.6037994 ], [ -79.5250244, 43.6037093 ], [ -79.5250407, 43.603624 ], [ -79.5250603, 43.6035339 ], [ -79.525083, 43.6034485 ], [ -79.5251238, 43.6033132 ], [ -79.5251543, 43.603228 ], [ -79.5251876, 43.603138 ], [ -79.5252241, 43.6030526 ], [ -79.5252611, 43.6029577 ], [ -79.5253018, 43.6028678 ], [ -79.5253236, 43.6028228 ], [ -79.5253457, 43.6027777 ], [ -79.5253684, 43.6027329 ], [ -79.5253931, 43.6026878 ], [ -79.5254172, 43.6026474 ], [ -79.5254425, 43.6026021 ], [ -79.5254681, 43.6025573 ], [ -79.5254952, 43.6025116 ], [ -79.5255232, 43.6024716 ], [ -79.5255506, 43.6024267 ], [ -79.525579, 43.6023867 ], [ -79.5256096, 43.6023409 ], [ -79.5256705, 43.6022552 ], [ -79.5257346, 43.6021744 ], [ -79.5258008, 43.6020937 ], [ -79.5258349, 43.6020534 ], [ -79.5258706, 43.6020123 ], [ -79.5259062, 43.6019719 ], [ -79.5259426, 43.6019313 ], [ -79.5259797, 43.6018955 ], [ -79.5260173, 43.6018549 ], [ -79.5260558, 43.6018142 ], [ -79.5260948, 43.6017738 ], [ -79.5261555, 43.6017288 ], [ -79.5262167, 43.601679 ], [ -79.5263408, 43.6015891 ], [ -79.5264024, 43.6015444 ], [ -79.5264663, 43.6014947 ], [ -79.5265307, 43.6014495 ], [ -79.5267067, 43.6012796 ], [ -79.5025689, 43.6134465 ], [ -79.5019578, 43.6121191 ], [ -79.5017009, 43.6115612 ], [ -79.5016119, 43.6113727 ], [ -79.5016169, 43.6112902 ], [ -79.5016157, 43.611246 ], [ -79.5016065, 43.6111828 ], [ -79.5015686, 43.6110462 ], [ -79.5010563, 43.6098029 ], [ -79.5004131, 43.6083083 ], [ -79.4979589, 43.6023611 ], [ -79.4972744, 43.602405 ], [ -79.4972035, 43.6021162 ], [ -79.4970169, 43.6016116 ], [ -79.4968616, 43.6012132 ], [ -79.4966982, 43.6013828 ], [ -79.496414, 43.6015652 ], [ -79.4962185, 43.6018674 ], [ -79.4960794, 43.6019464 ], [ -79.4959439, 43.6019811 ], [ -79.4945899, 43.6022495 ], [ -79.4945036, 43.6022139 ], [ -79.4943201, 43.6020819 ], [ -79.4938896, 43.6021157 ], [ -79.4937996, 43.6020115 ], [ -79.4935301, 43.6020117 ], [ -79.4935031, 43.6021008 ], [ -79.4934279, 43.6021294 ], [ -79.4931751, 43.602007 ], [ -79.4929857, 43.6020065 ], [ -79.492902, 43.6020165 ], [ -79.4927326, 43.6020556 ], [ -79.4925626, 43.6021236 ], [ -79.4924743, 43.6022196 ], [ -79.4924595, 43.6025725 ], [ -79.4921457, 43.6029099 ], [ -79.4915977, 43.6034409 ], [ -79.4912531, 43.6036698 ], [ -79.4912074, 43.6038531 ], [ -79.490682, 43.6043204 ], [ -79.4900633, 43.6050028 ], [ -79.48997, 43.6050152 ], [ -79.489772, 43.6051365 ], [ -79.4897111, 43.6052757 ], [ -79.4895731, 43.6054846 ], [ -79.4894741, 43.6055038 ], [ -79.4892628, 43.6057802 ], [ -79.4893418, 43.605896 ], [ -79.4889458, 43.6065673 ], [ -79.488804, 43.6066376 ], [ -79.4887498, 43.606719 ], [ -79.4885632, 43.6066976 ], [ -79.4884109, 43.6068003 ], [ -79.4881139, 43.6073034 ], [ -79.4879693, 43.6073751 ], [ -79.4879226, 43.6076122 ], [ -79.4878693, 43.6077728 ], [ -79.4877675, 43.6078465 ], [ -79.4877503, 43.6079864 ], [ -79.4875609, 43.608209 ], [ -79.4874296, 43.608258 ], [ -79.4872963, 43.6083282 ], [ -79.4871254, 43.6084453 ], [ -79.4871029, 43.6085845 ], [ -79.4871516, 43.6087363 ], [ -79.4871412, 43.6088162 ], [ -79.4869719, 43.6093369 ], [ -79.4869485, 43.6093724 ], [ -79.4869087, 43.6094072 ], [ -79.4867945, 43.609461 ], [ -79.4867172, 43.6095027 ], [ -79.4866514, 43.6095555 ], [ -79.4866049, 43.6095929 ], [ -79.486567, 43.609636 ], [ -79.4865346, 43.6096882 ], [ -79.4865208, 43.6097418 ], [ -79.4865357, 43.6098369 ], [ -79.4865294, 43.6098826 ], [ -79.4865052, 43.609961 ], [ -79.4865324, 43.6101355 ], [ -79.4865249, 43.6101655 ], [ -79.4864967, 43.6101814 ], [ -79.4864742, 43.6102079 ], [ -79.4865058, 43.6102541 ], [ -79.4865058, 43.6102713 ], [ -79.4865339, 43.6102811 ], [ -79.4865532, 43.6102831 ], [ -79.4865839, 43.6102658 ], [ -79.4866269, 43.6103107 ], [ -79.4866661, 43.6103328 ], [ -79.4876253, 43.6103495 ], [ -79.4901332, 43.6104669 ], [ -79.4898887, 43.6121046 ], [ -79.4897871, 43.6127287 ], [ -79.4897125, 43.6130059 ], [ -79.4894721, 43.6134528 ], [ -79.4893136, 43.6137785 ], [ -79.4873489, 43.6172817 ], [ -79.4869184, 43.6181044 ], [ -79.4865867, 43.6187 ], [ -79.4861939, 43.6193368 ], [ -79.4861089, 43.6194353 ], [ -79.4860369, 43.6195069 ], [ -79.485922, 43.6196042 ], [ -79.4857411, 43.6197217 ], [ -79.4856702, 43.6197721 ], [ -79.4855498, 43.6198233 ], [ -79.4852784, 43.6199131 ], [ -79.4842624, 43.6201616 ], [ -79.4839979, 43.6202186 ], [ -79.4838395, 43.6202626 ], [ -79.4833013, 43.6204786 ], [ -79.4831824, 43.6205608 ], [ -79.4830778, 43.6206383 ], [ -79.4825735, 43.6210921 ], [ -79.4824785, 43.6212046 ], [ -79.481972, 43.6219832 ], [ -79.4820936, 43.62201 ], [ -79.4824214, 43.6220105 ], [ -79.4826, 43.6220351 ], [ -79.4828295, 43.622091 ], [ -79.4839412, 43.6224685 ], [ -79.4843408, 43.6225904 ], [ -79.4845438, 43.6226322 ], [ -79.4849525, 43.6227217 ], [ -79.4851503, 43.6227467 ], [ -79.4853188, 43.6227801 ], [ -79.4855168, 43.6228523 ], [ -79.485593, 43.6229195 ], [ -79.4856282, 43.6229753 ], [ -79.4856537, 43.6230504 ], [ -79.4856928, 43.6231086 ], [ -79.4857835, 43.6231915 ], [ -79.4859388, 43.6233265 ], [ -79.4860823, 43.6234295 ], [ -79.4862217, 43.6235415 ], [ -79.486361, 43.6236439 ], [ -79.4865328, 43.6237475 ], [ -79.4867081, 43.6238119 ], [ -79.4868884, 43.6238445 ], [ -79.4870238, 43.6239365 ], [ -79.4870902, 43.6240055 ], [ -79.4871066, 43.6241092 ], [ -79.4870388, 43.6242208 ], [ -79.4869067, 43.6243167 ], [ -79.4867702, 43.62444 ], [ -79.4866422, 43.6245803 ], [ -79.4865879, 43.6247061 ], [ -79.4866349, 43.6248452 ], [ -79.4888469, 43.624187 ], [ -79.4889712, 43.6241501 ], [ -79.4892941, 43.6240541 ], [ -79.4911801, 43.6236676 ], [ -79.492541, 43.623361 ], [ -79.4931874, 43.6248061 ], [ -79.4945302, 43.6244899 ], [ -79.5010496, 43.6229363 ] ] ] } },
{ "type": "Feature", "properties": { "name": "Weston", "overture_id": "51bbdee4-f681-47d6-995b-8cde72dab6cf", "division_id": "73f9ee50-06d7-452b-ac1f-6bd69ab227c1" }, "geometry": { "type": "Polygon", "coordinates": [ [ [ -79.5051182, 43.7075598 ], [ -79.5053484, 43.7084232 ], [ -79.5055699, 43.709254 ], [ -79.5057916, 43.7102098 ], [ -79.5062001, 43.7101449 ], [ -79.5063084, 43.7101043 ], [ -79.5077789, 43.7097521 ], [ -79.5089297, 43.7094993 ], [ -79.5092966, 43.7094268 ], [ -79.5114339, 43.7089014 ], [ -79.5114741, 43.7089 ], [ -79.5115338, 43.7088878 ], [ -79.5123319, 43.7087062 ], [ -79.5134717, 43.7084387 ], [ -79.5146082, 43.708179 ], [ -79.5157488, 43.7079173 ], [ -79.516904, 43.7076423 ], [ -79.5169471, 43.707631 ], [ -79.5172038, 43.7075637 ], [ -79.5173437, 43.7075197 ], [ -79.5191709, 43.7071451 ], [ -79.5202919, 43.706896 ], [ -79.5205144, 43.7072775 ], [ -79.5208478, 43.7080485 ], [ -79.5222383, 43.7076945 ], [ -79.5223409, 43.707884 ], [ -79.5232057, 43.7076925 ], [ -79.5237239, 43.7075593 ], [ -79.5231158, 43.7064519 ], [ -79.5243637, 43.7061472 ], [ -79.5254657, 43.7058801 ], [ -79.5260725, 43.7060457 ], [ -79.5264104, 43.7061187 ], [ -79.5273438, 43.7063993 ], [ -79.5274397, 43.7064271 ], [ -79.5275354, 43.7064554 ], [ -79.5277259, 43.7065137 ], [ -79.5278207, 43.7065437 ], [ -79.5279152, 43.706574 ], [ -79.5280092, 43.7066051 ], [ -79.5281031, 43.7066365 ], [ -79.5281965, 43.7066686 ], [ -79.5282896, 43.7067011 ], [ -79.5283824, 43.7067342 ], [ -79.5284748, 43.7067678 ], [ -79.5285274, 43.7067914 ], [ -79.5285796, 43.7068155 ], [ -79.5286313, 43.7068401 ], [ -79.5286826, 43.7068652 ], [ -79.5287334, 43.7068909 ], [ -79.5287838, 43.7069169 ], [ -79.5288337, 43.7069435 ], [ -79.5288831, 43.7069705 ], [ -79.528932, 43.7069979 ], [ -79.5289804, 43.7070259 ], [ -79.5290283, 43.7070544 ], [ -79.5290757, 43.7070832 ], [ -79.5291225, 43.7071125 ], [ -79.5291688, 43.7071422 ], [ -79.5292146, 43.7071724 ], [ -79.5292599, 43.7072031 ], [ -79.5293046, 43.7072341 ], [ -79.5293487, 43.7072655 ], [ -79.5293923, 43.7072975 ], [ -79.5294352, 43.7073297 ], [ -79.5294776, 43.7073624 ], [ -79.5295194, 43.7073956 ], [ -79.5295606, 43.707429 ], [ -79.5296012, 43.7074628 ], [ -79.5296411, 43.7074971 ], [ -79.5296805, 43.7075318 ], [ -79.5297192, 43.7075668 ], [ -79.5297573, 43.7076022 ], [ -79.5297947, 43.7076379 ], [ -79.5298316, 43.707674 ], [ -79.5298677, 43.7077104 ], [ -79.5299032, 43.7077471 ], [ -79.529938, 43.7077843 ], [ -79.5299721, 43.7078217 ], [ -79.5300056, 43.7078594 ], [ -79.5300384, 43.7078975 ], [ -79.5300705, 43.7079359 ], [ -79.5301019, 43.7079746 ], [ -79.5301327, 43.7080135 ], [ -79.5301626, 43.7080528 ], [ -79.5301919, 43.7080924 ], [ -79.5302205, 43.7081321 ], [ -79.5302483, 43.7081722 ], [ -79.5302755, 43.7082126 ], [ -79.5303018, 43.7082532 ], [ -79.5303275, 43.708294 ], [ -79.5303525, 43.7083351 ], [ -79.5303766, 43.7083764 ], [ -79.5304, 43.708418 ], [ -79.5304216, 43.7084598 ], [ -79.5304285, 43.7084705 ], [ -79.5304493, 43.7085029 ], [ -79.5304762, 43.7085464 ], [ -79.5305023, 43.70859 ], [ -79.5305277, 43.7086339 ], [ -79.5305523, 43.7086781 ], [ -79.5305762, 43.7087224 ], [ -79.5305994, 43.7087669 ], [ -79.5306217, 43.7088116 ], [ -79.5306432, 43.7088566 ], [ -79.5306641, 43.7089018 ], [ -79.5306842, 43.708947 ], [ -79.5307035, 43.7089926 ], [ -79.530722, 43.7090382 ], [ -79.5307398, 43.709084 ], [ -79.5307567, 43.70913 ], [ -79.530773, 43.7091761 ], [ -79.5307882, 43.7092223 ], [ -79.5308029, 43.7092688 ], [ -79.5308131, 43.7093032 ], [ -79.5308698, 43.7096232 ], [ -79.5309043, 43.7100466 ], [ -79.530868, 43.7106878 ], [ -79.5311466, 43.7106434 ], [ -79.5323504, 43.7104518 ], [ -79.5325526, 43.7099637 ], [ -79.5323029, 43.7091149 ], [ -79.5323017, 43.7089755 ], [ -79.5340232, 43.7085575 ], [ -79.53584, 43.7081249 ], [ -79.5356621, 43.7079026 ], [ -79.5355596, 43.7075611 ], [ -79.535471, 43.7071609 ], [ -79.5354511, 43.7068603 ], [ -79.535446, 43.7067883 ], [ -79.5355001, 43.7063832 ], [ -79.5355089, 43.7062887 ], [ -79.5355445, 43.7060951 ], [ -79.5356036, 43.705699 ], [ -79.535727, 43.7053316 ], [ -79.5359534, 43.7050007 ], [ -79.5359987, 43.7048011 ], [ -79.5359101, 43.7046288 ], [ -79.535797, 43.7045581 ], [ -79.5354548, 43.7045227 ], [ -79.5350422, 43.7045669 ], [ -79.5345832, 43.7046912 ], [ -79.5341327, 43.7048354 ], [ -79.5336212, 43.7049645 ], [ -79.5331739, 43.7050157 ], [ -79.5327098, 43.7050068 ], [ -79.532194, 43.7049755 ], [ -79.5319392, 43.7049546 ], [ -79.5316288, 43.7049292 ], [ -79.5311001, 43.7048033 ], [ -79.5307444, 43.7045933 ], [ -79.530386, 43.7043098 ], [ -79.5300488, 43.7040477 ], [ -79.5297184, 43.7038329 ], [ -79.5294094, 43.703558 ], [ -79.5291741, 43.7032621 ], [ -79.5290352, 43.7029046 ], [ -79.5287829, 43.7025697 ], [ -79.5285732, 43.7024238 ], [ -79.5282587, 43.7023293 ], [ -79.527739, 43.7022391 ], [ -79.527217, 43.7020871 ], [ -79.5271802, 43.7020752 ], [ -79.5266525, 43.7018971 ], [ -79.5260953, 43.7016592 ], [ -79.5255805, 43.7014289 ], [ -79.5249746, 43.7012465 ], [ -79.5244459, 43.7010561 ], [ -79.523859, 43.7008697 ], [ -79.5233318, 43.7006937 ], [ -79.5228238, 43.7004692 ], [ -79.5223561, 43.7002873 ], [ -79.5221399, 43.7001941 ], [ -79.522102, 43.7001712 ], [ -79.5218093, 43.7000519 ], [ -79.5214369, 43.6998778 ], [ -79.5211829, 43.6997255 ], [ -79.5210458, 43.6995385 ], [ -79.5209441, 43.6992928 ], [ -79.5209429, 43.6992888 ], [ -79.5208, 43.6989914 ], [ -79.5206943, 43.6987604 ], [ -79.5205428, 43.6985579 ], [ -79.5203184, 43.6982582 ], [ -79.520044, 43.6979795 ], [ -79.519757, 43.69773 ], [ -79.5194895, 43.6974793 ], [ -79.5191493, 43.697287 ], [ -79.5188191, 43.6971304 ], [ -79.5180069, 43.6969583 ], [ -79.5176098, 43.6969324 ], [ -79.5172122, 43.6968542 ], [ -79.5171979, 43.6968514 ], [ -79.5167847, 43.6968218 ], [ -79.5163424, 43.6968093 ], [ -79.5158808, 43.6968933 ], [ -79.5156994, 43.6969266 ], [ -79.5154807, 43.6969668 ], [ -79.5150526, 43.6970277 ], [ -79.5146586, 43.6970523 ], [ -79.5143021, 43.6970992 ], [ -79.5139064, 43.6972062 ], [ -79.5135389, 43.6972568 ], [ -79.5131072, 43.6972414 ], [ -79.5126573, 43.6971171 ], [ -79.5122489, 43.6969583 ], [ -79.5119679, 43.6967027 ], [ -79.5119255, 43.6965064 ], [ -79.5119031, 43.6963965 ], [ -79.5120318, 43.6960942 ], [ -79.5122391, 43.6957905 ], [ -79.5124499, 43.6954931 ], [ -79.5126487, 43.69518 ], [ -79.5127454, 43.6948275 ], [ -79.5127692, 43.6945235 ], [ -79.5128194, 43.6942478 ], [ -79.5129309, 43.6939805 ], [ -79.5132924, 43.6933926 ], [ -79.512887, 43.6934243 ], [ -79.5115499, 43.6935566 ], [ -79.5094924, 43.6939951 ], [ -79.5091701, 43.693279 ], [ -79.5091499, 43.6932655 ], [ -79.5091251, 43.6932565 ], [ -79.5091014, 43.6932563 ], [ -79.5090551, 43.6932601 ], [ -79.5056149, 43.6940527 ], [ -79.5063788, 43.6947108 ], [ -79.5036547, 43.6953418 ], [ -79.5033514, 43.6954765 ], [ -79.5031326, 43.6955749 ], [ -79.5029602, 43.6957457 ], [ -79.5029691, 43.6957503 ], [ -79.5041543, 43.6963612 ], [ -79.5029476, 43.6966141 ], [ -79.5021961, 43.6967717 ], [ -79.5023828, 43.6976023 ], [ -79.5029261, 43.6974787 ], [ -79.5031403, 43.6974303 ], [ -79.50381, 43.6972749 ], [ -79.5053581, 43.6969253 ], [ -79.5082498, 43.6983499 ], [ -79.5080395, 43.6983959 ], [ -79.5052686, 43.6990027 ], [ -79.5050037, 43.6990607 ], [ -79.5048237, 43.6991001 ], [ -79.5028972, 43.6995619 ], [ -79.5032512, 43.7008567 ], [ -79.5034585, 43.7015807 ], [ -79.5036452, 43.7022877 ], [ -79.5037858, 43.7028967 ], [ -79.5042522, 43.704482 ], [ -79.5045056, 43.7055048 ], [ -79.5050608, 43.7073756 ], [ -79.5051182, 43.7075598 ] ] ] } },
{ "type": "Feature", "properties": { "name": "Kingsway South", "overture_id": "91e70fec-461e-4337-b377-e0f335e1cbf5", "division_id": "149a592a-4be7-42a0-94cc-39a584eb935f" }, "geometry": { "type": "Polygon", "coordinates": [ [ [ -79.5095694, 43.6609719 ], [ -79.5164647, 43.6582629 ], [ -79.5168164, 43.6581247 ], [ -79.5172942, 43.657937 ], [ -79.5184557, 43.657522 ], [ -79.5200339, 43.6570014 ], [ -79.5214986, 43.6564441 ], [ -79.5217872, 43.6563037 ], [ -79.5218753, 43.6562509 ], [ -79.5220772, 43.6561094 ], [ -79.5222678, 43.6559228 ], [ -79.5246777, 43.6532257 ], [ -79.5263898, 43.6513561 ], [ -79.5267961, 43.6509233 ], [ -79.5259552, 43.6507008 ], [ -79.5252884, 43.6503475 ], [ -79.5246104, 43.6498942 ], [ -79.5243551, 43.6496453 ], [ -79.5241881, 43.6494423 ], [ -79.5238889, 43.6491829 ], [ -79.5233572, 43.6489315 ], [ -79.522765, 43.6484657 ], [ -79.5224118, 43.6482415 ], [ -79.5220183, 43.6480931 ], [ -79.521469, 43.6478819 ], [ -79.520407, 43.647605 ], [ -79.5199379, 43.6474306 ], [ -79.5194454, 43.6473865 ], [ -79.5187769, 43.6473189 ], [ -79.5182435, 43.6471148 ], [ -79.5179805, 43.6469165 ], [ -79.5177815, 43.6467166 ], [ -79.5176495, 43.6466957 ], [ -79.5173425, 43.6465122 ], [ -79.5172566, 43.6463918 ], [ -79.5171946, 43.6462734 ], [ -79.5170435, 43.6461068 ], [ -79.49977, 43.6499751 ], [ -79.4994123, 43.6500373 ], [ -79.4992144, 43.6500647 ], [ -79.4988041, 43.6500734 ], [ -79.4975691, 43.6500178 ], [ -79.4966782, 43.6498796 ], [ -79.4957391, 43.6496744 ], [ -79.4945573, 43.6493256 ], [ -79.4919737, 43.6484747 ], [ -79.4917827, 43.6487222 ], [ -79.491539, 43.6490688 ], [ -79.4912895, 43.6493928 ], [ -79.4909411, 43.6497202 ], [ -79.4907949, 43.6500687 ], [ -79.4907916, 43.6503451 ], [ -79.4908315, 43.6506287 ], [ -79.4910142, 43.650994 ], [ -79.491167, 43.6512608 ], [ -79.4913164, 43.6515012 ], [ -79.4915755, 43.6517367 ], [ -79.491921, 43.6519602 ], [ -79.4924923, 43.6521525 ], [ -79.4931799, 43.6522702 ], [ -79.4933619, 43.6522919 ], [ -79.4938077, 43.6522991 ], [ -79.4944322, 43.6522751 ], [ -79.49484, 43.6522105 ], [ -79.4957509, 43.6520924 ], [ -79.4962791, 43.6520299 ], [ -79.4966497, 43.6519855 ], [ -79.497257, 43.6519766 ], [ -79.4978644, 43.6519946 ], [ -79.4984678, 43.6520967 ], [ -79.4990808, 43.652153 ], [ -79.4996917, 43.6521701 ], [ -79.5003432, 43.6521791 ], [ -79.5009475, 43.6522826 ], [ -79.5015251, 43.6524086 ], [ -79.5020713, 43.6525931 ], [ -79.5025467, 43.6528798 ], [ -79.5028254, 43.6531902 ], [ -79.5029241, 43.6533984 ], [ -79.5029607, 43.6536412 ], [ -79.5029407, 43.654117 ], [ -79.5028909, 43.6544751 ], [ -79.5027746, 43.6547996 ], [ -79.5027082, 43.654939 ], [ -79.5025321, 43.6551721 ], [ -79.5023129, 43.6554701 ], [ -79.5019437, 43.6557976 ], [ -79.5016145, 43.6560901 ], [ -79.5012368, 43.6563647 ], [ -79.5005657, 43.6567342 ], [ -79.5000907, 43.657061 ], [ -79.4997552, 43.6573711 ], [ -79.4996257, 43.6576546 ], [ -79.4995323, 43.657922 ], [ -79.4994704, 43.6581941 ], [ -79.4994432, 43.6583136 ], [ -79.499523, 43.6586961 ], [ -79.4997798, 43.6590517 ], [ -79.4998846, 43.6591375 ], [ -79.5001482, 43.6593532 ], [ -79.500615, 43.6595692 ], [ -79.5010562, 43.6597808 ], [ -79.5014175, 43.6599748 ], [ -79.5014835, 43.6600103 ], [ -79.5019162, 43.6602893 ], [ -79.5022943, 43.6605638 ], [ -79.5024608, 43.6606847 ], [ -79.5026972, 43.6608564 ], [ -79.503085, 43.6611309 ], [ -79.5034496, 43.6614189 ], [ -79.5037576, 43.6617069 ], [ -79.5038123, 43.6617469 ], [ -79.5040962, 43.6619544 ], [ -79.504205, 43.662012 ], [ -79.5044701, 43.662148 ], [ -79.5048607, 43.662346 ], [ -79.5051471, 43.6625575 ], [ -79.5054067, 43.6627555 ], [ -79.5055253, 43.662814 ], [ -79.5056855, 43.6627341 ], [ -79.5075846, 43.6617869 ], [ -79.5095694, 43.6609719 ] ] ] } },
{ "type": "Feature", "properties": { "name": "Oakdale-Beverley Heights", "overture_id": "77e47327-b4cb-441f-a78f-02372f81a079", "division_id": "da5a8f44-f185-4746-983f-2a0e52d55579" }, "geometry": { "type": "Polygon", "coordinates": [ [ [ -79.5106242, 43.7332722 ], [ -79.5110104, 43.7330217 ], [ -79.5112579, 43.7329519 ], [ -79.5115395, 43.7328925 ], [ -79.5122892, 43.7361506 ], [ -79.5132212, 43.7393889 ], [ -79.5262796, 43.7364026 ], [ -79.5322533, 43.7350531 ], [ -79.5292643, 43.7231417 ], [ -79.5287854, 43.7212275 ], [ -79.5286029, 43.7205436 ], [ -79.5285584, 43.7203459 ], [ -79.5285187, 43.7201153 ], [ -79.5285038, 43.7199845 ], [ -79.5284976, 43.7199561 ], [ -79.5284703, 43.7196246 ], [ -79.5284679, 43.7193797 ], [ -79.5284703, 43.7193116 ], [ -79.5285578, 43.7187329 ], [ -79.5285617, 43.718674 ], [ -79.5285659, 43.7186474 ], [ -79.5285812, 43.7186009 ], [ -79.5292317, 43.7163402 ], [ -79.5296585, 43.714908 ], [ -79.5296649, 43.7148523 ], [ -79.5259953, 43.7156898 ], [ -79.5245791, 43.715907 ], [ -79.5165754, 43.7167755 ], [ -79.5078206, 43.717737 ], [ -79.5021344, 43.7184504 ], [ -79.4955254, 43.719443 ], [ -79.4924863, 43.7200836 ], [ -79.4893456, 43.7207456 ], [ -79.4813089, 43.7227205 ], [ -79.4814692, 43.7234245 ], [ -79.4815095, 43.7236397 ], [ -79.4815564, 43.7239944 ], [ -79.4815712, 43.7241262 ], [ -79.4815899, 43.7243913 ], [ -79.4815886, 43.7244465 ], [ -79.4817076, 43.725202 ], [ -79.4818793, 43.7258848 ], [ -79.4820701, 43.7266421 ], [ -79.4837619, 43.7262671 ], [ -79.4854751, 43.7258738 ], [ -79.4862825, 43.7277007 ], [ -79.4880562, 43.727301 ], [ -79.4880648, 43.7274063 ], [ -79.488281, 43.7279592 ], [ -79.4883179, 43.7279936 ], [ -79.4883954, 43.7279952 ], [ -79.4884946, 43.7279676 ], [ -79.4898136, 43.7276699 ], [ -79.4898803, 43.7276473 ], [ -79.4899448, 43.727629 ], [ -79.4900159, 43.7276251 ], [ -79.490077, 43.7276404 ], [ -79.4901284, 43.7276772 ], [ -79.4901583, 43.7277382 ], [ -79.4901814, 43.7278213 ], [ -79.4903789, 43.7282984 ], [ -79.490623, 43.7282359 ], [ -79.4912184, 43.7280299 ], [ -79.4914365, 43.7279344 ], [ -79.491493, 43.727988 ], [ -79.4915118, 43.7279987 ], [ -79.4916214, 43.7281215 ], [ -79.491673, 43.7281952 ], [ -79.4917294, 43.7283059 ], [ -79.4934426, 43.7322234 ], [ -79.4937605, 43.7330183 ], [ -79.4939838, 43.733545 ], [ -79.4940847, 43.7336542 ], [ -79.4941333, 43.7336145 ], [ -79.494198, 43.7335878 ], [ -79.4943381, 43.7335542 ], [ -79.4944629, 43.73352 ], [ -79.4946508, 43.7334675 ], [ -79.4947988, 43.733435 ], [ -79.4949058, 43.7334168 ], [ -79.4949822, 43.7334071 ], [ -79.4951187, 43.7333998 ], [ -79.4968816, 43.7340652 ], [ -79.49816, 43.7345489 ], [ -79.4982223, 43.7345435 ], [ -79.4984631, 43.7345988 ], [ -79.4985724, 43.7347984 ], [ -79.4987266, 43.7348992 ], [ -79.4988848, 43.7347955 ], [ -79.4991859, 43.7346351 ], [ -79.4993307, 43.734577 ], [ -79.4995098, 43.734512 ], [ -79.4996814, 43.7344936 ], [ -79.4998719, 43.7344505 ], [ -79.5000663, 43.7344001 ], [ -79.5002796, 43.7343337 ], [ -79.5004868, 43.7342567 ], [ -79.5007054, 43.7341995 ], [ -79.5009367, 43.7342121 ], [ -79.5010856, 43.7343153 ], [ -79.5011915, 43.734482 ], [ -79.5013578, 43.7345619 ], [ -79.5014906, 43.73442 ], [ -79.5016817, 43.734342 ], [ -79.5018641, 43.7344103 ], [ -79.5019767, 43.7345644 ], [ -79.5020827, 43.7344849 ], [ -79.5021223, 43.7343115 ], [ -79.5022926, 43.7342519 ], [ -79.5025662, 43.7342422 ], [ -79.5027955, 43.7343134 ], [ -79.5029189, 43.7344413 ], [ -79.5030597, 43.7345532 ], [ -79.503295, 43.7344994 ], [ -79.5035197, 43.7345266 ], [ -79.5037664, 43.7344883 ], [ -79.5040367, 43.7344379 ], [ -79.5042868, 43.7344054 ], [ -79.504549, 43.7343948 ], [ -79.5048031, 43.7344185 ], [ -79.5050559, 43.7344723 ], [ -79.505296, 43.7344791 ], [ -79.5055407, 43.7344626 ], [ -79.5060457, 43.7345203 ], [ -79.5063105, 43.7345208 ], [ -79.5065124, 43.7344951 ], [ -79.5067256, 43.7344457 ], [ -79.5069516, 43.7343803 ], [ -79.507254, 43.7342523 ], [ -79.5073968, 43.7341646 ], [ -79.5077589, 43.7340164 ], [ -79.5079312, 43.7339723 ], [ -79.5081425, 43.7339456 ], [ -79.5083591, 43.7338851 ], [ -79.5085991, 43.7338284 ], [ -79.5090973, 43.7336956 ], [ -79.5093019, 43.7336671 ], [ -79.5095359, 43.7336113 ], [ -79.5096673, 43.7334519 ], [ -79.5098678, 43.7333381 ], [ -79.5103868, 43.7333633 ], [ -79.5106242, 43.7332722 ] ] ] } },
{ "type": "Feature", "properties": { "name": "Glenfield-Jane Heights", "overture_id": "ec49a17a-e686-48dd-b9ea-d322721508d2", "division_id": "0c95f4d7-1cbb-4e53-9ea7-ef3461a252ab" }, "geometry": { "type": "Polygon", "coordinates": [ [ [ -79.5225101, 43.756348 ], [ -79.5269206, 43.7553093 ], [ -79.5305644, 43.7545097 ], [ -79.5262796, 43.7364026 ], [ -79.5132212, 43.7393889 ], [ -79.5122892, 43.7361506 ], [ -79.5115395, 43.7328925 ], [ -79.5112579, 43.7329519 ], [ -79.5110104, 43.7330217 ], [ -79.5106242, 43.7332722 ], [ -79.5103868, 43.7333633 ], [ -79.5098678, 43.7333381 ], [ -79.5096673, 43.7334519 ], [ -79.5095359, 43.7336113 ], [ -79.5093019, 43.7336671 ], [ -79.5090973, 43.7336956 ], [ -79.5085991, 43.7338284 ], [ -79.5083591, 43.7338851 ], [ -79.5081425, 43.7339456 ], [ -79.5079312, 43.7339723 ], [ -79.5077589, 43.7340164 ], [ -79.5073968, 43.7341646 ], [ -79.507254, 43.7342523 ], [ -79.5069516, 43.7343803 ], [ -79.5067256, 43.7344457 ], [ -79.5065124, 43.7344951 ], [ -79.5063105, 43.7345208 ], [ -79.5060457, 43.7345203 ], [ -79.5055407, 43.7344626 ], [ -79.505296, 43.7344791 ], [ -79.5050559, 43.7344723 ], [ -79.5048031, 43.7344185 ], [ -79.504549, 43.7343948 ], [ -79.5042868, 43.7344054 ], [ -79.5040367, 43.7344379 ], [ -79.5037664, 43.7344883 ], [ -79.5035197, 43.7345266 ], [ -79.503295, 43.7344994 ], [ -79.5030597, 43.7345532 ], [ -79.5029189, 43.7344413 ], [ -79.5027955, 43.7343134 ], [ -79.5025662, 43.7342422 ], [ -79.5022926, 43.7342519 ], [ -79.5021223, 43.7343115 ], [ -79.5020827, 43.7344849 ], [ -79.5019767, 43.7345644 ], [ -79.5018641, 43.7344103 ], [ -79.5016817, 43.734342 ], [ -79.5014906, 43.73442 ], [ -79.5013578, 43.7345619 ], [ -79.5011915, 43.734482 ], [ -79.5010856, 43.7343153 ], [ -79.5009367, 43.7342121 ], [ -79.5007054, 43.7341995 ], [ -79.5004868, 43.7342567 ], [ -79.5002796, 43.7343337 ], [ -79.5000663, 43.7344001 ], [ -79.4998719, 43.7344505 ], [ -79.4996814, 43.7344936 ], [ -79.4995098, 43.734512 ], [ -79.4993307, 43.734577 ], [ -79.4991859, 43.7346351 ], [ -79.4988848, 43.7347955 ], [ -79.4987266, 43.7348992 ], [ -79.4985724, 43.7347984 ], [ -79.4984631, 43.7345988 ], [ -79.4982223, 43.7345435 ], [ -79.49816, 43.7345489 ], [ -79.4980352, 43.7345615 ], [ -79.4979461, 43.7346244 ], [ -79.497942, 43.734717 ], [ -79.4979534, 43.7348764 ], [ -79.4977824, 43.7349762 ], [ -79.4976302, 43.7349074 ], [ -79.4975913, 43.7348803 ], [ -79.4975732, 43.7348575 ], [ -79.4975337, 43.7347887 ], [ -79.4975135, 43.734764 ], [ -79.4974894, 43.7347451 ], [ -79.4974566, 43.7347257 ], [ -79.4974136, 43.7347184 ], [ -79.497362, 43.7347184 ], [ -79.497299, 43.7347146 ], [ -79.4972051, 43.7347243 ], [ -79.4971461, 43.7347378 ], [ -79.4971166, 43.7347499 ], [ -79.4970864, 43.7347814 ], [ -79.4970629, 43.7348124 ], [ -79.4970287, 43.7348284 ], [ -79.4969677, 43.7348338 ], [ -79.4969134, 43.7348308 ], [ -79.4967739, 43.7347683 ], [ -79.4964682, 43.7348434 ], [ -79.4962046, 43.7348807 ], [ -79.4960316, 43.7350024 ], [ -79.4958861, 43.7351438 ], [ -79.495699, 43.7352839 ], [ -79.4954603, 43.7353434 ], [ -79.495231, 43.7352737 ], [ -79.4950157, 43.7352679 ], [ -79.4950882, 43.7354093 ], [ -79.4952082, 43.7355334 ], [ -79.4952008, 43.7356453 ], [ -79.4952055, 43.7357514 ], [ -79.4951572, 43.7358449 ], [ -79.4950929, 43.7359781 ], [ -79.4950466, 43.7361094 ], [ -79.4948622, 43.7361937 ], [ -79.494659, 43.7362926 ], [ -79.4945457, 43.7364772 ], [ -79.4943915, 43.7366652 ], [ -79.494376, 43.7368231 ], [ -79.4945329, 43.7370004 ], [ -79.494549, 43.7372335 ], [ -79.4944873, 43.7374311 ], [ -79.4943801, 43.73756 ], [ -79.4943029, 43.7376869 ], [ -79.4942755, 43.737764 ], [ -79.4942299, 43.737827 ], [ -79.494368, 43.7381162 ], [ -79.4945578, 43.7382489 ], [ -79.4946624, 43.7384703 ], [ -79.49471, 43.7386733 ], [ -79.49472, 43.7388681 ], [ -79.494653, 43.7390817 ], [ -79.4947737, 43.7392746 ], [ -79.495284, 43.7394984 ], [ -79.4954288, 43.739666 ], [ -79.4956353, 43.7397004 ], [ -79.4958258, 43.7398021 ], [ -79.4961463, 43.7400764 ], [ -79.4962355, 43.7402566 ], [ -79.4963119, 43.7404567 ], [ -79.4964138, 43.7408229 ], [ -79.4965815, 43.7409818 ], [ -79.4967639, 43.7410986 ], [ -79.4969221, 43.7412647 ], [ -79.497008, 43.7414638 ], [ -79.4970126, 43.7417153 ], [ -79.4968604, 43.7421503 ], [ -79.4969375, 43.7423523 ], [ -79.4970207, 43.7425185 ], [ -79.4970549, 43.7425795 ], [ -79.4971763, 43.7427457 ], [ -79.4973191, 43.7429022 ], [ -79.4972245, 43.7431148 ], [ -79.4972225, 43.743329 ], [ -79.4974022, 43.7434908 ], [ -79.4976638, 43.7434845 ], [ -79.4978817, 43.7435964 ], [ -79.497877, 43.7437969 ], [ -79.4979011, 43.7440256 ], [ -79.4978455, 43.7442213 ], [ -79.4978361, 43.7443976 ], [ -79.4978475, 43.7446229 ], [ -79.4979052, 43.7448225 ], [ -79.4979957, 43.7450211 ], [ -79.4980594, 43.7452589 ], [ -79.4980191, 43.7454992 ], [ -79.4979367, 43.7457036 ], [ -79.4979212, 43.7457525 ], [ -79.4979152, 43.7457898 ], [ -79.4979166, 43.745864 ], [ -79.4979226, 43.7459177 ], [ -79.497932, 43.745955 ], [ -79.4979467, 43.7459812 ], [ -79.4979843, 43.7460078 ], [ -79.4980252, 43.7460243 ], [ -79.4981546, 43.7460587 ], [ -79.4983008, 43.7460907 ], [ -79.4984845, 43.7461687 ], [ -79.4987621, 43.7462423 ], [ -79.4993448, 43.7464472 ], [ -79.4996305, 43.7465383 ], [ -79.4999061, 43.7465736 ], [ -79.5002072, 43.7466298 ], [ -79.5004801, 43.7466899 ], [ -79.5008911, 43.7468241 ], [ -79.5014128, 43.7469849 ], [ -79.5019251, 43.7471234 ], [ -79.5020968, 43.7472988 ], [ -79.5021159, 43.7475044 ], [ -79.5022124, 43.7476744 ], [ -79.5024515, 43.747805 ], [ -79.5027157, 43.7479149 ], [ -79.5029564, 43.7479997 ], [ -79.5031904, 43.7480549 ], [ -79.5034513, 43.748132 ], [ -79.5036209, 43.748285 ], [ -79.5037014, 43.7484783 ], [ -79.5038583, 43.7486285 ], [ -79.5040669, 43.7487544 ], [ -79.5042922, 43.7488716 ], [ -79.5045248, 43.7490252 ], [ -79.5047267, 43.7491472 ], [ -79.5053999, 43.7494975 ], [ -79.5056024, 43.7496452 ], [ -79.5058452, 43.7496931 ], [ -79.5060879, 43.7496864 ], [ -79.506332, 43.749635 ], [ -79.5065774, 43.7496651 ], [ -79.5067652, 43.7497803 ], [ -79.5068423, 43.7499557 ], [ -79.5070495, 43.7500143 ], [ -79.5072868, 43.7500012 ], [ -79.5074887, 43.7501044 ], [ -79.5075068, 43.7501301 ], [ -79.5075168, 43.7501615 ], [ -79.5075356, 43.7502637 ], [ -79.5075356, 43.7503044 ], [ -79.5075209, 43.7503732 ], [ -79.5075403, 43.7504953 ], [ -79.5075524, 43.7505553 ], [ -79.5075443, 43.7505926 ], [ -79.5075296, 43.7506164 ], [ -79.5075152, 43.750629 ], [ -79.5074773, 43.7506365 ], [ -79.5074263, 43.7506408 ], [ -79.5073278, 43.7506781 ], [ -79.507264, 43.7507864 ], [ -79.507427, 43.7508881 ], [ -79.5076778, 43.7508627 ], [ -79.5079014, 43.7508096 ], [ -79.5081079, 43.7508256 ], [ -79.5083544, 43.7509041 ], [ -79.5088747, 43.7509782 ], [ -79.5091181, 43.7510228 ], [ -79.5092516, 43.7510237 ], [ -79.5093716, 43.751078 ], [ -79.5095372, 43.7511632 ], [ -79.5096572, 43.751279 ], [ -79.5097357, 43.7514679 ], [ -79.5098457, 43.7516897 ], [ -79.509908, 43.7518879 ], [ -79.5099335, 43.7520768 ], [ -79.510024, 43.7524851 ], [ -79.509959, 43.7526594 ], [ -79.509851, 43.752798 ], [ -79.5097511, 43.7529535 ], [ -79.5096117, 43.7529849 ], [ -79.5094574, 43.752999 ], [ -79.5093501, 43.7531017 ], [ -79.5094614, 43.7532145 ], [ -79.5094943, 43.7533225 ], [ -79.5096251, 43.7534291 ], [ -79.5096063, 43.7535419 ], [ -79.5096827, 43.7536684 ], [ -79.5096559, 43.7538069 ], [ -79.509444, 43.7538636 ], [ -79.5092314, 43.753897 ], [ -79.5088238, 43.7538781 ], [ -79.5086554, 43.753927 ], [ -79.5084831, 43.7540084 ], [ -79.5082545, 43.754065 ], [ -79.5080794, 43.7541028 ], [ -79.5080003, 43.7541919 ], [ -79.5079628, 43.7543353 ], [ -79.5078903, 43.7546511 ], [ -79.50783, 43.7547979 ], [ -79.5076382, 43.755118 ], [ -79.507545, 43.7553108 ], [ -79.5074485, 43.7554726 ], [ -79.5073177, 43.7556275 ], [ -79.5071521, 43.7557845 ], [ -79.506914, 43.7558489 ], [ -79.5068148, 43.7560014 ], [ -79.5066646, 43.7562814 ], [ -79.5064922, 43.756341 ], [ -79.5062589, 43.7563284 ], [ -79.5060738, 43.7564262 ], [ -79.5062368, 43.7565095 ], [ -79.5066713, 43.7566703 ], [ -79.5067497, 43.7567899 ], [ -79.5065311, 43.7570529 ], [ -79.5064815, 43.7571028 ], [ -79.5063896, 43.7571701 ], [ -79.5062911, 43.7572253 ], [ -79.5062059, 43.7572626 ], [ -79.5061523, 43.7572801 ], [ -79.5060322, 43.7573106 ], [ -79.5059216, 43.7573464 ], [ -79.5058559, 43.7573784 ], [ -79.5057117, 43.7574607 ], [ -79.5056346, 43.7575348 ], [ -79.5055595, 43.7576186 ], [ -79.5054998, 43.7576951 ], [ -79.5054408, 43.7577867 ], [ -79.5054006, 43.7578574 ], [ -79.5053275, 43.7580032 ], [ -79.5052222, 43.7581969 ], [ -79.5051853, 43.7582526 ], [ -79.505135, 43.7583122 ], [ -79.5050848, 43.7583756 ], [ -79.5049983, 43.7584899 ], [ -79.5049942, 43.7585151 ], [ -79.5049929, 43.7585514 ], [ -79.5051357, 43.7592464 ], [ -79.5051987, 43.7594469 ], [ -79.5052477, 43.7596193 ], [ -79.5052893, 43.7597428 ], [ -79.5052889, 43.7598724 ], [ -79.5079284, 43.7592839 ], [ -79.5100133, 43.75881 ], [ -79.5134019, 43.7580682 ], [ -79.5153701, 43.7576099 ], [ -79.5156087, 43.7575552 ], [ -79.5158335, 43.7575066 ], [ -79.516096, 43.7574538 ], [ -79.516279, 43.7574225 ], [ -79.5164586, 43.7573857 ], [ -79.5169605, 43.7573116 ], [ -79.5172782, 43.7572784 ], [ -79.5176077, 43.7572472 ], [ -79.5189645, 43.7571304 ], [ -79.519336, 43.7570476 ], [ -79.5195398, 43.7570084 ], [ -79.5205919, 43.756758 ], [ -79.5225101, 43.756348 ] ] ] } },
{ "type": "Feature", "properties": { "name": "Black Creek", "overture_id": "66b27f27-90a0-49ad-836b-823a81bdc568", "division_id": "30dd1dcc-6b76-4ef0-9c80-7bfa2eb7e4c1" }, "geometry": { "type": "Polygon", "coordinates": [ [ [ -79.5342638, 43.7728097 ], [ -79.5348127, 43.7726923 ], [ -79.5334652, 43.7666951 ], [ -79.5305644, 43.7545097 ], [ -79.5269206, 43.7553093 ], [ -79.5225101, 43.756348 ], [ -79.5205919, 43.756758 ], [ -79.5195398, 43.7570084 ], [ -79.519336, 43.7570476 ], [ -79.5189645, 43.7571304 ], [ -79.5176077, 43.7572472 ], [ -79.5172782, 43.7572784 ], [ -79.5169605, 43.7573116 ], [ -79.5164586, 43.7573857 ], [ -79.516279, 43.7574225 ], [ -79.516096, 43.7574538 ], [ -79.5158335, 43.7575066 ], [ -79.5156087, 43.7575552 ], [ -79.5153701, 43.7576099 ], [ -79.5134019, 43.7580682 ], [ -79.5100133, 43.75881 ], [ -79.5079284, 43.7592839 ], [ -79.5052889, 43.7598724 ], [ -79.5048849, 43.7599627 ], [ -79.504903, 43.7601123 ], [ -79.5049486, 43.7602692 ], [ -79.5049379, 43.760415 ], [ -79.5049751, 43.7605553 ], [ -79.5051602, 43.7606162 ], [ -79.5053503, 43.7606023 ], [ -79.5055374, 43.7606627 ], [ -79.5057308, 43.7606015 ], [ -79.5059162, 43.7605523 ], [ -79.5060564, 43.7606225 ], [ -79.5059018, 43.760694 ], [ -79.505998, 43.7608003 ], [ -79.5062126, 43.7608424 ], [ -79.5063454, 43.7607574 ], [ -79.5065338, 43.7607284 ], [ -79.5067041, 43.7606623 ], [ -79.5068409, 43.7607429 ], [ -79.5070019, 43.7608453 ], [ -79.5072041, 43.760791 ], [ -79.5073961, 43.7608102 ], [ -79.507447, 43.7609616 ], [ -79.5074246, 43.7611318 ], [ -79.5074431, 43.7613119 ], [ -79.507598, 43.7614495 ], [ -79.5077815, 43.7615808 ], [ -79.5080151, 43.7616451 ], [ -79.508177, 43.7616773 ], [ -79.5082561, 43.7618284 ], [ -79.5082367, 43.7619301 ], [ -79.5082238, 43.7619627 ], [ -79.5082208, 43.7620026 ], [ -79.5082374, 43.7620604 ], [ -79.5082992, 43.7621715 ], [ -79.5083275, 43.7622129 ], [ -79.5083611, 43.7622194 ], [ -79.5084148, 43.7622039 ], [ -79.5084677, 43.7621827 ], [ -79.5084965, 43.7621955 ], [ -79.5086306, 43.7622071 ], [ -79.5086979, 43.7622817 ], [ -79.5087614, 43.7624289 ], [ -79.5086873, 43.7625546 ], [ -79.5085002, 43.7626217 ], [ -79.5082779, 43.7626551 ], [ -79.5081307, 43.7627144 ], [ -79.5081943, 43.7627915 ], [ -79.5083829, 43.7627689 ], [ -79.508466, 43.7628425 ], [ -79.5084529, 43.7629936 ], [ -79.5084023, 43.7631493 ], [ -79.5082233, 43.7632776 ], [ -79.5080318, 43.7633353 ], [ -79.507832, 43.7632953 ], [ -79.5076312, 43.7632401 ], [ -79.5074485, 43.7632377 ], [ -79.5073794, 43.7633319 ], [ -79.5073616, 43.7634919 ], [ -79.50731, 43.763636 ], [ -79.507312, 43.7637847 ], [ -79.5073036, 43.7639302 ], [ -79.507255, 43.7640639 ], [ -79.5071709, 43.7642062 ], [ -79.5072136, 43.7644011 ], [ -79.5072117, 43.7645958 ], [ -79.5073822, 43.7647478 ], [ -79.5074615, 43.7649423 ], [ -79.5076127, 43.7650675 ], [ -79.5079715, 43.7653053 ], [ -79.5081713, 43.7654263 ], [ -79.5083852, 43.7655179 ], [ -79.5085857, 43.7656258 ], [ -79.508699, 43.7657309 ], [ -79.5088896, 43.7657553 ], [ -79.5090204, 43.7658518 ], [ -79.5091148, 43.7661566 ], [ -79.5092556, 43.7663038 ], [ -79.5093304, 43.7664726 ], [ -79.5092921, 43.7666147 ], [ -79.5093334, 43.7667711 ], [ -79.5094983, 43.7668541 ], [ -79.5099124, 43.7667532 ], [ -79.5098487, 43.7669554 ], [ -79.5098551, 43.7670759 ], [ -79.5100073, 43.7671537 ], [ -79.5103523, 43.7671541 ], [ -79.5103345, 43.7672721 ], [ -79.5101592, 43.7672759 ], [ -79.510053, 43.7673419 ], [ -79.5101323, 43.767505 ], [ -79.510302, 43.7675839 ], [ -79.5103902, 43.7675067 ], [ -79.5105152, 43.7675013 ], [ -79.5106527, 43.7676108 ], [ -79.510769, 43.7677599 ], [ -79.510934, 43.7678812 ], [ -79.5109853, 43.7680197 ], [ -79.5109631, 43.7681677 ], [ -79.5111717, 43.7682132 ], [ -79.5113361, 43.768312 ], [ -79.5113558, 43.7684766 ], [ -79.5112659, 43.7686345 ], [ -79.5112337, 43.7687836 ], [ -79.5114443, 43.7688301 ], [ -79.5116446, 43.7688498 ], [ -79.5117423, 43.7689325 ], [ -79.5118412, 43.7690724 ], [ -79.5119016, 43.7692092 ], [ -79.5119894, 43.769156 ], [ -79.512208, 43.7691942 ], [ -79.5123214, 43.7693409 ], [ -79.5121846, 43.7696416 ], [ -79.5122509, 43.7697981 ], [ -79.5124602, 43.7699046 ], [ -79.5129228, 43.7700092 ], [ -79.5131652, 43.7700289 ], [ -79.5133989, 43.7700682 ], [ -79.5136289, 43.7701196 ], [ -79.5138824, 43.7701336 ], [ -79.5143094, 43.7699944 ], [ -79.5144852, 43.7698537 ], [ -79.5146227, 43.7696775 ], [ -79.5149553, 43.7694659 ], [ -79.5151662, 43.7696099 ], [ -79.5151417, 43.7697298 ], [ -79.5152181, 43.7698569 ], [ -79.5153643, 43.7700017 ], [ -79.5155383, 43.7700147 ], [ -79.5156004, 43.7699213 ], [ -79.5157418, 43.7699489 ], [ -79.5158771, 43.770025 ], [ -79.5160148, 43.769984 ], [ -79.5161925, 43.7700912 ], [ -79.5163246, 43.7702532 ], [ -79.5167021, 43.7705891 ], [ -79.5168469, 43.7709316 ], [ -79.5167299, 43.770995 ], [ -79.5168275, 43.7711246 ], [ -79.5169884, 43.7712599 ], [ -79.5170585, 43.7714354 ], [ -79.5170172, 43.7716487 ], [ -79.517027, 43.7718434 ], [ -79.5171812, 43.7719591 ], [ -79.5173589, 43.7720668 ], [ -79.5175872, 43.772184 ], [ -79.5178239, 43.7722721 ], [ -79.5180804, 43.7724126 ], [ -79.518192, 43.7726261 ], [ -79.5181464, 43.7728234 ], [ -79.51836, 43.7728633 ], [ -79.5187023, 43.7730895 ], [ -79.5188267, 43.7732282 ], [ -79.5188944, 43.7733989 ], [ -79.5189296, 43.7735739 ], [ -79.5186906, 43.7737741 ], [ -79.5185887, 43.7738366 ], [ -79.5185478, 43.7739523 ], [ -79.5186202, 43.7740898 ], [ -79.5187325, 43.77413 ], [ -79.5188234, 43.7740249 ], [ -79.5190078, 43.7739625 ], [ -79.5191482, 43.773992 ], [ -79.5192693, 43.7740552 ], [ -79.5194275, 43.7741237 ], [ -79.5196337, 43.7742605 ], [ -79.5198614, 43.7743442 ], [ -79.5203786, 43.7744252 ], [ -79.5205363, 43.7745094 ], [ -79.5207204, 43.7746147 ], [ -79.5208571, 43.7747442 ], [ -79.5212112, 43.7749855 ], [ -79.5213534, 43.7750429 ], [ -79.5217056, 43.7754557 ], [ -79.5223721, 43.7752766 ], [ -79.5236087, 43.7749734 ], [ -79.5240425, 43.7748883 ], [ -79.5244101, 43.7748192 ], [ -79.5251074, 43.7746793 ], [ -79.5255946, 43.7745837 ], [ -79.5261954, 43.7744506 ], [ -79.5267071, 43.7743425 ], [ -79.5268451, 43.7743135 ], [ -79.5269652, 43.7742927 ], [ -79.5276185, 43.7741782 ], [ -79.5333191, 43.7729968 ], [ -79.5342638, 43.7728097 ] ] ] } },
{ "type": "Feature", "properties": { "name": "Pelmo Park-Humberlea", "overture_id": "71bd649a-f901-42cc-994b-b595006ced79", "division_id": "7a6e7118-a9e7-49ac-a88c-ae041a225967" }, "geometry": { "type": "Polygon", "coordinates": [ [ [ -79.5322533, 43.7350531 ], [ -79.5354869, 43.7343226 ], [ -79.538208, 43.7337514 ], [ -79.5444137, 43.7323904 ], [ -79.54408, 43.7322823 ], [ -79.543887, 43.7320528 ], [ -79.5438457, 43.7317918 ], [ -79.5440096, 43.7315532 ], [ -79.5442732, 43.7313641 ], [ -79.544529, 43.731159 ], [ -79.5448221, 43.730972 ], [ -79.544876, 43.7307832 ], [ -79.5445608, 43.7305808 ], [ -79.5442449, 43.7303784 ], [ -79.5439096, 43.7302075 ], [ -79.5436181, 43.7300097 ], [ -79.5432412, 43.7298802 ], [ -79.5427876, 43.7298208 ], [ -79.5423837, 43.7297527 ], [ -79.5419969, 43.7296825 ], [ -79.5415578, 43.7296548 ], [ -79.5411635, 43.7295525 ], [ -79.5408161, 43.7295314 ], [ -79.5404334, 43.7295593 ], [ -79.5401062, 43.7297526 ], [ -79.5399576, 43.729966 ], [ -79.5397875, 43.7302001 ], [ -79.5395992, 43.7304387 ], [ -79.5394395, 43.7306728 ], [ -79.5392861, 43.7308934 ], [ -79.5392677, 43.7311301 ], [ -79.5393132, 43.731393 ], [ -79.5394174, 43.7316675 ], [ -79.5394944, 43.7319555 ], [ -79.5392623, 43.7321094 ], [ -79.5389254, 43.7320773 ], [ -79.5386351, 43.7319423 ], [ -79.5384659, 43.7317804 ], [ -79.5384258, 43.7316273 ], [ -79.5384645, 43.7314113 ], [ -79.5385073, 43.7311277 ], [ -79.5385355, 43.7308307 ], [ -79.5385372, 43.7305156 ], [ -79.538566, 43.73016 ], [ -79.5386221, 43.7298495 ], [ -79.5387444, 43.7295434 ], [ -79.5388672, 43.7292688 ], [ -79.5388018, 43.7289582 ], [ -79.5386682, 43.7286252 ], [ -79.538538, 43.7282967 ], [ -79.53844, 43.7279682 ], [ -79.5383179, 43.7276217 ], [ -79.5382328, 43.7272661 ], [ -79.5382822, 43.726915 ], [ -79.5384833, 43.7266449 ], [ -79.5388167, 43.7264558 ], [ -79.5392002, 43.7263296 ], [ -79.5396112, 43.7262395 ], [ -79.5400433, 43.7262618 ], [ -79.5404735, 43.7262392 ], [ -79.540869, 43.7261355 ], [ -79.5411482, 43.7259329 ], [ -79.5412552, 43.7257326 ], [ -79.541307, 43.7256357 ], [ -79.5413424, 43.7252892 ], [ -79.5412758, 43.7249336 ], [ -79.5411305, 43.7245826 ], [ -79.5409697, 43.7242361 ], [ -79.5407678, 43.7239211 ], [ -79.5407136, 43.7235701 ], [ -79.5407134, 43.7234269 ], [ -79.5407483, 43.723309 ], [ -79.540756, 43.7232505 ], [ -79.540742, 43.7231875 ], [ -79.5407337, 43.7229715 ], [ -79.540723, 43.7226204 ], [ -79.540791, 43.7222739 ], [ -79.5409669, 43.7219543 ], [ -79.5412304, 43.7216886 ], [ -79.5415576, 43.7214545 ], [ -79.5417026, 43.7213509 ], [ -79.5419189, 43.7212023 ], [ -79.5422689, 43.7209771 ], [ -79.5423626, 43.720887 ], [ -79.5424328, 43.7208196 ], [ -79.5425569, 43.7206845 ], [ -79.5428068, 43.7203694 ], [ -79.5429508, 43.7200363 ], [ -79.543039, 43.7197662 ], [ -79.5430774, 43.7197257 ], [ -79.5431762, 43.7195996 ], [ -79.5432343, 43.7194826 ], [ -79.5433118, 43.719325 ], [ -79.5434132, 43.7191404 ], [ -79.5434578, 43.7190684 ], [ -79.5434826, 43.7190099 ], [ -79.5437068, 43.7186272 ], [ -79.5437802, 43.7184869 ], [ -79.5438528, 43.7183481 ], [ -79.5439795, 43.718141 ], [ -79.5440388, 43.718042 ], [ -79.5440812, 43.7177134 ], [ -79.543932, 43.7174254 ], [ -79.5438591, 43.7173534 ], [ -79.543856, 43.7173489 ], [ -79.5436542, 43.7171599 ], [ -79.5434401, 43.7170022 ], [ -79.5431773, 43.7168785 ], [ -79.5429481, 43.7168079 ], [ -79.5426578, 43.7167129 ], [ -79.5423614, 43.716651 ], [ -79.5420558, 43.7166444 ], [ -79.5417196, 43.7167173 ], [ -79.5414507, 43.7168145 ], [ -79.5411848, 43.7168697 ], [ -79.540974, 43.7168454 ], [ -79.540647, 43.716746 ], [ -79.540482, 43.7165715 ], [ -79.5403903, 43.7163264 ], [ -79.5404239, 43.7160304 ], [ -79.5405553, 43.7157653 ], [ -79.5408212, 43.7154959 ], [ -79.5407845, 43.7152882 ], [ -79.5405767, 43.7151182 ], [ -79.5403689, 43.7150166 ], [ -79.5398498, 43.7149919 ], [ -79.5394426, 43.7149425 ], [ -79.5387277, 43.7148332 ], [ -79.5382602, 43.7146985 ], [ -79.5380585, 43.7145439 ], [ -79.5379393, 43.714323 ], [ -79.5379332, 43.7139585 ], [ -79.5379179, 43.7136935 ], [ -79.5378721, 43.7134085 ], [ -79.5378446, 43.7131413 ], [ -79.5378452, 43.7129987 ], [ -79.5378904, 43.7125338 ], [ -79.5379271, 43.7123682 ], [ -79.5381234, 43.7120984 ], [ -79.5381784, 43.7120444 ], [ -79.5384059, 43.7118283 ], [ -79.5387672, 43.7116166 ], [ -79.5391308, 43.711387 ], [ -79.5395315, 43.7110605 ], [ -79.5396445, 43.7107601 ], [ -79.5396384, 43.7103558 ], [ -79.5395345, 43.7099693 ], [ -79.5393909, 43.7096578 ], [ -79.5391539, 43.7093529 ], [ -79.5391281, 43.7093198 ], [ -79.5387889, 43.7089642 ], [ -79.5385047, 43.7087831 ], [ -79.5379974, 43.7085423 ], [ -79.5376826, 43.7084164 ], [ -79.5373556, 43.7083567 ], [ -79.5369431, 43.7083412 ], [ -79.5364725, 43.7083611 ], [ -79.5360935, 43.7083103 ], [ -79.5359087, 43.7082104 ], [ -79.53584, 43.7081249 ], [ -79.5340232, 43.7085575 ], [ -79.5323017, 43.7089755 ], [ -79.5323029, 43.7091149 ], [ -79.5325526, 43.7099637 ], [ -79.5323504, 43.7104518 ], [ -79.5311466, 43.7106434 ], [ -79.530868, 43.7106878 ], [ -79.5309043, 43.7100466 ], [ -79.5308698, 43.7096232 ], [ -79.5308131, 43.7093032 ], [ -79.5308029, 43.7092688 ], [ -79.5307882, 43.7092223 ], [ -79.530773, 43.7091761 ], [ -79.5307567, 43.70913 ], [ -79.5307398, 43.709084 ], [ -79.530722, 43.7090382 ], [ -79.5307035, 43.7089926 ], [ -79.5306842, 43.708947 ], [ -79.5306641, 43.7089018 ], [ -79.5306432, 43.7088566 ], [ -79.5306217, 43.7088116 ], [ -79.5305994, 43.7087669 ], [ -79.5305762, 43.7087224 ], [ -79.5305523, 43.7086781 ], [ -79.5305277, 43.7086339 ], [ -79.5305023, 43.70859 ], [ -79.5304762, 43.7085464 ], [ -79.5304493, 43.7085029 ], [ -79.5304285, 43.7084705 ], [ -79.5304216, 43.7084598 ], [ -79.5304, 43.708418 ], [ -79.5303766, 43.7083764 ], [ -79.5303525, 43.7083351 ], [ -79.5303275, 43.708294 ], [ -79.5303018, 43.7082532 ], [ -79.5302755, 43.7082126 ], [ -79.5302483, 43.7081722 ], [ -79.5302205, 43.7081321 ], [ -79.5301919, 43.7080924 ], [ -79.5301626, 43.7080528 ], [ -79.5301327, 43.7080135 ], [ -79.5301019, 43.7079746 ], [ -79.5300705, 43.7079359 ], [ -79.5300384, 43.7078975 ], [ -79.5300056, 43.7078594 ], [ -79.5299721, 43.7078217 ], [ -79.529938, 43.7077843 ], [ -79.5299032, 43.7077471 ], [ -79.5298677, 43.7077104 ], [ -79.5298316, 43.707674 ], [ -79.5297947, 43.7076379 ], [ -79.5297573, 43.7076022 ], [ -79.5297192, 43.7075668 ], [ -79.5296805, 43.7075318 ], [ -79.5296411, 43.7074971 ], [ -79.5296012, 43.7074628 ], [ -79.5295606, 43.707429 ], [ -79.5295194, 43.7073956 ], [ -79.5294776, 43.7073624 ], [ -79.5294352, 43.7073297 ], [ -79.5293923, 43.7072975 ], [ -79.5293487, 43.7072655 ], [ -79.5293046, 43.7072341 ], [ -79.5292599, 43.7072031 ], [ -79.5292146, 43.7071724 ], [ -79.5291688, 43.7071422 ], [ -79.5291225, 43.7071125 ], [ -79.5290757, 43.7070832 ], [ -79.5290283, 43.7070544 ], [ -79.5289804, 43.7070259 ], [ -79.528932, 43.7069979 ], [ -79.5288831, 43.7069705 ], [ -79.5288337, 43.7069435 ], [ -79.5287838, 43.7069169 ], [ -79.5287334, 43.7068909 ], [ -79.5286826, 43.7068652 ], [ -79.5286313, 43.7068401 ], [ -79.5285796, 43.7068155 ], [ -79.5285274, 43.7067914 ], [ -79.5284748, 43.7067678 ], [ -79.5283824, 43.7067342 ], [ -79.5282896, 43.7067011 ], [ -79.5281965, 43.7066686 ], [ -79.5281031, 43.7066365 ], [ -79.5280092, 43.7066051 ], [ -79.5279152, 43.706574 ], [ -79.5278207, 43.7065437 ], [ -79.5277259, 43.7065137 ], [ -79.5275354, 43.7064554 ], [ -79.5274397, 43.7064271 ], [ -79.5273438, 43.7063993 ], [ -79.5264104, 43.7061187 ], [ -79.5260725, 43.7060457 ], [ -79.5254657, 43.7058801 ], [ -79.5243637, 43.7061472 ], [ -79.5231158, 43.7064519 ], [ -79.5237239, 43.7075593 ], [ -79.5232057, 43.7076925 ], [ -79.5223409, 43.707884 ], [ -79.5222383, 43.7076945 ], [ -79.5208478, 43.7080485 ], [ -79.5205144, 43.7072775 ], [ -79.5202919, 43.706896 ], [ -79.5191709, 43.7071451 ], [ -79.5173437, 43.7075197 ], [ -79.5172038, 43.7075637 ], [ -79.5169471, 43.707631 ], [ -79.516904, 43.7076423 ], [ -79.5157488, 43.7079173 ], [ -79.5146082, 43.708179 ], [ -79.5134717, 43.7084387 ], [ -79.5123319, 43.7087062 ], [ -79.5115338, 43.7088878 ], [ -79.5114741, 43.7089 ], [ -79.5114339, 43.7089014 ], [ -79.5092966, 43.7094268 ], [ -79.5089297, 43.7094993 ], [ -79.5077789, 43.7097521 ], [ -79.5063084, 43.7101043 ], [ -79.5062001, 43.7101449 ], [ -79.5057916, 43.7102098 ], [ -79.5078206, 43.717737 ], [ -79.5165754, 43.7167755 ], [ -79.5245791, 43.715907 ], [ -79.5259953, 43.7156898 ], [ -79.5296649, 43.7148523 ], [ -79.5296585, 43.714908 ], [ -79.5292317, 43.7163402 ], [ -79.5285812, 43.7186009 ], [ -79.5285659, 43.7186474 ], [ -79.5285617, 43.718674 ], [ -79.5285578, 43.7187329 ], [ -79.5284703, 43.7193116 ], [ -79.5284679, 43.7193797 ], [ -79.5284703, 43.7196246 ], [ -79.5284976, 43.7199561 ], [ -79.5285038, 43.7199845 ], [ -79.5285187, 43.7201153 ], [ -79.5285584, 43.7203459 ], [ -79.5286029, 43.7205436 ], [ -79.5287854, 43.7212275 ], [ -79.5292643, 43.7231417 ], [ -79.5322533, 43.7350531 ] ] ] } },
{ "type": "Feature", "properties": { "name": "Humber Heights-Westmount", "overture_id": "fdd252d4-9443-4b33-a8a9-3aef97689149", "division_id": "a8809c60-a440-494e-9bc6-b52349abec8f" }, "geometry": { "type": "Polygon", "coordinates": [ [ [ -79.5307444, 43.7045933 ], [ -79.5311001, 43.7048033 ], [ -79.5316288, 43.7049292 ], [ -79.5319392, 43.7049546 ], [ -79.5316789, 43.7042279 ], [ -79.5316423, 43.7039083 ], [ -79.5316744, 43.7037058 ], [ -79.5317417, 43.7035077 ], [ -79.531818, 43.7033457 ], [ -79.5318641, 43.7032017 ], [ -79.5323918, 43.7024364 ], [ -79.5330548, 43.7018421 ], [ -79.5342413, 43.7005276 ], [ -79.5343811, 43.700325 ], [ -79.5342583, 43.6998059 ], [ -79.5327286, 43.6961561 ], [ -79.5316158, 43.6936518 ], [ -79.5308534, 43.6918599 ], [ -79.530347, 43.6907459 ], [ -79.5301695, 43.6903925 ], [ -79.5265982, 43.6823291 ], [ -79.5237411, 43.6829553 ], [ -79.5228749, 43.6831265 ], [ -79.5212005, 43.6833339 ], [ -79.5207048, 43.6833745 ], [ -79.5200257, 43.6837334 ], [ -79.5196755, 43.6839104 ], [ -79.5124757, 43.6855089 ], [ -79.5118116, 43.6844447 ], [ -79.5085522, 43.6803679 ], [ -79.5074631, 43.6788811 ], [ -79.5074437, 43.6789171 ], [ -79.5072457, 43.6792772 ], [ -79.507171, 43.6793582 ], [ -79.50694, 43.6796057 ], [ -79.5065602, 43.6798443 ], [ -79.5061192, 43.6800199 ], [ -79.5059001, 43.6801062 ], [ -79.505708, 43.6802111 ], [ -79.5055608, 43.6803932 ], [ -79.5055317, 43.6805735 ], [ -79.5054697, 43.6809291 ], [ -79.5055457, 43.6813026 ], [ -79.5054745, 43.6815264 ], [ -79.5054738, 43.6816604 ], [ -79.5054978, 43.6818209 ], [ -79.5056277, 43.681987 ], [ -79.5057741, 43.6821196 ], [ -79.5059726, 43.6822341 ], [ -79.5064087, 43.6823511 ], [ -79.506863, 43.6824793 ], [ -79.5074517, 43.682441 ], [ -79.5079566, 43.6823617 ], [ -79.5082317, 43.6823674 ], [ -79.5084234, 43.6823733 ], [ -79.5084506, 43.6823733 ], [ -79.5088952, 43.6824497 ], [ -79.5092526, 43.6826387 ], [ -79.5095407, 43.6829222 ], [ -79.5097811, 43.6832282 ], [ -79.5100145, 43.6835253 ], [ -79.5101204, 43.6838313 ], [ -79.5102162, 43.6840806 ], [ -79.5102363, 43.6841329 ], [ -79.5102881, 43.6842761 ], [ -79.5103677, 43.6844538 ], [ -79.5104775, 43.6846667 ], [ -79.5106507, 43.6849836 ], [ -79.5107682, 43.6853378 ], [ -79.5108685, 43.6856635 ], [ -79.5108826, 43.6857095 ], [ -79.5109779, 43.6860844 ], [ -79.5111152, 43.6864646 ], [ -79.511268, 43.686811 ], [ -79.5113831, 43.6871661 ], [ -79.5115086, 43.6873247 ], [ -79.511693, 43.687425 ], [ -79.5118614, 43.6875506 ], [ -79.512017, 43.6876999 ], [ -79.5122275, 43.6879026 ], [ -79.512395, 43.6880988 ], [ -79.5126309, 43.6884249 ], [ -79.5127541, 43.6888673 ], [ -79.5126394, 43.68923 ], [ -79.5127392, 43.6896011 ], [ -79.5127461, 43.6896223 ], [ -79.5128764, 43.6900214 ], [ -79.5129646, 43.6903998 ], [ -79.5129741, 43.6904243 ], [ -79.513013, 43.6905251 ], [ -79.5131161, 43.6907925 ], [ -79.5132052, 43.6911707 ], [ -79.5132771, 43.6915819 ], [ -79.5133165, 43.6919914 ], [ -79.5133026, 43.6923929 ], [ -79.5132999, 43.6926601 ], [ -79.5132974, 43.6929062 ], [ -79.5132924, 43.6933926 ], [ -79.5129309, 43.6939805 ], [ -79.5128194, 43.6942478 ], [ -79.5127692, 43.6945235 ], [ -79.5127454, 43.6948275 ], [ -79.5126487, 43.69518 ], [ -79.5124499, 43.6954931 ], [ -79.5122391, 43.6957905 ], [ -79.5120318, 43.6960942 ], [ -79.5119031, 43.6963965 ], [ -79.5119255, 43.6965064 ], [ -79.5119679, 43.6967027 ], [ -79.5122489, 43.6969583 ], [ -79.5126573, 43.6971171 ], [ -79.5131072, 43.6972414 ], [ -79.5135389, 43.6972568 ], [ -79.5139064, 43.6972062 ], [ -79.5143021, 43.6970992 ], [ -79.5146586, 43.6970523 ], [ -79.5150526, 43.6970277 ], [ -79.5154807, 43.6969668 ], [ -79.5156994, 43.6969266 ], [ -79.5158808, 43.6968933 ], [ -79.5163424, 43.6968093 ], [ -79.5167847, 43.6968218 ], [ -79.5171979, 43.6968514 ], [ -79.5172122, 43.6968542 ], [ -79.5176098, 43.6969324 ], [ -79.5180069, 43.6969583 ], [ -79.5188191, 43.6971304 ], [ -79.5191493, 43.697287 ], [ -79.5194895, 43.6974793 ], [ -79.519757, 43.69773 ], [ -79.520044, 43.6979795 ], [ -79.5203184, 43.6982582 ], [ -79.5205428, 43.6985579 ], [ -79.5206943, 43.6987604 ], [ -79.5208, 43.6989914 ], [ -79.5209429, 43.6992888 ], [ -79.5209441, 43.6992928 ], [ -79.5210458, 43.6995385 ], [ -79.5211829, 43.6997255 ], [ -79.5214369, 43.6998778 ], [ -79.5218093, 43.7000519 ], [ -79.522102, 43.7001712 ], [ -79.5221399, 43.7001941 ], [ -79.5223561, 43.7002873 ], [ -79.5228238, 43.7004692 ], [ -79.5233318, 43.7006937 ], [ -79.523859, 43.7008697 ], [ -79.5244459, 43.7010561 ], [ -79.5249746, 43.7012465 ], [ -79.5255805, 43.7014289 ], [ -79.5260953, 43.7016592 ], [ -79.5266525, 43.7018971 ], [ -79.5271802, 43.7020752 ], [ -79.527217, 43.7020871 ], [ -79.527739, 43.7022391 ], [ -79.5282587, 43.7023293 ], [ -79.5285732, 43.7024238 ], [ -79.5287829, 43.7025697 ], [ -79.5290352, 43.7029046 ], [ -79.5291741, 43.7032621 ], [ -79.5294094, 43.703558 ], [ -79.5297184, 43.7038329 ], [ -79.5300488, 43.7040477 ], [ -79.530386, 43.7043098 ], [ -79.5307444, 43.7045933 ] ] ] } },
{ "type": "Feature", "properties": { "name": "Edenbridge-Humber Valley", "overture_id": "77f41991-24dd-4de8-b909-c1a896ca2d0a", "division_id": "97caaa42-2fd3-4c9d-8f10-2d55fb5d9fdb" }, "geometry": { "type": "Polygon", "coordinates": [ [ [ -79.5080794, 43.6776073 ], [ -79.5078969, 43.6780439 ], [ -79.5076882, 43.6784625 ], [ -79.5074631, 43.6788811 ], [ -79.5085522, 43.6803679 ], [ -79.5118116, 43.6844447 ], [ -79.5124757, 43.6855089 ], [ -79.5196755, 43.6839104 ], [ -79.5200257, 43.6837334 ], [ -79.5207048, 43.6833745 ], [ -79.5212005, 43.6833339 ], [ -79.5228749, 43.6831265 ], [ -79.5237411, 43.6829553 ], [ -79.5265982, 43.6823291 ], [ -79.5390073, 43.6798236 ], [ -79.5263898, 43.6513561 ], [ -79.5246777, 43.6532257 ], [ -79.5222678, 43.6559228 ], [ -79.5220772, 43.6561094 ], [ -79.5218753, 43.6562509 ], [ -79.5217872, 43.6563037 ], [ -79.5214986, 43.6564441 ], [ -79.5200339, 43.6570014 ], [ -79.5184557, 43.657522 ], [ -79.5172942, 43.657937 ], [ -79.5168164, 43.6581247 ], [ -79.5164647, 43.6582629 ], [ -79.5095694, 43.6609719 ], [ -79.5075846, 43.6617869 ], [ -79.5056855, 43.6627341 ], [ -79.5055253, 43.662814 ], [ -79.5057705, 43.6629175 ], [ -79.5060073, 43.6629884 ], [ -79.5061689, 43.663021 ], [ -79.5066044, 43.6630255 ], [ -79.507091, 43.6629219 ], [ -79.5075025, 43.6627958 ], [ -79.5079446, 43.6626248 ], [ -79.5083774, 43.6624897 ], [ -79.508845, 43.6623231 ], [ -79.5092933, 43.6621295 ], [ -79.5097865, 43.6620079 ], [ -79.5102507, 43.6619449 ], [ -79.5105796, 43.6619764 ], [ -79.5109845, 43.6620573 ], [ -79.5110872, 43.6620753 ], [ -79.5113062, 43.6621293 ], [ -79.5114968, 43.6622103 ], [ -79.5115383, 43.6622328 ], [ -79.5116917, 43.6623138 ], [ -79.5118433, 43.6623948 ], [ -79.5119622, 43.6624623 ], [ -79.5119867, 43.6624758 ], [ -79.5120165, 43.6624983 ], [ -79.5121289, 43.6625792 ], [ -79.5121888, 43.6626216 ], [ -79.5124076, 43.6629303 ], [ -79.5125871, 43.6633308 ], [ -79.5126972, 43.6637179 ], [ -79.5128066, 43.6641139 ], [ -79.5128722, 43.664528 ], [ -79.5129316, 43.6648152 ], [ -79.5129587, 43.6649465 ], [ -79.5130519, 43.6653515 ], [ -79.5130842, 43.6657656 ], [ -79.5130789, 43.6661752 ], [ -79.5129899, 43.6665532 ], [ -79.5128009, 43.6668683 ], [ -79.5125324, 43.6671519 ], [ -79.5121671, 43.6673635 ], [ -79.5117901, 43.6676021 ], [ -79.5114612, 43.6679037 ], [ -79.5112773, 43.6682863 ], [ -79.5113471, 43.6686643 ], [ -79.5114434, 43.6689344 ], [ -79.5114899, 43.6690649 ], [ -79.5115071, 43.6691006 ], [ -79.5115135, 43.6691324 ], [ -79.5116357, 43.6694834 ], [ -79.5117416, 43.669902 ], [ -79.5117513, 43.6699687 ], [ -79.5118073, 43.670352 ], [ -79.5118461, 43.6706176 ], [ -79.5118725, 43.6707931 ], [ -79.5119691, 43.6712341 ], [ -79.5120936, 43.6716842 ], [ -79.5122526, 43.6721252 ], [ -79.5123581, 43.6725888 ], [ -79.512435, 43.6730658 ], [ -79.5123401, 43.6732777 ], [ -79.5123006, 43.6735336 ], [ -79.5123189, 43.6735953 ], [ -79.5123931, 43.6736758 ], [ -79.5123042, 43.6739435 ], [ -79.5120509, 43.6743305 ], [ -79.5116595, 43.6746591 ], [ -79.511224, 43.6749742 ], [ -79.5107307, 43.6752353 ], [ -79.5102196, 43.6755189 ], [ -79.5098634, 43.6756944 ], [ -79.5097011, 43.6757755 ], [ -79.5092477, 43.6760455 ], [ -79.5088376, 43.6763966 ], [ -79.5085234, 43.6767612 ], [ -79.5082789, 43.6771708 ], [ -79.5080794, 43.6776073 ] ] ] } },
{ "type": "Feature", "properties": { "name": "Islington", "overture_id": "243a3e24-3d4e-40b6-903e-89db7802e74d", "division_id": "a6921ccf-85ef-4d82-ab65-852d9e58cfd1" }, "geometry": { "type": "Polygon", "coordinates": [ [ [ -79.5601198, 43.6380103 ], [ -79.559966, 43.6375022 ], [ -79.5595856, 43.6362395 ], [ -79.5567096, 43.6370118 ], [ -79.556518, 43.636726 ], [ -79.5564328, 43.6364693 ], [ -79.5564233, 43.6362529 ], [ -79.5564475, 43.6360799 ], [ -79.5565163, 43.6358934 ], [ -79.5567994, 43.635256 ], [ -79.5568354, 43.6351362 ], [ -79.5568642, 43.6349581 ], [ -79.5568642, 43.6347723 ], [ -79.5568318, 43.6345952 ], [ -79.556779, 43.6344388 ], [ -79.5566915, 43.6342695 ], [ -79.5564587, 43.6339838 ], [ -79.5560939, 43.6335782 ], [ -79.5559043, 43.6334054 ], [ -79.5557904, 43.6333168 ], [ -79.5547123, 43.632803 ], [ -79.5543891, 43.6332043 ], [ -79.5541873, 43.6333909 ], [ -79.5538002, 43.633641 ], [ -79.5536068, 43.6337508 ], [ -79.5534521, 43.6338155 ], [ -79.5533066, 43.6338738 ], [ -79.5530164, 43.6339522 ], [ -79.5497712, 43.6347065 ], [ -79.5495892, 43.6342911 ], [ -79.5486249, 43.632104 ], [ -79.5485935, 43.632029 ], [ -79.5485727, 43.6319673 ], [ -79.5485743, 43.6319073 ], [ -79.5485988, 43.6318479 ], [ -79.5486541, 43.6318067 ], [ -79.5487539, 43.6317662 ], [ -79.5496261, 43.6315725 ], [ -79.5491575, 43.6305067 ], [ -79.5468975, 43.631026 ], [ -79.5446983, 43.632117 ], [ -79.5437039, 43.6326687 ], [ -79.5432744, 43.6329627 ], [ -79.542044, 43.6341081 ], [ -79.5407247, 43.6353598 ], [ -79.5384156, 43.638065 ], [ -79.5371166, 43.6395763 ], [ -79.5366206, 43.640143 ], [ -79.5364947, 43.640278 ], [ -79.5363237, 43.6404717 ], [ -79.5365252, 43.6405727 ], [ -79.5365803, 43.6405968 ], [ -79.5366365, 43.6406282 ], [ -79.5370974, 43.6410992 ], [ -79.5373423, 43.6413865 ], [ -79.5372369, 43.6414107 ], [ -79.5364487, 43.6415961 ], [ -79.5353937, 43.6418054 ], [ -79.5352212, 43.6414572 ], [ -79.5345534, 43.6420955 ], [ -79.5343911, 43.6423254 ], [ -79.5339903, 43.6430302 ], [ -79.5318698, 43.6453427 ], [ -79.5287493, 43.6487711 ], [ -79.5250784, 43.6469899 ], [ -79.52498, 43.646941 ], [ -79.5248832, 43.6469247 ], [ -79.5247874, 43.6469296 ], [ -79.5244575, 43.6470111 ], [ -79.5234388, 43.6446473 ], [ -79.5170435, 43.6461068 ], [ -79.5171946, 43.6462734 ], [ -79.5172566, 43.6463918 ], [ -79.5173425, 43.6465122 ], [ -79.5176495, 43.6466957 ], [ -79.5177815, 43.6467166 ], [ -79.5179805, 43.6469165 ], [ -79.5182435, 43.6471148 ], [ -79.5187769, 43.6473189 ], [ -79.5194454, 43.6473865 ], [ -79.5199379, 43.6474306 ], [ -79.520407, 43.647605 ], [ -79.521469, 43.6478819 ], [ -79.5220183, 43.6480931 ], [ -79.5224118, 43.6482415 ], [ -79.522765, 43.6484657 ], [ -79.5233572, 43.6489315 ], [ -79.5238889, 43.6491829 ], [ -79.5241881, 43.6494423 ], [ -79.5243551, 43.6496453 ], [ -79.5246104, 43.6498942 ], [ -79.5252884, 43.6503475 ], [ -79.5259552, 43.6507008 ], [ -79.5267961, 43.6509233 ], [ -79.5269496, 43.6509639 ], [ -79.5271478, 43.6510091 ], [ -79.5274128, 43.6509964 ], [ -79.527647, 43.6509593 ], [ -79.5281231, 43.6509665 ], [ -79.5283493, 43.6510148 ], [ -79.5287405, 43.6511114 ], [ -79.529133, 43.6511738 ], [ -79.5294221, 43.6511762 ], [ -79.529557, 43.6511517 ], [ -79.5296902, 43.6511099 ], [ -79.5299328, 43.6510377 ], [ -79.5303407, 43.6509597 ], [ -79.530557, 43.6509302 ], [ -79.5306808, 43.6508931 ], [ -79.5307806, 43.65085 ], [ -79.5308656, 43.6507646 ], [ -79.5309047, 43.650683 ], [ -79.5309819, 43.6506041 ], [ -79.5310143, 43.6505429 ], [ -79.5310053, 43.6504739 ], [ -79.5309281, 43.6503628 ], [ -79.5309197, 43.6502307 ], [ -79.53094, 43.6501033 ], [ -79.5310393, 43.6500476 ], [ -79.5311542, 43.6500257 ], [ -79.531453, 43.6500063 ], [ -79.5318327, 43.6499972 ], [ -79.5319365, 43.6500109 ], [ -79.53203, 43.6500621 ], [ -79.5322835, 43.6503743 ], [ -79.5323177, 43.6505801 ], [ -79.5323052, 43.6506886 ], [ -79.5323643, 43.651499 ], [ -79.5324215, 43.6516726 ], [ -79.5325381, 43.651816 ], [ -79.5326314, 43.6518928 ], [ -79.5327306, 43.6519552 ], [ -79.532881, 43.6520326 ], [ -79.5330512, 43.6520914 ], [ -79.5332104, 43.6521254 ], [ -79.5334408, 43.652154 ], [ -79.5337527, 43.6521583 ], [ -79.5342896, 43.652203 ], [ -79.5347254, 43.6523437 ], [ -79.5349262, 43.6523956 ], [ -79.5351556, 43.6524667 ], [ -79.5355484, 43.6525679 ], [ -79.535844, 43.6525795 ], [ -79.5360468, 43.6526132 ], [ -79.5361421, 43.6526547 ], [ -79.5362815, 43.6526644 ], [ -79.5365718, 43.6525941 ], [ -79.5368584, 43.652546 ], [ -79.5371047, 43.6525775 ], [ -79.5371578, 43.6525933 ], [ -79.5372749, 43.6526616 ], [ -79.5374422, 43.6527505 ], [ -79.5374902, 43.6528635 ], [ -79.5375175, 43.65296 ], [ -79.5374936, 43.6531049 ], [ -79.5374335, 43.6532974 ], [ -79.5373917, 43.6534538 ], [ -79.5373959, 43.6536045 ], [ -79.5373359, 43.6537483 ], [ -79.5372222, 43.6538646 ], [ -79.5371932, 43.6539743 ], [ -79.5371644, 43.6540442 ], [ -79.5371552, 43.6541198 ], [ -79.5372229, 43.6542326 ], [ -79.5374398, 43.6544611 ], [ -79.5376155, 43.6546639 ], [ -79.5377825, 43.6549147 ], [ -79.538084, 43.6550991 ], [ -79.5384034, 43.6552287 ], [ -79.5386694, 43.6552411 ], [ -79.539007, 43.6552181 ], [ -79.5393073, 43.6551854 ], [ -79.5395539, 43.6551275 ], [ -79.5397852, 43.6550424 ], [ -79.5401098, 43.6549366 ], [ -79.5401629, 43.6549019 ], [ -79.5401971, 43.6548673 ], [ -79.5402196, 43.6548111 ], [ -79.5402371, 43.6547263 ], [ -79.5402374, 43.6546478 ], [ -79.540212, 43.6545667 ], [ -79.5401727, 43.6544945 ], [ -79.5400641, 43.6543295 ], [ -79.5398882, 43.6541296 ], [ -79.5396737, 43.6538004 ], [ -79.5396737, 43.6536886 ], [ -79.539708, 43.6536017 ], [ -79.5398968, 43.6535582 ], [ -79.5400513, 43.6535644 ], [ -79.5402831, 43.6535893 ], [ -79.5404671, 43.6535394 ], [ -79.5431386, 43.6596529 ], [ -79.543224, 43.6598552 ], [ -79.5464163, 43.6591222 ], [ -79.5485947, 43.6586 ], [ -79.5538142, 43.6573972 ], [ -79.5552463, 43.6570354 ], [ -79.555748, 43.6569572 ], [ -79.5673003, 43.6542531 ], [ -79.5670018, 43.6536289 ], [ -79.5666791, 43.6529968 ], [ -79.5655386, 43.6506519 ], [ -79.5644158, 43.6483229 ], [ -79.5635528, 43.6464647 ], [ -79.5622434, 43.6434437 ], [ -79.5617367, 43.6422027 ], [ -79.5601198, 43.6380103 ] ] ] } },
{ "type": "Feature", "properties": { "name": "Princess-Rosethorn", "overture_id": "9027493a-6f5b-4f5c-9e63-54ebede8a770", "division_id": "a7ae7dd0-d0b4-4e04-9ec5-0396e2d23fb2" }, "geometry": { "type": "Polygon", "coordinates": [ [ [ -79.527647, 43.6509593 ], [ -79.5274128, 43.6509964 ], [ -79.5271478, 43.6510091 ], [ -79.5269496, 43.6509639 ], [ -79.5267961, 43.6509233 ], [ -79.5263898, 43.6513561 ], [ -79.5390073, 43.6798236 ], [ -79.5603564, 43.6750038 ], [ -79.5612965, 43.6747933 ], [ -79.5619965, 43.6746861 ], [ -79.5631814, 43.674561 ], [ -79.5552463, 43.6570354 ], [ -79.5538142, 43.6573972 ], [ -79.5485947, 43.6586 ], [ -79.5464163, 43.6591222 ], [ -79.543224, 43.6598552 ], [ -79.5431386, 43.6596529 ], [ -79.5404671, 43.6535394 ], [ -79.5402831, 43.6535893 ], [ -79.5400513, 43.6535644 ], [ -79.5398968, 43.6535582 ], [ -79.539708, 43.6536017 ], [ -79.5396737, 43.6536886 ], [ -79.5396737, 43.6538004 ], [ -79.5398882, 43.6541296 ], [ -79.5400641, 43.6543295 ], [ -79.5401727, 43.6544945 ], [ -79.540212, 43.6545667 ], [ -79.5402374, 43.6546478 ], [ -79.5402371, 43.6547263 ], [ -79.5402196, 43.6548111 ], [ -79.5401971, 43.6548673 ], [ -79.5401629, 43.6549019 ], [ -79.5401098, 43.6549366 ], [ -79.5397852, 43.6550424 ], [ -79.5395539, 43.6551275 ], [ -79.5393073, 43.6551854 ], [ -79.539007, 43.6552181 ], [ -79.5386694, 43.6552411 ], [ -79.5384034, 43.6552287 ], [ -79.538084, 43.6550991 ], [ -79.5377825, 43.6549147 ], [ -79.5376155, 43.6546639 ], [ -79.5374398, 43.6544611 ], [ -79.5372229, 43.6542326 ], [ -79.5371552, 43.6541198 ], [ -79.5371644, 43.6540442 ], [ -79.5371932, 43.6539743 ], [ -79.5372222, 43.6538646 ], [ -79.5373359, 43.6537483 ], [ -79.5373959, 43.6536045 ], [ -79.5373917, 43.6534538 ], [ -79.5374335, 43.6532974 ], [ -79.5374936, 43.6531049 ], [ -79.5375175, 43.65296 ], [ -79.5374902, 43.6528635 ], [ -79.5374422, 43.6527505 ], [ -79.5372749, 43.6526616 ], [ -79.5371578, 43.6525933 ], [ -79.5371047, 43.6525775 ], [ -79.5368584, 43.652546 ], [ -79.5365718, 43.6525941 ], [ -79.5362815, 43.6526644 ], [ -79.5361421, 43.6526547 ], [ -79.5360468, 43.6526132 ], [ -79.535844, 43.6525795 ], [ -79.5355484, 43.6525679 ], [ -79.5351556, 43.6524667 ], [ -79.5349262, 43.6523956 ], [ -79.5347254, 43.6523437 ], [ -79.5342896, 43.652203 ], [ -79.5337527, 43.6521583 ], [ -79.5334408, 43.652154 ], [ -79.5332104, 43.6521254 ], [ -79.5330512, 43.6520914 ], [ -79.532881, 43.6520326 ], [ -79.5327306, 43.6519552 ], [ -79.5326314, 43.6518928 ], [ -79.5325381, 43.651816 ], [ -79.5324215, 43.6516726 ], [ -79.5323643, 43.651499 ], [ -79.5323052, 43.6506886 ], [ -79.5323177, 43.6505801 ], [ -79.5322835, 43.6503743 ], [ -79.53203, 43.6500621 ], [ -79.5319365, 43.6500109 ], [ -79.5318327, 43.6499972 ], [ -79.531453, 43.6500063 ], [ -79.5311542, 43.6500257 ], [ -79.5310393, 43.6500476 ], [ -79.53094, 43.6501033 ], [ -79.5309197, 43.6502307 ], [ -79.5309281, 43.6503628 ], [ -79.5310053, 43.6504739 ], [ -79.5310143, 43.6505429 ], [ -79.5309819, 43.6506041 ], [ -79.5309047, 43.650683 ], [ -79.5308656, 43.6507646 ], [ -79.5307806, 43.65085 ], [ -79.5306808, 43.6508931 ], [ -79.530557, 43.6509302 ], [ -79.5303407, 43.6509597 ], [ -79.5299328, 43.6510377 ], [ -79.5296902, 43.6511099 ], [ -79.529557, 43.6511517 ], [ -79.5294221, 43.6511762 ], [ -79.529133, 43.6511738 ], [ -79.5287405, 43.6511114 ], [ -79.5283493, 43.6510148 ], [ -79.5281231, 43.6509665 ], [ -79.527647, 43.6509593 ] ] ] } },
{ "type": "Feature", "properties": { "name": "Humbermede", "overture_id": "06b1992a-5d47-4f12-a0e7-a9468c487376", "division_id": "7e6ac05d-23e5-4caa-af67-83a472d9c1fc" }, "geometry": { "type": "Polygon", "coordinates": [ [ [ -79.5354869, 43.7343226 ], [ -79.5322533, 43.7350531 ], [ -79.5262796, 43.7364026 ], [ -79.5305644, 43.7545097 ], [ -79.5355667, 43.7534126 ], [ -79.5362607, 43.7532903 ], [ -79.5405972, 43.7523567 ], [ -79.5417331, 43.752161 ], [ -79.5423815, 43.7520901 ], [ -79.5430474, 43.751946 ], [ -79.5435235, 43.7518627 ], [ -79.5445731, 43.7516474 ], [ -79.5450446, 43.7515413 ], [ -79.5455801, 43.751394 ], [ -79.5539765, 43.7495834 ], [ -79.5576411, 43.7487932 ], [ -79.5589308, 43.7485248 ], [ -79.562341, 43.7477697 ], [ -79.5633531, 43.7475458 ], [ -79.5643939, 43.7473143 ], [ -79.5651676, 43.7471111 ], [ -79.5656759, 43.7469776 ], [ -79.5657986, 43.7469449 ], [ -79.5661099, 43.7468546 ], [ -79.5666871, 43.746706 ], [ -79.5669026, 43.7466339 ], [ -79.5673375, 43.7465421 ], [ -79.567705, 43.7464448 ], [ -79.5681696, 43.746344 ], [ -79.5686103, 43.7462488 ], [ -79.5676411, 43.7460739 ], [ -79.5672717, 43.746017 ], [ -79.5668759, 43.7459536 ], [ -79.5665173, 43.7458938 ], [ -79.5661217, 43.7458544 ], [ -79.5656828, 43.7457791 ], [ -79.5652242, 43.7456878 ], [ -79.5647999, 43.7455584 ], [ -79.5643941, 43.7454165 ], [ -79.5639849, 43.745265 ], [ -79.5636821, 43.7450496 ], [ -79.5634076, 43.7448049 ], [ -79.5632405, 43.7446981 ], [ -79.5627255, 43.7444973 ], [ -79.5623559, 43.7443216 ], [ -79.5621693, 43.7440827 ], [ -79.5622427, 43.7437704 ], [ -79.562452, 43.7434576 ], [ -79.5624626, 43.7431528 ], [ -79.5624398, 43.7429739 ], [ -79.5622962, 43.7428623 ], [ -79.5619402, 43.7426736 ], [ -79.5615414, 43.7425596 ], [ -79.5612982, 43.7424926 ], [ -79.561086, 43.7425215 ], [ -79.5605675, 43.742592 ], [ -79.5604107, 43.7426307 ], [ -79.5603056, 43.742658 ], [ -79.5599996, 43.7426392 ], [ -79.5596408, 43.7425335 ], [ -79.5594284, 43.742495 ], [ -79.5593221, 43.7424905 ], [ -79.5591428, 43.742551 ], [ -79.5589751, 43.7426491 ], [ -79.5588561, 43.7427696 ], [ -79.5587201, 43.7428757 ], [ -79.5586018, 43.7429283 ], [ -79.5584913, 43.74293 ], [ -79.5582998, 43.742722 ], [ -79.5582048, 43.7424723 ], [ -79.5579976, 43.7423099 ], [ -79.5577976, 43.7421504 ], [ -79.5576897, 43.7419535 ], [ -79.5577312, 43.7418344 ], [ -79.5578154, 43.7417315 ], [ -79.5580175, 43.7417061 ], [ -79.5582428, 43.741698 ], [ -79.5583479, 43.7416598 ], [ -79.5584601, 43.7414446 ], [ -79.5582215, 43.7411235 ], [ -79.5578347, 43.7409324 ], [ -79.557633, 43.7409023 ], [ -79.5573675, 43.7409028 ], [ -79.5571625, 43.7410002 ], [ -79.5570616, 43.7411603 ], [ -79.556895, 43.7412959 ], [ -79.5568247, 43.7413887 ], [ -79.5567969, 43.7414215 ], [ -79.556797, 43.7414922 ], [ -79.5567736, 43.7416591 ], [ -79.5568729, 43.7419554 ], [ -79.5569838, 43.7422697 ], [ -79.5568994, 43.7425845 ], [ -79.5567399, 43.7428715 ], [ -79.5564629, 43.7431101 ], [ -79.5560368, 43.7432185 ], [ -79.5556333, 43.7432357 ], [ -79.5552036, 43.7432385 ], [ -79.5547559, 43.7432188 ], [ -79.554354, 43.7431863 ], [ -79.5538965, 43.743276 ], [ -79.553545, 43.7433715 ], [ -79.5532228, 43.7434374 ], [ -79.5528848, 43.7435373 ], [ -79.5525622, 43.743736 ], [ -79.5525266, 43.7437523 ], [ -79.5522561, 43.7438767 ], [ -79.5520312, 43.7440139 ], [ -79.5519418, 43.7440684 ], [ -79.5515633, 43.7441987 ], [ -79.5512129, 43.7442468 ], [ -79.550799, 43.744211 ], [ -79.5503739, 43.7440842 ], [ -79.5500116, 43.743869 ], [ -79.5497294, 43.7436235 ], [ -79.5497201, 43.7432881 ], [ -79.5498512, 43.7429456 ], [ -79.5501148, 43.7426982 ], [ -79.5503041, 43.7425377 ], [ -79.5503576, 43.7424407 ], [ -79.550335, 43.7423726 ], [ -79.5502217, 43.7422928 ], [ -79.549982, 43.7422259 ], [ -79.5498003, 43.7421966 ], [ -79.54974, 43.7421868 ], [ -79.5494058, 43.7421375 ], [ -79.5492606, 43.7420109 ], [ -79.5491318, 43.7417687 ], [ -79.548762, 43.7416471 ], [ -79.5484787, 43.7416527 ], [ -79.5482665, 43.741759 ], [ -79.54801, 43.7417944 ], [ -79.5476132, 43.74178 ], [ -79.547363, 43.7416588 ], [ -79.5470559, 43.7413633 ], [ -79.546734, 43.7411316 ], [ -79.546407, 43.7409555 ], [ -79.5463963, 43.7409431 ], [ -79.5461802, 43.7406943 ], [ -79.5461724, 43.7406609 ], [ -79.546151, 43.7405692 ], [ -79.5461415, 43.7405284 ], [ -79.5461046, 43.7403703 ], [ -79.546186, 43.7400633 ], [ -79.5464299, 43.7397983 ], [ -79.5467794, 43.7396132 ], [ -79.5469488, 43.7395321 ], [ -79.5471282, 43.73945 ], [ -79.5474836, 43.7392491 ], [ -79.5475778, 43.7392012 ], [ -79.5478395, 43.7390681 ], [ -79.5482205, 43.7389933 ], [ -79.5483611, 43.73878 ], [ -79.5484885, 43.738534 ], [ -79.5485832, 43.7382452 ], [ -79.548878, 43.7380328 ], [ -79.5492508, 43.7378431 ], [ -79.5495196, 43.7377782 ], [ -79.5497271, 43.7378413 ], [ -79.5498334, 43.7378802 ], [ -79.5498736, 43.7378861 ], [ -79.5499498, 43.737863 ], [ -79.5500319, 43.7378064 ], [ -79.5501627, 43.7376025 ], [ -79.5500565, 43.7372013 ], [ -79.550212, 43.7368952 ], [ -79.5503903, 43.7366685 ], [ -79.5504997, 43.7365601 ], [ -79.5505143, 43.7364009 ], [ -79.5505039, 43.736215 ], [ -79.5503715, 43.7360552 ], [ -79.5501825, 43.7359056 ], [ -79.5500147, 43.7358654 ], [ -79.5498406, 43.7359016 ], [ -79.5495793, 43.7359468 ], [ -79.54943, 43.7359469 ], [ -79.5491646, 43.7359419 ], [ -79.5491107, 43.7359049 ], [ -79.5490575, 43.7358037 ], [ -79.5490958, 43.7357086 ], [ -79.5492678, 43.7354435 ], [ -79.5496133, 43.7352527 ], [ -79.5500068, 43.7350198 ], [ -79.5502965, 43.7348603 ], [ -79.5504221, 43.7347799 ], [ -79.5504967, 43.7346994 ], [ -79.5505248, 43.7346077 ], [ -79.550545, 43.7344065 ], [ -79.5505289, 43.7342312 ], [ -79.5504875, 43.7341065 ], [ -79.5504675, 43.7339558 ], [ -79.5504618, 43.7338766 ], [ -79.5504607, 43.7337394 ], [ -79.5504077, 43.7335087 ], [ -79.550292, 43.7333289 ], [ -79.5500475, 43.7332502 ], [ -79.5495909, 43.7331993 ], [ -79.5492512, 43.7331669 ], [ -79.5489688, 43.7329869 ], [ -79.5488766, 43.7329172 ], [ -79.5487378, 43.7328864 ], [ -79.5485468, 43.7328174 ], [ -79.5482115, 43.732592 ], [ -79.5481698, 43.7325575 ], [ -79.5478095, 43.7323991 ], [ -79.547603, 43.7321949 ], [ -79.5474397, 43.7319732 ], [ -79.5472716, 43.7317273 ], [ -79.5468783, 43.7315084 ], [ -79.5463611, 43.7314082 ], [ -79.5458132, 43.7313075 ], [ -79.5453964, 43.7314251 ], [ -79.5450793, 43.7315809 ], [ -79.544959, 43.7318994 ], [ -79.5449484, 43.73213 ], [ -79.5449114, 43.7322561 ], [ -79.5448962, 43.7323242 ], [ -79.5448022, 43.7323725 ], [ -79.5445965, 43.7324125 ], [ -79.5444137, 43.7323904 ], [ -79.538208, 43.7337514 ], [ -79.5354869, 43.7343226 ] ] ] } },
{ "type": "Feature", "properties": { "name": "Elms-Old Rexdale", "overture_id": "c18e5fba-25d1-4496-8a68-322c59482647", "division_id": "dca37df7-8ade-4d1c-9332-f16e02c130af" }, "geometry": { "type": "Polygon", "coordinates": [ [ [ -79.5559984, 43.716978 ], [ -79.555698, 43.7163082 ], [ -79.55511, 43.7150913 ], [ -79.5548277, 43.714515 ], [ -79.554188, 43.7130144 ], [ -79.5539063, 43.71246 ], [ -79.5532706, 43.7112889 ], [ -79.5528898, 43.7106317 ], [ -79.5523533, 43.7094645 ], [ -79.5522819, 43.7094984 ], [ -79.5517907, 43.7096548 ], [ -79.551608, 43.7097035 ], [ -79.551489, 43.7097406 ], [ -79.551197, 43.7098184 ], [ -79.5510877, 43.7098431 ], [ -79.5508855, 43.7098962 ], [ -79.5507929, 43.7099172 ], [ -79.55068, 43.709947 ], [ -79.550569, 43.7099713 ], [ -79.5504798, 43.7099851 ], [ -79.5503645, 43.7100151 ], [ -79.5502649, 43.7100372 ], [ -79.5501646, 43.7100534 ], [ -79.5500761, 43.7100719 ], [ -79.543375, 43.711683 ], [ -79.5378452, 43.7129987 ], [ -79.5378446, 43.7131413 ], [ -79.5378721, 43.7134085 ], [ -79.5379179, 43.7136935 ], [ -79.5379332, 43.7139585 ], [ -79.5379393, 43.714323 ], [ -79.5380585, 43.7145439 ], [ -79.5382602, 43.7146985 ], [ -79.5387277, 43.7148332 ], [ -79.5394426, 43.7149425 ], [ -79.5398498, 43.7149919 ], [ -79.5403689, 43.7150166 ], [ -79.5405767, 43.7151182 ], [ -79.5407845, 43.7152882 ], [ -79.5408212, 43.7154959 ], [ -79.5405553, 43.7157653 ], [ -79.5404239, 43.7160304 ], [ -79.5403903, 43.7163264 ], [ -79.540482, 43.7165715 ], [ -79.540647, 43.716746 ], [ -79.540974, 43.7168454 ], [ -79.5411848, 43.7168697 ], [ -79.5414507, 43.7168145 ], [ -79.5417196, 43.7167173 ], [ -79.5420558, 43.7166444 ], [ -79.5423614, 43.716651 ], [ -79.5426578, 43.7167129 ], [ -79.5429481, 43.7168079 ], [ -79.5431773, 43.7168785 ], [ -79.5434401, 43.7170022 ], [ -79.5436542, 43.7171599 ], [ -79.543856, 43.7173489 ], [ -79.5438591, 43.7173534 ], [ -79.543932, 43.7174254 ], [ -79.5440812, 43.7177134 ], [ -79.5440388, 43.718042 ], [ -79.5439795, 43.718141 ], [ -79.5438528, 43.7183481 ], [ -79.5437802, 43.7184869 ], [ -79.5437068, 43.7186272 ], [ -79.5434826, 43.7190099 ], [ -79.5434578, 43.7190684 ], [ -79.5434132, 43.7191404 ], [ -79.5433118, 43.719325 ], [ -79.5432343, 43.7194826 ], [ -79.5431762, 43.7195996 ], [ -79.5430774, 43.7197257 ], [ -79.543039, 43.7197662 ], [ -79.5429508, 43.7200363 ], [ -79.5428068, 43.7203694 ], [ -79.5425569, 43.7206845 ], [ -79.5424328, 43.7208196 ], [ -79.5423626, 43.720887 ], [ -79.5422689, 43.7209771 ], [ -79.5419189, 43.7212023 ], [ -79.5417026, 43.7213509 ], [ -79.5415576, 43.7214545 ], [ -79.5412304, 43.7216886 ], [ -79.5409669, 43.7219543 ], [ -79.540791, 43.7222739 ], [ -79.540723, 43.7226204 ], [ -79.5407337, 43.7229715 ], [ -79.540742, 43.7231875 ], [ -79.540756, 43.7232505 ], [ -79.5407483, 43.723309 ], [ -79.5407134, 43.7234269 ], [ -79.5407136, 43.7235701 ], [ -79.5407678, 43.7239211 ], [ -79.5409697, 43.7242361 ], [ -79.5411305, 43.7245826 ], [ -79.5412758, 43.7249336 ], [ -79.5413424, 43.7252892 ], [ -79.541307, 43.7256357 ], [ -79.5412552, 43.7257326 ], [ -79.5411482, 43.7259329 ], [ -79.540869, 43.7261355 ], [ -79.5404735, 43.7262392 ], [ -79.5400433, 43.7262618 ], [ -79.5396112, 43.7262395 ], [ -79.5392002, 43.7263296 ], [ -79.5388167, 43.7264558 ], [ -79.5384833, 43.7266449 ], [ -79.5382822, 43.726915 ], [ -79.5382328, 43.7272661 ], [ -79.5383179, 43.7276217 ], [ -79.53844, 43.7279682 ], [ -79.538538, 43.7282967 ], [ -79.5386682, 43.7286252 ], [ -79.5388018, 43.7289582 ], [ -79.5388672, 43.7292688 ], [ -79.5387444, 43.7295434 ], [ -79.5386221, 43.7298495 ], [ -79.538566, 43.73016 ], [ -79.5385372, 43.7305156 ], [ -79.5385355, 43.7308307 ], [ -79.5385073, 43.7311277 ], [ -79.5384645, 43.7314113 ], [ -79.5384258, 43.7316273 ], [ -79.5384659, 43.7317804 ], [ -79.5386351, 43.7319423 ], [ -79.5389254, 43.7320773 ], [ -79.5392623, 43.7321094 ], [ -79.5394944, 43.7319555 ], [ -79.5394174, 43.7316675 ], [ -79.5393132, 43.731393 ], [ -79.5392677, 43.7311301 ], [ -79.5392861, 43.7308934 ], [ -79.5394395, 43.7306728 ], [ -79.5395992, 43.7304387 ], [ -79.5397875, 43.7302001 ], [ -79.5399576, 43.729966 ], [ -79.5401062, 43.7297526 ], [ -79.5404334, 43.7295593 ], [ -79.5408161, 43.7295314 ], [ -79.5411635, 43.7295525 ], [ -79.5415578, 43.7296548 ], [ -79.5419969, 43.7296825 ], [ -79.5423837, 43.7297527 ], [ -79.5427876, 43.7298208 ], [ -79.5432412, 43.7298802 ], [ -79.5436181, 43.7300097 ], [ -79.5439096, 43.7302075 ], [ -79.5442449, 43.7303784 ], [ -79.5445608, 43.7305808 ], [ -79.544876, 43.7307832 ], [ -79.5448221, 43.730972 ], [ -79.544529, 43.731159 ], [ -79.5442732, 43.7313641 ], [ -79.5440096, 43.7315532 ], [ -79.5438457, 43.7317918 ], [ -79.543887, 43.7320528 ], [ -79.54408, 43.7322823 ], [ -79.5444137, 43.7323904 ], [ -79.5445965, 43.7324125 ], [ -79.5448022, 43.7323725 ], [ -79.5448962, 43.7323242 ], [ -79.5449114, 43.7322561 ], [ -79.5449484, 43.73213 ], [ -79.544959, 43.7318994 ], [ -79.5450793, 43.7315809 ], [ -79.5453964, 43.7314251 ], [ -79.5458132, 43.7313075 ], [ -79.5463611, 43.7314082 ], [ -79.5468783, 43.7315084 ], [ -79.5472716, 43.7317273 ], [ -79.5474397, 43.7319732 ], [ -79.547603, 43.7321949 ], [ -79.5478095, 43.7323991 ], [ -79.5481698, 43.7325575 ], [ -79.5482115, 43.732592 ], [ -79.5485468, 43.7328174 ], [ -79.5487378, 43.7328864 ], [ -79.5488766, 43.7329172 ], [ -79.5492346, 43.7327683 ], [ -79.5492795, 43.7327271 ], [ -79.5492916, 43.7326583 ], [ -79.5492634, 43.7325556 ], [ -79.5492034, 43.732363 ], [ -79.5492644, 43.7321427 ], [ -79.5494483, 43.7319408 ], [ -79.5496309, 43.7318561 ], [ -79.5498049, 43.7318021 ], [ -79.5498719, 43.7317595 ], [ -79.5498837, 43.7316887 ], [ -79.5498689, 43.7316112 ], [ -79.5497499, 43.7313496 ], [ -79.5496597, 43.731133 ], [ -79.5496168, 43.730896 ], [ -79.5497113, 43.7306659 ], [ -79.549993, 43.7305118 ], [ -79.5506193, 43.7302632 ], [ -79.5510216, 43.73016 ], [ -79.5513884, 43.7300723 ], [ -79.5517451, 43.7300176 ], [ -79.5524784, 43.7299224 ], [ -79.5528033, 43.7298887 ], [ -79.5531092, 43.7298316 ], [ -79.5534225, 43.7297855 ], [ -79.5536986, 43.7297226 ], [ -79.5537482, 43.729707 ], [ -79.554029, 43.729643 ], [ -79.5546738, 43.7294322 ], [ -79.5549759, 43.7292825 ], [ -79.5552293, 43.7290713 ], [ -79.5553708, 43.7288333 ], [ -79.5554201, 43.728608 ], [ -79.5555133, 43.7283679 ], [ -79.5556628, 43.7281436 ], [ -79.5559079, 43.7279672 ], [ -79.5562003, 43.7278446 ], [ -79.5565617, 43.72776 ], [ -79.5569875, 43.7277285 ], [ -79.5573831, 43.7277785 ], [ -79.557756, 43.7278894 ], [ -79.5580751, 43.7281046 ], [ -79.5584077, 43.7283144 ], [ -79.558804, 43.7285213 ], [ -79.5591718, 43.728767 ], [ -79.5595604, 43.7289913 ], [ -79.5608546, 43.7295466 ], [ -79.5613267, 43.7297201 ], [ -79.5617853, 43.7299207 ], [ -79.56213, 43.7300602 ], [ -79.5619972, 43.729753 ], [ -79.5612314, 43.728058 ], [ -79.5607506, 43.7270182 ], [ -79.5602018, 43.7258972 ], [ -79.5597576, 43.7248841 ], [ -79.5589274, 43.7231202 ], [ -79.558513, 43.7223351 ], [ -79.5581563, 43.7215326 ], [ -79.5575722, 43.7203252 ], [ -79.5574522, 43.7200339 ], [ -79.5571437, 43.7193867 ], [ -79.5563082, 43.7176362 ], [ -79.5559984, 43.716978 ] ] ] } },
{ "type": "Feature", "properties": { "name": "Humber Summit", "overture_id": "0ac3ae54-ef8f-4151-ad5e-36b6f800d4cb", "division_id": "7dde33f6-ed4a-417e-87ea-f24d0e0941f2" }, "geometry": { "type": "Polygon", "coordinates": [ [ [ -79.5405972, 43.7523567 ], [ -79.5362607, 43.7532903 ], [ -79.5355667, 43.7534126 ], [ -79.5305644, 43.7545097 ], [ -79.5334652, 43.7666951 ], [ -79.5348127, 43.7726923 ], [ -79.5356508, 43.772513 ], [ -79.5377861, 43.7720886 ], [ -79.5393404, 43.7717658 ], [ -79.5442004, 43.7707929 ], [ -79.5448895, 43.7706459 ], [ -79.5456671, 43.7704681 ], [ -79.5475304, 43.7701075 ], [ -79.5484808, 43.769902 ], [ -79.5502891, 43.7695131 ], [ -79.550542, 43.7694588 ], [ -79.5507917, 43.7694051 ], [ -79.5508929, 43.7693834 ], [ -79.5511683, 43.7693242 ], [ -79.5512609, 43.7693043 ], [ -79.5515492, 43.7692424 ], [ -79.5521854, 43.7691057 ], [ -79.5528867, 43.7689668 ], [ -79.5531201, 43.7689171 ], [ -79.5536331, 43.7688173 ], [ -79.5539782, 43.7687501 ], [ -79.5541079, 43.7687249 ], [ -79.5554234, 43.7684662 ], [ -79.5566809, 43.768187 ], [ -79.5571498, 43.7680829 ], [ -79.5575199, 43.7680007 ], [ -79.5577284, 43.7679544 ], [ -79.5581291, 43.7678787 ], [ -79.5585718, 43.7677952 ], [ -79.5588247, 43.7677474 ], [ -79.5590226, 43.767724 ], [ -79.5592124, 43.7676742 ], [ -79.5600589, 43.7675143 ], [ -79.5601007, 43.7674957 ], [ -79.5603482, 43.7674499 ], [ -79.5605747, 43.7674018 ], [ -79.5607672, 43.7673619 ], [ -79.5609242, 43.7673532 ], [ -79.5614242, 43.7672255 ], [ -79.5621019, 43.7670849 ], [ -79.562263, 43.7670514 ], [ -79.5629706, 43.7669046 ], [ -79.563428, 43.7668097 ], [ -79.5638986, 43.766712 ], [ -79.5731249, 43.7647397 ], [ -79.5747827, 43.764326 ], [ -79.577015, 43.7638374 ], [ -79.5775231, 43.7636975 ], [ -79.5806472, 43.7630265 ], [ -79.5804815, 43.7628908 ], [ -79.580428, 43.7628548 ], [ -79.580355, 43.7628159 ], [ -79.5802711, 43.7627784 ], [ -79.5801826, 43.7627418 ], [ -79.5801034, 43.7626924 ], [ -79.5800059, 43.7626194 ], [ -79.5799172, 43.7625553 ], [ -79.5798237, 43.7624803 ], [ -79.5797834, 43.7624241 ], [ -79.5796286, 43.762338 ], [ -79.5795859, 43.762308 ], [ -79.5795307, 43.7622796 ], [ -79.5794832, 43.7622614 ], [ -79.5793857, 43.7622269 ], [ -79.5792525, 43.7622173 ], [ -79.5791488, 43.7621977 ], [ -79.5790671, 43.7621559 ], [ -79.5789452, 43.7621105 ], [ -79.5788039, 43.7620606 ], [ -79.5786542, 43.762045 ], [ -79.5785223, 43.7620413 ], [ -79.5783799, 43.7620753 ], [ -79.578234, 43.7621333 ], [ -79.5781226, 43.7622137 ], [ -79.5780824, 43.7622919 ], [ -79.5780374, 43.7623483 ], [ -79.5779707, 43.7624009 ], [ -79.5778715, 43.7624416 ], [ -79.5778052, 43.7624508 ], [ -79.577721, 43.7624403 ], [ -79.5776337, 43.7623959 ], [ -79.577541, 43.7623129 ], [ -79.5774923, 43.7622263 ], [ -79.5774856, 43.7621769 ], [ -79.577493, 43.7621301 ], [ -79.577558, 43.7620723 ], [ -79.5776795, 43.762015 ], [ -79.5778566, 43.7619397 ], [ -79.5780379, 43.7618774 ], [ -79.5782101, 43.7618019 ], [ -79.5783884, 43.7617008 ], [ -79.5785802, 43.7615936 ], [ -79.5787636, 43.7614657 ], [ -79.5789306, 43.7613256 ], [ -79.5790624, 43.7611749 ], [ -79.5791881, 43.7609916 ], [ -79.579332, 43.76085 ], [ -79.5795323, 43.7607357 ], [ -79.5797462, 43.7606572 ], [ -79.5799481, 43.760612 ], [ -79.5801956, 43.7605707 ], [ -79.5804052, 43.7604953 ], [ -79.5806261, 43.7603725 ], [ -79.580742, 43.7602065 ], [ -79.580785, 43.7600029 ], [ -79.5807821, 43.7597969 ], [ -79.5807039, 43.7595886 ], [ -79.5806448, 43.759426 ], [ -79.5805779, 43.7592446 ], [ -79.5806219, 43.7590854 ], [ -79.5807699, 43.7589357 ], [ -79.5809896, 43.7588232 ], [ -79.5812172, 43.7587343 ], [ -79.581509, 43.7586596 ], [ -79.5818034, 43.7585927 ], [ -79.5820823, 43.7585493 ], [ -79.5824145, 43.75852 ], [ -79.582715, 43.7585323 ], [ -79.582985, 43.7586376 ], [ -79.5832631, 43.7587113 ], [ -79.5835499, 43.7587531 ], [ -79.5838223, 43.7587043 ], [ -79.5840054, 43.7585716 ], [ -79.5840901, 43.758399 ], [ -79.5840704, 43.7582098 ], [ -79.5839892, 43.7580185 ], [ -79.5839023, 43.7578293 ], [ -79.5838222, 43.7576214 ], [ -79.5838648, 43.7574441 ], [ -79.5840277, 43.7573014 ], [ -79.5842617, 43.7572371 ], [ -79.5845112, 43.7572001 ], [ -79.5847878, 43.7571624 ], [ -79.5849963, 43.7571127 ], [ -79.5851213, 43.7569601 ], [ -79.5852022, 43.7567367 ], [ -79.585215, 43.7565056 ], [ -79.5851246, 43.7563024 ], [ -79.5849883, 43.7561123 ], [ -79.5847961, 43.7559515 ], [ -79.584597, 43.7558261 ], [ -79.5844282, 43.7556504 ], [ -79.5842478, 43.7555537 ], [ -79.5841231, 43.7553465 ], [ -79.5840285, 43.7549966 ], [ -79.5841264, 43.7547862 ], [ -79.5843035, 43.75469 ], [ -79.5843465, 43.7545628 ], [ -79.5842117, 43.7542827 ], [ -79.5840393, 43.7541407 ], [ -79.5836689, 43.7540067 ], [ -79.5833394, 43.7539155 ], [ -79.5831284, 43.7537307 ], [ -79.5831141, 43.7535043 ], [ -79.5831302, 43.7532484 ], [ -79.5831544, 43.7529977 ], [ -79.5831059, 43.7527581 ], [ -79.5828583, 43.7525575 ], [ -79.5826559, 43.7524558 ], [ -79.5825576, 43.7524064 ], [ -79.582235, 43.752287 ], [ -79.5818584, 43.7521727 ], [ -79.5814887, 43.7520546 ], [ -79.5811138, 43.7519316 ], [ -79.5807946, 43.7518276 ], [ -79.5807545, 43.7518146 ], [ -79.5803754, 43.751708 ], [ -79.5800063, 43.7515784 ], [ -79.5797226, 43.7514049 ], [ -79.5794666, 43.7511879 ], [ -79.5792038, 43.7509711 ], [ -79.5789126, 43.7508008 ], [ -79.5785734, 43.7506641 ], [ -79.5782736, 43.7504917 ], [ -79.5779308, 43.7503795 ], [ -79.5778989, 43.7503691 ], [ -79.5774989, 43.7502846 ], [ -79.5771099, 43.750201 ], [ -79.5767132, 43.7501708 ], [ -79.57631, 43.7501302 ], [ -79.5759325, 43.7500798 ], [ -79.5752511, 43.7499918 ], [ -79.5748724, 43.7500075 ], [ -79.5744732, 43.7500459 ], [ -79.574149, 43.7500888 ], [ -79.573916, 43.7501673 ], [ -79.5735695, 43.7502922 ], [ -79.5732723, 43.7503174 ], [ -79.5730453, 43.7502647 ], [ -79.5729442, 43.7502102 ], [ -79.5728187, 43.7500836 ], [ -79.5727227, 43.7499861 ], [ -79.5726596, 43.7498409 ], [ -79.5726208, 43.7496935 ], [ -79.5726193, 43.7495773 ], [ -79.5726807, 43.7494342 ], [ -79.5727901, 43.7491536 ], [ -79.5729549, 43.7488915 ], [ -79.5730398, 43.7487856 ], [ -79.5731303, 43.7486541 ], [ -79.5732233, 43.7483486 ], [ -79.5733458, 43.7480118 ], [ -79.5733823, 43.7476944 ], [ -79.573308, 43.7474264 ], [ -79.573118, 43.7471744 ], [ -79.5731026, 43.7471626 ], [ -79.5728515, 43.7469705 ], [ -79.5724697, 43.746849 ], [ -79.5720652, 43.7468079 ], [ -79.5716628, 43.7468181 ], [ -79.5712754, 43.7468077 ], [ -79.570932, 43.7467384 ], [ -79.5705789, 43.7466475 ], [ -79.5701617, 43.7465742 ], [ -79.5697469, 43.7464662 ], [ -79.5693989, 43.7463952 ], [ -79.5691307, 43.7463744 ], [ -79.5686103, 43.7462488 ], [ -79.5681696, 43.746344 ], [ -79.567705, 43.7464448 ], [ -79.5673375, 43.7465421 ], [ -79.5669026, 43.7466339 ], [ -79.5666871, 43.746706 ], [ -79.5661099, 43.7468546 ], [ -79.5657986, 43.7469449 ], [ -79.5656759, 43.7469776 ], [ -79.5651676, 43.7471111 ], [ -79.5643939, 43.7473143 ], [ -79.5633531, 43.7475458 ], [ -79.562341, 43.7477697 ], [ -79.5589308, 43.7485248 ], [ -79.5576411, 43.7487932 ], [ -79.5539765, 43.7495834 ], [ -79.5455801, 43.751394 ], [ -79.5450446, 43.7515413 ], [ -79.5445731, 43.7516474 ], [ -79.5435235, 43.7518627 ], [ -79.5430474, 43.751946 ], [ -79.5423815, 43.7520901 ], [ -79.5417331, 43.752161 ], [ -79.5405972, 43.7523567 ] ] ] } },
{ "type": "Feature", "properties": { "name": "Willowridge-Martingrove-Richview", "overture_id": "d6055059-b9a8-44f1-97f9-65bc004183e3", "division_id": "625576c5-dec0-43bd-82b0-31bf39f89978" }, "geometry": { "type": "Polygon", "coordinates": [ [ [ -79.5745271, 43.683009 ], [ -79.5754632, 43.6812361 ], [ -79.5765871, 43.6790267 ], [ -79.5775289, 43.6772345 ], [ -79.577343, 43.6770092 ], [ -79.5770625, 43.6767013 ], [ -79.5769124, 43.6765527 ], [ -79.576757, 43.6764027 ], [ -79.575786, 43.6754724 ], [ -79.5739741, 43.6738094 ], [ -79.5738431, 43.6736652 ], [ -79.5737511, 43.6735572 ], [ -79.5736405, 43.6734062 ], [ -79.5680523, 43.6741575 ], [ -79.5631814, 43.674561 ], [ -79.5619965, 43.6746861 ], [ -79.5612965, 43.6747933 ], [ -79.5603564, 43.6750038 ], [ -79.5390073, 43.6798236 ], [ -79.5265982, 43.6823291 ], [ -79.5301695, 43.6903925 ], [ -79.530347, 43.6907459 ], [ -79.5308534, 43.6918599 ], [ -79.5316158, 43.6936518 ], [ -79.5327286, 43.6961561 ], [ -79.5334414, 43.6959808 ], [ -79.5337742, 43.6958527 ], [ -79.5339976, 43.695736 ], [ -79.5342997, 43.6955597 ], [ -79.5344137, 43.6954622 ], [ -79.534617, 43.6952667 ], [ -79.5346813, 43.6951775 ], [ -79.5347719, 43.6950256 ], [ -79.5348356, 43.6949544 ], [ -79.5348907, 43.69473 ], [ -79.5348716, 43.6944956 ], [ -79.5348368, 43.6943961 ], [ -79.534769, 43.6941252 ], [ -79.534772, 43.6939991 ], [ -79.5348018, 43.6937924 ], [ -79.5348288, 43.6937027 ], [ -79.5348826, 43.6935324 ], [ -79.5349874, 43.6933086 ], [ -79.5359248, 43.6915018 ], [ -79.5360924, 43.6912429 ], [ -79.5365597, 43.6909067 ], [ -79.5367612, 43.6907832 ], [ -79.5377639, 43.6903729 ], [ -79.5387781, 43.6899987 ], [ -79.5397931, 43.6895885 ], [ -79.5408325, 43.6891966 ], [ -79.5412565, 43.6890174 ], [ -79.5415545, 43.6889199 ], [ -79.5428641, 43.6886147 ], [ -79.5436924, 43.6884317 ], [ -79.5447165, 43.6881566 ], [ -79.545289, 43.6880829 ], [ -79.546109, 43.6880393 ], [ -79.5462831, 43.6880235 ], [ -79.5470282, 43.687997 ], [ -79.5472149, 43.6879723 ], [ -79.5480628, 43.687803 ], [ -79.5491484, 43.6875467 ], [ -79.5497603, 43.6873834 ], [ -79.5501846, 43.6872807 ], [ -79.5508357, 43.6870369 ], [ -79.552577, 43.6863476 ], [ -79.5536288, 43.6859468 ], [ -79.5539165, 43.6858514 ], [ -79.5546932, 43.6856191 ], [ -79.5559048, 43.6883076 ], [ -79.5567053, 43.6901094 ], [ -79.5568599, 43.6903905 ], [ -79.5580376, 43.6930309 ], [ -79.5586505, 43.6942676 ], [ -79.5639862, 43.693056 ], [ -79.565754, 43.6926486 ], [ -79.5662069, 43.6925457 ], [ -79.5662985, 43.692528 ], [ -79.566713, 43.6924453 ], [ -79.5679, 43.692203 ], [ -79.5691796, 43.6919429 ], [ -79.5702627, 43.6902844 ], [ -79.5705575, 43.6897937 ], [ -79.571617, 43.6879938 ], [ -79.5733067, 43.6851737 ], [ -79.5745271, 43.683009 ] ] ] } },
{ "type": "Feature", "properties": { "name": "Kingsview Village-The Westway", "overture_id": "2b91bb93-1e33-4f0e-bef6-c793042ea825", "division_id": "d14a092b-163b-498b-a826-c90a2027b4a9" }, "geometry": { "type": "Polygon", "coordinates": [ [ [ -79.5381234, 43.7120984 ], [ -79.5379271, 43.7123682 ], [ -79.5378904, 43.7125338 ], [ -79.5378452, 43.7129987 ], [ -79.543375, 43.711683 ], [ -79.5500761, 43.7100719 ], [ -79.5501646, 43.7100534 ], [ -79.5502649, 43.7100372 ], [ -79.5503645, 43.7100151 ], [ -79.5504798, 43.7099851 ], [ -79.550569, 43.7099713 ], [ -79.55068, 43.709947 ], [ -79.5507929, 43.7099172 ], [ -79.5508855, 43.7098962 ], [ -79.5510877, 43.7098431 ], [ -79.551197, 43.7098184 ], [ -79.551489, 43.7097406 ], [ -79.551608, 43.7097035 ], [ -79.5517907, 43.7096548 ], [ -79.5522819, 43.7094984 ], [ -79.5523533, 43.7094645 ], [ -79.5529783, 43.7091194 ], [ -79.5543999, 43.7083671 ], [ -79.5551777, 43.7077699 ], [ -79.5560682, 43.7068606 ], [ -79.557943, 43.7048014 ], [ -79.5599413, 43.7025231 ], [ -79.561501, 43.7007847 ], [ -79.5653057, 43.6964845 ], [ -79.5670652, 43.6945471 ], [ -79.5685002, 43.6928192 ], [ -79.5691796, 43.6919429 ], [ -79.5679, 43.692203 ], [ -79.566713, 43.6924453 ], [ -79.5662985, 43.692528 ], [ -79.5662069, 43.6925457 ], [ -79.565754, 43.6926486 ], [ -79.5639862, 43.693056 ], [ -79.5586505, 43.6942676 ], [ -79.5580376, 43.6930309 ], [ -79.5568599, 43.6903905 ], [ -79.5567053, 43.6901094 ], [ -79.5559048, 43.6883076 ], [ -79.5546932, 43.6856191 ], [ -79.5539165, 43.6858514 ], [ -79.5536288, 43.6859468 ], [ -79.552577, 43.6863476 ], [ -79.5508357, 43.6870369 ], [ -79.5501846, 43.6872807 ], [ -79.5497603, 43.6873834 ], [ -79.5491484, 43.6875467 ], [ -79.5480628, 43.687803 ], [ -79.5472149, 43.6879723 ], [ -79.5470282, 43.687997 ], [ -79.5462831, 43.6880235 ], [ -79.546109, 43.6880393 ], [ -79.545289, 43.6880829 ], [ -79.5447165, 43.6881566 ], [ -79.5436924, 43.6884317 ], [ -79.5428641, 43.6886147 ], [ -79.5415545, 43.6889199 ], [ -79.5412565, 43.6890174 ], [ -79.5408325, 43.6891966 ], [ -79.5397931, 43.6895885 ], [ -79.5387781, 43.6899987 ], [ -79.5377639, 43.6903729 ], [ -79.5367612, 43.6907832 ], [ -79.5365597, 43.6909067 ], [ -79.5360924, 43.6912429 ], [ -79.5359248, 43.6915018 ], [ -79.5349874, 43.6933086 ], [ -79.5348826, 43.6935324 ], [ -79.5348288, 43.6937027 ], [ -79.5348018, 43.6937924 ], [ -79.534772, 43.6939991 ], [ -79.534769, 43.6941252 ], [ -79.5348368, 43.6943961 ], [ -79.5348716, 43.6944956 ], [ -79.5348907, 43.69473 ], [ -79.5348356, 43.6949544 ], [ -79.5347719, 43.6950256 ], [ -79.5346813, 43.6951775 ], [ -79.534617, 43.6952667 ], [ -79.5344137, 43.6954622 ], [ -79.5342997, 43.6955597 ], [ -79.5339976, 43.695736 ], [ -79.5337742, 43.6958527 ], [ -79.5334414, 43.6959808 ], [ -79.5327286, 43.6961561 ], [ -79.5342583, 43.6998059 ], [ -79.5343811, 43.700325 ], [ -79.5342413, 43.7005276 ], [ -79.5330548, 43.7018421 ], [ -79.5323918, 43.7024364 ], [ -79.5318641, 43.7032017 ], [ -79.531818, 43.7033457 ], [ -79.5317417, 43.7035077 ], [ -79.5316744, 43.7037058 ], [ -79.5316423, 43.7039083 ], [ -79.5316789, 43.7042279 ], [ -79.5319392, 43.7049546 ], [ -79.532194, 43.7049755 ], [ -79.5327098, 43.7050068 ], [ -79.5331739, 43.7050157 ], [ -79.5336212, 43.7049645 ], [ -79.5341327, 43.7048354 ], [ -79.5345832, 43.7046912 ], [ -79.5350422, 43.7045669 ], [ -79.5354548, 43.7045227 ], [ -79.535797, 43.7045581 ], [ -79.5359101, 43.7046288 ], [ -79.5359987, 43.7048011 ], [ -79.5359534, 43.7050007 ], [ -79.535727, 43.7053316 ], [ -79.5356036, 43.705699 ], [ -79.5355445, 43.7060951 ], [ -79.5355089, 43.7062887 ], [ -79.5355001, 43.7063832 ], [ -79.535446, 43.7067883 ], [ -79.5354511, 43.7068603 ], [ -79.535471, 43.7071609 ], [ -79.5355596, 43.7075611 ], [ -79.5356621, 43.7079026 ], [ -79.53584, 43.7081249 ], [ -79.5359087, 43.7082104 ], [ -79.5360935, 43.7083103 ], [ -79.5364725, 43.7083611 ], [ -79.5369431, 43.7083412 ], [ -79.5373556, 43.7083567 ], [ -79.5376826, 43.7084164 ], [ -79.5379974, 43.7085423 ], [ -79.5385047, 43.7087831 ], [ -79.5387889, 43.7089642 ], [ -79.5391281, 43.7093198 ], [ -79.5391539, 43.7093529 ], [ -79.5393909, 43.7096578 ], [ -79.5395345, 43.7099693 ], [ -79.5396384, 43.7103558 ], [ -79.5396445, 43.7107601 ], [ -79.5395315, 43.7110605 ], [ -79.5391308, 43.711387 ], [ -79.5387672, 43.7116166 ], [ -79.5384059, 43.7118283 ], [ -79.5381784, 43.7120444 ], [ -79.5381234, 43.7120984 ] ] ] } },
{ "type": "Feature", "properties": { "name": "Alderwood", "overture_id": "4a8153d4-5a48-4b9e-a604-6cf5e4a5531e", "division_id": "1c8f9cd9-79b5-4ce2-a11b-9f6c34d13021" }, "geometry": { "type": "Polygon", "coordinates": [ [ [ -79.5486532, 43.590211 ], [ -79.5331865, 43.5980643 ], [ -79.5325049, 43.598412 ], [ -79.5267067, 43.6012796 ], [ -79.5265307, 43.6014495 ], [ -79.5264663, 43.6014947 ], [ -79.5264024, 43.6015444 ], [ -79.5263408, 43.6015891 ], [ -79.5262167, 43.601679 ], [ -79.5261555, 43.6017288 ], [ -79.5260948, 43.6017738 ], [ -79.5260558, 43.6018142 ], [ -79.5260173, 43.6018549 ], [ -79.5259797, 43.6018955 ], [ -79.5259426, 43.6019313 ], [ -79.5259062, 43.6019719 ], [ -79.5258706, 43.6020123 ], [ -79.5258349, 43.6020534 ], [ -79.5258008, 43.6020937 ], [ -79.5257346, 43.6021744 ], [ -79.5256705, 43.6022552 ], [ -79.5256096, 43.6023409 ], [ -79.525579, 43.6023867 ], [ -79.5255506, 43.6024267 ], [ -79.5255232, 43.6024716 ], [ -79.5254952, 43.6025116 ], [ -79.5254681, 43.6025573 ], [ -79.5254425, 43.6026021 ], [ -79.5254172, 43.6026474 ], [ -79.5253931, 43.6026878 ], [ -79.5253684, 43.6027329 ], [ -79.5253457, 43.6027777 ], [ -79.5253236, 43.6028228 ], [ -79.5253018, 43.6028678 ], [ -79.5252611, 43.6029577 ], [ -79.5252241, 43.6030526 ], [ -79.5251876, 43.603138 ], [ -79.5251543, 43.603228 ], [ -79.5251238, 43.6033132 ], [ -79.525083, 43.6034485 ], [ -79.5250603, 43.6035339 ], [ -79.5250407, 43.603624 ], [ -79.5250244, 43.6037093 ], [ -79.5250115, 43.6037994 ], [ -79.5250013, 43.6038895 ], [ -79.5249941, 43.6039796 ], [ -79.5249866, 43.604069 ], [ -79.5249842, 43.6042099 ], [ -79.5249896, 43.6043883 ], [ -79.5249999, 43.6045206 ], [ -79.5250315, 43.604743 ], [ -79.5250632, 43.6048875 ], [ -79.5251218, 43.605099 ], [ -79.5251516, 43.6051923 ], [ -79.525217, 43.6053701 ], [ -79.5255739, 43.6061268 ], [ -79.5260272, 43.6071807 ], [ -79.5302429, 43.6171543 ], [ -79.5333808, 43.6165465 ], [ -79.5351567, 43.6161924 ], [ -79.5355428, 43.6161075 ], [ -79.535934, 43.6160367 ], [ -79.5364065, 43.6159472 ], [ -79.5369501, 43.6158272 ], [ -79.5374986, 43.6157111 ], [ -79.5376967, 43.6156698 ], [ -79.5380918, 43.6155965 ], [ -79.5382879, 43.6155651 ], [ -79.538485, 43.6155291 ], [ -79.5386814, 43.6154928 ], [ -79.5388806, 43.6154614 ], [ -79.539078, 43.6154296 ], [ -79.5392762, 43.615398 ], [ -79.5394751, 43.6153671 ], [ -79.5396725, 43.6153306 ], [ -79.5398718, 43.6153037 ], [ -79.5402702, 43.615245 ], [ -79.5406684, 43.6151863 ], [ -79.5408182, 43.6151727 ], [ -79.5409274, 43.615159 ], [ -79.5410719, 43.6151321 ], [ -79.5411798, 43.6151232 ], [ -79.5412827, 43.6151098 ], [ -79.5413853, 43.6150914 ], [ -79.5415938, 43.6150644 ], [ -79.5416978, 43.6150508 ], [ -79.5419064, 43.6150236 ], [ -79.5420114, 43.6150102 ], [ -79.542116, 43.6150012 ], [ -79.5422207, 43.6149921 ], [ -79.5424065, 43.6149694 ], [ -79.5425939, 43.6149472 ], [ -79.5427804, 43.6149288 ], [ -79.5429668, 43.6149064 ], [ -79.5431526, 43.6148836 ], [ -79.5435247, 43.6148344 ], [ -79.5437117, 43.6148115 ], [ -79.543897, 43.6147845 ], [ -79.5440823, 43.6147575 ], [ -79.5442068, 43.6147484 ], [ -79.5443295, 43.6147348 ], [ -79.5444529, 43.6147214 ], [ -79.5448223, 43.6146807 ], [ -79.5449452, 43.614667 ], [ -79.5458036, 43.6145461 ], [ -79.5466127, 43.6143984 ], [ -79.5470656, 43.6143147 ], [ -79.5472924, 43.6142655 ], [ -79.5475164, 43.6142109 ], [ -79.5478105, 43.6141308 ], [ -79.5478838, 43.6141035 ], [ -79.5480293, 43.6140586 ], [ -79.5481734, 43.6140131 ], [ -79.5483164, 43.6139591 ], [ -79.5484673, 43.6139142 ], [ -79.5485474, 43.6138877 ], [ -79.5486265, 43.6138562 ], [ -79.5487059, 43.6138333 ], [ -79.5490094, 43.6137234 ], [ -79.5491733, 43.6136572 ], [ -79.5493265, 43.613598 ], [ -79.5495995, 43.6134813 ], [ -79.549757, 43.6134099 ], [ -79.5500645, 43.6132569 ], [ -79.5502648, 43.6131515 ], [ -79.550521, 43.6130248 ], [ -79.5507654, 43.61289 ], [ -79.5510535, 43.6127182 ], [ -79.5513729, 43.6125081 ], [ -79.5515472, 43.6123792 ], [ -79.5518868, 43.6121149 ], [ -79.5521407, 43.6119192 ], [ -79.5524631, 43.6116451 ], [ -79.5528137, 43.6113297 ], [ -79.553075, 43.6110755 ], [ -79.5534266, 43.6107613 ], [ -79.5537878, 43.6104591 ], [ -79.5541091, 43.6101814 ], [ -79.5545037, 43.6098372 ], [ -79.5552812, 43.6091323 ], [ -79.5568388, 43.6077091 ], [ -79.5596021, 43.6052099 ], [ -79.5598036, 43.6050279 ], [ -79.5590389, 43.6045698 ], [ -79.5587379, 43.6043423 ], [ -79.5584442, 43.6040952 ], [ -79.5582636, 43.6038433 ], [ -79.5581685, 43.6035826 ], [ -79.5579488, 43.6034262 ], [ -79.557554, 43.6032273 ], [ -79.5568588, 43.6029352 ], [ -79.5564296, 43.6026679 ], [ -79.5562064, 43.6023385 ], [ -79.5561378, 43.6019034 ], [ -79.5560863, 43.6014497 ], [ -79.5560005, 43.6008965 ], [ -79.5559232, 43.6005982 ], [ -79.555949, 43.6002377 ], [ -79.5558741, 43.5998717 ], [ -79.5558456, 43.5997819 ], [ -79.5557846, 43.5996926 ], [ -79.5556739, 43.5996042 ], [ -79.5554855, 43.5995167 ], [ -79.555175, 43.5994138 ], [ -79.5547393, 43.5993003 ], [ -79.5543341, 43.5991497 ], [ -79.5541172, 43.5990177 ], [ -79.5539372, 43.5988865 ], [ -79.5537517, 43.5986651 ], [ -79.5535972, 43.598317 ], [ -79.5535457, 43.5979565 ], [ -79.5535764, 43.5976083 ], [ -79.5536609, 43.5972606 ], [ -79.5538755, 43.5968673 ], [ -79.5539405, 43.5964274 ], [ -79.5539355, 43.5961496 ], [ -79.5538835, 43.5959718 ], [ -79.5537742, 43.5958165 ], [ -79.5536073, 43.5956989 ], [ -79.5533485, 43.5955969 ], [ -79.5530804, 43.5955102 ], [ -79.5512053, 43.5953609 ], [ -79.5495974, 43.5953298 ], [ -79.5493977, 43.5953255 ], [ -79.5492366, 43.5953026 ], [ -79.5491293, 43.5952744 ], [ -79.5490567, 43.5952339 ], [ -79.548847, 43.5950983 ], [ -79.5486988, 43.5949326 ], [ -79.5486016, 43.5947749 ], [ -79.5485781, 43.5944333 ], [ -79.5486193, 43.5941401 ], [ -79.5487914, 43.5936563 ], [ -79.5488084, 43.5933699 ], [ -79.5488718, 43.5931687 ], [ -79.5490757, 43.5928793 ], [ -79.5494159, 43.5924084 ], [ -79.5495117, 43.5919828 ], [ -79.549495, 43.5915189 ], [ -79.5494753, 43.5912125 ], [ -79.549442, 43.5909433 ], [ -79.5494258, 43.590696 ], [ -79.549368, 43.5905549 ], [ -79.5493048, 43.5904547 ], [ -79.549242, 43.5903946 ], [ -79.5491722, 43.5903567 ], [ -79.5490825, 43.590323 ], [ -79.5486532, 43.590211 ] ] ] } },
{ "type": "Feature", "properties": { "name": "Etobicoke City Centre", "overture_id": "08896f1d-80a9-4f48-83cf-f234d29b4065", "division_id": "30736def-7839-465d-805c-e1c1776f9f04" }, "geometry": { "type": "Polygon", "coordinates": [ [ [ -79.5355428, 43.6161075 ], [ -79.5351567, 43.6161924 ], [ -79.5333808, 43.6165465 ], [ -79.5302429, 43.6171543 ], [ -79.5220252, 43.6187427 ], [ -79.5131661, 43.6204862 ], [ -79.5133925, 43.6208069 ], [ -79.513652, 43.6212607 ], [ -79.5139494, 43.6218214 ], [ -79.514175, 43.6223228 ], [ -79.5147829, 43.6235942 ], [ -79.5150064, 43.6241919 ], [ -79.5234388, 43.6446473 ], [ -79.5244575, 43.6470111 ], [ -79.5247874, 43.6469296 ], [ -79.5248832, 43.6469247 ], [ -79.52498, 43.646941 ], [ -79.5250784, 43.6469899 ], [ -79.5287493, 43.6487711 ], [ -79.5318698, 43.6453427 ], [ -79.5339903, 43.6430302 ], [ -79.5343911, 43.6423254 ], [ -79.5345534, 43.6420955 ], [ -79.5352212, 43.6414572 ], [ -79.5353937, 43.6418054 ], [ -79.5364487, 43.6415961 ], [ -79.5372369, 43.6414107 ], [ -79.5373423, 43.6413865 ], [ -79.5370974, 43.6410992 ], [ -79.5366365, 43.6406282 ], [ -79.5365803, 43.6405968 ], [ -79.5365252, 43.6405727 ], [ -79.5363237, 43.6404717 ], [ -79.5364947, 43.640278 ], [ -79.5366206, 43.640143 ], [ -79.5371166, 43.6395763 ], [ -79.5384156, 43.638065 ], [ -79.5407247, 43.6353598 ], [ -79.542044, 43.6341081 ], [ -79.5432744, 43.6329627 ], [ -79.5437039, 43.6326687 ], [ -79.5446983, 43.632117 ], [ -79.5468975, 43.631026 ], [ -79.5491575, 43.6305067 ], [ -79.5496261, 43.6315725 ], [ -79.5487539, 43.6317662 ], [ -79.5486541, 43.6318067 ], [ -79.5485988, 43.6318479 ], [ -79.5485743, 43.6319073 ], [ -79.5485727, 43.6319673 ], [ -79.5485935, 43.632029 ], [ -79.5486249, 43.632104 ], [ -79.5495892, 43.6342911 ], [ -79.5497712, 43.6347065 ], [ -79.5530164, 43.6339522 ], [ -79.5533066, 43.6338738 ], [ -79.5534521, 43.6338155 ], [ -79.5536068, 43.6337508 ], [ -79.5538002, 43.633641 ], [ -79.5541873, 43.6333909 ], [ -79.5543891, 43.6332043 ], [ -79.5547123, 43.632803 ], [ -79.5557904, 43.6333168 ], [ -79.5559043, 43.6334054 ], [ -79.5560939, 43.6335782 ], [ -79.5564587, 43.6339838 ], [ -79.5566915, 43.6342695 ], [ -79.556779, 43.6344388 ], [ -79.5568318, 43.6345952 ], [ -79.5568642, 43.6347723 ], [ -79.5568642, 43.6349581 ], [ -79.5568354, 43.6351362 ], [ -79.5567994, 43.635256 ], [ -79.5565163, 43.6358934 ], [ -79.5564475, 43.6360799 ], [ -79.5564233, 43.6362529 ], [ -79.5564328, 43.6364693 ], [ -79.556518, 43.636726 ], [ -79.5567096, 43.6370118 ], [ -79.5595856, 43.6362395 ], [ -79.5581228, 43.6319791 ], [ -79.5567978, 43.628667 ], [ -79.5603168, 43.6278361 ], [ -79.5609391, 43.6276419 ], [ -79.5636583, 43.6270405 ], [ -79.5635563, 43.6267901 ], [ -79.5635318, 43.6267219 ], [ -79.5634661, 43.6264213 ], [ -79.5634671, 43.6259023 ], [ -79.5636038, 43.6255577 ], [ -79.5635925, 43.6252263 ], [ -79.5636374, 43.6249483 ], [ -79.5636696, 43.6248403 ], [ -79.563738, 43.6247325 ], [ -79.5639385, 43.6245297 ], [ -79.5639995, 43.6244656 ], [ -79.5640884, 43.6244083 ], [ -79.5641604, 43.624386 ], [ -79.5642488, 43.6243751 ], [ -79.5645949, 43.6244054 ], [ -79.5649003, 43.6244723 ], [ -79.5651113, 43.624551 ], [ -79.5651869, 43.6245661 ], [ -79.5652789, 43.6245559 ], [ -79.5653748, 43.6245115 ], [ -79.565527, 43.6243733 ], [ -79.565569, 43.6242272 ], [ -79.5655893, 43.6240516 ], [ -79.5657536, 43.6235608 ], [ -79.5658042, 43.6230807 ], [ -79.5658623, 43.6228637 ], [ -79.5658872, 43.6226582 ], [ -79.5658837, 43.6225395 ], [ -79.5658569, 43.6224094 ], [ -79.5657895, 43.6222504 ], [ -79.5655887, 43.6219181 ], [ -79.5655377, 43.6217696 ], [ -79.5655664, 43.6216284 ], [ -79.5656405, 43.6215231 ], [ -79.5657483, 43.6214122 ], [ -79.5661312, 43.6212272 ], [ -79.5665851, 43.6210784 ], [ -79.566748, 43.6209921 ], [ -79.5668466, 43.6208823 ], [ -79.566903, 43.6207259 ], [ -79.5669356, 43.6205169 ], [ -79.5669311, 43.6203823 ], [ -79.5668922, 43.6202434 ], [ -79.5667752, 43.6199874 ], [ -79.5667205, 43.6192533 ], [ -79.5667581, 43.6189842 ], [ -79.5668118, 43.6188502 ], [ -79.5668261, 43.6187147 ], [ -79.5667782, 43.6184968 ], [ -79.5666963, 43.6182771 ], [ -79.5665881, 43.6180677 ], [ -79.5665422, 43.6179444 ], [ -79.5665395, 43.6178085 ], [ -79.5666993, 43.6175915 ], [ -79.5669064, 43.6174027 ], [ -79.5671457, 43.6172977 ], [ -79.5675921, 43.6169892 ], [ -79.5679048, 43.6167366 ], [ -79.5679303, 43.6166599 ], [ -79.5679289, 43.6165812 ], [ -79.5678136, 43.6164346 ], [ -79.5679088, 43.6161346 ], [ -79.5679262, 43.6159239 ], [ -79.5679879, 43.6156957 ], [ -79.568101, 43.6152564 ], [ -79.5682755, 43.6145346 ], [ -79.5682883, 43.6143791 ], [ -79.5682468, 43.6142451 ], [ -79.5681246, 43.6141037 ], [ -79.5679653, 43.6139838 ], [ -79.5677583, 43.6138281 ], [ -79.5673715, 43.6136329 ], [ -79.5670854, 43.6135189 ], [ -79.5667345, 43.6134116 ], [ -79.5662995, 43.6133752 ], [ -79.5658088, 43.6133796 ], [ -79.5653231, 43.6134519 ], [ -79.5649447, 43.6134492 ], [ -79.5647317, 43.613414 ], [ -79.5645487, 43.6133536 ], [ -79.5643133, 43.6132314 ], [ -79.5641406, 43.6131016 ], [ -79.5640183, 43.6129285 ], [ -79.5639434, 43.6127695 ], [ -79.5639123, 43.6126343 ], [ -79.563953, 43.6125226 ], [ -79.5640799, 43.6123828 ], [ -79.5643227, 43.6122207 ], [ -79.5647503, 43.6120374 ], [ -79.5651367, 43.6118594 ], [ -79.5655538, 43.6117131 ], [ -79.5658864, 43.6116225 ], [ -79.5660272, 43.6115817 ], [ -79.5661183, 43.6115219 ], [ -79.5663974, 43.6111681 ], [ -79.5666991, 43.610871 ], [ -79.5668179, 43.6108015 ], [ -79.5669807, 43.6107622 ], [ -79.5670719, 43.610734 ], [ -79.5671524, 43.6106758 ], [ -79.5672041, 43.6106031 ], [ -79.567253, 43.6104826 ], [ -79.5672958, 43.6103578 ], [ -79.5672614, 43.610014 ], [ -79.5672009, 43.6095518 ], [ -79.5671499, 43.6091626 ], [ -79.5669696, 43.6089016 ], [ -79.566568, 43.6086517 ], [ -79.5664203, 43.6085598 ], [ -79.5662143, 43.6084479 ], [ -79.5659482, 43.6084355 ], [ -79.5657422, 43.6084976 ], [ -79.5654453, 43.6085647 ], [ -79.5652696, 43.6085712 ], [ -79.5651253, 43.6085408 ], [ -79.5649503, 43.6084851 ], [ -79.5648144, 43.6084276 ], [ -79.5647143, 43.6083579 ], [ -79.5646445, 43.6082841 ], [ -79.5646066, 43.60819 ], [ -79.5645755, 43.6080253 ], [ -79.5645842, 43.6078811 ], [ -79.5646177, 43.6077753 ], [ -79.5646873, 43.6076577 ], [ -79.5648665, 43.6074495 ], [ -79.5648656, 43.6073808 ], [ -79.5648631, 43.6073223 ], [ -79.5648496, 43.6072609 ], [ -79.5648122, 43.6072014 ], [ -79.5647318, 43.6071267 ], [ -79.5637853, 43.6068507 ], [ -79.5636615, 43.6068353 ], [ -79.5635047, 43.606829 ], [ -79.5633477, 43.6068576 ], [ -79.5632188, 43.6068935 ], [ -79.5629442, 43.6068942 ], [ -79.5627281, 43.6068295 ], [ -79.5625386, 43.6067478 ], [ -79.5622892, 43.6065369 ], [ -79.5622663, 43.6065175 ], [ -79.5619402, 43.6061595 ], [ -79.5617746, 43.6060108 ], [ -79.5615628, 43.6058912 ], [ -79.5613092, 43.605802 ], [ -79.5609272, 43.6057012 ], [ -79.5605314, 43.6055214 ], [ -79.5602368, 43.6053055 ], [ -79.5600794, 43.6051932 ], [ -79.5598036, 43.6050279 ], [ -79.5596021, 43.6052099 ], [ -79.5568388, 43.6077091 ], [ -79.5552812, 43.6091323 ], [ -79.5545037, 43.6098372 ], [ -79.5541091, 43.6101814 ], [ -79.5537878, 43.6104591 ], [ -79.5534266, 43.6107613 ], [ -79.553075, 43.6110755 ], [ -79.5528137, 43.6113297 ], [ -79.5524631, 43.6116451 ], [ -79.5521407, 43.6119192 ], [ -79.5518868, 43.6121149 ], [ -79.5515472, 43.6123792 ], [ -79.5513729, 43.6125081 ], [ -79.5510535, 43.6127182 ], [ -79.5507654, 43.61289 ], [ -79.550521, 43.6130248 ], [ -79.5502648, 43.6131515 ], [ -79.5500645, 43.6132569 ], [ -79.549757, 43.6134099 ], [ -79.5495995, 43.6134813 ], [ -79.5493265, 43.613598 ], [ -79.5491733, 43.6136572 ], [ -79.5490094, 43.6137234 ], [ -79.5487059, 43.6138333 ], [ -79.5486265, 43.6138562 ], [ -79.5485474, 43.6138877 ], [ -79.5484673, 43.6139142 ], [ -79.5483164, 43.6139591 ], [ -79.5481734, 43.6140131 ], [ -79.5480293, 43.6140586 ], [ -79.5478838, 43.6141035 ], [ -79.5478105, 43.6141308 ], [ -79.5475164, 43.6142109 ], [ -79.5472924, 43.6142655 ], [ -79.5470656, 43.6143147 ], [ -79.5466127, 43.6143984 ], [ -79.5458036, 43.6145461 ], [ -79.5449452, 43.614667 ], [ -79.5448223, 43.6146807 ], [ -79.5444529, 43.6147214 ], [ -79.5443295, 43.6147348 ], [ -79.5442068, 43.6147484 ], [ -79.5440823, 43.6147575 ], [ -79.543897, 43.6147845 ], [ -79.5437117, 43.6148115 ], [ -79.5435247, 43.6148344 ], [ -79.5431526, 43.6148836 ], [ -79.5429668, 43.6149064 ], [ -79.5427804, 43.6149288 ], [ -79.5425939, 43.6149472 ], [ -79.5424065, 43.6149694 ], [ -79.5422207, 43.6149921 ], [ -79.542116, 43.6150012 ], [ -79.5420114, 43.6150102 ], [ -79.5419064, 43.6150236 ], [ -79.5416978, 43.6150508 ], [ -79.5415938, 43.6150644 ], [ -79.5413853, 43.6150914 ], [ -79.5412827, 43.6151098 ], [ -79.5411798, 43.6151232 ], [ -79.5410719, 43.6151321 ], [ -79.5409274, 43.615159 ], [ -79.5408182, 43.6151727 ], [ -79.5406684, 43.6151863 ], [ -79.5402702, 43.615245 ], [ -79.5398718, 43.6153037 ], [ -79.5396725, 43.6153306 ], [ -79.5394751, 43.6153671 ], [ -79.5392762, 43.615398 ], [ -79.539078, 43.6154296 ], [ -79.5388806, 43.6154614 ], [ -79.5386814, 43.6154928 ], [ -79.538485, 43.6155291 ], [ -79.5382879, 43.6155651 ], [ -79.5380918, 43.6155965 ], [ -79.5376967, 43.6156698 ], [ -79.5374986, 43.6157111 ], [ -79.5369501, 43.6158272 ], [ -79.5364065, 43.6159472 ], [ -79.535934, 43.6160367 ], [ -79.5355428, 43.6161075 ] ] ] } },
{ "type": "Feature", "properties": { "name": "Markland Wood", "overture_id": "844e151c-6b0e-455a-914b-797b4052f346", "division_id": "8e0bde69-4047-4593-89f4-9bffc7831894" }, "geometry": { "type": "Polygon", "coordinates": [ [ [ -79.5834347, 43.6400441 ], [ -79.5836752, 43.639856 ], [ -79.584366, 43.6392081 ], [ -79.585737, 43.6378557 ], [ -79.5856382, 43.6377388 ], [ -79.5854719, 43.6375699 ], [ -79.5853753, 43.637433 ], [ -79.5853202, 43.6373054 ], [ -79.5852868, 43.6372273 ], [ -79.5852731, 43.6371077 ], [ -79.5853012, 43.6369818 ], [ -79.5853432, 43.636806 ], [ -79.5854176, 43.636636 ], [ -79.5856141, 43.636344 ], [ -79.585774, 43.6361025 ], [ -79.5859708, 43.6357228 ], [ -79.5860539, 43.6355297 ], [ -79.5860686, 43.6353576 ], [ -79.5860593, 43.635088 ], [ -79.5860083, 43.6348357 ], [ -79.5859386, 43.6347153 ], [ -79.5857417, 43.6345154 ], [ -79.5855926, 43.6342717 ], [ -79.5855953, 43.6341951 ], [ -79.5856503, 43.6340805 ], [ -79.58583, 43.6338185 ], [ -79.5858876, 43.6336651 ], [ -79.5858675, 43.633568 ], [ -79.5858117, 43.6334707 ], [ -79.585606, 43.6332662 ], [ -79.5854206, 43.6330421 ], [ -79.5853168, 43.6328388 ], [ -79.585217, 43.6325209 ], [ -79.5851044, 43.6319072 ], [ -79.5851219, 43.6314869 ], [ -79.5851567, 43.6313032 ], [ -79.5852359, 43.6311058 ], [ -79.5857886, 43.63007 ], [ -79.5858855, 43.6299417 ], [ -79.585948, 43.6298591 ], [ -79.5860419, 43.6297591 ], [ -79.5860673, 43.6296846 ], [ -79.5860767, 43.6296193 ], [ -79.5860459, 43.6295348 ], [ -79.5859386, 43.6294303 ], [ -79.5857977, 43.629203 ], [ -79.5856556, 43.6290417 ], [ -79.5854569, 43.6288729 ], [ -79.5850977, 43.6287243 ], [ -79.5846002, 43.6285826 ], [ -79.5835843, 43.6283001 ], [ -79.5824976, 43.6279602 ], [ -79.5818703, 43.6279712 ], [ -79.5813171, 43.6279019 ], [ -79.580892, 43.6277757 ], [ -79.5805123, 43.6276009 ], [ -79.5795986, 43.6268734 ], [ -79.5769378, 43.6263376 ], [ -79.5755049, 43.6255359 ], [ -79.5751135, 43.6254756 ], [ -79.574668, 43.6255147 ], [ -79.5743553, 43.6256369 ], [ -79.5740651, 43.6258616 ], [ -79.5738153, 43.6259723 ], [ -79.5733586, 43.6260863 ], [ -79.5728367, 43.6261075 ], [ -79.5723777, 43.626202 ], [ -79.5713383, 43.626614 ], [ -79.5705017, 43.6268715 ], [ -79.5702258, 43.6269565 ], [ -79.5699714, 43.6269825 ], [ -79.5696375, 43.6269768 ], [ -79.5691522, 43.6268695 ], [ -79.5686544, 43.6267927 ], [ -79.5685156, 43.6267927 ], [ -79.5683814, 43.6268198 ], [ -79.5681489, 43.6269881 ], [ -79.567882, 43.6272253 ], [ -79.5675608, 43.6278225 ], [ -79.5674129, 43.6280452 ], [ -79.5672165, 43.6281586 ], [ -79.5669164, 43.6282337 ], [ -79.5664066, 43.6282704 ], [ -79.5657755, 43.6282576 ], [ -79.5651388, 43.6282227 ], [ -79.5644179, 43.6281312 ], [ -79.564137, 43.6280194 ], [ -79.5638992, 43.6278415 ], [ -79.5638166, 43.6274287 ], [ -79.5636583, 43.6270405 ], [ -79.5609391, 43.6276419 ], [ -79.5603168, 43.6278361 ], [ -79.5567978, 43.628667 ], [ -79.5581228, 43.6319791 ], [ -79.5595856, 43.6362395 ], [ -79.5636554, 43.6353058 ], [ -79.5639992, 43.636038 ], [ -79.5640417, 43.6360848 ], [ -79.5641276, 43.6361999 ], [ -79.5641979, 43.6362802 ], [ -79.564281, 43.6363608 ], [ -79.5643787, 43.6364332 ], [ -79.5644792, 43.6364885 ], [ -79.5646076, 43.636536 ], [ -79.5647058, 43.6365627 ], [ -79.5648573, 43.636589 ], [ -79.5649856, 43.6365941 ], [ -79.5651135, 43.6365975 ], [ -79.5652594, 43.6365753 ], [ -79.5653623, 43.6365521 ], [ -79.5672742, 43.6360912 ], [ -79.5674908, 43.6360535 ], [ -79.5675945, 43.6360435 ], [ -79.5678084, 43.6360481 ], [ -79.5679388, 43.6360904 ], [ -79.5681092, 43.6361316 ], [ -79.5681654, 43.6361498 ], [ -79.5683314, 43.6362227 ], [ -79.5684205, 43.6362723 ], [ -79.568516, 43.6363336 ], [ -79.5686183, 43.6364122 ], [ -79.5686876, 43.6364851 ], [ -79.5687535, 43.636577 ], [ -79.5688161, 43.6366771 ], [ -79.5691393, 43.6373833 ], [ -79.569194, 43.6374771 ], [ -79.5692671, 43.6375499 ], [ -79.5693676, 43.6376278 ], [ -79.5696518, 43.6378739 ], [ -79.5701073, 43.6382724 ], [ -79.5702346, 43.6384084 ], [ -79.5703345, 43.6385418 ], [ -79.5704106, 43.638664 ], [ -79.5715511, 43.641042 ], [ -79.5716522, 43.6412852 ], [ -79.5738609, 43.6407659 ], [ -79.5741467, 43.6414343 ], [ -79.5741913, 43.641504 ], [ -79.5742528, 43.6415881 ], [ -79.574328, 43.6416636 ], [ -79.5744012, 43.6417299 ], [ -79.5744666, 43.6417686 ], [ -79.5745365, 43.6417996 ], [ -79.5746438, 43.6418304 ], [ -79.5747407, 43.6418504 ], [ -79.5748662, 43.6418777 ], [ -79.5752178, 43.6419566 ], [ -79.5754977, 43.6420256 ], [ -79.575593, 43.6420693 ], [ -79.5756529, 43.6421123 ], [ -79.575711, 43.6421707 ], [ -79.5757756, 43.642253 ], [ -79.5758933, 43.6425589 ], [ -79.5760724, 43.6429555 ], [ -79.5761423, 43.6430508 ], [ -79.5761867, 43.6430939 ], [ -79.5762095, 43.6431211 ], [ -79.5762862, 43.6432005 ], [ -79.5768258, 43.6435614 ], [ -79.577006, 43.6436274 ], [ -79.5782383, 43.6443097 ], [ -79.578328, 43.6443692 ], [ -79.5784163, 43.6444016 ], [ -79.5784856, 43.6444218 ], [ -79.5785597, 43.64443 ], [ -79.5786721, 43.6444334 ], [ -79.5788132, 43.6444173 ], [ -79.5789335, 43.6443719 ], [ -79.5791672, 43.6442138 ], [ -79.5802542, 43.6431758 ], [ -79.5814344, 43.6419865 ], [ -79.5820966, 43.6413828 ], [ -79.5821956, 43.6412082 ], [ -79.5822113, 43.6411507 ], [ -79.5822308, 43.6410829 ], [ -79.5822383, 43.6410314 ], [ -79.5819978, 43.6406481 ], [ -79.5826181, 43.640434 ], [ -79.5829215, 43.6403103 ], [ -79.5830961, 43.6402464 ], [ -79.5832145, 43.6401786 ], [ -79.5834347, 43.6400441 ] ] ] } },
{ "type": "Feature", "properties": { "name": "Etobicoke West Mall", "overture_id": "434aa401-398f-4db7-a9bd-d50d153f2ae1", "division_id": "abffaa97-3267-406c-8a91-babf236eb456" }, "geometry": { "type": "Polygon", "coordinates": [ [ [ -79.5728274, 43.6440565 ], [ -79.5724864, 43.6433408 ], [ -79.5752883, 43.6427062 ], [ -79.5758933, 43.6425589 ], [ -79.5757756, 43.642253 ], [ -79.575711, 43.6421707 ], [ -79.5756529, 43.6421123 ], [ -79.575593, 43.6420693 ], [ -79.5754977, 43.6420256 ], [ -79.5752178, 43.6419566 ], [ -79.5748662, 43.6418777 ], [ -79.5747407, 43.6418504 ], [ -79.5746438, 43.6418304 ], [ -79.5745365, 43.6417996 ], [ -79.5744666, 43.6417686 ], [ -79.5744012, 43.6417299 ], [ -79.574328, 43.6416636 ], [ -79.5742528, 43.6415881 ], [ -79.5741913, 43.641504 ], [ -79.5741467, 43.6414343 ], [ -79.5738609, 43.6407659 ], [ -79.5716522, 43.6412852 ], [ -79.5715511, 43.641042 ], [ -79.5704106, 43.638664 ], [ -79.5703345, 43.6385418 ], [ -79.5702346, 43.6384084 ], [ -79.5701073, 43.6382724 ], [ -79.5696518, 43.6378739 ], [ -79.5693676, 43.6376278 ], [ -79.5692671, 43.6375499 ], [ -79.569194, 43.6374771 ], [ -79.5691393, 43.6373833 ], [ -79.5688161, 43.6366771 ], [ -79.5687535, 43.636577 ], [ -79.5686876, 43.6364851 ], [ -79.5686183, 43.6364122 ], [ -79.568516, 43.6363336 ], [ -79.5684205, 43.6362723 ], [ -79.5683314, 43.6362227 ], [ -79.5681654, 43.6361498 ], [ -79.5681092, 43.6361316 ], [ -79.5679388, 43.6360904 ], [ -79.5678084, 43.6360481 ], [ -79.5675945, 43.6360435 ], [ -79.5674908, 43.6360535 ], [ -79.5672742, 43.6360912 ], [ -79.5653623, 43.6365521 ], [ -79.5652594, 43.6365753 ], [ -79.5651135, 43.6365975 ], [ -79.5649856, 43.6365941 ], [ -79.5648573, 43.636589 ], [ -79.5647058, 43.6365627 ], [ -79.5646076, 43.636536 ], [ -79.5644792, 43.6364885 ], [ -79.5643787, 43.6364332 ], [ -79.564281, 43.6363608 ], [ -79.5641979, 43.6362802 ], [ -79.5641276, 43.6361999 ], [ -79.5640417, 43.6360848 ], [ -79.5639992, 43.636038 ], [ -79.5636554, 43.6353058 ], [ -79.5595856, 43.6362395 ], [ -79.559966, 43.6375022 ], [ -79.5601198, 43.6380103 ], [ -79.5617367, 43.6422027 ], [ -79.5622434, 43.6434437 ], [ -79.5635528, 43.6464647 ], [ -79.5644158, 43.6483229 ], [ -79.5655386, 43.6506519 ], [ -79.5666791, 43.6529968 ], [ -79.5670018, 43.6536289 ], [ -79.5673003, 43.6542531 ], [ -79.5775083, 43.6518636 ], [ -79.5795013, 43.6514089 ], [ -79.5792198, 43.6504556 ], [ -79.5789314, 43.649935 ], [ -79.5782108, 43.6482887 ], [ -79.578106, 43.6480835 ], [ -79.5780273, 43.6479542 ], [ -79.5779142, 43.6478103 ], [ -79.5777212, 43.6475905 ], [ -79.5774449, 43.6473259 ], [ -79.5773865, 43.6472431 ], [ -79.577265, 43.6470061 ], [ -79.5770521, 43.6464701 ], [ -79.5770007, 43.6463783 ], [ -79.5769583, 43.6463167 ], [ -79.5769065, 43.6462572 ], [ -79.576846, 43.6461958 ], [ -79.5767674, 43.6461355 ], [ -79.5766558, 43.6460616 ], [ -79.5765307, 43.6459927 ], [ -79.5764383, 43.6459558 ], [ -79.5752692, 43.6456037 ], [ -79.5750816, 43.6455516 ], [ -79.5740536, 43.6453854 ], [ -79.5738464, 43.6453192 ], [ -79.5736949, 43.6452247 ], [ -79.5734562, 43.6449912 ], [ -79.5733647, 43.6448479 ], [ -79.5733242, 43.6447349 ], [ -79.5732311, 43.6445601 ], [ -79.5731441, 43.6444569 ], [ -79.572994, 43.6442994 ], [ -79.5729131, 43.6441867 ], [ -79.5728274, 43.6440565 ] ] ] } },
{ "type": "Feature", "properties": { "name": "Rexdale-Kipling", "overture_id": "84f536af-b408-43b9-91ab-04d1e82297e8", "division_id": "81166252-4f49-4bbb-853b-d2bfc052a80c" }, "geometry": { "type": "Polygon", "coordinates": [ [ [ -79.5700961, 43.718904 ], [ -79.5681408, 43.7148523 ], [ -79.5671967, 43.7128865 ], [ -79.5666871, 43.7117116 ], [ -79.5630097, 43.7125763 ], [ -79.5593646, 43.7134235 ], [ -79.5579618, 43.713755 ], [ -79.5564249, 43.7141146 ], [ -79.5548277, 43.714515 ], [ -79.55511, 43.7150913 ], [ -79.555698, 43.7163082 ], [ -79.5559984, 43.716978 ], [ -79.5563082, 43.7176362 ], [ -79.5571437, 43.7193867 ], [ -79.5574522, 43.7200339 ], [ -79.5575722, 43.7203252 ], [ -79.5581563, 43.7215326 ], [ -79.558513, 43.7223351 ], [ -79.5589274, 43.7231202 ], [ -79.5597576, 43.7248841 ], [ -79.5602018, 43.7258972 ], [ -79.5607506, 43.7270182 ], [ -79.5612314, 43.728058 ], [ -79.5619972, 43.729753 ], [ -79.56213, 43.7300602 ], [ -79.5626745, 43.7302666 ], [ -79.5635234, 43.7306417 ], [ -79.5639887, 43.7307919 ], [ -79.5644327, 43.7309741 ], [ -79.5648699, 43.7311843 ], [ -79.5662029, 43.7317176 ], [ -79.5665814, 43.7319092 ], [ -79.5669016, 43.7321534 ], [ -79.5671375, 43.7324713 ], [ -79.5673154, 43.7327845 ], [ -79.5674635, 43.7331171 ], [ -79.5675735, 43.7334199 ], [ -79.5676674, 43.7337426 ], [ -79.5677868, 43.7340392 ], [ -79.5679531, 43.7343279 ], [ -79.5681864, 43.7346211 ], [ -79.5684519, 43.7349122 ], [ -79.5687409, 43.7351715 ], [ -79.5694283, 43.7356424 ], [ -79.5698098, 43.7358294 ], [ -79.5701987, 43.7359777 ], [ -79.5705655, 43.7360717 ], [ -79.5710047, 43.7360726 ], [ -79.571391, 43.7360586 ], [ -79.5718429, 43.7360489 ], [ -79.572269, 43.7360449 ], [ -79.5726814, 43.7360089 ], [ -79.5738693, 43.7357277 ], [ -79.5742026, 43.7355397 ], [ -79.5745781, 43.7352671 ], [ -79.5747786, 43.7351298 ], [ -79.5750482, 43.7349263 ], [ -79.5756577, 43.7345421 ], [ -79.5760077, 43.7343589 ], [ -79.5763779, 43.7341763 ], [ -79.5767757, 43.7340434 ], [ -79.5775326, 43.7338749 ], [ -79.5700961, 43.718904 ] ] ] } },
{ "type": "Feature", "properties": { "name": "Thistletown-Beaumond Heights", "overture_id": "464c3143-293d-4412-8d64-5b36a1716b4c", "division_id": "3b569ab2-d62b-4391-bfb1-1afcf902b668" }, "geometry": { "type": "Polygon", "coordinates": [ [ [ -79.5639887, 43.7307919 ], [ -79.5635234, 43.7306417 ], [ -79.5626745, 43.7302666 ], [ -79.56213, 43.7300602 ], [ -79.5617853, 43.7299207 ], [ -79.5613267, 43.7297201 ], [ -79.5608546, 43.7295466 ], [ -79.5595604, 43.7289913 ], [ -79.5591718, 43.728767 ], [ -79.558804, 43.7285213 ], [ -79.5584077, 43.7283144 ], [ -79.5580751, 43.7281046 ], [ -79.557756, 43.7278894 ], [ -79.5573831, 43.7277785 ], [ -79.5569875, 43.7277285 ], [ -79.5565617, 43.72776 ], [ -79.5562003, 43.7278446 ], [ -79.5559079, 43.7279672 ], [ -79.5556628, 43.7281436 ], [ -79.5555133, 43.7283679 ], [ -79.5554201, 43.728608 ], [ -79.5553708, 43.7288333 ], [ -79.5552293, 43.7290713 ], [ -79.5549759, 43.7292825 ], [ -79.5546738, 43.7294322 ], [ -79.554029, 43.729643 ], [ -79.5537482, 43.729707 ], [ -79.5536986, 43.7297226 ], [ -79.5534225, 43.7297855 ], [ -79.5531092, 43.7298316 ], [ -79.5528033, 43.7298887 ], [ -79.5524784, 43.7299224 ], [ -79.5517451, 43.7300176 ], [ -79.5513884, 43.7300723 ], [ -79.5510216, 43.73016 ], [ -79.5506193, 43.7302632 ], [ -79.549993, 43.7305118 ], [ -79.5497113, 43.7306659 ], [ -79.5496168, 43.730896 ], [ -79.5496597, 43.731133 ], [ -79.5497499, 43.7313496 ], [ -79.5498689, 43.7316112 ], [ -79.5498837, 43.7316887 ], [ -79.5498719, 43.7317595 ], [ -79.5498049, 43.7318021 ], [ -79.5496309, 43.7318561 ], [ -79.5494483, 43.7319408 ], [ -79.5492644, 43.7321427 ], [ -79.5492034, 43.732363 ], [ -79.5492634, 43.7325556 ], [ -79.5492916, 43.7326583 ], [ -79.5492795, 43.7327271 ], [ -79.5492346, 43.7327683 ], [ -79.5488766, 43.7329172 ], [ -79.5489688, 43.7329869 ], [ -79.5492512, 43.7331669 ], [ -79.5495909, 43.7331993 ], [ -79.5500475, 43.7332502 ], [ -79.550292, 43.7333289 ], [ -79.5504077, 43.7335087 ], [ -79.5504607, 43.7337394 ], [ -79.5504618, 43.7338766 ], [ -79.5504675, 43.7339558 ], [ -79.5504875, 43.7341065 ], [ -79.5505289, 43.7342312 ], [ -79.550545, 43.7344065 ], [ -79.5505248, 43.7346077 ], [ -79.5504967, 43.7346994 ], [ -79.5504221, 43.7347799 ], [ -79.5502965, 43.7348603 ], [ -79.5500068, 43.7350198 ], [ -79.5496133, 43.7352527 ], [ -79.5492678, 43.7354435 ], [ -79.5490958, 43.7357086 ], [ -79.5490575, 43.7358037 ], [ -79.5491107, 43.7359049 ], [ -79.5491646, 43.7359419 ], [ -79.54943, 43.7359469 ], [ -79.5495793, 43.7359468 ], [ -79.5498406, 43.7359016 ], [ -79.5500147, 43.7358654 ], [ -79.5501825, 43.7359056 ], [ -79.5503715, 43.7360552 ], [ -79.5505039, 43.736215 ], [ -79.5505143, 43.7364009 ], [ -79.5504997, 43.7365601 ], [ -79.5503903, 43.7366685 ], [ -79.550212, 43.7368952 ], [ -79.5500565, 43.7372013 ], [ -79.5501627, 43.7376025 ], [ -79.5500319, 43.7378064 ], [ -79.5499498, 43.737863 ], [ -79.5498736, 43.7378861 ], [ -79.5498334, 43.7378802 ], [ -79.5497271, 43.7378413 ], [ -79.5495196, 43.7377782 ], [ -79.5492508, 43.7378431 ], [ -79.548878, 43.7380328 ], [ -79.5485832, 43.7382452 ], [ -79.5484885, 43.738534 ], [ -79.5483611, 43.73878 ], [ -79.5482205, 43.7389933 ], [ -79.5478395, 43.7390681 ], [ -79.5475778, 43.7392012 ], [ -79.5474836, 43.7392491 ], [ -79.5471282, 43.73945 ], [ -79.5469488, 43.7395321 ], [ -79.5467794, 43.7396132 ], [ -79.5464299, 43.7397983 ], [ -79.546186, 43.7400633 ], [ -79.5461046, 43.7403703 ], [ -79.5461415, 43.7405284 ], [ -79.546151, 43.7405692 ], [ -79.5461724, 43.7406609 ], [ -79.5461802, 43.7406943 ], [ -79.5463963, 43.7409431 ], [ -79.546407, 43.7409555 ], [ -79.546734, 43.7411316 ], [ -79.5470559, 43.7413633 ], [ -79.547363, 43.7416588 ], [ -79.5476132, 43.74178 ], [ -79.54801, 43.7417944 ], [ -79.5482665, 43.741759 ], [ -79.5484787, 43.7416527 ], [ -79.548762, 43.7416471 ], [ -79.5491318, 43.7417687 ], [ -79.5492606, 43.7420109 ], [ -79.5494058, 43.7421375 ], [ -79.54974, 43.7421868 ], [ -79.5498003, 43.7421966 ], [ -79.549982, 43.7422259 ], [ -79.5502217, 43.7422928 ], [ -79.550335, 43.7423726 ], [ -79.5503576, 43.7424407 ], [ -79.5503041, 43.7425377 ], [ -79.5501148, 43.7426982 ], [ -79.5498512, 43.7429456 ], [ -79.5497201, 43.7432881 ], [ -79.5497294, 43.7436235 ], [ -79.5500116, 43.743869 ], [ -79.5503739, 43.7440842 ], [ -79.550799, 43.744211 ], [ -79.5512129, 43.7442468 ], [ -79.5515633, 43.7441987 ], [ -79.5519418, 43.7440684 ], [ -79.5520312, 43.7440139 ], [ -79.5522561, 43.7438767 ], [ -79.5525266, 43.7437523 ], [ -79.5525622, 43.743736 ], [ -79.5528848, 43.7435373 ], [ -79.5532228, 43.7434374 ], [ -79.553545, 43.7433715 ], [ -79.5538965, 43.743276 ], [ -79.554354, 43.7431863 ], [ -79.5547559, 43.7432188 ], [ -79.5552036, 43.7432385 ], [ -79.5556333, 43.7432357 ], [ -79.5560368, 43.7432185 ], [ -79.5564629, 43.7431101 ], [ -79.5567399, 43.7428715 ], [ -79.5568994, 43.7425845 ], [ -79.5569838, 43.7422697 ], [ -79.5568729, 43.7419554 ], [ -79.5567736, 43.7416591 ], [ -79.556797, 43.7414922 ], [ -79.5567969, 43.7414215 ], [ -79.5568247, 43.7413887 ], [ -79.556895, 43.7412959 ], [ -79.5570616, 43.7411603 ], [ -79.5571625, 43.7410002 ], [ -79.5573675, 43.7409028 ], [ -79.557633, 43.7409023 ], [ -79.5578347, 43.7409324 ], [ -79.5582215, 43.7411235 ], [ -79.5584601, 43.7414446 ], [ -79.5583479, 43.7416598 ], [ -79.5582428, 43.741698 ], [ -79.5580175, 43.7417061 ], [ -79.5578154, 43.7417315 ], [ -79.5577312, 43.7418344 ], [ -79.5576897, 43.7419535 ], [ -79.5577976, 43.7421504 ], [ -79.5579976, 43.7423099 ], [ -79.5582048, 43.7424723 ], [ -79.5582998, 43.742722 ], [ -79.5584913, 43.74293 ], [ -79.5586018, 43.7429283 ], [ -79.5587201, 43.7428757 ], [ -79.5588561, 43.7427696 ], [ -79.5589751, 43.7426491 ], [ -79.5591428, 43.742551 ], [ -79.5593221, 43.7424905 ], [ -79.5594284, 43.742495 ], [ -79.5596408, 43.7425335 ], [ -79.5599996, 43.7426392 ], [ -79.5603056, 43.742658 ], [ -79.5604107, 43.7426307 ], [ -79.5605675, 43.742592 ], [ -79.561086, 43.7425215 ], [ -79.5612982, 43.7424926 ], [ -79.5615414, 43.7425596 ], [ -79.5619402, 43.7426736 ], [ -79.5622962, 43.7428623 ], [ -79.5624398, 43.7429739 ], [ -79.5624626, 43.7431528 ], [ -79.562452, 43.7434576 ], [ -79.5622427, 43.7437704 ], [ -79.5621693, 43.7440827 ], [ -79.5623559, 43.7443216 ], [ -79.5627255, 43.7444973 ], [ -79.5632405, 43.7446981 ], [ -79.5634076, 43.7448049 ], [ -79.5636821, 43.7450496 ], [ -79.5639849, 43.745265 ], [ -79.5643941, 43.7454165 ], [ -79.5647999, 43.7455584 ], [ -79.5652242, 43.7456878 ], [ -79.5656828, 43.7457791 ], [ -79.5661217, 43.7458544 ], [ -79.5665173, 43.7458938 ], [ -79.5668759, 43.7459536 ], [ -79.5672717, 43.746017 ], [ -79.5676411, 43.7460739 ], [ -79.5686103, 43.7462488 ], [ -79.5752929, 43.7446335 ], [ -79.5783446, 43.7438977 ], [ -79.5794512, 43.7436573 ], [ -79.5800186, 43.7448476 ], [ -79.5825637, 43.744214 ], [ -79.5821022, 43.7432376 ], [ -79.5815012, 43.7420236 ], [ -79.5809349, 43.7408529 ], [ -79.5806828, 43.7403665 ], [ -79.5798795, 43.7386554 ], [ -79.5783131, 43.7355154 ], [ -79.5775326, 43.7338749 ], [ -79.5767757, 43.7340434 ], [ -79.5763779, 43.7341763 ], [ -79.5760077, 43.7343589 ], [ -79.5756577, 43.7345421 ], [ -79.5750482, 43.7349263 ], [ -79.5747786, 43.7351298 ], [ -79.5745781, 43.7352671 ], [ -79.5742026, 43.7355397 ], [ -79.5738693, 43.7357277 ], [ -79.5726814, 43.7360089 ], [ -79.572269, 43.7360449 ], [ -79.5718429, 43.7360489 ], [ -79.571391, 43.7360586 ], [ -79.5710047, 43.7360726 ], [ -79.5705655, 43.7360717 ], [ -79.5701987, 43.7359777 ], [ -79.5698098, 43.7358294 ], [ -79.5694283, 43.7356424 ], [ -79.5687409, 43.7351715 ], [ -79.5684519, 43.7349122 ], [ -79.5681864, 43.7346211 ], [ -79.5679531, 43.7343279 ], [ -79.5677868, 43.7340392 ], [ -79.5676674, 43.7337426 ], [ -79.5675735, 43.7334199 ], [ -79.5674635, 43.7331171 ], [ -79.5673154, 43.7327845 ], [ -79.5671375, 43.7324713 ], [ -79.5669016, 43.7321534 ], [ -79.5665814, 43.7319092 ], [ -79.5662029, 43.7317176 ], [ -79.5648699, 43.7311843 ], [ -79.5644327, 43.7309741 ], [ -79.5639887, 43.7307919 ] ] ] } },
{ "type": "Feature", "properties": { "name": "Mount Olive-Silverstone-Jamestown", "overture_id": "49726c4d-7e09-4f06-9b82-fdbc5d5e8a5f", "division_id": "431d73fe-2f46-479a-91b8-0e736be2a763" }, "geometry": { "type": "Polygon", "coordinates": [ [ [ -79.5794512, 43.7436573 ], [ -79.5783446, 43.7438977 ], [ -79.5752929, 43.7446335 ], [ -79.5686103, 43.7462488 ], [ -79.5691307, 43.7463744 ], [ -79.5693989, 43.7463952 ], [ -79.5697469, 43.7464662 ], [ -79.5701617, 43.7465742 ], [ -79.5705789, 43.7466475 ], [ -79.570932, 43.7467384 ], [ -79.5712754, 43.7468077 ], [ -79.5716628, 43.7468181 ], [ -79.5720652, 43.7468079 ], [ -79.5724697, 43.746849 ], [ -79.5728515, 43.7469705 ], [ -79.5731026, 43.7471626 ], [ -79.573118, 43.7471744 ], [ -79.573308, 43.7474264 ], [ -79.5733823, 43.7476944 ], [ -79.5733458, 43.7480118 ], [ -79.5732233, 43.7483486 ], [ -79.5731303, 43.7486541 ], [ -79.5730398, 43.7487856 ], [ -79.5729549, 43.7488915 ], [ -79.5727901, 43.7491536 ], [ -79.5726807, 43.7494342 ], [ -79.5726193, 43.7495773 ], [ -79.5726208, 43.7496935 ], [ -79.5726596, 43.7498409 ], [ -79.5727227, 43.7499861 ], [ -79.5728187, 43.7500836 ], [ -79.5729442, 43.7502102 ], [ -79.5730453, 43.7502647 ], [ -79.5732723, 43.7503174 ], [ -79.5735695, 43.7502922 ], [ -79.573916, 43.7501673 ], [ -79.574149, 43.7500888 ], [ -79.5744732, 43.7500459 ], [ -79.5748724, 43.7500075 ], [ -79.5752511, 43.7499918 ], [ -79.5759325, 43.7500798 ], [ -79.57631, 43.7501302 ], [ -79.5767132, 43.7501708 ], [ -79.5771099, 43.750201 ], [ -79.5774989, 43.7502846 ], [ -79.5778989, 43.7503691 ], [ -79.5779308, 43.7503795 ], [ -79.5782736, 43.7504917 ], [ -79.5785734, 43.7506641 ], [ -79.5789126, 43.7508008 ], [ -79.5792038, 43.7509711 ], [ -79.5794666, 43.7511879 ], [ -79.5797226, 43.7514049 ], [ -79.5800063, 43.7515784 ], [ -79.5803754, 43.751708 ], [ -79.5807545, 43.7518146 ], [ -79.5807946, 43.7518276 ], [ -79.5811138, 43.7519316 ], [ -79.5814887, 43.7520546 ], [ -79.5818584, 43.7521727 ], [ -79.582235, 43.752287 ], [ -79.5825576, 43.7524064 ], [ -79.5826559, 43.7524558 ], [ -79.5828583, 43.7525575 ], [ -79.5831059, 43.7527581 ], [ -79.5831544, 43.7529977 ], [ -79.5831302, 43.7532484 ], [ -79.5831141, 43.7535043 ], [ -79.5831284, 43.7537307 ], [ -79.5833394, 43.7539155 ], [ -79.5836689, 43.7540067 ], [ -79.5840393, 43.7541407 ], [ -79.5842117, 43.7542827 ], [ -79.5843465, 43.7545628 ], [ -79.5843035, 43.75469 ], [ -79.5841264, 43.7547862 ], [ -79.5840285, 43.7549966 ], [ -79.5841231, 43.7553465 ], [ -79.5842478, 43.7555537 ], [ -79.5844282, 43.7556504 ], [ -79.584597, 43.7558261 ], [ -79.5847961, 43.7559515 ], [ -79.5849883, 43.7561123 ], [ -79.5851246, 43.7563024 ], [ -79.585215, 43.7565056 ], [ -79.5852022, 43.7567367 ], [ -79.5851213, 43.7569601 ], [ -79.5849963, 43.7571127 ], [ -79.5847878, 43.7571624 ], [ -79.5845112, 43.7572001 ], [ -79.5842617, 43.7572371 ], [ -79.5840277, 43.7573014 ], [ -79.5838648, 43.7574441 ], [ -79.5838222, 43.7576214 ], [ -79.5839023, 43.7578293 ], [ -79.5839892, 43.7580185 ], [ -79.5840704, 43.7582098 ], [ -79.5840901, 43.758399 ], [ -79.5840054, 43.7585716 ], [ -79.5838223, 43.7587043 ], [ -79.5835499, 43.7587531 ], [ -79.5832631, 43.7587113 ], [ -79.582985, 43.7586376 ], [ -79.582715, 43.7585323 ], [ -79.5824145, 43.75852 ], [ -79.5820823, 43.7585493 ], [ -79.5818034, 43.7585927 ], [ -79.581509, 43.7586596 ], [ -79.5812172, 43.7587343 ], [ -79.5809896, 43.7588232 ], [ -79.5807699, 43.7589357 ], [ -79.5806219, 43.7590854 ], [ -79.5805779, 43.7592446 ], [ -79.5806448, 43.759426 ], [ -79.5807039, 43.7595886 ], [ -79.5807821, 43.7597969 ], [ -79.580785, 43.7600029 ], [ -79.580742, 43.7602065 ], [ -79.5806261, 43.7603725 ], [ -79.5804052, 43.7604953 ], [ -79.5801956, 43.7605707 ], [ -79.5799481, 43.760612 ], [ -79.5797462, 43.7606572 ], [ -79.5795323, 43.7607357 ], [ -79.579332, 43.76085 ], [ -79.5791881, 43.7609916 ], [ -79.5790624, 43.7611749 ], [ -79.5789306, 43.7613256 ], [ -79.5787636, 43.7614657 ], [ -79.5785802, 43.7615936 ], [ -79.5783884, 43.7617008 ], [ -79.5782101, 43.7618019 ], [ -79.5780379, 43.7618774 ], [ -79.5778566, 43.7619397 ], [ -79.5776795, 43.762015 ], [ -79.577558, 43.7620723 ], [ -79.577493, 43.7621301 ], [ -79.5774856, 43.7621769 ], [ -79.5774923, 43.7622263 ], [ -79.577541, 43.7623129 ], [ -79.5776337, 43.7623959 ], [ -79.577721, 43.7624403 ], [ -79.5778052, 43.7624508 ], [ -79.5778715, 43.7624416 ], [ -79.5779707, 43.7624009 ], [ -79.5780374, 43.7623483 ], [ -79.5780824, 43.7622919 ], [ -79.5781226, 43.7622137 ], [ -79.578234, 43.7621333 ], [ -79.5783799, 43.7620753 ], [ -79.5785223, 43.7620413 ], [ -79.5786542, 43.762045 ], [ -79.5788039, 43.7620606 ], [ -79.5789452, 43.7621105 ], [ -79.5790671, 43.7621559 ], [ -79.5791488, 43.7621977 ], [ -79.5792525, 43.7622173 ], [ -79.5793857, 43.7622269 ], [ -79.5794832, 43.7622614 ], [ -79.5795307, 43.7622796 ], [ -79.5795859, 43.762308 ], [ -79.5796286, 43.762338 ], [ -79.5797834, 43.7624241 ], [ -79.5798237, 43.7624803 ], [ -79.5799172, 43.7625553 ], [ -79.5800059, 43.7626194 ], [ -79.5801034, 43.7626924 ], [ -79.5801826, 43.7627418 ], [ -79.5802711, 43.7627784 ], [ -79.580355, 43.7628159 ], [ -79.580428, 43.7628548 ], [ -79.5804815, 43.7628908 ], [ -79.5806472, 43.7630265 ], [ -79.5904545, 43.7607432 ], [ -79.5905832, 43.7607319 ], [ -79.5907298, 43.7607191 ], [ -79.5914662, 43.7605466 ], [ -79.5929039, 43.7602097 ], [ -79.594627, 43.759806 ], [ -79.5961958, 43.7594715 ], [ -79.5969414, 43.7593058 ], [ -79.5976199, 43.7591323 ], [ -79.5984274, 43.7589755 ], [ -79.5996544, 43.7586857 ], [ -79.6020396, 43.7581476 ], [ -79.6023642, 43.7580796 ], [ -79.6033852, 43.7578662 ], [ -79.6027128, 43.7571277 ], [ -79.6014468, 43.7557991 ], [ -79.6006055, 43.7549009 ], [ -79.6003209, 43.7545182 ], [ -79.6000724, 43.7540354 ], [ -79.5998228, 43.7534659 ], [ -79.594193, 43.7419484 ], [ -79.5922722, 43.7380381 ], [ -79.5916428, 43.7367971 ], [ -79.5893778, 43.7319888 ], [ -79.5876339, 43.7281033 ], [ -79.5869537, 43.7285461 ], [ -79.5863479, 43.7289718 ], [ -79.5854139, 43.7290366 ], [ -79.5832598, 43.7288522 ], [ -79.581218, 43.7284022 ], [ -79.5802952, 43.7284428 ], [ -79.5793836, 43.7287893 ], [ -79.5791985, 43.7292048 ], [ -79.5799137, 43.7305546 ], [ -79.5805645, 43.7317727 ], [ -79.5802615, 43.7323665 ], [ -79.5799811, 43.7329137 ], [ -79.5794313, 43.7333494 ], [ -79.5788924, 43.7335217 ], [ -79.5785062, 43.733638 ], [ -79.5775326, 43.7338749 ], [ -79.5783131, 43.7355154 ], [ -79.5798795, 43.7386554 ], [ -79.5806828, 43.7403665 ], [ -79.5809349, 43.7408529 ], [ -79.5815012, 43.7420236 ], [ -79.5821022, 43.7432376 ], [ -79.5825637, 43.744214 ], [ -79.5800186, 43.7448476 ], [ -79.5794512, 43.7436573 ] ] ] } },
{ "type": "Feature", "properties": { "name": "Eringate-Centennial-West Deane", "overture_id": "7cf10d49-b7c9-498c-86ea-c3c35cf55f50", "division_id": "61dab2d9-a06d-45db-bffc-b22fb7a8dddc" }, "geometry": { "type": "Polygon", "coordinates": [ [ [ -79.5864764, 43.638687 ], [ -79.5862323, 43.6383696 ], [ -79.5859323, 43.6380867 ], [ -79.585737, 43.6378557 ], [ -79.584366, 43.6392081 ], [ -79.5836752, 43.639856 ], [ -79.5834347, 43.6400441 ], [ -79.5832145, 43.6401786 ], [ -79.5830961, 43.6402464 ], [ -79.5829215, 43.6403103 ], [ -79.5826181, 43.640434 ], [ -79.5819978, 43.6406481 ], [ -79.5822383, 43.6410314 ], [ -79.5822308, 43.6410829 ], [ -79.5822113, 43.6411507 ], [ -79.5821956, 43.6412082 ], [ -79.5820966, 43.6413828 ], [ -79.5814344, 43.6419865 ], [ -79.5802542, 43.6431758 ], [ -79.5791672, 43.6442138 ], [ -79.5789335, 43.6443719 ], [ -79.5788132, 43.6444173 ], [ -79.5786721, 43.6444334 ], [ -79.5785597, 43.64443 ], [ -79.5784856, 43.6444218 ], [ -79.5784163, 43.6444016 ], [ -79.578328, 43.6443692 ], [ -79.5782383, 43.6443097 ], [ -79.577006, 43.6436274 ], [ -79.5768258, 43.6435614 ], [ -79.5762862, 43.6432005 ], [ -79.5762095, 43.6431211 ], [ -79.5761867, 43.6430939 ], [ -79.5761423, 43.6430508 ], [ -79.5760724, 43.6429555 ], [ -79.5758933, 43.6425589 ], [ -79.5752883, 43.6427062 ], [ -79.5724864, 43.6433408 ], [ -79.5728274, 43.6440565 ], [ -79.5729131, 43.6441867 ], [ -79.572994, 43.6442994 ], [ -79.5731441, 43.6444569 ], [ -79.5732311, 43.6445601 ], [ -79.5733242, 43.6447349 ], [ -79.5733647, 43.6448479 ], [ -79.5734562, 43.6449912 ], [ -79.5736949, 43.6452247 ], [ -79.5738464, 43.6453192 ], [ -79.5740536, 43.6453854 ], [ -79.5750816, 43.6455516 ], [ -79.5752692, 43.6456037 ], [ -79.5764383, 43.6459558 ], [ -79.5765307, 43.6459927 ], [ -79.5766558, 43.6460616 ], [ -79.5767674, 43.6461355 ], [ -79.576846, 43.6461958 ], [ -79.5769065, 43.6462572 ], [ -79.5769583, 43.6463167 ], [ -79.5770007, 43.6463783 ], [ -79.5770521, 43.6464701 ], [ -79.577265, 43.6470061 ], [ -79.5773865, 43.6472431 ], [ -79.5774449, 43.6473259 ], [ -79.5777212, 43.6475905 ], [ -79.5779142, 43.6478103 ], [ -79.5780273, 43.6479542 ], [ -79.578106, 43.6480835 ], [ -79.5782108, 43.6482887 ], [ -79.5789314, 43.649935 ], [ -79.5792198, 43.6504556 ], [ -79.5795013, 43.6514089 ], [ -79.5775083, 43.6518636 ], [ -79.5673003, 43.6542531 ], [ -79.555748, 43.6569572 ], [ -79.5552463, 43.6570354 ], [ -79.5631814, 43.674561 ], [ -79.5680523, 43.6741575 ], [ -79.5736405, 43.6734062 ], [ -79.5737511, 43.6735572 ], [ -79.5738431, 43.6736652 ], [ -79.5739741, 43.6738094 ], [ -79.575786, 43.6754724 ], [ -79.576757, 43.6764027 ], [ -79.5769124, 43.6765527 ], [ -79.5770625, 43.6767013 ], [ -79.577343, 43.6770092 ], [ -79.5775289, 43.6772345 ], [ -79.5779389, 43.6764544 ], [ -79.5789662, 43.6749374 ], [ -79.5803851, 43.6734785 ], [ -79.5821728, 43.6722592 ], [ -79.5843601, 43.6710379 ], [ -79.5912463, 43.6685053 ], [ -79.5888158, 43.6646011 ], [ -79.6087242, 43.6464064 ], [ -79.6083953, 43.6462112 ], [ -79.6082599, 43.6460696 ], [ -79.6081647, 43.645926 ], [ -79.6079824, 43.6456099 ], [ -79.6078536, 43.6453331 ], [ -79.6077946, 43.6451817 ], [ -79.6077714, 43.6450288 ], [ -79.6076605, 43.6448731 ], [ -79.6075111, 43.6447369 ], [ -79.6073775, 43.6446625 ], [ -79.6072166, 43.6446062 ], [ -79.6070695, 43.6445879 ], [ -79.606837, 43.6446227 ], [ -79.6065294, 43.6446366 ], [ -79.6063757, 43.6446625 ], [ -79.6062295, 43.644712 ], [ -79.6059025, 43.6448314 ], [ -79.6057481, 43.6448508 ], [ -79.6055737, 43.6448449 ], [ -79.6054024, 43.6448077 ], [ -79.60528, 43.6447304 ], [ -79.605162, 43.6446305 ], [ -79.6049365, 43.6444878 ], [ -79.6048374, 43.6444597 ], [ -79.6046762, 43.6444454 ], [ -79.603873, 43.6444673 ], [ -79.6036023, 43.6444926 ], [ -79.6034521, 43.6445383 ], [ -79.6031503, 43.6447003 ], [ -79.6030739, 43.6447197 ], [ -79.6029535, 43.6447168 ], [ -79.602515, 43.6446274 ], [ -79.6021847, 43.6445111 ], [ -79.60206, 43.6444383 ], [ -79.6019733, 43.6443642 ], [ -79.6018964, 43.6442151 ], [ -79.6018444, 43.6441129 ], [ -79.6018066, 43.6440705 ], [ -79.6017328, 43.6440258 ], [ -79.6016456, 43.6439996 ], [ -79.6015369, 43.6439909 ], [ -79.6012862, 43.6440161 ], [ -79.601144, 43.6440181 ], [ -79.6010253, 43.6440072 ], [ -79.6004695, 43.64389 ], [ -79.6001677, 43.6438434 ], [ -79.5998779, 43.6438233 ], [ -79.5994623, 43.6437551 ], [ -79.5992303, 43.6436978 ], [ -79.5990131, 43.6436218 ], [ -79.5987596, 43.643495 ], [ -79.5985986, 43.6433591 ], [ -79.5984214, 43.6432383 ], [ -79.5982566, 43.6431602 ], [ -79.5981038, 43.6431262 ], [ -79.5979593, 43.6431155 ], [ -79.5970865, 43.6430705 ], [ -79.5965964, 43.6430573 ], [ -79.596135, 43.643076 ], [ -79.5958333, 43.6431398 ], [ -79.5954528, 43.6432826 ], [ -79.5950581, 43.6434426 ], [ -79.5947135, 43.6436571 ], [ -79.5941743, 43.6440501 ], [ -79.5938502, 43.6442248 ], [ -79.5929103, 43.6447171 ], [ -79.5926575, 43.6447751 ], [ -79.5924769, 43.6447829 ], [ -79.5923097, 43.6447772 ], [ -79.5921611, 43.6447462 ], [ -79.5919843, 43.6446935 ], [ -79.5917064, 43.6445956 ], [ -79.5911099, 43.6442743 ], [ -79.5904612, 43.6440008 ], [ -79.5898473, 43.6436218 ], [ -79.5895599, 43.6433283 ], [ -79.5892731, 43.6429408 ], [ -79.5890818, 43.6428111 ], [ -79.5889072, 43.6427143 ], [ -79.5887033, 43.6426258 ], [ -79.5885338, 43.6425847 ], [ -79.5884089, 43.6425429 ], [ -79.5883035, 43.6424915 ], [ -79.5880736, 43.6422353 ], [ -79.5879718, 43.6420097 ], [ -79.5879798, 43.6418686 ], [ -79.5878322, 43.6416821 ], [ -79.5877563, 43.641352 ], [ -79.5877782, 43.6412252 ], [ -79.5876955, 43.6410789 ], [ -79.5876201, 43.641048 ], [ -79.5874916, 43.6410386 ], [ -79.5874245, 43.6409921 ], [ -79.5873588, 43.6409057 ], [ -79.5873372, 43.6407934 ], [ -79.5873788, 43.640667 ], [ -79.5873763, 43.6405495 ], [ -79.5873132, 43.640369 ], [ -79.5871889, 43.6402283 ], [ -79.5871268, 43.6401254 ], [ -79.5870759, 43.6398614 ], [ -79.5869812, 43.6395776 ], [ -79.5868556, 43.6392925 ], [ -79.5866789, 43.6389898 ], [ -79.5864764, 43.638687 ] ] ] } }
]
}
