{
"type": "FeatureCollection",
"name": "vancouver-overture-macrohood-2026-08-19.0",
"crs": { "type": "name", "properties": { "name": "urn:ogc:def:crs:OGC:1.3:CRS84" } },
"features": [
{ "type": "Feature", "properties": { "name": "West End", "overture_id": "9af2b165-154e-4bef-beaf-68ae2f20eb91", "division_id": "7d27349f-091e-4d05-a2fa-d1f18a1702cd" }, "geometry": { "type": "Polygon", "coordinates": [ [ [ -123.1347042, 49.2753697 ], [ -123.1337652, 49.2759886 ], [ -123.1324573, 49.2769012 ], [ -123.1211641, 49.284402 ], [ -123.1350214, 49.2934211 ], [ -123.1351217, 49.2935006 ], [ -123.1364776, 49.2943707 ], [ -123.1365776, 49.2944558 ], [ -123.1366385, 49.2945153 ], [ -123.1367032, 49.2945907 ], [ -123.1373221, 49.2942075 ], [ -123.1381693, 49.2936267 ], [ -123.1382317, 49.2936122 ], [ -123.1399313, 49.293311 ], [ -123.1409144, 49.2931496 ], [ -123.1418804, 49.2930144 ], [ -123.1421148, 49.2927309 ], [ -123.1429963, 49.2921553 ], [ -123.1439392, 49.291545 ], [ -123.1449974, 49.2908499 ], [ -123.1452468, 49.2906875 ], [ -123.1463926, 49.2899909 ], [ -123.1462348, 49.2899667 ], [ -123.1461563, 49.2899381 ], [ -123.1460874, 49.2898983 ], [ -123.1459755, 49.2898034 ], [ -123.145887, 49.2897147 ], [ -123.1459071, 49.2897034 ], [ -123.1459674, 49.2896775 ], [ -123.1459016, 49.2896712 ], [ -123.1458241, 49.2896685 ], [ -123.1457331, 49.2896643 ], [ -123.1456911, 49.2896391 ], [ -123.1453459, 49.2894321 ], [ -123.1453094, 49.289414 ], [ -123.1452705, 49.2894044 ], [ -123.1452356, 49.2894017 ], [ -123.1451947, 49.2894052 ], [ -123.1451692, 49.2894105 ], [ -123.1451498, 49.2894175 ], [ -123.1450578, 49.289453 ], [ -123.144991, 49.2894585 ], [ -123.144915, 49.2894462 ], [ -123.1446771, 49.2893195 ], [ -123.1445724, 49.2892415 ], [ -123.1444652, 49.2891504 ], [ -123.1443439, 49.2890641 ], [ -123.1442946, 49.2890352 ], [ -123.1442211, 49.2889921 ], [ -123.1440776, 49.2888973 ], [ -123.1439536, 49.2888175 ], [ -123.1438372, 49.2886648 ], [ -123.1434735, 49.2884588 ], [ -123.1433951, 49.2883338 ], [ -123.1433871, 49.2882204 ], [ -123.1433561, 49.288001 ], [ -123.1433516, 49.2876491 ], [ -123.1433718, 49.2871465 ], [ -123.1434371, 49.286631 ], [ -123.1436119, 49.2860977 ], [ -123.1437519, 49.2853822 ], [ -123.1438297, 49.2847293 ], [ -123.1438555, 49.2845213 ], [ -123.1438706, 49.2844824 ], [ -123.1440327, 49.2844709 ], [ -123.1441522, 49.2844545 ], [ -123.1441741, 49.2844338 ], [ -123.1441879, 49.2843968 ], [ -123.1441925, 49.2843407 ], [ -123.144165, 49.2842882 ], [ -123.1440951, 49.2842448 ], [ -123.143835, 49.2841469 ], [ -123.1435697, 49.2840845 ], [ -123.143212, 49.283881 ], [ -123.1429101, 49.283575 ], [ -123.142893, 49.2835577 ], [ -123.1423705, 49.2827209 ], [ -123.1417295, 49.2818748 ], [ -123.1416188, 49.2816333 ], [ -123.1415746, 49.2815733 ], [ -123.1414074, 49.2814595 ], [ -123.1413397, 49.2814153 ], [ -123.1412613, 49.2813378 ], [ -123.1412264, 49.2812697 ], [ -123.141209, 49.2811971 ], [ -123.1412507, 49.2810874 ], [ -123.1412445, 49.2810351 ], [ -123.1412161, 49.2808211 ], [ -123.1411757, 49.2807973 ], [ -123.1411279, 49.2808012 ], [ -123.1410964, 49.2808469 ], [ -123.1410814, 49.2808892 ], [ -123.141093, 49.2809084 ], [ -123.1410997, 49.2809792 ], [ -123.141103, 49.2809992 ], [ -123.1411117, 49.2810658 ], [ -123.1410031, 49.2811349 ], [ -123.1408564, 49.281156 ], [ -123.1407054, 49.2811218 ], [ -123.1405517, 49.2810315 ], [ -123.1404393, 49.2809494 ], [ -123.1403464, 49.2808559 ], [ -123.1402776, 49.2807549 ], [ -123.1402349, 49.2806689 ], [ -123.1402212, 49.2805791 ], [ -123.1402101, 49.2805084 ], [ -123.1402183, 49.280228 ], [ -123.1402956, 49.2797408 ], [ -123.1402845, 49.2797035 ], [ -123.1402287, 49.2796738 ], [ -123.1399765, 49.2796266 ], [ -123.1397926, 49.2796172 ], [ -123.1396706, 49.2796509 ], [ -123.1396499, 49.2796931 ], [ -123.1395815, 49.2797019 ], [ -123.1394976, 49.2796816 ], [ -123.1394217, 49.2796348 ], [ -123.1393805, 49.2795498 ], [ -123.1393276, 49.2794063 ], [ -123.1393274, 49.2792293 ], [ -123.1393632, 49.2790185 ], [ -123.1393871, 49.278902 ], [ -123.1394453, 49.2788945 ], [ -123.1394918, 49.2788863 ], [ -123.1395062, 49.2788703 ], [ -123.1394997, 49.2788454 ], [ -123.1394888, 49.2788357 ], [ -123.1394608, 49.278821 ], [ -123.1389064, 49.2787588 ], [ -123.1387675, 49.2787841 ], [ -123.1387, 49.2788278 ], [ -123.1386513, 49.2788413 ], [ -123.1385701, 49.2788351 ], [ -123.1384884, 49.2787987 ], [ -123.1383871, 49.2787286 ], [ -123.1383622, 49.2786976 ], [ -123.1383314, 49.2786062 ], [ -123.1383036, 49.2784826 ], [ -123.1383175, 49.2782654 ], [ -123.1383662, 49.278059 ], [ -123.1384214, 49.2779219 ], [ -123.1384217, 49.2778708 ], [ -123.13838, 49.2778254 ], [ -123.1379632, 49.2776683 ], [ -123.1379107, 49.2775774 ], [ -123.1378369, 49.2774859 ], [ -123.1377894, 49.2774514 ], [ -123.1377575, 49.2774366 ], [ -123.1377243, 49.2774284 ], [ -123.1377008, 49.2774264 ], [ -123.1376809, 49.277429 ], [ -123.1376628, 49.2774382 ], [ -123.1376554, 49.2774509 ], [ -123.1376645, 49.2775112 ], [ -123.1376843, 49.2775532 ], [ -123.1377134, 49.277577 ], [ -123.1378365, 49.2776626 ], [ -123.1377603, 49.2776935 ], [ -123.137689, 49.277715 ], [ -123.1376159, 49.2777277 ], [ -123.1375357, 49.2777302 ], [ -123.13741, 49.2777171 ], [ -123.1372447, 49.2776849 ], [ -123.1370958, 49.2776324 ], [ -123.1369261, 49.2775512 ], [ -123.1368072, 49.2774735 ], [ -123.1366915, 49.2773843 ], [ -123.1366014, 49.2772773 ], [ -123.1365508, 49.2771946 ], [ -123.1365084, 49.2770784 ], [ -123.1364576, 49.2769083 ], [ -123.1363775, 49.2767303 ], [ -123.1363262, 49.2766467 ], [ -123.1362186, 49.2765118 ], [ -123.1360918, 49.2763387 ], [ -123.1360425, 49.2762339 ], [ -123.1360284, 49.2761472 ], [ -123.1360295, 49.276026 ], [ -123.136072, 49.2759292 ], [ -123.1363132, 49.2758501 ], [ -123.1362937, 49.2758212 ], [ -123.1361203, 49.275565 ], [ -123.1358905, 49.2755903 ], [ -123.1355975, 49.275417 ], [ -123.1350571, 49.2755938 ], [ -123.1349671, 49.2755366 ], [ -123.1347042, 49.2753697 ] ] ] } },
{ "type": "Feature", "properties": { "name": "Grandview-Woodland", "overture_id": "c15e506a-b8d3-480a-9b2c-79e048437ec3", "division_id": "a7172d92-0741-4246-adb4-8ca6550c5793" }, "geometry": { "type": "Polygon", "coordinates": [ [ [ -123.0770747, 49.2818233 ], [ -123.077121, 49.2812848 ], [ -123.0774554, 49.2656143 ], [ -123.0774974, 49.2651945 ], [ -123.0775077, 49.2623746 ], [ -123.0571533, 49.2622457 ], [ -123.0568611, 49.2622178 ], [ -123.0566336, 49.2621652 ], [ -123.0566185, 49.269486 ], [ -123.0565148, 49.2918956 ], [ -123.05684, 49.2919473 ], [ -123.057171, 49.2918135 ], [ -123.057514, 49.2916579 ], [ -123.0578141, 49.2914524 ], [ -123.058612, 49.2909495 ], [ -123.0592548, 49.2906323 ], [ -123.0595573, 49.2904854 ], [ -123.0598829, 49.2903111 ], [ -123.0599596, 49.290287 ], [ -123.0601963, 49.2901478 ], [ -123.0604354, 49.2900262 ], [ -123.0604839, 49.2899625 ], [ -123.0605122, 49.289927 ], [ -123.0606956, 49.2898827 ], [ -123.0609448, 49.2899495 ], [ -123.061048, 49.2899521 ], [ -123.0612353, 49.2898296 ], [ -123.0613915, 49.2896661 ], [ -123.0614161, 49.2895805 ], [ -123.0615628, 49.2893994 ], [ -123.0617965, 49.2891411 ], [ -123.0619266, 49.2890522 ], [ -123.062037, 49.2889866 ], [ -123.062329, 49.2888545 ], [ -123.0624268, 49.2887097 ], [ -123.0625755, 49.2885156 ], [ -123.0626035, 49.2884404 ], [ -123.0626107, 49.2884183 ], [ -123.0625962, 49.288349 ], [ -123.062535, 49.2882075 ], [ -123.0625186, 49.2881789 ], [ -123.062508, 49.2881363 ], [ -123.0626, 49.2880922 ], [ -123.0627082, 49.2880714 ], [ -123.0628723, 49.2880882 ], [ -123.0632258, 49.2882019 ], [ -123.063382, 49.2881985 ], [ -123.0635617, 49.2880982 ], [ -123.06355, 49.2880104 ], [ -123.063594, 49.287947 ], [ -123.0635819, 49.2879067 ], [ -123.0634301, 49.2878318 ], [ -123.063468, 49.2877481 ], [ -123.063521, 49.2875362 ], [ -123.063866, 49.2875601 ], [ -123.0639676, 49.287477 ], [ -123.0640574, 49.2872491 ], [ -123.0641476, 49.2871643 ], [ -123.064274, 49.2868845 ], [ -123.0642906, 49.2867188 ], [ -123.0642959, 49.2866662 ], [ -123.0644071, 49.2865725 ], [ -123.0646606, 49.2865812 ], [ -123.0648596, 49.2866076 ], [ -123.0649277, 49.2867357 ], [ -123.0649005, 49.2871387 ], [ -123.0649107, 49.2872472 ], [ -123.0649126, 49.2873159 ], [ -123.0653986, 49.2873115 ], [ -123.0654692, 49.2872956 ], [ -123.0655483, 49.2872855 ], [ -123.0655744, 49.2873146 ], [ -123.0655504, 49.287403 ], [ -123.065583, 49.2874427 ], [ -123.065786, 49.287449 ], [ -123.0663303, 49.2874609 ], [ -123.0669189, 49.2874581 ], [ -123.0669864, 49.2874493 ], [ -123.0670343, 49.2874138 ], [ -123.0671044, 49.2873371 ], [ -123.0670845, 49.2866228 ], [ -123.067345, 49.2865797 ], [ -123.0685884, 49.2865899 ], [ -123.0685626, 49.2878236 ], [ -123.0685259, 49.289645 ], [ -123.0688393, 49.289646 ], [ -123.0697891, 49.2896491 ], [ -123.0698091, 49.2880117 ], [ -123.0770042, 49.289524 ], [ -123.0770747, 49.2818233 ] ] ] } },
{ "type": "Feature", "properties": { "name": "Strathcona", "overture_id": "11ee3e86-9014-40ac-b59f-690cea4e540d", "division_id": "dd37ea17-4749-4b58-ac3e-698f8fb08cfd" }, "geometry": { "type": "Polygon", "coordinates": [ [ [ -123.0774554, 49.2656143 ], [ -123.077121, 49.2812848 ], [ -123.0770747, 49.2818233 ], [ -123.0770042, 49.289524 ], [ -123.0778225, 49.2896936 ], [ -123.0778592, 49.2896873 ], [ -123.0778895, 49.2896712 ], [ -123.0779084, 49.2896398 ], [ -123.0779086, 49.289043 ], [ -123.0778991, 49.2890207 ], [ -123.0778852, 49.289004 ], [ -123.0778653, 49.2889874 ], [ -123.0778236, 49.2889756 ], [ -123.0771923, 49.2888467 ], [ -123.0772068, 49.2874556 ], [ -123.0772555, 49.2874484 ], [ -123.0773032, 49.2874278 ], [ -123.0773906, 49.2873899 ], [ -123.0776651, 49.287279 ], [ -123.0778206, 49.2872696 ], [ -123.077968, 49.2872053 ], [ -123.0781686, 49.287131 ], [ -123.0782929, 49.287083 ], [ -123.0783763, 49.2870355 ], [ -123.0785072, 49.2869751 ], [ -123.078606, 49.2869568 ], [ -123.0788855, 49.2870148 ], [ -123.0791319, 49.2870659 ], [ -123.0792309, 49.2871407 ], [ -123.0792797, 49.287166 ], [ -123.0794071, 49.2871882 ], [ -123.0795791, 49.2871816 ], [ -123.0797209, 49.2871609 ], [ -123.0797656, 49.2871017 ], [ -123.0797831, 49.2870123 ], [ -123.0797634, 49.2855457 ], [ -123.0798193, 49.2853363 ], [ -123.0798229, 49.2851729 ], [ -123.0798754, 49.2851561 ], [ -123.0799737, 49.2851436 ], [ -123.0801305, 49.2851658 ], [ -123.0801837, 49.2854159 ], [ -123.0802299, 49.285494 ], [ -123.0802695, 49.2856288 ], [ -123.0802532, 49.2857928 ], [ -123.0802701, 49.2862015 ], [ -123.0803134, 49.286469 ], [ -123.0803061, 49.2867404 ], [ -123.0803743, 49.2870205 ], [ -123.0809514, 49.2870524 ], [ -123.08115, 49.286969 ], [ -123.0812254, 49.2869526 ], [ -123.0813255, 49.2868792 ], [ -123.0815307, 49.2865418 ], [ -123.0816905, 49.28637 ], [ -123.0820834, 49.2863335 ], [ -123.0822111, 49.2862209 ], [ -123.0822602, 49.2861049 ], [ -123.0821558, 49.2857617 ], [ -123.0819591, 49.2854175 ], [ -123.082, 49.2850575 ], [ -123.0820526, 49.2849276 ], [ -123.0822348, 49.2849003 ], [ -123.082288, 49.2848758 ], [ -123.082316, 49.2848478 ], [ -123.0823349, 49.28475 ], [ -123.082379, 49.2846457 ], [ -123.082459, 49.2845022 ], [ -123.0825193, 49.2839591 ], [ -123.082541, 49.283893 ], [ -123.0826669, 49.2838037 ], [ -123.0827748, 49.2837653 ], [ -123.0830051, 49.283772 ], [ -123.0832721, 49.283764 ], [ -123.0838825, 49.2837856 ], [ -123.0840647, 49.2838219 ], [ -123.0840961, 49.2838593 ], [ -123.084113, 49.2840094 ], [ -123.0841243, 49.2843494 ], [ -123.0841082, 49.2847294 ], [ -123.0841337, 49.2847547 ], [ -123.0841344, 49.2848298 ], [ -123.0841122, 49.2849181 ], [ -123.0841554, 49.2849478 ], [ -123.0841974, 49.2849485 ], [ -123.0843042, 49.2849503 ], [ -123.0842559, 49.286196 ], [ -123.0843071, 49.2862125 ], [ -123.0845554, 49.2862584 ], [ -123.0845637, 49.2862727 ], [ -123.0847523, 49.2862734 ], [ -123.0847639, 49.2862591 ], [ -123.0850245, 49.2862282 ], [ -123.0850756, 49.2862285 ], [ -123.085211, 49.2862483 ], [ -123.0865743, 49.2866323 ], [ -123.0865966, 49.2866676 ], [ -123.0866057, 49.2867361 ], [ -123.0866089, 49.2881397 ], [ -123.0866175, 49.288156 ], [ -123.0866379, 49.2881704 ], [ -123.0877459, 49.2884951 ], [ -123.0879167, 49.2884673 ], [ -123.0917402, 49.2895324 ], [ -123.091805, 49.2879638 ], [ -123.0927711, 49.2882294 ], [ -123.1000433, 49.2902458 ], [ -123.1010337, 49.2905171 ], [ -123.1012037, 49.290263 ], [ -123.1012384, 49.2902112 ], [ -123.1012959, 49.2902053 ], [ -123.101338, 49.2901727 ], [ -123.1017882, 49.2895303 ], [ -123.1021264, 49.2889813 ], [ -123.102181, 49.2888927 ], [ -123.1022048, 49.2888023 ], [ -123.1021934, 49.2887138 ], [ -123.1021606, 49.2886094 ], [ -123.1021017, 49.2885293 ], [ -123.1019927, 49.2884374 ], [ -123.1018855, 49.2883842 ], [ -123.1014353, 49.2882507 ], [ -123.0999256, 49.2878652 ], [ -123.0984122, 49.2874911 ], [ -123.0975114, 49.2872373 ], [ -123.0972434, 49.2871436 ], [ -123.097145, 49.2870868 ], [ -123.0964089, 49.2864948 ], [ -123.0963319, 49.2864167 ], [ -123.0963268, 49.2863906 ], [ -123.0963731, 49.2863583 ], [ -123.0963917, 49.2863013 ], [ -123.0963787, 49.286257 ], [ -123.0961715, 49.2859083 ], [ -123.0962064, 49.2856712 ], [ -123.0976669, 49.2854022 ], [ -123.097742, 49.2853893 ], [ -123.0978147, 49.2854016 ], [ -123.0980522, 49.2855814 ], [ -123.098218, 49.2857591 ], [ -123.0983992, 49.2863198 ], [ -123.0985719, 49.2865853 ], [ -123.098629, 49.2867255 ], [ -123.0986938, 49.2868647 ], [ -123.0987835, 49.286926 ], [ -123.0988623, 49.2869569 ], [ -123.0993199, 49.2870315 ], [ -123.0994401, 49.2870085 ], [ -123.0998114, 49.2786081 ], [ -123.0998336, 49.2776829 ], [ -123.0998527, 49.2772808 ], [ -123.1000356, 49.2728348 ], [ -123.1000846, 49.2720132 ], [ -123.1001042, 49.2718992 ], [ -123.1001533, 49.271766 ], [ -123.1005243, 49.2711025 ], [ -123.1005714, 49.2709501 ], [ -123.1006087, 49.2707926 ], [ -123.100644, 49.2703661 ], [ -123.1006671, 49.2701372 ], [ -123.1007068, 49.2690763 ], [ -123.1003025, 49.2689239 ], [ -123.0995467, 49.2685345 ], [ -123.0971558, 49.2671998 ], [ -123.0966749, 49.2670128 ], [ -123.0961979, 49.2668963 ], [ -123.0958465, 49.2668501 ], [ -123.0955619, 49.2668296 ], [ -123.0908744, 49.2668015 ], [ -123.0900087, 49.2668027 ], [ -123.0894139, 49.2667579 ], [ -123.0890586, 49.266699 ], [ -123.0818487, 49.2653156 ], [ -123.0813933, 49.265258 ], [ -123.0811266, 49.2652367 ], [ -123.0809047, 49.2652325 ], [ -123.0774974, 49.2651945 ], [ -123.0774554, 49.2656143 ] ] ] } },
{ "type": "Feature", "properties": { "name": "Downtown", "overture_id": "6650e638-14a8-420a-80e8-9a8c275de68a", "division_id": "7eec5d42-7982-4d36-9a2d-40e83d56175f" }, "geometry": { "type": "Polygon", "coordinates": [ [ [ -123.1033831, 49.2754706 ], [ -123.1033662, 49.2753937 ], [ -123.1033464, 49.2752261 ], [ -123.1033637, 49.2750324 ], [ -123.1033875, 49.2749773 ], [ -123.1033763, 49.2740427 ], [ -123.1032404, 49.2737225 ], [ -123.1029887, 49.2735091 ], [ -123.1028807, 49.2732318 ], [ -123.102803, 49.2730704 ], [ -123.1023027, 49.2730289 ], [ -123.101664, 49.2730073 ], [ -123.1000356, 49.2728348 ], [ -123.0998527, 49.2772808 ], [ -123.0998336, 49.2776829 ], [ -123.0998114, 49.2786081 ], [ -123.0994401, 49.2870085 ], [ -123.0995277, 49.2869384 ], [ -123.0995473, 49.2860754 ], [ -123.0995511, 49.2860057 ], [ -123.0996323, 49.2857473 ], [ -123.0997695, 49.2855817 ], [ -123.0998252, 49.285557 ], [ -123.1000558, 49.2855598 ], [ -123.1005923, 49.2855415 ], [ -123.1010818, 49.2855161 ], [ -123.1013908, 49.2854645 ], [ -123.1016853, 49.2853818 ], [ -123.1021474, 49.2853451 ], [ -123.1023646, 49.2853286 ], [ -123.1026037, 49.2853252 ], [ -123.1028768, 49.2853945 ], [ -123.1030177, 49.2854653 ], [ -123.103141, 49.2855642 ], [ -123.1031559, 49.2856197 ], [ -123.1031425, 49.2856587 ], [ -123.1031284, 49.2856995 ], [ -123.1031451, 49.2858543 ], [ -123.1031353, 49.2859565 ], [ -123.1031303, 49.2860628 ], [ -123.1031749, 49.2861847 ], [ -123.1032275, 49.2862686 ], [ -123.1033565, 49.2863342 ], [ -123.1034639, 49.2863708 ], [ -123.1035645, 49.2863725 ], [ -123.1037064, 49.2863417 ], [ -123.1038157, 49.2862938 ], [ -123.1038677, 49.2862253 ], [ -123.1039269, 49.2861249 ], [ -123.104049, 49.286062 ], [ -123.1042086, 49.2860471 ], [ -123.1043842, 49.2860838 ], [ -123.104576, 49.2861092 ], [ -123.1048027, 49.2861424 ], [ -123.105374, 49.2862824 ], [ -123.1055081, 49.2863393 ], [ -123.1057093, 49.2863393 ], [ -123.1058219, 49.2863944 ], [ -123.105952, 49.2864189 ], [ -123.1066098, 49.2866152 ], [ -123.1066755, 49.2866323 ], [ -123.1068452, 49.2866564 ], [ -123.107017, 49.28663 ], [ -123.107203, 49.2866467 ], [ -123.1074001, 49.2866345 ], [ -123.107546, 49.2866316 ], [ -123.1077196, 49.2865737 ], [ -123.1078671, 49.2865352 ], [ -123.1080215, 49.2865027 ], [ -123.1081466, 49.286484 ], [ -123.1084745, 49.2863818 ], [ -123.1087197, 49.2863268 ], [ -123.1090156, 49.2862404 ], [ -123.1091755, 49.2862312 ], [ -123.1093311, 49.2862526 ], [ -123.1095087, 49.2863184 ], [ -123.1101609, 49.2871275 ], [ -123.1102704, 49.287235 ], [ -123.110387, 49.2873606 ], [ -123.1104386, 49.287379 ], [ -123.110462, 49.2873729 ], [ -123.1104749, 49.2873544 ], [ -123.1104795, 49.2873309 ], [ -123.1103254, 49.2871306 ], [ -123.1103159, 49.2870972 ], [ -123.1103257, 49.2870679 ], [ -123.1110551, 49.2868081 ], [ -123.1112153, 49.2868444 ], [ -123.1112377, 49.2868157 ], [ -123.1114834, 49.28691 ], [ -123.1116386, 49.2869774 ], [ -123.111576, 49.2870346 ], [ -123.1125732, 49.2874312 ], [ -123.1127607, 49.2875024 ], [ -123.1127576, 49.2875063 ], [ -123.112626, 49.2876854 ], [ -123.1067532, 49.2897649 ], [ -123.1067251, 49.2897796 ], [ -123.1067207, 49.2897998 ], [ -123.1067328, 49.2898153 ], [ -123.1067637, 49.2898258 ], [ -123.110522, 49.2894624 ], [ -123.114322, 49.2881029 ], [ -123.1149518, 49.2882896 ], [ -123.114973, 49.2884214 ], [ -123.1147666, 49.2886325 ], [ -123.1144995, 49.2888878 ], [ -123.1141172, 49.2892475 ], [ -123.1139705, 49.2894209 ], [ -123.1143385, 49.2894962 ], [ -123.1152277, 49.2896907 ], [ -123.1157809, 49.289838 ], [ -123.116237, 49.2899599 ], [ -123.1165686, 49.2900961 ], [ -123.1164935, 49.2902132 ], [ -123.1166657, 49.2902562 ], [ -123.116682, 49.2902383 ], [ -123.1167647, 49.2901594 ], [ -123.1176561, 49.2905253 ], [ -123.117767, 49.2904312 ], [ -123.11796, 49.2902895 ], [ -123.1181514, 49.2901789 ], [ -123.1183617, 49.2900754 ], [ -123.1186938, 49.2899647 ], [ -123.1188155, 49.2899346 ], [ -123.1188229, 49.2899527 ], [ -123.1189391, 49.2899382 ], [ -123.1189391, 49.2898696 ], [ -123.1190743, 49.2898678 ], [ -123.1197347, 49.2899351 ], [ -123.1205626, 49.2901193 ], [ -123.121214, 49.2903346 ], [ -123.1219903, 49.2906865 ], [ -123.1227967, 49.2911561 ], [ -123.1232769, 49.2914568 ], [ -123.1233326, 49.2914613 ], [ -123.1234057, 49.2914593 ], [ -123.1234803, 49.2914376 ], [ -123.1235228, 49.2913832 ], [ -123.1235236, 49.2913272 ], [ -123.1234848, 49.2912795 ], [ -123.1235946, 49.2912118 ], [ -123.1240112, 49.2909384 ], [ -123.1243612, 49.2907345 ], [ -123.1247644, 49.2905905 ], [ -123.1250094, 49.2905452 ], [ -123.1252482, 49.2905153 ], [ -123.1254907, 49.2905097 ], [ -123.1257248, 49.2905265 ], [ -123.1257434, 49.2905629 ], [ -123.1258162, 49.2905979 ], [ -123.1259449, 49.2906384 ], [ -123.1260344, 49.2906646 ], [ -123.1261295, 49.2906795 ], [ -123.1262899, 49.2906935 ], [ -123.1263692, 49.2906748 ], [ -123.1266787, 49.2908181 ], [ -123.1271396, 49.291115 ], [ -123.1271787, 49.2911859 ], [ -123.1272804, 49.2912549 ], [ -123.1273653, 49.2912922 ], [ -123.1274324, 49.2913023 ], [ -123.1283652, 49.2918972 ], [ -123.1273639, 49.2925651 ], [ -123.1272264, 49.2926539 ], [ -123.1272601, 49.2926765 ], [ -123.1274347, 49.2927897 ], [ -123.1275729, 49.2927132 ], [ -123.1275896, 49.2927248 ], [ -123.1276215, 49.2927469 ], [ -123.1277032, 49.2927996 ], [ -123.1277339, 49.2928136 ], [ -123.1285682, 49.2930825 ], [ -123.1286439, 49.2931107 ], [ -123.1287001, 49.2931321 ], [ -123.1287472, 49.2931551 ], [ -123.1287959, 49.2931833 ], [ -123.1291293, 49.2933891 ], [ -123.1291602, 49.2934091 ], [ -123.1294531, 49.2936047 ], [ -123.1294704, 49.2935929 ], [ -123.1295182, 49.2935615 ], [ -123.1296059, 49.2935065 ], [ -123.1296372, 49.293486 ], [ -123.1296559, 49.2934728 ], [ -123.1296758, 49.2934597 ], [ -123.1296845, 49.293451 ], [ -123.1305771, 49.2928535 ], [ -123.1306769, 49.2929175 ], [ -123.1307387, 49.2928784 ], [ -123.1312783, 49.2932322 ], [ -123.1313864, 49.2931663 ], [ -123.1320434, 49.2935824 ], [ -123.1320551, 49.2935905 ], [ -123.1321783, 49.2935094 ], [ -123.1323407, 49.2936183 ], [ -123.1325123, 49.2937235 ], [ -123.132588, 49.2938043 ], [ -123.1326303, 49.293858 ], [ -123.1327222, 49.2939511 ], [ -123.1328208, 49.2940102 ], [ -123.1330505, 49.2941143 ], [ -123.133435, 49.2942883 ], [ -123.1335431, 49.2943513 ], [ -123.1335891, 49.2943707 ], [ -123.1336365, 49.2944016 ], [ -123.1336976, 49.2944361 ], [ -123.1337238, 49.2945243 ], [ -123.1337521, 49.2945643 ], [ -123.1337486, 49.2945673 ], [ -123.1336494, 49.294667 ], [ -123.1336394, 49.2946785 ], [ -123.1336359, 49.2946925 ], [ -123.1336344, 49.2947131 ], [ -123.1336371, 49.2947321 ], [ -123.1336475, 49.2947614 ], [ -123.133664, 49.2947945 ], [ -123.1336942, 49.294834 ], [ -123.1337534, 49.2949195 ], [ -123.1337957, 49.29496 ], [ -123.1338396, 49.2949946 ], [ -123.1338815, 49.2950211 ], [ -123.1339616, 49.2950681 ], [ -123.1340776, 49.2951251 ], [ -123.1341822, 49.2951717 ], [ -123.1343435, 49.2952419 ], [ -123.1344424, 49.2952865 ], [ -123.1344943, 49.2953043 ], [ -123.1345377, 49.295313 ], [ -123.1345712, 49.2953165 ], [ -123.1346007, 49.2953173 ], [ -123.1346381, 49.2953155 ], [ -123.1346755, 49.2953117 ], [ -123.1347115, 49.2953059 ], [ -123.1347455, 49.2952987 ], [ -123.1348058, 49.2952805 ], [ -123.1348525, 49.2952643 ], [ -123.1348997, 49.2952424 ], [ -123.1349527, 49.2952125 ], [ -123.135062, 49.2951562 ], [ -123.1351272, 49.2951295 ], [ -123.1351765, 49.2951214 ], [ -123.1352298, 49.295118 ], [ -123.1353697, 49.2951257 ], [ -123.1355566, 49.2951769 ], [ -123.135619, 49.2952062 ], [ -123.1356633, 49.295242 ], [ -123.1367032, 49.2945907 ], [ -123.1366385, 49.2945153 ], [ -123.1365776, 49.2944558 ], [ -123.1364776, 49.2943707 ], [ -123.1351217, 49.2935006 ], [ -123.1350214, 49.2934211 ], [ -123.1211641, 49.284402 ], [ -123.1324573, 49.2769012 ], [ -123.1337652, 49.2759886 ], [ -123.1347042, 49.2753697 ], [ -123.1344089, 49.2751816 ], [ -123.1348101, 49.2749202 ], [ -123.1345439, 49.2747242 ], [ -123.1345979, 49.2746876 ], [ -123.1346262, 49.2746681 ], [ -123.1346444, 49.2746509 ], [ -123.1346605, 49.2746305 ], [ -123.1346705, 49.2746122 ], [ -123.1346774, 49.2745923 ], [ -123.1346789, 49.2745638 ], [ -123.1346739, 49.2745394 ], [ -123.1346625, 49.2745133 ], [ -123.1346391, 49.2744845 ], [ -123.1346153, 49.274465 ], [ -123.1345892, 49.2744493 ], [ -123.1345479, 49.2744315 ], [ -123.134504, 49.2744198 ], [ -123.1344561, 49.2744149 ], [ -123.1344184, 49.2744159 ], [ -123.1343778, 49.274422 ], [ -123.1343525, 49.2744281 ], [ -123.1343232, 49.2744375 ], [ -123.1342907, 49.2744546 ], [ -123.1342286, 49.2744955 ], [ -123.1342105, 49.2745073 ], [ -123.1340643, 49.2744176 ], [ -123.1340455, 49.2743908 ], [ -123.134048, 49.2743609 ], [ -123.1340858, 49.2743263 ], [ -123.1340608, 49.2742912 ], [ -123.1337042, 49.2740606 ], [ -123.1336736, 49.2740531 ], [ -123.1336416, 49.2740616 ], [ -123.1333316, 49.2742633 ], [ -123.1332669, 49.2742749 ], [ -123.133209, 49.2742675 ], [ -123.1328592, 49.2740427 ], [ -123.1329055, 49.2740162 ], [ -123.1329528, 49.2739854 ], [ -123.1329918, 49.2739456 ], [ -123.133019, 49.2739005 ], [ -123.1330326, 49.2738587 ], [ -123.1330387, 49.2738102 ], [ -123.1330317, 49.2737649 ], [ -123.1330171, 49.2737237 ], [ -123.1329901, 49.2736806 ], [ -123.1329681, 49.2736545 ], [ -123.1329365, 49.2736303 ], [ -123.1329054, 49.2736067 ], [ -123.1325675, 49.2733846 ], [ -123.1326152, 49.2733699 ], [ -123.1326929, 49.2733696 ], [ -123.1327017, 49.2732406 ], [ -123.1326641, 49.2732393 ], [ -123.1321352, 49.272913 ], [ -123.1320577, 49.2728652 ], [ -123.1319259, 49.2729486 ], [ -123.1315897, 49.2727246 ], [ -123.1316161, 49.2727056 ], [ -123.1315615, 49.272675 ], [ -123.1315084, 49.2726518 ], [ -123.1314527, 49.2726346 ], [ -123.1313887, 49.2726204 ], [ -123.1313091, 49.2726113 ], [ -123.1312214, 49.2726104 ], [ -123.131158, 49.2726152 ], [ -123.1310808, 49.2726284 ], [ -123.1310207, 49.2726457 ], [ -123.1309627, 49.272667 ], [ -123.1309152, 49.272695 ], [ -123.1306139, 49.2724986 ], [ -123.1308731, 49.2723264 ], [ -123.1299909, 49.2717606 ], [ -123.130049, 49.2717245 ], [ -123.1300768, 49.2716989 ], [ -123.1300961, 49.2716747 ], [ -123.1301094, 49.2716496 ], [ -123.1301161, 49.2716187 ], [ -123.1301156, 49.2715884 ], [ -123.1301031, 49.2715579 ], [ -123.1300811, 49.2715315 ], [ -123.1300566, 49.2715104 ], [ -123.1300236, 49.2714906 ], [ -123.1299851, 49.2714733 ], [ -123.1299361, 49.2714614 ], [ -123.1298904, 49.2714579 ], [ -123.1298422, 49.2714587 ], [ -123.1297951, 49.2714664 ], [ -123.1297509, 49.2714792 ], [ -123.1297119, 49.2715001 ], [ -123.1296767, 49.2715236 ], [ -123.1292307, 49.2718223 ], [ -123.1292141, 49.2718341 ], [ -123.1277794, 49.2709159 ], [ -123.1277538, 49.2709153 ], [ -123.1276102, 49.2709119 ], [ -123.1273332, 49.2707334 ], [ -123.1272601, 49.2706906 ], [ -123.1271917, 49.2706687 ], [ -123.1271166, 49.2706529 ], [ -123.1270389, 49.270649 ], [ -123.126468, 49.2706418 ], [ -123.1264492, 49.270658 ], [ -123.1263081, 49.2706334 ], [ -123.1260165, 49.2706356 ], [ -123.1258308, 49.2706455 ], [ -123.1257714, 49.270661 ], [ -123.1257304, 49.2706894 ], [ -123.125709, 49.2706761 ], [ -123.1255174, 49.2707978 ], [ -123.1258654, 49.2710257 ], [ -123.1256484, 49.2711899 ], [ -123.1247538, 49.2718786 ], [ -123.1247063, 49.2719257 ], [ -123.1246891, 49.2719367 ], [ -123.1246645, 49.2719416 ], [ -123.1246416, 49.2719411 ], [ -123.1246188, 49.2719346 ], [ -123.124414, 49.2718101 ], [ -123.1237628, 49.2718119 ], [ -123.1236902, 49.2718618 ], [ -123.1236703, 49.27187 ], [ -123.1236497, 49.2718745 ], [ -123.1236302, 49.2718758 ], [ -123.1236095, 49.2718737 ], [ -123.1235864, 49.271868 ], [ -123.1235611, 49.2718571 ], [ -123.1226171, 49.2712377 ], [ -123.1226413, 49.2712215 ], [ -123.1225532, 49.2711667 ], [ -123.1224175, 49.2710767 ], [ -123.1221787, 49.2712285 ], [ -123.1217541, 49.2709577 ], [ -123.121659, 49.2710161 ], [ -123.1214952, 49.2710787 ], [ -123.1213595, 49.2711171 ], [ -123.1212567, 49.2710983 ], [ -123.121054, 49.2710259 ], [ -123.1209715, 49.2709688 ], [ -123.1208652, 49.271042 ], [ -123.1207517, 49.2709604 ], [ -123.1206406, 49.2710309 ], [ -123.1205788, 49.2710273 ], [ -123.1205133, 49.2710286 ], [ -123.1204461, 49.2710354 ], [ -123.1203615, 49.2710505 ], [ -123.1202834, 49.2710729 ], [ -123.1201987, 49.2711089 ], [ -123.1201399, 49.2711445 ], [ -123.1200861, 49.2711876 ], [ -123.1200376, 49.2712404 ], [ -123.1200023, 49.2713 ], [ -123.1199844, 49.2713507 ], [ -123.1199802, 49.2714125 ], [ -123.11999, 49.2714654 ], [ -123.1199638, 49.2714839 ], [ -123.1198817, 49.2715417 ], [ -123.1198437, 49.2715518 ], [ -123.1198197, 49.2715671 ], [ -123.11979, 49.2716192 ], [ -123.1197675, 49.2716728 ], [ -123.119758, 49.271767 ], [ -123.1197285, 49.2717873 ], [ -123.1197307, 49.2726503 ], [ -123.1197253, 49.2726724 ], [ -123.1197168, 49.2726859 ], [ -123.1197055, 49.2726975 ], [ -123.1196832, 49.2727113 ], [ -123.1196487, 49.2727197 ], [ -123.1195624, 49.2727489 ], [ -123.1194989, 49.2727803 ], [ -123.1194452, 49.2728149 ], [ -123.1194043, 49.2728487 ], [ -123.1193628, 49.2729003 ], [ -123.1193516, 49.2729204 ], [ -123.1193426, 49.2729414 ], [ -123.1193348, 49.2729667 ], [ -123.1193307, 49.272992 ], [ -123.1193289, 49.2730171 ], [ -123.1193301, 49.2730423 ], [ -123.1193276, 49.2730547 ], [ -123.1193228, 49.2730657 ], [ -123.1193133, 49.2730794 ], [ -123.1192998, 49.2730902 ], [ -123.119281, 49.2730994 ], [ -123.1191596, 49.2731542 ], [ -123.119046, 49.2731939 ], [ -123.1189382, 49.2732298 ], [ -123.1188249, 49.2732637 ], [ -123.1188209, 49.2732556 ], [ -123.1186427, 49.2732885 ], [ -123.118647, 49.2732971 ], [ -123.1185769, 49.2733078 ], [ -123.1184918, 49.2733179 ], [ -123.1183911, 49.2733292 ], [ -123.1183239, 49.2733335 ], [ -123.1182251, 49.273338 ], [ -123.1181073, 49.2733394 ], [ -123.1180227, 49.2733379 ], [ -123.1179507, 49.2733369 ], [ -123.1178869, 49.2733329 ], [ -123.1178897, 49.2733239 ], [ -123.1178463, 49.2733082 ], [ -123.1178018, 49.2732965 ], [ -123.1177611, 49.2732895 ], [ -123.117713, 49.2732835 ], [ -123.1176642, 49.2732816 ], [ -123.117602, 49.2732838 ], [ -123.1175955, 49.2732953 ], [ -123.1175046, 49.2732768 ], [ -123.1174352, 49.2732605 ], [ -123.1173429, 49.2732379 ], [ -123.1172393, 49.2732051 ], [ -123.1171492, 49.2731735 ], [ -123.1170677, 49.2731433 ], [ -123.1169643, 49.2731004 ], [ -123.1168277, 49.2730378 ], [ -123.1167518, 49.2729974 ], [ -123.1166895, 49.2729613 ], [ -123.1165883, 49.2728974 ], [ -123.116512, 49.27284 ], [ -123.1162648, 49.2726432 ], [ -123.1162333, 49.2726368 ], [ -123.1161358, 49.2726119 ], [ -123.1158861, 49.2725918 ], [ -123.115776, 49.2725915 ], [ -123.115558, 49.2726062 ], [ -123.1153386, 49.2725749 ], [ -123.1151053, 49.2725872 ], [ -123.1150163, 49.272613 ], [ -123.114755, 49.2726137 ], [ -123.114615, 49.2726431 ], [ -123.114573, 49.2726573 ], [ -123.1138273, 49.2730094 ], [ -123.1137783, 49.2730075 ], [ -123.1136958, 49.2730083 ], [ -123.1135939, 49.273016 ], [ -123.1134675, 49.2730301 ], [ -123.1133282, 49.2730566 ], [ -123.1131909, 49.2730913 ], [ -123.1130906, 49.2731278 ], [ -123.1129854, 49.2731682 ], [ -123.1129036, 49.2732062 ], [ -123.1120359, 49.2736191 ], [ -123.1115934, 49.273828 ], [ -123.111189, 49.274015 ], [ -123.1112414, 49.2740633 ], [ -123.1111492, 49.2741274 ], [ -123.1110184, 49.2741466 ], [ -123.1108008, 49.2741272 ], [ -123.1104408, 49.274072 ], [ -123.1103459, 49.2740897 ], [ -123.1102306, 49.2744608 ], [ -123.1097244, 49.2744082 ], [ -123.1096941, 49.2744045 ], [ -123.1095798, 49.2743937 ], [ -123.109453, 49.2742877 ], [ -123.1094561, 49.2742564 ], [ -123.1093693, 49.2741765 ], [ -123.1092547, 49.2742341 ], [ -123.1092463, 49.2742722 ], [ -123.1092005, 49.2742685 ], [ -123.1092082, 49.2742321 ], [ -123.108938, 49.2742089 ], [ -123.108886, 49.2744635 ], [ -123.1087216, 49.2745242 ], [ -123.1086417, 49.2746159 ], [ -123.1086278, 49.2746941 ], [ -123.108638, 49.2747846 ], [ -123.1087053, 49.2748267 ], [ -123.108589, 49.2748815 ], [ -123.1084817, 49.2749321 ], [ -123.1085828, 49.2750106 ], [ -123.1085258, 49.2752441 ], [ -123.108554, 49.2752773 ], [ -123.1085642, 49.2753345 ], [ -123.1084787, 49.2756672 ], [ -123.1084042, 49.2757792 ], [ -123.1084096, 49.2758115 ], [ -123.1084527, 49.2758342 ], [ -123.1084511, 49.2758544 ], [ -123.1084277, 49.2758658 ], [ -123.10837, 49.2758693 ], [ -123.1082848, 49.2758579 ], [ -123.1081957, 49.27584 ], [ -123.1080629, 49.2758443 ], [ -123.1079093, 49.2758487 ], [ -123.1078376, 49.2758212 ], [ -123.1077848, 49.2757599 ], [ -123.1077366, 49.2757295 ], [ -123.1076957, 49.2757258 ], [ -123.1075953, 49.2757523 ], [ -123.1074619, 49.2757954 ], [ -123.1072091, 49.2758231 ], [ -123.1069785, 49.2758059 ], [ -123.1068051, 49.2757558 ], [ -123.106674, 49.2756954 ], [ -123.106557, 49.2756529 ], [ -123.1064079, 49.2756294 ], [ -123.1062506, 49.2756259 ], [ -123.1060763, 49.2756312 ], [ -123.1058886, 49.2756444 ], [ -123.1056995, 49.2756438 ], [ -123.1054209, 49.2756418 ], [ -123.1052727, 49.2756287 ], [ -123.1050999, 49.2756073 ], [ -123.1049731, 49.2755958 ], [ -123.1047907, 49.2755909 ], [ -123.1044656, 49.2755997 ], [ -123.1041036, 49.2756074 ], [ -123.103605, 49.2755815 ], [ -123.1035343, 49.2755688 ], [ -123.1034726, 49.2755519 ], [ -123.1034015, 49.2755133 ], [ -123.1033831, 49.2754706 ] ] ] } },
{ "type": "Feature", "properties": { "name": "Mount Pleasant", "overture_id": "74115566-14fc-4a99-a877-b5db7ec29c87", "division_id": "f942f30a-2f92-420b-af89-f0093bb9fca1" }, "geometry": { "type": "MultiPolygon", "coordinates": [ [ [ [ -123.1001042, 49.2718992 ], [ -123.1000846, 49.2720132 ], [ -123.1000356, 49.2728348 ], [ -123.101664, 49.2730073 ], [ -123.1023027, 49.2730289 ], [ -123.102803, 49.2730704 ], [ -123.1027979, 49.2725012 ], [ -123.1028058, 49.2724331 ], [ -123.1028366, 49.2723544 ], [ -123.102904, 49.272294 ], [ -123.1029836, 49.2722508 ], [ -123.1031446, 49.2722157 ], [ -123.1032535, 49.2722109 ], [ -123.1043783, 49.2721921 ], [ -123.1046771, 49.2721857 ], [ -123.1050383, 49.272183 ], [ -123.1053594, 49.2722026 ], [ -123.1055693, 49.2722108 ], [ -123.1056417, 49.272191 ], [ -123.105707, 49.2721864 ], [ -123.1057563, 49.272177 ], [ -123.1059839, 49.2722044 ], [ -123.1061056, 49.2722123 ], [ -123.1061423, 49.2721916 ], [ -123.1062258, 49.2720875 ], [ -123.1064139, 49.2720911 ], [ -123.1064905, 49.2721997 ], [ -123.1066407, 49.272261 ], [ -123.1068097, 49.2722882 ], [ -123.1070091, 49.2722949 ], [ -123.1071251, 49.2722864 ], [ -123.1071997, 49.2722634 ], [ -123.107246, 49.2722302 ], [ -123.1072655, 49.2722027 ], [ -123.1072732, 49.2721671 ], [ -123.1072582, 49.2721223 ], [ -123.1072435, 49.2720452 ], [ -123.1072224, 49.2720114 ], [ -123.1071845, 49.2719821 ], [ -123.107173, 49.2719468 ], [ -123.1071984, 49.271922 ], [ -123.1072997, 49.2718657 ], [ -123.1073194, 49.2718177 ], [ -123.1073076, 49.2717638 ], [ -123.1073459, 49.2717483 ], [ -123.1077776, 49.2717458 ], [ -123.107809, 49.2717581 ], [ -123.1078171, 49.2717779 ], [ -123.1078206, 49.2722745 ], [ -123.1078309, 49.2722993 ], [ -123.1078627, 49.2723165 ], [ -123.1088293, 49.2723448 ], [ -123.1089234, 49.2723562 ], [ -123.1090143, 49.272379 ], [ -123.1091477, 49.2724183 ], [ -123.1092221, 49.2724246 ], [ -123.1094757, 49.2724028 ], [ -123.1096162, 49.2723725 ], [ -123.1097433, 49.2723182 ], [ -123.1099037, 49.2722004 ], [ -123.1100609, 49.2720192 ], [ -123.1101933, 49.2719718 ], [ -123.1103863, 49.2719046 ], [ -123.1105194, 49.2718435 ], [ -123.1106318, 49.2717777 ], [ -123.1107653, 49.2717395 ], [ -123.1109053, 49.2717441 ], [ -123.1110051, 49.2717681 ], [ -123.111095, 49.2718221 ], [ -123.1111313, 49.2718605 ], [ -123.1111874, 49.2718357 ], [ -123.1112808, 49.2718478 ], [ -123.1113331, 49.271865 ], [ -123.1113625, 49.2718868 ], [ -123.1113736, 49.2719171 ], [ -123.1116675, 49.2718678 ], [ -123.111596, 49.2716866 ], [ -123.1121036, 49.2716006 ], [ -123.1122156, 49.2715932 ], [ -123.1123088, 49.2715805 ], [ -123.1124738, 49.2715348 ], [ -123.1129738, 49.2714281 ], [ -123.1135877, 49.2713113 ], [ -123.113606, 49.2713024 ], [ -123.1136109, 49.2712852 ], [ -123.1135956, 49.2712441 ], [ -123.1136144, 49.2712268 ], [ -123.1137458, 49.2712255 ], [ -123.1138211, 49.2712075 ], [ -123.1138545, 49.271206 ], [ -123.1138866, 49.2712146 ], [ -123.1140139, 49.2713675 ], [ -123.1140576, 49.2713832 ], [ -123.1141062, 49.2713865 ], [ -123.1146674, 49.2712894 ], [ -123.1148772, 49.2711507 ], [ -123.1147206, 49.2666762 ], [ -123.1150921, 49.2569188 ], [ -123.1087856, 49.2567697 ], [ -123.1051762, 49.2566474 ], [ -123.1049307, 49.2566426 ], [ -123.1012387, 49.2565837 ], [ -123.1002067, 49.2565943 ], [ -123.0898967, 49.2564502 ], [ -123.0778404, 49.2562373 ], [ -123.0778264, 49.2566104 ], [ -123.0776102, 49.2567612 ], [ -123.0775951, 49.2581228 ], [ -123.0775259, 49.2584406 ], [ -123.0775343, 49.2596105 ], [ -123.0775397, 49.260113 ], [ -123.0775723, 49.2612031 ], [ -123.0775077, 49.2623746 ], [ -123.0774974, 49.2651945 ], [ -123.0809047, 49.2652325 ], [ -123.0811266, 49.2652367 ], [ -123.0813933, 49.265258 ], [ -123.0818487, 49.2653156 ], [ -123.0890586, 49.266699 ], [ -123.0894139, 49.2667579 ], [ -123.0900087, 49.2668027 ], [ -123.0908744, 49.2668015 ], [ -123.0955619, 49.2668296 ], [ -123.0958465, 49.2668501 ], [ -123.0961979, 49.2668963 ], [ -123.0966749, 49.2670128 ], [ -123.0971558, 49.2671998 ], [ -123.0995467, 49.2685345 ], [ -123.1003025, 49.2689239 ], [ -123.1007068, 49.2690763 ], [ -123.1006671, 49.2701372 ], [ -123.100644, 49.2703661 ], [ -123.1006087, 49.2707926 ], [ -123.1005714, 49.2709501 ], [ -123.1005243, 49.2711025 ], [ -123.1001533, 49.271766 ], [ -123.1001042, 49.2718992 ] ] ], [ [ [ -123.1112921, 49.2721518 ], [ -123.1112011, 49.2721358 ], [ -123.1111193, 49.2721369 ], [ -123.1110631, 49.2721197 ], [ -123.1110516, 49.2720977 ], [ -123.1110489, 49.2720687 ], [ -123.1110241, 49.2720436 ], [ -123.1110007, 49.2720278 ], [ -123.1109754, 49.2720201 ], [ -123.110928, 49.2720146 ], [ -123.1108803, 49.2720242 ], [ -123.1107622, 49.2720605 ], [ -123.1105648, 49.2721464 ], [ -123.1104699, 49.2721595 ], [ -123.1104306, 49.2721368 ], [ -123.1103877, 49.2721348 ], [ -123.1103385, 49.2721683 ], [ -123.1102794, 49.2722256 ], [ -123.110189, 49.2722556 ], [ -123.1101039, 49.2723109 ], [ -123.1100908, 49.2723542 ], [ -123.1101166, 49.2723845 ], [ -123.1101667, 49.2724072 ], [ -123.1104642, 49.2724339 ], [ -123.1106502, 49.2724446 ], [ -123.1107353, 49.272422 ], [ -123.1108382, 49.2723798 ], [ -123.1109663, 49.27236 ], [ -123.1110733, 49.2723292 ], [ -123.1111918, 49.272303 ], [ -123.1113659, 49.2722123 ], [ -123.1113616, 49.2721872 ], [ -123.1112921, 49.2721518 ] ] ] ] } },
{ "type": "Feature", "properties": { "name": "Kensington-Cedar Cottage", "overture_id": "408e4880-6a1b-4708-a94c-c2492224480d", "division_id": "8e9b1ddf-9c2d-4abf-ad95-90b78b1db3d3" }, "geometry": { "type": "Polygon", "coordinates": [ [ [ -123.0566143, 49.2567561 ], [ -123.0566512, 49.2577897 ], [ -123.0566209, 49.2588846 ], [ -123.0566336, 49.2621652 ], [ -123.0568611, 49.2622178 ], [ -123.0571533, 49.2622457 ], [ -123.0775077, 49.2623746 ], [ -123.0775723, 49.2612031 ], [ -123.0775397, 49.260113 ], [ -123.0775343, 49.2596105 ], [ -123.0775259, 49.2584406 ], [ -123.0775951, 49.2581228 ], [ -123.0776102, 49.2567612 ], [ -123.0778264, 49.2566104 ], [ -123.0778404, 49.2562373 ], [ -123.0898967, 49.2564502 ], [ -123.0903952, 49.2401719 ], [ -123.0906055, 49.2328804 ], [ -123.090434, 49.23288 ], [ -123.0881604, 49.2328418 ], [ -123.0847766, 49.2328013 ], [ -123.0811049, 49.2327504 ], [ -123.0796738, 49.2327308 ], [ -123.0770361, 49.232716 ], [ -123.0748508, 49.2326982 ], [ -123.0740074, 49.2326643 ], [ -123.0716029, 49.2326342 ], [ -123.0701558, 49.2326016 ], [ -123.0687966, 49.2326225 ], [ -123.0670897, 49.2326078 ], [ -123.066338, 49.2326433 ], [ -123.0644387, 49.2328984 ], [ -123.0588612, 49.2328559 ], [ -123.0587285, 49.239769 ], [ -123.0586939, 49.240826 ], [ -123.058681, 49.2409757 ], [ -123.058627, 49.2411766 ], [ -123.0585377, 49.2413866 ], [ -123.0584463, 49.2415524 ], [ -123.0582998, 49.241743 ], [ -123.057977, 49.2420106 ], [ -123.0573182, 49.2426179 ], [ -123.0569658, 49.2429423 ], [ -123.0567395, 49.2432736 ], [ -123.0566633, 49.243568 ], [ -123.0566539, 49.2458772 ], [ -123.0566477, 49.2477362 ], [ -123.0566435, 49.2493642 ], [ -123.0565862, 49.2506504 ], [ -123.0566143, 49.2567561 ] ] ] } },
{ "type": "Feature", "properties": { "name": "Riley Park", "overture_id": "01cbc074-ecd6-4916-a35c-23e9331b9118", "division_id": "5b4dc9e9-9568-4c59-91cf-ccbe740ee68c" }, "geometry": { "type": "Polygon", "coordinates": [ [ [ -123.115961, 49.2380477 ], [ -123.1162419, 49.2335417 ], [ -123.1145693, 49.2334758 ], [ -123.1056504, 49.2331493 ], [ -123.1015264, 49.2330761 ], [ -123.0986949, 49.2330208 ], [ -123.0985717, 49.2329963 ], [ -123.0959549, 49.2329538 ], [ -123.0911646, 49.2328883 ], [ -123.0906055, 49.2328804 ], [ -123.0903952, 49.2401719 ], [ -123.0898967, 49.2564502 ], [ -123.1002067, 49.2565943 ], [ -123.1012387, 49.2565837 ], [ -123.1049307, 49.2566426 ], [ -123.1051762, 49.2566474 ], [ -123.1087856, 49.2567697 ], [ -123.1150921, 49.2569188 ], [ -123.1151655, 49.2548926 ], [ -123.1153676, 49.24901 ], [ -123.1155134, 49.2457103 ], [ -123.115643, 49.2451122 ], [ -123.1160037, 49.2445663 ], [ -123.1176803, 49.2434909 ], [ -123.118138, 49.242887 ], [ -123.1182715, 49.2425186 ], [ -123.1185132, 49.241131 ], [ -123.1184042, 49.2406047 ], [ -123.1161642, 49.2385923 ], [ -123.115961, 49.2380477 ] ] ] } },
{ "type": "Feature", "properties": { "name": "South Cambie", "overture_id": "1436f76b-bbd9-43f4-97e6-8513abc236e5", "division_id": "cabc3083-1f7a-40f9-b148-0ba5b33ef1ac" }, "geometry": { "type": "Polygon", "coordinates": [ [ [ -123.1281077, 49.2339602 ], [ -123.123965, 49.2338144 ], [ -123.1165643, 49.2335504 ], [ -123.1162419, 49.2335417 ], [ -123.115961, 49.2380477 ], [ -123.1161642, 49.2385923 ], [ -123.1184042, 49.2406047 ], [ -123.1185132, 49.241131 ], [ -123.1182715, 49.2425186 ], [ -123.118138, 49.242887 ], [ -123.1176803, 49.2434909 ], [ -123.1160037, 49.2445663 ], [ -123.115643, 49.2451122 ], [ -123.1155134, 49.2457103 ], [ -123.1153676, 49.24901 ], [ -123.1151655, 49.2548926 ], [ -123.1150921, 49.2569188 ], [ -123.1270258, 49.2571453 ], [ -123.1272428, 49.2571208 ], [ -123.1275412, 49.2489194 ], [ -123.1275554, 49.2486079 ], [ -123.1275966, 49.2480567 ], [ -123.1278503, 49.2414641 ], [ -123.1281077, 49.2339602 ] ] ] } },
{ "type": "Feature", "properties": { "name": "Shaughnessy", "overture_id": "0ef1572e-52fa-4257-879e-655edd6b5fb5", "division_id": "71358bc3-d919-46a6-88eb-e8b69e50a3ea" }, "geometry": { "type": "Polygon", "coordinates": [ [ [ -123.1472907, 49.2344527 ], [ -123.144775, 49.2344219 ], [ -123.1396795, 49.2343474 ], [ -123.1396548, 49.2343467 ], [ -123.1382616, 49.234309 ], [ -123.1351452, 49.2342099 ], [ -123.1303972, 49.2340501 ], [ -123.1281077, 49.2339602 ], [ -123.1278503, 49.2414641 ], [ -123.1275966, 49.2480567 ], [ -123.1275554, 49.2486079 ], [ -123.1275412, 49.2489194 ], [ -123.1272428, 49.2571208 ], [ -123.1274166, 49.2571014 ], [ -123.1275283, 49.2570754 ], [ -123.1277209, 49.2570471 ], [ -123.1278473, 49.2570434 ], [ -123.1303642, 49.2570905 ], [ -123.131936, 49.2571199 ], [ -123.133066, 49.2575821 ], [ -123.1339558, 49.2578514 ], [ -123.1347472, 49.2579197 ], [ -123.1363209, 49.2579475 ], [ -123.1368188, 49.2578589 ], [ -123.1371712, 49.2577542 ], [ -123.137502, 49.2576322 ], [ -123.1378676, 49.2574465 ], [ -123.1383308, 49.2571464 ], [ -123.1385389, 49.2570648 ], [ -123.1459911, 49.257167 ], [ -123.1517811, 49.257255 ], [ -123.1525931, 49.2572929 ], [ -123.1526458, 49.2561779 ], [ -123.1529044, 49.2516921 ], [ -123.1528032, 49.2513537 ], [ -123.1526001, 49.2510138 ], [ -123.152308, 49.2505569 ], [ -123.1505964, 49.2482638 ], [ -123.1495946, 49.2469122 ], [ -123.1486494, 49.2456981 ], [ -123.1473577, 49.2439085 ], [ -123.1471994, 49.2436784 ], [ -123.1471635, 49.2435996 ], [ -123.1471031, 49.24346 ], [ -123.1470346, 49.2432502 ], [ -123.1469971, 49.2431021 ], [ -123.1469677, 49.2429349 ], [ -123.1469628, 49.2427858 ], [ -123.1469661, 49.2426579 ], [ -123.1469987, 49.242039 ], [ -123.1470118, 49.2418537 ], [ -123.1470265, 49.2417216 ], [ -123.1470591, 49.2416193 ], [ -123.1471358, 49.2414255 ], [ -123.1472565, 49.2412657 ], [ -123.1473658, 49.2411293 ], [ -123.1475339, 49.2409759 ], [ -123.1477281, 49.2408289 ], [ -123.1480136, 49.2406713 ], [ -123.1481457, 49.2406244 ], [ -123.1483285, 49.2405551 ], [ -123.148614, 49.2404689 ], [ -123.1487968, 49.2404348 ], [ -123.1491312, 49.2403879 ], [ -123.1493091, 49.2403794 ], [ -123.1496273, 49.2403772 ], [ -123.1497969, 49.24039 ], [ -123.152047, 49.2407575 ], [ -123.1525609, 49.2408172 ], [ -123.1529411, 49.240814 ], [ -123.153163, 49.2407938 ], [ -123.1533359, 49.2407629 ], [ -123.1535497, 49.2407213 ], [ -123.1537128, 49.2406734 ], [ -123.1538972, 49.2406116 ], [ -123.154186, 49.240487 ], [ -123.1543557, 49.240389 ], [ -123.1545254, 49.2402569 ], [ -123.1545727, 49.2402175 ], [ -123.1547979, 49.2400076 ], [ -123.1549888, 49.2397146 ], [ -123.1550638, 49.2394643 ], [ -123.1550694, 49.2392882 ], [ -123.1551091, 49.2382887 ], [ -123.1552556, 49.2345952 ], [ -123.1535098, 49.2345597 ], [ -123.1477135, 49.2344583 ], [ -123.1472907, 49.2344527 ] ] ] } },
{ "type": "Feature", "properties": { "name": "Arbutus-Ridge", "overture_id": "f99a95af-80a8-4688-8f8b-8e7abb2be9df", "division_id": "89d74d23-9940-4f1b-a772-620266ecef2d" }, "geometry": { "type": "Polygon", "coordinates": [ [ [ -123.171459, 49.2499283 ], [ -123.1717039, 49.2499759 ], [ -123.1719002, 49.2500036 ], [ -123.172009, 49.2500109 ], [ -123.1708053, 49.2484185 ], [ -123.1702977, 49.2480413 ], [ -123.1701726, 49.2479246 ], [ -123.1701413, 49.2478108 ], [ -123.1701681, 49.24313 ], [ -123.1702363, 49.234767 ], [ -123.1640365, 49.2347043 ], [ -123.1627182, 49.234691 ], [ -123.1552556, 49.2345952 ], [ -123.1551091, 49.2382887 ], [ -123.1550694, 49.2392882 ], [ -123.1550638, 49.2394643 ], [ -123.1549888, 49.2397146 ], [ -123.1547979, 49.2400076 ], [ -123.1545727, 49.2402175 ], [ -123.1545254, 49.2402569 ], [ -123.1543557, 49.240389 ], [ -123.154186, 49.240487 ], [ -123.1538972, 49.2406116 ], [ -123.1537128, 49.2406734 ], [ -123.1535497, 49.2407213 ], [ -123.1533359, 49.2407629 ], [ -123.153163, 49.2407938 ], [ -123.1529411, 49.240814 ], [ -123.1525609, 49.2408172 ], [ -123.152047, 49.2407575 ], [ -123.1497969, 49.24039 ], [ -123.1496273, 49.2403772 ], [ -123.1493091, 49.2403794 ], [ -123.1491312, 49.2403879 ], [ -123.1487968, 49.2404348 ], [ -123.148614, 49.2404689 ], [ -123.1483285, 49.2405551 ], [ -123.1481457, 49.2406244 ], [ -123.1480136, 49.2406713 ], [ -123.1477281, 49.2408289 ], [ -123.1475339, 49.2409759 ], [ -123.1473658, 49.2411293 ], [ -123.1472565, 49.2412657 ], [ -123.1471358, 49.2414255 ], [ -123.1470591, 49.2416193 ], [ -123.1470265, 49.2417216 ], [ -123.1470118, 49.2418537 ], [ -123.1469987, 49.242039 ], [ -123.1469661, 49.2426579 ], [ -123.1469628, 49.2427858 ], [ -123.1469677, 49.2429349 ], [ -123.1469971, 49.2431021 ], [ -123.1470346, 49.2432502 ], [ -123.1471031, 49.24346 ], [ -123.1471635, 49.2435996 ], [ -123.1471994, 49.2436784 ], [ -123.1473577, 49.2439085 ], [ -123.1486494, 49.2456981 ], [ -123.1495946, 49.2469122 ], [ -123.1505964, 49.2482638 ], [ -123.152308, 49.2505569 ], [ -123.1526001, 49.2510138 ], [ -123.1528032, 49.2513537 ], [ -123.1529044, 49.2516921 ], [ -123.1526458, 49.2561779 ], [ -123.1525931, 49.2572929 ], [ -123.1529652, 49.2573097 ], [ -123.1638517, 49.2574673 ], [ -123.1644503, 49.2575225 ], [ -123.1650885, 49.2576058 ], [ -123.1781109, 49.2578228 ], [ -123.1781033, 49.2576371 ], [ -123.1781359, 49.2573709 ], [ -123.1782652, 49.2571297 ], [ -123.178015, 49.2570735 ], [ -123.1761114, 49.2556012 ], [ -123.1760277, 49.2555238 ], [ -123.1750794, 49.2542586 ], [ -123.1735697, 49.253016 ], [ -123.1717114, 49.2514731 ], [ -123.1709374, 49.2505992 ], [ -123.1698336, 49.2492628 ], [ -123.1698693, 49.2492359 ], [ -123.1699249, 49.2491925 ], [ -123.1708458, 49.2497077 ], [ -123.1711514, 49.2498451 ], [ -123.171459, 49.2499283 ] ] ] } },
{ "type": "Feature", "properties": { "name": "Kitsilano", "overture_id": "368d6bd9-f3d2-4345-81f6-709bd5b65a29", "division_id": "757b4364-9ed1-4dd1-9845-d7a4a270bfb6" }, "geometry": { "type": "Polygon", "coordinates": [ [ [ -123.1858901, 49.2641438 ], [ -123.1861408, 49.2579469 ], [ -123.184636, 49.2579236 ], [ -123.1781109, 49.2578228 ], [ -123.1650885, 49.2576058 ], [ -123.1644503, 49.2575225 ], [ -123.1638517, 49.2574673 ], [ -123.1529652, 49.2573097 ], [ -123.1525931, 49.2572929 ], [ -123.1517811, 49.257255 ], [ -123.1459911, 49.257167 ], [ -123.1456415, 49.2659639 ], [ -123.1455991, 49.2676418 ], [ -123.1454412, 49.271807 ], [ -123.1454062, 49.2719829 ], [ -123.1453233, 49.2722035 ], [ -123.1452056, 49.272445 ], [ -123.1450785, 49.2725519 ], [ -123.1449005, 49.2727203 ], [ -123.1446415, 49.2729089 ], [ -123.1443495, 49.2730656 ], [ -123.144189, 49.2731322 ], [ -123.1439889, 49.2732114 ], [ -123.1388273, 49.2748724 ], [ -123.1388964, 49.2749742 ], [ -123.1389133, 49.2749745 ], [ -123.139282, 49.2749806 ], [ -123.1401361, 49.2760977 ], [ -123.140134, 49.2761785 ], [ -123.1400124, 49.2763177 ], [ -123.1401013, 49.2764994 ], [ -123.1402225, 49.2765863 ], [ -123.1403531, 49.276704 ], [ -123.1403075, 49.2767212 ], [ -123.1404311, 49.2768536 ], [ -123.1405187, 49.2769115 ], [ -123.1405776, 49.2769695 ], [ -123.1406136, 49.2770243 ], [ -123.1406376, 49.2770752 ], [ -123.1406496, 49.2771159 ], [ -123.1404371, 49.2771347 ], [ -123.1405072, 49.2772832 ], [ -123.1403625, 49.2772933 ], [ -123.1403513, 49.277298 ], [ -123.1403527, 49.2773103 ], [ -123.14036, 49.2773181 ], [ -123.1403721, 49.2773221 ], [ -123.1404107, 49.2773212 ], [ -123.1404459, 49.2773243 ], [ -123.1405203, 49.2773304 ], [ -123.1406048, 49.2773226 ], [ -123.1406752, 49.2773265 ], [ -123.140754, 49.2773688 ], [ -123.1409533, 49.2775607 ], [ -123.1415474, 49.2778348 ], [ -123.1417635, 49.2779648 ], [ -123.1420311, 49.2782271 ], [ -123.1422028, 49.2783516 ], [ -123.1424272, 49.2784557 ], [ -123.1428532, 49.2785883 ], [ -123.1432913, 49.2787058 ], [ -123.143727, 49.2788052 ], [ -123.1441159, 49.2788569 ], [ -123.1443812, 49.2788843 ], [ -123.1446549, 49.2788835 ], [ -123.1449082, 49.2788538 ], [ -123.1451282, 49.278789 ], [ -123.1453291, 49.2786851 ], [ -123.1457097, 49.2781028 ], [ -123.1457159, 49.2780309 ], [ -123.1457937, 49.2779845 ], [ -123.1459504, 49.2779395 ], [ -123.1460613, 49.2779185 ], [ -123.1461908, 49.2779065 ], [ -123.1463209, 49.2779054 ], [ -123.146465, 49.2778976 ], [ -123.1466078, 49.2779141 ], [ -123.1466796, 49.2779736 ], [ -123.1466632, 49.2780168 ], [ -123.1467122, 49.2780652 ], [ -123.1468131, 49.2781513 ], [ -123.1469463, 49.278221 ], [ -123.147479, 49.278335 ], [ -123.1477775, 49.2784578 ], [ -123.1478516, 49.2785512 ], [ -123.1478802, 49.2787226 ], [ -123.147856, 49.2788443 ], [ -123.147828, 49.2789145 ], [ -123.1477921, 49.2789584 ], [ -123.1476968, 49.2790062 ], [ -123.147517, 49.2790425 ], [ -123.1474055, 49.2790558 ], [ -123.1472981, 49.2790949 ], [ -123.147315, 49.2791389 ], [ -123.1473509, 49.2791601 ], [ -123.1474049, 49.2791783 ], [ -123.1475084, 49.2791951 ], [ -123.1476831, 49.2792045 ], [ -123.1477737, 49.2792063 ], [ -123.1478893, 49.2791949 ], [ -123.1479554, 49.2791643 ], [ -123.1480638, 49.2791046 ], [ -123.1481216, 49.2790528 ], [ -123.1481961, 49.278956 ], [ -123.1482259, 49.2789038 ], [ -123.1482384, 49.2788309 ], [ -123.1482156, 49.2787889 ], [ -123.148233, 49.2787303 ], [ -123.1483081, 49.278666 ], [ -123.1484516, 49.2785365 ], [ -123.1487766, 49.2782794 ], [ -123.1491293, 49.2780301 ], [ -123.1493224, 49.2779014 ], [ -123.1495796, 49.2778023 ], [ -123.1497547, 49.2777598 ], [ -123.1498623, 49.2777812 ], [ -123.1501702, 49.2778375 ], [ -123.1506277, 49.2778237 ], [ -123.1509098, 49.2777937 ], [ -123.151203, 49.2777906 ], [ -123.151681, 49.2776651 ], [ -123.1518856, 49.2776627 ], [ -123.1520109, 49.277638 ], [ -123.1522021, 49.2774973 ], [ -123.1522102, 49.2774913 ], [ -123.1522939, 49.2773921 ], [ -123.15244, 49.2771238 ], [ -123.1526087, 49.2768246 ], [ -123.1527487, 49.2766051 ], [ -123.1528995, 49.276403 ], [ -123.1537993, 49.2754621 ], [ -123.1546943, 49.2746069 ], [ -123.1551028, 49.274233 ], [ -123.1551789, 49.2741475 ], [ -123.1552543, 49.2740401 ], [ -123.1553104, 49.2739192 ], [ -123.1553552, 49.2737963 ], [ -123.1553805, 49.2736148 ], [ -123.1554999, 49.2735871 ], [ -123.1556096, 49.2735685 ], [ -123.1557232, 49.273558 ], [ -123.1558247, 49.2735547 ], [ -123.155943, 49.2735536 ], [ -123.1560647, 49.2735568 ], [ -123.1562029, 49.2735687 ], [ -123.1563344, 49.2735849 ], [ -123.1566118, 49.273642 ], [ -123.1569053, 49.2737114 ], [ -123.1570811, 49.2737492 ], [ -123.1573404, 49.273793 ], [ -123.1576264, 49.273828 ], [ -123.1578323, 49.2738426 ], [ -123.1580427, 49.273846 ], [ -123.15823, 49.2738456 ], [ -123.1584059, 49.2738389 ], [ -123.1585865, 49.2738267 ], [ -123.15881, 49.273805 ], [ -123.1593296, 49.2737265 ], [ -123.1593896, 49.2737331 ], [ -123.1594361, 49.2737455 ], [ -123.1594818, 49.2737789 ], [ -123.1596351, 49.2738936 ], [ -123.15977, 49.2739475 ], [ -123.1598667, 49.2740245 ], [ -123.1598881, 49.2740895 ], [ -123.159906, 49.2740909 ], [ -123.1599227, 49.2740786 ], [ -123.1599455, 49.2740839 ], [ -123.1599878, 49.274129 ], [ -123.1602252, 49.2741906 ], [ -123.1604046, 49.2743147 ], [ -123.1604441, 49.2743453 ], [ -123.1605182, 49.2743503 ], [ -123.1605222, 49.2743665 ], [ -123.160539, 49.2743665 ], [ -123.1605987, 49.274307 ], [ -123.1606959, 49.2742808 ], [ -123.1609259, 49.2742891 ], [ -123.1610996, 49.2742921 ], [ -123.1612621, 49.2742674 ], [ -123.1615247, 49.2742042 ], [ -123.1617323, 49.2741234 ], [ -123.1619693, 49.2740891 ], [ -123.1621986, 49.2741101 ], [ -123.1625433, 49.2741386 ], [ -123.1627594, 49.2741877 ], [ -123.1632118, 49.2741906 ], [ -123.1637361, 49.2741193 ], [ -123.1643924, 49.2739909 ], [ -123.1644545, 49.2739462 ], [ -123.1645591, 49.2738708 ], [ -123.1647292, 49.273692 ], [ -123.1653647, 49.2733558 ], [ -123.1658206, 49.2731518 ], [ -123.1660666, 49.2730306 ], [ -123.1666284, 49.2727853 ], [ -123.1671279, 49.2726065 ], [ -123.1678293, 49.2724662 ], [ -123.1684332, 49.2723143 ], [ -123.1693421, 49.2720375 ], [ -123.1697788, 49.2719267 ], [ -123.1699091, 49.2718936 ], [ -123.1706328, 49.2717035 ], [ -123.1713486, 49.2717104 ], [ -123.1717451, 49.2716623 ], [ -123.1725591, 49.2717333 ], [ -123.1740012, 49.2717516 ], [ -123.1752484, 49.2718454 ], [ -123.1761224, 49.2719345 ], [ -123.1765415, 49.2720034 ], [ -123.1766819, 49.2721041 ], [ -123.1768483, 49.2721209 ], [ -123.1785047, 49.2721275 ], [ -123.1793183, 49.2721645 ], [ -123.1798257, 49.2723287 ], [ -123.1805283, 49.272404 ], [ -123.1811453, 49.2725131 ], [ -123.1820476, 49.2725951 ], [ -123.1829414, 49.2726527 ], [ -123.183392, 49.2728063 ], [ -123.1834713, 49.2729425 ], [ -123.1837957, 49.2732092 ], [ -123.1846307, 49.2732171 ], [ -123.1851918, 49.27332 ], [ -123.1855637, 49.273364 ], [ -123.1855704, 49.2731602 ], [ -123.1857365, 49.268081 ], [ -123.1858174, 49.2656265 ], [ -123.1858395, 49.2648755 ], [ -123.1858901, 49.2641438 ] ] ] } },
{ "type": "Feature", "properties": { "name": "Fairview", "overture_id": "0985d89d-db3b-43d2-9abb-b91625f88f6a", "division_id": "facbee28-b13d-424c-9fa3-73449c8b32d5" }, "geometry": { "type": "Polygon", "coordinates": [ [ [ -123.1152136, 49.2710918 ], [ -123.1152529, 49.271082 ], [ -123.115286, 49.2710651 ], [ -123.11531, 49.2710425 ], [ -123.1153305, 49.2709699 ], [ -123.1153693, 49.2709102 ], [ -123.11541, 49.2708845 ], [ -123.1155007, 49.2708682 ], [ -123.1155813, 49.2708458 ], [ -123.115688, 49.2707982 ], [ -123.1158489, 49.270681 ], [ -123.1160143, 49.2705497 ], [ -123.1161482, 49.2704954 ], [ -123.1163409, 49.2704405 ], [ -123.1165205, 49.2703639 ], [ -123.1167675, 49.2701927 ], [ -123.1168423, 49.2701853 ], [ -123.1169583, 49.2701304 ], [ -123.1169808, 49.2700633 ], [ -123.1174298, 49.2699168 ], [ -123.1175813, 49.2698069 ], [ -123.1176711, 49.2696288 ], [ -123.1177329, 49.2695835 ], [ -123.1178638, 49.2695811 ], [ -123.1179574, 49.2695628 ], [ -123.118036, 49.2694944 ], [ -123.1181298, 49.269438 ], [ -123.1181595, 49.2693894 ], [ -123.1180747, 49.2692708 ], [ -123.1185318, 49.269036 ], [ -123.118644, 49.2689868 ], [ -123.1187327, 49.2689324 ], [ -123.1188017, 49.2688428 ], [ -123.1188484, 49.2686445 ], [ -123.1188671, 49.268299 ], [ -123.1188603, 49.267958 ], [ -123.1189376, 49.2678331 ], [ -123.1189987, 49.2677924 ], [ -123.119072, 49.2677544 ], [ -123.1191405, 49.2677343 ], [ -123.1192171, 49.2677169 ], [ -123.1193177, 49.2677098 ], [ -123.1205742, 49.2677452 ], [ -123.1208105, 49.2677674 ], [ -123.1209514, 49.2678221 ], [ -123.1210834, 49.2679075 ], [ -123.1211253, 49.2679795 ], [ -123.12119, 49.2681451 ], [ -123.1212745, 49.2684201 ], [ -123.1213917, 49.2685359 ], [ -123.1215309, 49.268613 ], [ -123.1217471, 49.2686376 ], [ -123.1220588, 49.2686359 ], [ -123.1222691, 49.2685677 ], [ -123.1227421, 49.268299 ], [ -123.1230361, 49.2682186 ], [ -123.1233606, 49.2682162 ], [ -123.123591, 49.2682467 ], [ -123.1238918, 49.2683639 ], [ -123.1239425, 49.2683383 ], [ -123.1239387, 49.2682309 ], [ -123.123993, 49.2680319 ], [ -123.1241039, 49.2678379 ], [ -123.1242849, 49.2677071 ], [ -123.1245187, 49.2676383 ], [ -123.1247713, 49.2676302 ], [ -123.1250481, 49.2676872 ], [ -123.1252035, 49.2677572 ], [ -123.1255024, 49.2680247 ], [ -123.125653, 49.2681026 ], [ -123.1258002, 49.2681479 ], [ -123.1276856, 49.2681929 ], [ -123.1279257, 49.2681967 ], [ -123.1280575, 49.2681303 ], [ -123.1289697, 49.2681566 ], [ -123.1290921, 49.2682404 ], [ -123.1294806, 49.2682438 ], [ -123.1298988, 49.2679702 ], [ -123.1305517, 49.2679779 ], [ -123.1306191, 49.2679542 ], [ -123.1307046, 49.2679076 ], [ -123.1307439, 49.2677294 ], [ -123.1307567, 49.2676349 ], [ -123.1309397, 49.267551 ], [ -123.1312484, 49.2673066 ], [ -123.1314084, 49.267247 ], [ -123.1315517, 49.2672372 ], [ -123.13174, 49.267247 ], [ -123.1319181, 49.2673175 ], [ -123.1321345, 49.2675696 ], [ -123.1323003, 49.2676815 ], [ -123.1323709, 49.267768 ], [ -123.1322563, 49.2678093 ], [ -123.1323571, 49.2679284 ], [ -123.1325777, 49.267932 ], [ -123.1325794, 49.2678876 ], [ -123.1329861, 49.2678943 ], [ -123.1330053, 49.2679313 ], [ -123.1333989, 49.2684037 ], [ -123.133458, 49.2684464 ], [ -123.1335779, 49.2684369 ], [ -123.1337323, 49.2683437 ], [ -123.1338466, 49.2683474 ], [ -123.1339964, 49.2684184 ], [ -123.1340405, 49.2684665 ], [ -123.134121, 49.2685227 ], [ -123.1341333, 49.2686133 ], [ -123.1340118, 49.268846 ], [ -123.1339037, 49.2689786 ], [ -123.1333979, 49.2688995 ], [ -123.1332917, 49.2688489 ], [ -123.1326943, 49.2685923 ], [ -123.1321973, 49.2685936 ], [ -123.132023, 49.2685843 ], [ -123.1313827, 49.2685297 ], [ -123.1311883, 49.2684836 ], [ -123.1308967, 49.2683791 ], [ -123.1307687, 49.2683774 ], [ -123.1306846, 49.2683954 ], [ -123.130654, 49.2684313 ], [ -123.1306539, 49.2684749 ], [ -123.1307044, 49.2685257 ], [ -123.1307783, 49.2685344 ], [ -123.1307538, 49.2690657 ], [ -123.1305728, 49.269192 ], [ -123.130571, 49.2691955 ], [ -123.1305565, 49.2696091 ], [ -123.1309068, 49.2698943 ], [ -123.130944, 49.2699223 ], [ -123.1317871, 49.2706078 ], [ -123.1316508, 49.2706751 ], [ -123.1316617, 49.270726 ], [ -123.1318621, 49.2709102 ], [ -123.1319363, 49.2709647 ], [ -123.1321243, 49.2708645 ], [ -123.1324116, 49.2710982 ], [ -123.1323693, 49.2711223 ], [ -123.1335794, 49.2720446 ], [ -123.1335385, 49.2720819 ], [ -123.133672, 49.2721817 ], [ -123.1338174, 49.2722659 ], [ -123.1338843, 49.2723054 ], [ -123.1339674, 49.2723351 ], [ -123.1341459, 49.2724546 ], [ -123.134177, 49.2724757 ], [ -123.134296, 49.272413 ], [ -123.1346721, 49.2727016 ], [ -123.1345913, 49.2727378 ], [ -123.1345939, 49.2727732 ], [ -123.1348518, 49.2730086 ], [ -123.1349358, 49.2730547 ], [ -123.1349921, 49.2730752 ], [ -123.1350904, 49.2730881 ], [ -123.1353206, 49.2730829 ], [ -123.1359256, 49.273058 ], [ -123.1360115, 49.2730293 ], [ -123.1360629, 49.2730292 ], [ -123.136377, 49.2730268 ], [ -123.1364783, 49.2731072 ], [ -123.1369268, 49.272875 ], [ -123.136855, 49.2727717 ], [ -123.1367968, 49.2727623 ], [ -123.1368924, 49.2725088 ], [ -123.1371266, 49.2725197 ], [ -123.1371746, 49.2724027 ], [ -123.1370556, 49.2723692 ], [ -123.1370432, 49.2722471 ], [ -123.1372412, 49.2720063 ], [ -123.1372884, 49.2719351 ], [ -123.137301, 49.2719057 ], [ -123.1373162, 49.2718491 ], [ -123.1373414, 49.2717434 ], [ -123.137346, 49.2716517 ], [ -123.1373289, 49.2716053 ], [ -123.1370248, 49.2712516 ], [ -123.1370038, 49.2712124 ], [ -123.1370088, 49.2711629 ], [ -123.1370408, 49.2711228 ], [ -123.1370745, 49.2710887 ], [ -123.1370838, 49.2710579 ], [ -123.1370578, 49.2709954 ], [ -123.1370414, 49.2709573 ], [ -123.137006, 49.2709328 ], [ -123.1369301, 49.2709245 ], [ -123.1368881, 49.2709031 ], [ -123.1368027, 49.2706946 ], [ -123.1367197, 49.2704848 ], [ -123.1367652, 49.2703874 ], [ -123.1369006, 49.2703036 ], [ -123.1370741, 49.2701964 ], [ -123.1372007, 49.2701186 ], [ -123.137313, 49.2701338 ], [ -123.1374248, 49.270195 ], [ -123.137483, 49.2702351 ], [ -123.137496, 49.270277 ], [ -123.1374999, 49.2704367 ], [ -123.1375192, 49.2705007 ], [ -123.1375713, 49.2705464 ], [ -123.1376304, 49.2705815 ], [ -123.1379156, 49.2707437 ], [ -123.1380626, 49.2707697 ], [ -123.1381844, 49.270767 ], [ -123.1382345, 49.2707799 ], [ -123.1382683, 49.2708039 ], [ -123.1383389, 49.2709053 ], [ -123.1383763, 49.270941 ], [ -123.1384754, 49.2709899 ], [ -123.1385822, 49.2710236 ], [ -123.1386962, 49.2710394 ], [ -123.13881, 49.2710423 ], [ -123.1389664, 49.2710091 ], [ -123.1390368, 49.2710245 ], [ -123.1393255, 49.2712597 ], [ -123.1394055, 49.2714062 ], [ -123.1395134, 49.271604 ], [ -123.1396193, 49.2717678 ], [ -123.1397361, 49.2720586 ], [ -123.1397995, 49.2722321 ], [ -123.1398448, 49.2723971 ], [ -123.1398521, 49.2724313 ], [ -123.1399238, 49.2727954 ], [ -123.1398326, 49.2732189 ], [ -123.1397267, 49.2735994 ], [ -123.139684, 49.2737513 ], [ -123.1394672, 49.2738425 ], [ -123.1393728, 49.2739672 ], [ -123.1393591, 49.2741318 ], [ -123.1392477, 49.2741515 ], [ -123.1390012, 49.2741951 ], [ -123.1385504, 49.2742583 ], [ -123.138501, 49.2742712 ], [ -123.1384753, 49.2742995 ], [ -123.1384733, 49.274337 ], [ -123.1384911, 49.2743731 ], [ -123.1385156, 49.2744095 ], [ -123.1387506, 49.2747586 ], [ -123.1388273, 49.2748724 ], [ -123.1439889, 49.2732114 ], [ -123.144189, 49.2731322 ], [ -123.1443495, 49.2730656 ], [ -123.1446415, 49.2729089 ], [ -123.1449005, 49.2727203 ], [ -123.1450785, 49.2725519 ], [ -123.1452056, 49.272445 ], [ -123.1453233, 49.2722035 ], [ -123.1454062, 49.2719829 ], [ -123.1454412, 49.271807 ], [ -123.1455991, 49.2676418 ], [ -123.1456415, 49.2659639 ], [ -123.1459911, 49.257167 ], [ -123.1385389, 49.2570648 ], [ -123.1383308, 49.2571464 ], [ -123.1378676, 49.2574465 ], [ -123.137502, 49.2576322 ], [ -123.1371712, 49.2577542 ], [ -123.1368188, 49.2578589 ], [ -123.1363209, 49.2579475 ], [ -123.1347472, 49.2579197 ], [ -123.1339558, 49.2578514 ], [ -123.133066, 49.2575821 ], [ -123.131936, 49.2571199 ], [ -123.1303642, 49.2570905 ], [ -123.1278473, 49.2570434 ], [ -123.1277209, 49.2570471 ], [ -123.1275283, 49.2570754 ], [ -123.1274166, 49.2571014 ], [ -123.1272428, 49.2571208 ], [ -123.1270258, 49.2571453 ], [ -123.1150921, 49.2569188 ], [ -123.1147206, 49.2666762 ], [ -123.1148772, 49.2711507 ], [ -123.1150524, 49.2710353 ], [ -123.1150799, 49.2710641 ], [ -123.1151215, 49.2710845 ], [ -123.1151716, 49.2710936 ], [ -123.1152136, 49.2710918 ] ] ] } },
{ "type": "Feature", "properties": { "name": "West Point Grey", "overture_id": "625e93aa-3c20-4e56-b450-a194ace9e0d2", "division_id": "d98a3ec9-f299-4549-a0ad-aa74d7a1f961" }, "geometry": { "type": "Polygon", "coordinates": [ [ [ -123.2195886, 49.2673096 ], [ -123.2151827, 49.2674495 ], [ -123.2155924, 49.2582302 ], [ -123.2032254, 49.2579732 ], [ -123.2030907, 49.2579741 ], [ -123.2030869, 49.2581993 ], [ -123.1967049, 49.2581043 ], [ -123.1861408, 49.2579469 ], [ -123.1858901, 49.2641438 ], [ -123.1858395, 49.2648755 ], [ -123.1858174, 49.2656265 ], [ -123.1857365, 49.268081 ], [ -123.1855704, 49.2731602 ], [ -123.1855637, 49.273364 ], [ -123.1862179, 49.2733467 ], [ -123.1870247, 49.2734286 ], [ -123.1875357, 49.2734801 ], [ -123.1876796, 49.2734831 ], [ -123.1878236, 49.2734841 ], [ -123.187962, 49.2734734 ], [ -123.1883015, 49.2734471 ], [ -123.1884873, 49.273376 ], [ -123.1886319, 49.2733293 ], [ -123.1889212, 49.2731891 ], [ -123.1893938, 49.2730857 ], [ -123.1898418, 49.272987 ], [ -123.1900292, 49.2729682 ], [ -123.1903075, 49.2729096 ], [ -123.1909518, 49.2727878 ], [ -123.1923591, 49.2726264 ], [ -123.1935868, 49.2726198 ], [ -123.1947713, 49.2726198 ], [ -123.1957467, 49.2729406 ], [ -123.1963791, 49.2732589 ], [ -123.1966171, 49.2734923 ], [ -123.1966946, 49.2737244 ], [ -123.1967456, 49.2738946 ], [ -123.1967175, 49.2740122 ], [ -123.1966357, 49.274096 ], [ -123.1965838, 49.2740843 ], [ -123.1965206, 49.2740844 ], [ -123.1964545, 49.2740899 ], [ -123.1963002, 49.2740916 ], [ -123.1962691, 49.2741167 ], [ -123.1963028, 49.2741786 ], [ -123.1963865, 49.2742281 ], [ -123.1965747, 49.2742485 ], [ -123.1967616, 49.2742489 ], [ -123.1968219, 49.2742395 ], [ -123.1968309, 49.274213 ], [ -123.1968324, 49.2741852 ], [ -123.1969889, 49.274174 ], [ -123.1972236, 49.2742196 ], [ -123.1975245, 49.2743197 ], [ -123.1978043, 49.2744209 ], [ -123.1983038, 49.2746503 ], [ -123.1985512, 49.2748513 ], [ -123.1986431, 49.2749939 ], [ -123.1986291, 49.2750298 ], [ -123.1985601, 49.275054 ], [ -123.1983213, 49.2751814 ], [ -123.1982373, 49.2753357 ], [ -123.1982254, 49.2753876 ], [ -123.198254, 49.2754476 ], [ -123.1983953, 49.2755417 ], [ -123.1984922, 49.2756072 ], [ -123.198574, 49.2756571 ], [ -123.1986243, 49.2756982 ], [ -123.1986552, 49.275745 ], [ -123.198686, 49.2757669 ], [ -123.1987075, 49.2757638 ], [ -123.1987014, 49.2757442 ], [ -123.1986545, 49.2756606 ], [ -123.198608, 49.2756145 ], [ -123.1985707, 49.2755412 ], [ -123.1985424, 49.2755095 ], [ -123.1984878, 49.275481 ], [ -123.1984721, 49.275455 ], [ -123.1985073, 49.2754189 ], [ -123.1987061, 49.2753404 ], [ -123.1988946, 49.2753007 ], [ -123.1991273, 49.2753293 ], [ -123.1994999, 49.2754102 ], [ -123.1999804, 49.2754772 ], [ -123.2000385, 49.2755027 ], [ -123.2000734, 49.2755429 ], [ -123.2000566, 49.275612 ], [ -123.2000687, 49.2756527 ], [ -123.2000506, 49.2756755 ], [ -123.2000566, 49.2756882 ], [ -123.2000861, 49.2756772 ], [ -123.2001357, 49.2756438 ], [ -123.2002504, 49.2756536 ], [ -123.2002839, 49.2756352 ], [ -123.2009169, 49.2757945 ], [ -123.2009196, 49.2758225 ], [ -123.2010363, 49.2758793 ], [ -123.2010712, 49.2758627 ], [ -123.2012435, 49.2758863 ], [ -123.2013743, 49.2759458 ], [ -123.201495, 49.2760185 ], [ -123.201499, 49.2760412 ], [ -123.2015499, 49.2760596 ], [ -123.2015741, 49.2760587 ], [ -123.2017484, 49.2761392 ], [ -123.2019192, 49.2762377 ], [ -123.2020322, 49.27633 ], [ -123.2020851, 49.2763884 ], [ -123.2020622, 49.2764166 ], [ -123.2020462, 49.2764384 ], [ -123.2019764, 49.2764782 ], [ -123.2019127, 49.2765535 ], [ -123.2019107, 49.276571 ], [ -123.2019322, 49.2766091 ], [ -123.2019583, 49.2766244 ], [ -123.2019979, 49.2766375 ], [ -123.202014, 49.2766231 ], [ -123.2020327, 49.2766012 ], [ -123.202069, 49.2765898 ], [ -123.2021139, 49.2765421 ], [ -123.2021219, 49.2764927 ], [ -123.2021561, 49.2764468 ], [ -123.202146, 49.2764361 ], [ -123.2021897, 49.2763855 ], [ -123.2025383, 49.2762988 ], [ -123.203972, 49.2759423 ], [ -123.2058279, 49.2756314 ], [ -123.2071745, 49.2755381 ], [ -123.2086167, 49.2754181 ], [ -123.2093176, 49.2753719 ], [ -123.2097495, 49.2753806 ], [ -123.2099904, 49.2754133 ], [ -123.210294, 49.2754891 ], [ -123.2106426, 49.2756746 ], [ -123.2108774, 49.2759372 ], [ -123.2110718, 49.2761593 ], [ -123.2111388, 49.2762836 ], [ -123.2110691, 49.2764078 ], [ -123.2111462, 49.2764594 ], [ -123.2111476, 49.2764726 ], [ -123.2111323, 49.2764758 ], [ -123.2111436, 49.2764832 ], [ -123.2111552, 49.2764907 ], [ -123.2112052, 49.2764673 ], [ -123.2114661, 49.2764463 ], [ -123.2117588, 49.2764447 ], [ -123.2121876, 49.2764787 ], [ -123.2124317, 49.2765251 ], [ -123.2126019, 49.276574 ], [ -123.2128957, 49.2767735 ], [ -123.213003, 49.2768418 ], [ -123.2130419, 49.2769433 ], [ -123.2130258, 49.2770133 ], [ -123.2131156, 49.2771034 ], [ -123.213062, 49.2771253 ], [ -123.213107, 49.277145 ], [ -123.2131653, 49.277113 ], [ -123.213864, 49.2770238 ], [ -123.2143575, 49.2769739 ], [ -123.2146186, 49.2769527 ], [ -123.2153025, 49.2769387 ], [ -123.2156235, 49.2769993 ], [ -123.2159105, 49.277113 ], [ -123.2161626, 49.2772985 ], [ -123.2163061, 49.2774437 ], [ -123.2163571, 49.2775225 ], [ -123.2164215, 49.2775452 ], [ -123.2163671, 49.2775697 ], [ -123.2163624, 49.277589 ], [ -123.2163718, 49.2775975 ], [ -123.2164164, 49.2776004 ], [ -123.2164872, 49.2775697 ], [ -123.2165401, 49.2775347 ], [ -123.2175849, 49.2773308 ], [ -123.2180616, 49.2772635 ], [ -123.2184184, 49.2772495 ], [ -123.2186812, 49.27726 ], [ -123.2189154, 49.2773279 ], [ -123.2191774, 49.2774507 ], [ -123.2193477, 49.2775636 ], [ -123.2194121, 49.277631 ], [ -123.2193732, 49.2776826 ], [ -123.2193752, 49.2777402 ], [ -123.2194108, 49.2777473 ], [ -123.2194698, 49.2777246 ], [ -123.2195073, 49.2776984 ], [ -123.2196589, 49.2776651 ], [ -123.2199982, 49.277673 ], [ -123.220198, 49.2776984 ], [ -123.2203865, 49.2777338 ], [ -123.2204917, 49.2777806 ], [ -123.2205869, 49.277848 ], [ -123.2206325, 49.2778996 ], [ -123.2206446, 49.277939 ], [ -123.2206225, 49.2779674 ], [ -123.2205883, 49.2779906 ], [ -123.2206319, 49.2779941 ], [ -123.2206757, 49.2779831 ], [ -123.2207244, 49.2779678 ], [ -123.2207606, 49.2779416 ], [ -123.220947, 49.2779206 ], [ -123.2212561, 49.2779381 ], [ -123.2214816, 49.2779574 ], [ -123.221629, 49.2780361 ], [ -123.2217161, 49.2781288 ], [ -123.2217859, 49.2782535 ], [ -123.2217497, 49.2782828 ], [ -123.2217088, 49.278306 ], [ -123.2217057, 49.2783165 ], [ -123.2217175, 49.27832 ], [ -123.2217765, 49.2783029 ], [ -123.2218318, 49.2782752 ], [ -123.2218972, 49.2782491 ], [ -123.2219911, 49.2781914 ], [ -123.222327, 49.2780308 ], [ -123.2224325, 49.2780064 ], [ -123.2228909, 49.2779258 ], [ -123.2233447, 49.2778865 ], [ -123.2238626, 49.2779358 ], [ -123.2240986, 49.2774469 ], [ -123.2242553, 49.2770613 ], [ -123.2249611, 49.2746236 ], [ -123.2247502, 49.2733055 ], [ -123.2245281, 49.2726321 ], [ -123.2236141, 49.271917 ], [ -123.2225605, 49.2711564 ], [ -123.2225063, 49.2711172 ], [ -123.2217545, 49.2690108 ], [ -123.2216632, 49.2687548 ], [ -123.2214259, 49.2687807 ], [ -123.2195046, 49.2689849 ], [ -123.2195886, 49.2673096 ] ] ] } },
{ "type": "Feature", "properties": { "name": "Dunbar-Southlands", "overture_id": "bde7a210-a299-4209-9062-ba996ab78797", "division_id": "f98441b8-aa2d-4dd8-8a8e-f271312f2375" }, "geometry": { "type": "Polygon", "coordinates": [ [ [ -123.2086001, 49.2352785 ], [ -123.2199225, 49.2395812 ], [ -123.2216147, 49.2369051 ], [ -123.2216648, 49.236825 ], [ -123.2214739, 49.2366728 ], [ -123.2203978, 49.2360565 ], [ -123.218942, 49.2350879 ], [ -123.2171338, 49.2340995 ], [ -123.2168339, 49.2341049 ], [ -123.2160853, 49.2338156 ], [ -123.2159862, 49.2336754 ], [ -123.2147367, 49.2330834 ], [ -123.2144746, 49.2327018 ], [ -123.2146925, 49.2322009 ], [ -123.2143831, 49.2317391 ], [ -123.2144715, 49.2316285 ], [ -123.2151565, 49.2318449 ], [ -123.2151458, 49.2317462 ], [ -123.2140723, 49.2312882 ], [ -123.2107626, 49.2294413 ], [ -123.210225, 49.2285352 ], [ -123.2087838, 49.2279216 ], [ -123.2079674, 49.2272271 ], [ -123.2082231, 49.2268501 ], [ -123.2079638, 49.2263629 ], [ -123.2078951, 49.2255202 ], [ -123.2073385, 49.224881 ], [ -123.2064756, 49.2244175 ], [ -123.2060984, 49.2243711 ], [ -123.2047985, 49.2235615 ], [ -123.2035833, 49.2231901 ], [ -123.203544, 49.2229914 ], [ -123.2019788, 49.22269 ], [ -123.2015385, 49.2224343 ], [ -123.2004258, 49.2221428 ], [ -123.1993529, 49.2219893 ], [ -123.1983533, 49.2216447 ], [ -123.1969796, 49.2214206 ], [ -123.1952994, 49.2212115 ], [ -123.193439, 49.2211887 ], [ -123.1920414, 49.2209295 ], [ -123.1913204, 49.2209374 ], [ -123.1912378, 49.2209383 ], [ -123.1899646, 49.2206681 ], [ -123.1895968, 49.2204404 ], [ -123.1890212, 49.2200537 ], [ -123.1886135, 49.219777 ], [ -123.1881347, 49.2195202 ], [ -123.1877684, 49.219436 ], [ -123.1874476, 49.2190681 ], [ -123.1866402, 49.2186041 ], [ -123.186228, 49.2188316 ], [ -123.1858909, 49.2187987 ], [ -123.1855485, 49.2187455 ], [ -123.1851736, 49.2186816 ], [ -123.1848214, 49.2186237 ], [ -123.1844075, 49.2185999 ], [ -123.1841739, 49.2185999 ], [ -123.18409, 49.2185984 ], [ -123.1841152, 49.2185065 ], [ -123.184201, 49.2185148 ], [ -123.1844129, 49.2185041 ], [ -123.1847186, 49.2185093 ], [ -123.184902, 49.2185432 ], [ -123.1852443, 49.218568 ], [ -123.1855779, 49.218633 ], [ -123.1860713, 49.2186366 ], [ -123.1862332, 49.2185928 ], [ -123.1863253, 49.2185413 ], [ -123.1862431, 49.2184354 ], [ -123.1858334, 49.2182802 ], [ -123.1855199, 49.2180416 ], [ -123.1850918, 49.21784 ], [ -123.1849643, 49.21778 ], [ -123.1844005, 49.2175416 ], [ -123.1836857, 49.2172445 ], [ -123.1826399, 49.2168181 ], [ -123.1817112, 49.2165161 ], [ -123.1810626, 49.2163325 ], [ -123.1803924, 49.216219 ], [ -123.1797428, 49.216204 ], [ -123.1787991, 49.2161992 ], [ -123.1786425, 49.216274 ], [ -123.1786301, 49.2163595 ], [ -123.178721, 49.2164643 ], [ -123.1791178, 49.2165604 ], [ -123.1795273, 49.2166827 ], [ -123.180487, 49.2171388 ], [ -123.1811887, 49.2174726 ], [ -123.1817672, 49.2177306 ], [ -123.1824257, 49.2178848 ], [ -123.1829847, 49.2180628 ], [ -123.1834758, 49.2182991 ], [ -123.183438, 49.2184276 ], [ -123.183796, 49.2184756 ], [ -123.1839555, 49.2184911 ], [ -123.1839182, 49.2185923 ], [ -123.1837772, 49.2185928 ], [ -123.1835382, 49.2185822 ], [ -123.1827612, 49.2184012 ], [ -123.182179, 49.2182589 ], [ -123.1816256, 49.2180853 ], [ -123.1811218, 49.2179177 ], [ -123.1808486, 49.2178782 ], [ -123.1805969, 49.2178185 ], [ -123.1804636, 49.2178534 ], [ -123.1802672, 49.2178395 ], [ -123.179981, 49.2178799 ], [ -123.1795627, 49.21795 ], [ -123.1794436, 49.2179883 ], [ -123.1793326, 49.2179812 ], [ -123.1792424, 49.2179471 ], [ -123.1792783, 49.2179008 ], [ -123.1794956, 49.217844 ], [ -123.1798054, 49.2178121 ], [ -123.180274, 49.217774 ], [ -123.1803612, 49.2177277 ], [ -123.1800571, 49.2175068 ], [ -123.1796641, 49.2173187 ], [ -123.1790669, 49.2170393 ], [ -123.1791013, 49.2178178 ], [ -123.1789157, 49.2224952 ], [ -123.1788972, 49.2236915 ], [ -123.1787585, 49.2301787 ], [ -123.1787694, 49.2347989 ], [ -123.1772466, 49.2347936 ], [ -123.1702363, 49.234767 ], [ -123.1701681, 49.24313 ], [ -123.1701413, 49.2478108 ], [ -123.1701726, 49.2479246 ], [ -123.1702977, 49.2480413 ], [ -123.1708053, 49.2484185 ], [ -123.172009, 49.2500109 ], [ -123.1719002, 49.2500036 ], [ -123.1717039, 49.2499759 ], [ -123.171459, 49.2499283 ], [ -123.1711514, 49.2498451 ], [ -123.1708458, 49.2497077 ], [ -123.1699249, 49.2491925 ], [ -123.1698693, 49.2492359 ], [ -123.1698336, 49.2492628 ], [ -123.1709374, 49.2505992 ], [ -123.1717114, 49.2514731 ], [ -123.1735697, 49.253016 ], [ -123.1750794, 49.2542586 ], [ -123.1760277, 49.2555238 ], [ -123.1761114, 49.2556012 ], [ -123.178015, 49.2570735 ], [ -123.1782652, 49.2571297 ], [ -123.1781359, 49.2573709 ], [ -123.1781033, 49.2576371 ], [ -123.1781109, 49.2578228 ], [ -123.184636, 49.2579236 ], [ -123.1861408, 49.2579469 ], [ -123.1967049, 49.2581043 ], [ -123.2030869, 49.2581993 ], [ -123.2030907, 49.2579741 ], [ -123.2030736, 49.2571555 ], [ -123.2028241, 49.2566521 ], [ -123.1984024, 49.2566374 ], [ -123.196639, 49.2566211 ], [ -123.1966054, 49.2555557 ], [ -123.1966779, 49.2541659 ], [ -123.1966845, 49.2499857 ], [ -123.19779, 49.2499639 ], [ -123.1988692, 49.2501295 ], [ -123.2000148, 49.2501537 ], [ -123.2011882, 49.2500235 ], [ -123.2041659, 49.2495028 ], [ -123.2045694, 49.2493454 ], [ -123.2046297, 49.2490547 ], [ -123.2006178, 49.2471019 ], [ -123.1989295, 49.246242 ], [ -123.1985212, 49.2461966 ], [ -123.1969076, 49.2461837 ], [ -123.1968984, 49.2429374 ], [ -123.1968874, 49.2386427 ], [ -123.1968871, 49.2385454 ], [ -123.1984848, 49.238532 ], [ -123.1985224, 49.2365895 ], [ -123.1971746, 49.2365802 ], [ -123.196859, 49.2365783 ], [ -123.1968686, 49.2349493 ], [ -123.1969065, 49.23486 ], [ -123.1969965, 49.2348732 ], [ -123.2057344, 49.2372447 ], [ -123.2086001, 49.2352785 ] ] ] } },
{ "type": "Feature", "properties": { "name": "Kerrisdale", "overture_id": "d2291806-ecae-41e0-9bec-386ab0fc3fce", "division_id": "c6725c78-13cd-4146-9aa8-ff7e701ebbdf" }, "geometry": { "type": "Polygon", "coordinates": [ [ [ -123.1552556, 49.2345952 ], [ -123.1627182, 49.234691 ], [ -123.1640365, 49.2347043 ], [ -123.1702363, 49.234767 ], [ -123.1772466, 49.2347936 ], [ -123.1787694, 49.2347989 ], [ -123.1787585, 49.2301787 ], [ -123.1788972, 49.2236915 ], [ -123.1789157, 49.2224952 ], [ -123.1791013, 49.2178178 ], [ -123.1790669, 49.2170393 ], [ -123.1784676, 49.2167228 ], [ -123.1778126, 49.2164845 ], [ -123.1773226, 49.2163921 ], [ -123.1762301, 49.216222 ], [ -123.1760151, 49.2163256 ], [ -123.1759997, 49.2162019 ], [ -123.1753405, 49.2162184 ], [ -123.174468, 49.2160551 ], [ -123.1734788, 49.2160386 ], [ -123.1720355, 49.2161085 ], [ -123.1702287, 49.216032 ], [ -123.168809, 49.2157289 ], [ -123.1680254, 49.2154737 ], [ -123.1668506, 49.2152189 ], [ -123.1657467, 49.2149119 ], [ -123.1654803, 49.2148368 ], [ -123.1647171, 49.2144877 ], [ -123.1638798, 49.2142749 ], [ -123.162416, 49.2138247 ], [ -123.1614749, 49.2135454 ], [ -123.1607347, 49.2133042 ], [ -123.1596236, 49.2129271 ], [ -123.1587388, 49.2124292 ], [ -123.1584159, 49.212295 ], [ -123.1579095, 49.2120531 ], [ -123.1574575, 49.2116502 ], [ -123.1570739, 49.2113732 ], [ -123.1566305, 49.2111452 ], [ -123.1562716, 49.2108427 ], [ -123.1559939, 49.2107047 ], [ -123.1558167, 49.2105553 ], [ -123.1557351, 49.2105265 ], [ -123.1554521, 49.2104493 ], [ -123.1552214, 49.2103169 ], [ -123.1547736, 49.2100609 ], [ -123.1544418, 49.2097181 ], [ -123.1541034, 49.2094326 ], [ -123.1539261, 49.2092786 ], [ -123.1537641, 49.2091198 ], [ -123.1535189, 49.208971 ], [ -123.1535734, 49.208885 ], [ -123.1534651, 49.2088568 ], [ -123.1533192, 49.2088709 ], [ -123.1532851, 49.2088675 ], [ -123.15325, 49.208864 ], [ -123.1531012, 49.2087906 ], [ -123.1529788, 49.2087638 ], [ -123.1529772, 49.2087539 ], [ -123.1529635, 49.2086721 ], [ -123.1530197, 49.2085103 ], [ -123.1530529, 49.2084645 ], [ -123.1531004, 49.2083484 ], [ -123.1529113, 49.2079737 ], [ -123.1524715, 49.2076249 ], [ -123.152135, 49.207358 ], [ -123.1519988, 49.2070797 ], [ -123.1517352, 49.2068523 ], [ -123.1514232, 49.206613 ], [ -123.1510831, 49.2064205 ], [ -123.1509155, 49.2061813 ], [ -123.1506014, 49.206016 ], [ -123.1502554, 49.2059415 ], [ -123.1500556, 49.2058653 ], [ -123.1499147, 49.2057558 ], [ -123.1498544, 49.2057409 ], [ -123.1497994, 49.2057409 ], [ -123.1497613, 49.2057587 ], [ -123.1493064, 49.2063476 ], [ -123.1493062, 49.2064691 ], [ -123.1491114, 49.2070241 ], [ -123.1490343, 49.2073901 ], [ -123.1491594, 49.2074508 ], [ -123.1492077, 49.207473 ], [ -123.1491737, 49.2075267 ], [ -123.1489289, 49.2084808 ], [ -123.1488449, 49.2086956 ], [ -123.1487626, 49.2087645 ], [ -123.1486411, 49.2088217 ], [ -123.1482282, 49.2090121 ], [ -123.1487448, 49.2095749 ], [ -123.1486608, 49.2096205 ], [ -123.1485946, 49.2096788 ], [ -123.148566, 49.2097512 ], [ -123.1484531, 49.2125431 ], [ -123.1483227, 49.2155627 ], [ -123.148284, 49.2168121 ], [ -123.1482406, 49.2176166 ], [ -123.1482163, 49.2194744 ], [ -123.1401775, 49.2193723 ], [ -123.1399133, 49.2269294 ], [ -123.1397298, 49.2321308 ], [ -123.1396548, 49.2343467 ], [ -123.1396795, 49.2343474 ], [ -123.144775, 49.2344219 ], [ -123.1472907, 49.2344527 ], [ -123.1477135, 49.2344583 ], [ -123.1535098, 49.2345597 ], [ -123.1552556, 49.2345952 ] ] ] } },
{ "type": "Feature", "properties": { "name": "Marpole", "overture_id": "bd549b7b-910d-4151-ba89-42123b7cd28c", "division_id": "69f4d554-043f-4f02-9122-d28ac0c86875" }, "geometry": { "type": "Polygon", "coordinates": [ [ [ -123.1063905, 49.2150654 ], [ -123.1062225, 49.2189564 ], [ -123.1168081, 49.2190861 ], [ -123.1401775, 49.2193723 ], [ -123.1482163, 49.2194744 ], [ -123.1482406, 49.2176166 ], [ -123.148284, 49.2168121 ], [ -123.1483227, 49.2155627 ], [ -123.1484531, 49.2125431 ], [ -123.148566, 49.2097512 ], [ -123.1485946, 49.2096788 ], [ -123.1486608, 49.2096205 ], [ -123.1487448, 49.2095749 ], [ -123.1482282, 49.2090121 ], [ -123.1486411, 49.2088217 ], [ -123.1487626, 49.2087645 ], [ -123.1488449, 49.2086956 ], [ -123.1489289, 49.2084808 ], [ -123.1491737, 49.2075267 ], [ -123.1492077, 49.207473 ], [ -123.1491594, 49.2074508 ], [ -123.1490343, 49.2073901 ], [ -123.1491114, 49.2070241 ], [ -123.1493062, 49.2064691 ], [ -123.1493064, 49.2063476 ], [ -123.1491777, 49.205927 ], [ -123.1474455, 49.2052712 ], [ -123.1470147, 49.2050297 ], [ -123.1463453, 49.2048054 ], [ -123.1459333, 49.2046092 ], [ -123.1453153, 49.2043848 ], [ -123.1448003, 49.2041886 ], [ -123.1446919, 49.204117 ], [ -123.1443274, 49.2040127 ], [ -123.1438991, 49.203796 ], [ -123.1432913, 49.2035114 ], [ -123.1433507, 49.2034125 ], [ -123.1430456, 49.2032615 ], [ -123.1424143, 49.202967 ], [ -123.1407923, 49.2020534 ], [ -123.1407428, 49.2018747 ], [ -123.1409672, 49.2016385 ], [ -123.1407536, 49.2014625 ], [ -123.1402378, 49.2010329 ], [ -123.1392748, 49.2008819 ], [ -123.1392982, 49.2008364 ], [ -123.137893, 49.2005978 ], [ -123.1375998, 49.2004639 ], [ -123.137272, 49.2002942 ], [ -123.1367212, 49.2002761 ], [ -123.1366377, 49.2002937 ], [ -123.1364826, 49.2002727 ], [ -123.1361763, 49.200232 ], [ -123.1359022, 49.2002115 ], [ -123.1357115, 49.2001371 ], [ -123.1355413, 49.2000631 ], [ -123.1353934, 49.2000739 ], [ -123.1353276, 49.2001001 ], [ -123.1353004, 49.2001348 ], [ -123.1350894, 49.2001703 ], [ -123.1349666, 49.2005696 ], [ -123.1347539, 49.2005246 ], [ -123.1348767, 49.2000078 ], [ -123.1348474, 49.1999402 ], [ -123.1347916, 49.1998775 ], [ -123.134712, 49.199842 ], [ -123.1342048, 49.1998558 ], [ -123.1337567, 49.1998496 ], [ -123.133395, 49.1998571 ], [ -123.1330572, 49.1998255 ], [ -123.1326588, 49.19982 ], [ -123.1322666, 49.1998135 ], [ -123.132102, 49.1998193 ], [ -123.1320972, 49.1998863 ], [ -123.131594, 49.1999002 ], [ -123.1307151, 49.1999962 ], [ -123.130546, 49.2002187 ], [ -123.1303981, 49.2002984 ], [ -123.1300203, 49.2002829 ], [ -123.1282213, 49.200627 ], [ -123.1279873, 49.2009328 ], [ -123.127234, 49.2010284 ], [ -123.1250767, 49.2018025 ], [ -123.1231237, 49.2023817 ], [ -123.1227669, 49.2028137 ], [ -123.1222521, 49.2027869 ], [ -123.121005, 49.2030303 ], [ -123.1207602, 49.2032227 ], [ -123.1192623, 49.2037043 ], [ -123.1192859, 49.2037884 ], [ -123.1174592, 49.204151 ], [ -123.1174143, 49.2041819 ], [ -123.1173756, 49.2043412 ], [ -123.117324, 49.204383 ], [ -123.1168821, 49.2044987 ], [ -123.1158031, 49.2048775 ], [ -123.1157053, 49.2048368 ], [ -123.115475, 49.2048594 ], [ -123.1153106, 49.2049527 ], [ -123.1148194, 49.2049936 ], [ -123.1146451, 49.2050422 ], [ -123.1142468, 49.2051612 ], [ -123.1136129, 49.2053095 ], [ -123.1136036, 49.2052927 ], [ -123.113518, 49.2052861 ], [ -123.1123309, 49.2053292 ], [ -123.1120902, 49.2053333 ], [ -123.1114711, 49.2053614 ], [ -123.1114712, 49.205315 ], [ -123.11044, 49.2052104 ], [ -123.108679, 49.205348 ], [ -123.108675, 49.2052977 ], [ -123.1086275, 49.2052819 ], [ -123.1082835, 49.2052905 ], [ -123.1072047, 49.2051945 ], [ -123.1070827, 49.2052273 ], [ -123.1069336, 49.2051992 ], [ -123.106577, 49.2122205 ], [ -123.1065517, 49.2124506 ], [ -123.1063905, 49.2150654 ] ] ] } },
{ "type": "Feature", "properties": { "name": "Oakridge", "overture_id": "6abeb180-a44e-45b5-b1a2-56acf3f5b405", "division_id": "f5bd0075-8119-45ec-a5b3-bcce1d95c9ed" }, "geometry": { "type": "Polygon", "coordinates": [ [ [ -123.1059431, 49.225763 ], [ -123.1056504, 49.2331493 ], [ -123.1145693, 49.2334758 ], [ -123.1162419, 49.2335417 ], [ -123.1165643, 49.2335504 ], [ -123.123965, 49.2338144 ], [ -123.1281077, 49.2339602 ], [ -123.1303972, 49.2340501 ], [ -123.1351452, 49.2342099 ], [ -123.1382616, 49.234309 ], [ -123.1396548, 49.2343467 ], [ -123.1397298, 49.2321308 ], [ -123.1399133, 49.2269294 ], [ -123.1401775, 49.2193723 ], [ -123.1168081, 49.2190861 ], [ -123.1062225, 49.2189564 ], [ -123.1061786, 49.2193983 ], [ -123.1061098, 49.2211545 ], [ -123.1060621, 49.2229653 ], [ -123.1059431, 49.225763 ] ] ] } },
{ "type": "Feature", "properties": { "name": "Sunset", "overture_id": "68cc533d-a5f2-49e5-a979-4ba3c3aad40a", "division_id": "83cbb7b1-8045-416e-a7b6-6b56a129580e" }, "geometry": { "type": "Polygon", "coordinates": [ [ [ -123.0959549, 49.2329538 ], [ -123.0985717, 49.2329963 ], [ -123.0986949, 49.2330208 ], [ -123.1015264, 49.2330761 ], [ -123.1056504, 49.2331493 ], [ -123.1059431, 49.225763 ], [ -123.1060621, 49.2229653 ], [ -123.1061098, 49.2211545 ], [ -123.1061786, 49.2193983 ], [ -123.1062225, 49.2189564 ], [ -123.1063905, 49.2150654 ], [ -123.1065517, 49.2124506 ], [ -123.106577, 49.2122205 ], [ -123.1069336, 49.2051992 ], [ -123.1066899, 49.2051454 ], [ -123.1065248, 49.2050408 ], [ -123.1064232, 49.2050538 ], [ -123.1053784, 49.2049982 ], [ -123.1053797, 49.2051313 ], [ -123.1049755, 49.2051204 ], [ -123.104946, 49.205015 ], [ -123.1041029, 49.2049785 ], [ -123.1025463, 49.205 ], [ -123.1024424, 49.2048549 ], [ -123.1021658, 49.2048049 ], [ -123.1018574, 49.2048167 ], [ -123.101676, 49.2050231 ], [ -123.0979259, 49.2051225 ], [ -123.0977562, 49.205241 ], [ -123.0977211, 49.2054856 ], [ -123.0976785, 49.2054701 ], [ -123.0976801, 49.2052486 ], [ -123.0975456, 49.2051569 ], [ -123.0973233, 49.2052066 ], [ -123.0953458, 49.2051569 ], [ -123.0952464, 49.2054283 ], [ -123.0937369, 49.2053633 ], [ -123.0924605, 49.2054881 ], [ -123.0909136, 49.2058183 ], [ -123.089219, 49.2063809 ], [ -123.0883838, 49.2065253 ], [ -123.0881345, 49.2067777 ], [ -123.0875398, 49.2067886 ], [ -123.0871153, 49.206939 ], [ -123.0864632, 49.206968 ], [ -123.0863217, 49.2070695 ], [ -123.0850457, 49.2071494 ], [ -123.0839807, 49.2073224 ], [ -123.0831087, 49.2074318 ], [ -123.0830998, 49.2076621 ], [ -123.082798, 49.2078396 ], [ -123.082576, 49.2077525 ], [ -123.0815212, 49.2076505 ], [ -123.0807744, 49.2077789 ], [ -123.0802392, 49.2078338 ], [ -123.0794898, 49.2079811 ], [ -123.0793637, 49.2079498 ], [ -123.0791489, 49.208002 ], [ -123.0791631, 49.2080913 ], [ -123.0788128, 49.2081705 ], [ -123.0780178, 49.208356 ], [ -123.0772859, 49.2085146 ], [ -123.0771117, 49.212806 ], [ -123.0770314, 49.218177 ], [ -123.077017, 49.21915 ], [ -123.0774951, 49.2202274 ], [ -123.0773038, 49.2252962 ], [ -123.0770361, 49.232716 ], [ -123.0796738, 49.2327308 ], [ -123.0811049, 49.2327504 ], [ -123.0847766, 49.2328013 ], [ -123.0881604, 49.2328418 ], [ -123.090434, 49.23288 ], [ -123.0906055, 49.2328804 ], [ -123.0911646, 49.2328883 ], [ -123.0959549, 49.2329538 ] ] ] } },
{ "type": "Feature", "properties": { "name": "Victoria-Fraserview", "overture_id": "7fe8bd9c-5329-4081-99b2-9b0786d2f584", "division_id": "1a831584-a579-4884-9753-c3ab7842c50b" }, "geometry": { "type": "Polygon", "coordinates": [ [ [ -123.0500311, 49.2293231 ], [ -123.0488425, 49.2293105 ], [ -123.0488217, 49.2328185 ], [ -123.0588612, 49.2328559 ], [ -123.0644387, 49.2328984 ], [ -123.066338, 49.2326433 ], [ -123.0670897, 49.2326078 ], [ -123.0687966, 49.2326225 ], [ -123.0701558, 49.2326016 ], [ -123.0716029, 49.2326342 ], [ -123.0740074, 49.2326643 ], [ -123.0748508, 49.2326982 ], [ -123.0770361, 49.232716 ], [ -123.0773038, 49.2252962 ], [ -123.0774951, 49.2202274 ], [ -123.077017, 49.21915 ], [ -123.0770314, 49.218177 ], [ -123.0771117, 49.212806 ], [ -123.0772859, 49.2085146 ], [ -123.0769439, 49.2085893 ], [ -123.0756933, 49.2088709 ], [ -123.0755282, 49.2088616 ], [ -123.0752956, 49.2087827 ], [ -123.0753219, 49.2087287 ], [ -123.0750132, 49.2086934 ], [ -123.0750044, 49.208727 ], [ -123.0740188, 49.2086771 ], [ -123.0736726, 49.2086029 ], [ -123.0733247, 49.2085568 ], [ -123.07211, 49.2082897 ], [ -123.0721133, 49.208231 ], [ -123.0715649, 49.208123 ], [ -123.071515, 49.2081876 ], [ -123.0711525, 49.2081142 ], [ -123.0707114, 49.2080039 ], [ -123.0704202, 49.2079377 ], [ -123.0701827, 49.2078506 ], [ -123.0700981, 49.2077804 ], [ -123.0700287, 49.2077028 ], [ -123.0697967, 49.2074728 ], [ -123.069537, 49.2073674 ], [ -123.0689705, 49.2072363 ], [ -123.0687564, 49.2071291 ], [ -123.0684641, 49.2070493 ], [ -123.0683764, 49.2070349 ], [ -123.0682531, 49.2070147 ], [ -123.0680269, 49.2069484 ], [ -123.067985, 49.2068488 ], [ -123.0675304, 49.2068233 ], [ -123.0674452, 49.2067537 ], [ -123.0672907, 49.2066423 ], [ -123.0672108, 49.2066365 ], [ -123.0671254, 49.206624 ], [ -123.0667823, 49.2065129 ], [ -123.0666438, 49.206548 ], [ -123.0665114, 49.2067577 ], [ -123.0664054, 49.2068128 ], [ -123.0660548, 49.2068037 ], [ -123.0659487, 49.2067415 ], [ -123.0659655, 49.2062454 ], [ -123.0658926, 49.2062133 ], [ -123.0655369, 49.2062096 ], [ -123.0654776, 49.2061767 ], [ -123.0653556, 49.2061376 ], [ -123.0651133, 49.2061006 ], [ -123.0646937, 49.2061121 ], [ -123.0645726, 49.2061004 ], [ -123.0644889, 49.2060643 ], [ -123.0642824, 49.2059063 ], [ -123.0641331, 49.2058394 ], [ -123.0639702, 49.2057955 ], [ -123.0637936, 49.2057918 ], [ -123.0637429, 49.2058068 ], [ -123.0636421, 49.2058204 ], [ -123.0635868, 49.2058363 ], [ -123.0635041, 49.20585 ], [ -123.0632679, 49.2058933 ], [ -123.0627109, 49.205925 ], [ -123.0626155, 49.2058963 ], [ -123.0625954, 49.2058681 ], [ -123.0626521, 49.2056098 ], [ -123.0625644, 49.2055967 ], [ -123.0625233, 49.2056155 ], [ -123.0624602, 49.2058629 ], [ -123.0616999, 49.2059412 ], [ -123.0610992, 49.2058635 ], [ -123.0605453, 49.2057781 ], [ -123.0599534, 49.2056944 ], [ -123.0590633, 49.2056414 ], [ -123.0570739, 49.2055423 ], [ -123.0569388, 49.2055037 ], [ -123.0568174, 49.2053638 ], [ -123.0568159, 49.2056089 ], [ -123.0568114, 49.2061654 ], [ -123.0568318, 49.2069284 ], [ -123.0568381, 49.207051 ], [ -123.0568665, 49.2074933 ], [ -123.0567355, 49.2078911 ], [ -123.0560651, 49.2086393 ], [ -123.0554628, 49.2096577 ], [ -123.0553888, 49.2100114 ], [ -123.0551298, 49.2124371 ], [ -123.055115, 49.2126959 ], [ -123.0548737, 49.212743 ], [ -123.0540129, 49.2134211 ], [ -123.053993, 49.2134388 ], [ -123.0536139, 49.2137811 ], [ -123.0524836, 49.2147671 ], [ -123.0511498, 49.2159026 ], [ -123.0507881, 49.21647 ], [ -123.0507376, 49.2165456 ], [ -123.0505276, 49.2172951 ], [ -123.0505221, 49.2187284 ], [ -123.0504943, 49.2207485 ], [ -123.0503951, 49.2226492 ], [ -123.0502799, 49.2247106 ], [ -123.0501807, 49.2264037 ], [ -123.0500311, 49.2293231 ] ] ] } },
{ "type": "Feature", "properties": { "name": "Killarney", "overture_id": "31f31f42-d2b4-4efb-a81b-ab85e2e9d9f2", "division_id": "69764344-c141-4da1-a64a-c6f870c29701" }, "geometry": { "type": "Polygon", "coordinates": [ [ [ -123.0444146, 49.232984 ], [ -123.0464502, 49.2329897 ], [ -123.0481579, 49.232815 ], [ -123.0488217, 49.2328185 ], [ -123.0488425, 49.2293105 ], [ -123.0500311, 49.2293231 ], [ -123.0501807, 49.2264037 ], [ -123.0502799, 49.2247106 ], [ -123.0503951, 49.2226492 ], [ -123.0504943, 49.2207485 ], [ -123.0505221, 49.2187284 ], [ -123.0505276, 49.2172951 ], [ -123.0507376, 49.2165456 ], [ -123.0507881, 49.21647 ], [ -123.0511498, 49.2159026 ], [ -123.0524836, 49.2147671 ], [ -123.0536139, 49.2137811 ], [ -123.053993, 49.2134388 ], [ -123.0540129, 49.2134211 ], [ -123.0548737, 49.212743 ], [ -123.055115, 49.2126959 ], [ -123.0551298, 49.2124371 ], [ -123.0553888, 49.2100114 ], [ -123.0554628, 49.2096577 ], [ -123.0560651, 49.2086393 ], [ -123.0567355, 49.2078911 ], [ -123.0568665, 49.2074933 ], [ -123.0568381, 49.207051 ], [ -123.0568318, 49.2069284 ], [ -123.0568114, 49.2061654 ], [ -123.0568159, 49.2056089 ], [ -123.0568174, 49.2053638 ], [ -123.056556, 49.2052538 ], [ -123.0563204, 49.2052366 ], [ -123.0552957, 49.205223 ], [ -123.0552019, 49.205243 ], [ -123.055089, 49.2052758 ], [ -123.0550214, 49.2052863 ], [ -123.0543167, 49.2053064 ], [ -123.0543164, 49.2052788 ], [ -123.0531321, 49.2052731 ], [ -123.0531152, 49.2052871 ], [ -123.053101, 49.205299 ], [ -123.0530725, 49.2052954 ], [ -123.0525069, 49.2052237 ], [ -123.052356, 49.2052518 ], [ -123.052135, 49.2052263 ], [ -123.0517444, 49.2051924 ], [ -123.0514921, 49.2051928 ], [ -123.0513662, 49.2052222 ], [ -123.0511934, 49.2052058 ], [ -123.0509034, 49.2051545 ], [ -123.0506833, 49.2051583 ], [ -123.0501409, 49.2052005 ], [ -123.0498882, 49.2052503 ], [ -123.0495394, 49.205257 ], [ -123.0491169, 49.2052622 ], [ -123.048948, 49.2052292 ], [ -123.0481718, 49.2052415 ], [ -123.0478985, 49.2052737 ], [ -123.0477845, 49.2052158 ], [ -123.047715, 49.2052033 ], [ -123.0476487, 49.2052058 ], [ -123.0475918, 49.2052246 ], [ -123.0474597, 49.2052863 ], [ -123.0471438, 49.2052626 ], [ -123.0469085, 49.2052735 ], [ -123.0467428, 49.2052692 ], [ -123.0465234, 49.2052277 ], [ -123.046252, 49.2051477 ], [ -123.0459581, 49.2050948 ], [ -123.0456474, 49.2050705 ], [ -123.0454608, 49.2050966 ], [ -123.0451949, 49.205161 ], [ -123.0449735, 49.2052321 ], [ -123.0446166, 49.2053949 ], [ -123.0444991, 49.2054253 ], [ -123.0444202, 49.2054333 ], [ -123.0443163, 49.2054183 ], [ -123.0442097, 49.2053817 ], [ -123.0441766, 49.2053267 ], [ -123.0441625, 49.2053125 ], [ -123.0439927, 49.2052802 ], [ -123.0439105, 49.2052855 ], [ -123.0437455, 49.2053535 ], [ -123.0427872, 49.205077 ], [ -123.042396, 49.205077 ], [ -123.0420049, 49.2052059 ], [ -123.0412069, 49.2051362 ], [ -123.040589, 49.2051249 ], [ -123.0400311, 49.2049791 ], [ -123.0393187, 49.2046034 ], [ -123.0391393, 49.2044528 ], [ -123.0385952, 49.204322 ], [ -123.0380365, 49.204304 ], [ -123.0379162, 49.2042752 ], [ -123.0378767, 49.2043443 ], [ -123.0379974, 49.2043686 ], [ -123.0379787, 49.204412 ], [ -123.037807, 49.2044908 ], [ -123.0376748, 49.2045061 ], [ -123.0376079, 49.2044888 ], [ -123.0374446, 49.2044845 ], [ -123.0371791, 49.2044245 ], [ -123.0369441, 49.2042307 ], [ -123.0369599, 49.2040444 ], [ -123.0369154, 49.2039305 ], [ -123.0364955, 49.2039204 ], [ -123.0356084, 49.2036301 ], [ -123.0351817, 49.2034906 ], [ -123.0341393, 49.2032011 ], [ -123.03299, 49.2030569 ], [ -123.0322217, 49.2027731 ], [ -123.0306566, 49.2025172 ], [ -123.030216, 49.2025091 ], [ -123.0299932, 49.2024637 ], [ -123.0299438, 49.2024761 ], [ -123.0296622, 49.2024355 ], [ -123.0295993, 49.2023889 ], [ -123.029471, 49.2023905 ], [ -123.0294277, 49.2023872 ], [ -123.0293708, 49.2023844 ], [ -123.0290655, 49.2023836 ], [ -123.02879, 49.2022931 ], [ -123.0280616, 49.2022025 ], [ -123.0273405, 49.2020742 ], [ -123.0267661, 49.201956 ], [ -123.0260801, 49.2018776 ], [ -123.0257011, 49.2017755 ], [ -123.0253525, 49.2017173 ], [ -123.0251433, 49.2016312 ], [ -123.0248117, 49.2015585 ], [ -123.024738, 49.2015639 ], [ -123.0246403, 49.2015836 ], [ -123.0245626, 49.2015775 ], [ -123.0240422, 49.2014034 ], [ -123.0236498, 49.2012831 ], [ -123.0235164, 49.2012306 ], [ -123.0234346, 49.2012222 ], [ -123.0233779, 49.201236 ], [ -123.0233309, 49.2033191 ], [ -123.0233893, 49.2051732 ], [ -123.023367, 49.2073432 ], [ -123.0233856, 49.2074877 ], [ -123.0233871, 49.2074997 ], [ -123.023397, 49.2075789 ], [ -123.0235263, 49.2081759 ], [ -123.0240469, 49.2104739 ], [ -123.0240678, 49.2105672 ], [ -123.0237928, 49.2117502 ], [ -123.0237169, 49.2120766 ], [ -123.0236977, 49.2217964 ], [ -123.0236751, 49.2219622 ], [ -123.023671, 49.2219934 ], [ -123.0235184, 49.2233883 ], [ -123.0235807, 49.2323043 ], [ -123.0251538, 49.2322326 ], [ -123.0263607, 49.2321882 ], [ -123.0271358, 49.2321461 ], [ -123.0282163, 49.2320924 ], [ -123.0292216, 49.2320504 ], [ -123.0299931, 49.2320021 ], [ -123.0307146, 49.2319842 ], [ -123.0311273, 49.2320036 ], [ -123.0316293, 49.2320979 ], [ -123.0320264, 49.2322123 ], [ -123.0324665, 49.2323821 ], [ -123.0328445, 49.2325713 ], [ -123.0338725, 49.2331172 ], [ -123.0348325, 49.2336062 ], [ -123.0358915, 49.2341599 ], [ -123.0365533, 49.2335361 ], [ -123.0367262, 49.2334217 ], [ -123.0369433, 49.2333064 ], [ -123.0373356, 49.2331561 ], [ -123.0376624, 49.2330697 ], [ -123.0380798, 49.2329973 ], [ -123.0383767, 49.2329677 ], [ -123.038812, 49.2329646 ], [ -123.0443335, 49.23297 ], [ -123.0444146, 49.232984 ] ] ] } },
{ "type": "Feature", "properties": { "name": "Renfrew-Collingwood", "overture_id": "b655f34f-2976-4fb8-a23b-5d6eaa4575b0", "division_id": "9397c353-3834-4df4-8d0d-cd6a95fabb04" }, "geometry": { "type": "Polygon", "coordinates": [ [ [ -123.058681, 49.2409757 ], [ -123.0586939, 49.240826 ], [ -123.0587285, 49.239769 ], [ -123.0588612, 49.2328559 ], [ -123.0488217, 49.2328185 ], [ -123.0481579, 49.232815 ], [ -123.0464502, 49.2329897 ], [ -123.0444146, 49.232984 ], [ -123.0443335, 49.23297 ], [ -123.038812, 49.2329646 ], [ -123.0383767, 49.2329677 ], [ -123.0380798, 49.2329973 ], [ -123.0376624, 49.2330697 ], [ -123.0373356, 49.2331561 ], [ -123.0369433, 49.2333064 ], [ -123.0367262, 49.2334217 ], [ -123.0365533, 49.2335361 ], [ -123.0358915, 49.2341599 ], [ -123.0348325, 49.2336062 ], [ -123.0338725, 49.2331172 ], [ -123.0328445, 49.2325713 ], [ -123.0324665, 49.2323821 ], [ -123.0320264, 49.2322123 ], [ -123.0316293, 49.2320979 ], [ -123.0311273, 49.2320036 ], [ -123.0307146, 49.2319842 ], [ -123.0299931, 49.2320021 ], [ -123.0292216, 49.2320504 ], [ -123.0282163, 49.2320924 ], [ -123.0271358, 49.2321461 ], [ -123.0263607, 49.2321882 ], [ -123.0251538, 49.2322326 ], [ -123.0235807, 49.2323043 ], [ -123.0235845, 49.2329352 ], [ -123.0236036, 49.2355493 ], [ -123.023658, 49.2430044 ], [ -123.0236723, 49.24527 ], [ -123.0236642, 49.2506478 ], [ -123.0236104, 49.2581937 ], [ -123.0235965, 49.2609913 ], [ -123.0235952, 49.2612919 ], [ -123.0235919, 49.2624167 ], [ -123.0235826, 49.2655866 ], [ -123.0240978, 49.2654711 ], [ -123.0245318, 49.2653678 ], [ -123.0252856, 49.2651804 ], [ -123.0257457, 49.2650197 ], [ -123.0263592, 49.2647556 ], [ -123.0272305, 49.2642807 ], [ -123.0274948, 49.2641125 ], [ -123.0278407, 49.2638804 ], [ -123.028712, 49.2633075 ], [ -123.029443, 49.2628305 ], [ -123.0299831, 49.2624855 ], [ -123.0303126, 49.2623237 ], [ -123.0307026, 49.2621714 ], [ -123.0309114, 49.2621065 ], [ -123.0315739, 49.2619659 ], [ -123.0319785, 49.2619212 ], [ -123.0325545, 49.2618754 ], [ -123.0335465, 49.2618892 ], [ -123.0339952, 49.2618882 ], [ -123.0364345, 49.261902 ], [ -123.0377414, 49.2619052 ], [ -123.0399229, 49.261902 ], [ -123.0413261, 49.2619137 ], [ -123.0433265, 49.2619169 ], [ -123.0440721, 49.2619467 ], [ -123.0461019, 49.2619766 ], [ -123.0465913, 49.2619712 ], [ -123.0522074, 49.2619744 ], [ -123.054691, 49.2619989 ], [ -123.0558515, 49.2620281 ], [ -123.0560189, 49.2620487 ], [ -123.0563441, 49.2621059 ], [ -123.0566336, 49.2621652 ], [ -123.0566209, 49.2588846 ], [ -123.0566512, 49.2577897 ], [ -123.0566143, 49.2567561 ], [ -123.0565862, 49.2506504 ], [ -123.0566435, 49.2493642 ], [ -123.0566477, 49.2477362 ], [ -123.0566539, 49.2458772 ], [ -123.0566633, 49.243568 ], [ -123.0567395, 49.2432736 ], [ -123.0569658, 49.2429423 ], [ -123.0573182, 49.2426179 ], [ -123.057977, 49.2420106 ], [ -123.0582998, 49.241743 ], [ -123.0584463, 49.2415524 ], [ -123.0585377, 49.2413866 ], [ -123.058627, 49.2411766 ], [ -123.058681, 49.2409757 ] ] ] } },
{ "type": "Feature", "properties": { "name": "Hastings-Sunrise", "overture_id": "50340f74-75ff-47fc-8b5a-5891e0204788", "division_id": "38222b21-6f35-42bf-b179-bf5b36c4524c" }, "geometry": { "type": "Polygon", "coordinates": [ [ [ -123.0279921, 49.2925882 ], [ -123.0282489, 49.2924963 ], [ -123.0282914, 49.2925014 ], [ -123.0288723, 49.2922851 ], [ -123.0290531, 49.2921643 ], [ -123.0295914, 49.2918805 ], [ -123.0297785, 49.2917286 ], [ -123.0301714, 49.2915115 ], [ -123.0303976, 49.2913866 ], [ -123.0305094, 49.2913823 ], [ -123.0305275, 49.2913758 ], [ -123.0309478, 49.2911152 ], [ -123.0310391, 49.2910771 ], [ -123.0315043, 49.290768 ], [ -123.0315614, 49.2907089 ], [ -123.031616, 49.2906722 ], [ -123.0316568, 49.2906573 ], [ -123.0317071, 49.2906582 ], [ -123.031745, 49.2906675 ], [ -123.0319184, 49.2907336 ], [ -123.0319797, 49.2907851 ], [ -123.0321119, 49.2908746 ], [ -123.0324692, 49.2910196 ], [ -123.032644, 49.2910718 ], [ -123.0327737, 49.2910916 ], [ -123.0328404, 49.2910917 ], [ -123.0331238, 49.2910502 ], [ -123.0333885, 49.2910234 ], [ -123.0336409, 49.2909934 ], [ -123.0339331, 49.2909539 ], [ -123.034103, 49.2909247 ], [ -123.0341247, 49.2909078 ], [ -123.0341366, 49.2908754 ], [ -123.0341328, 49.2908491 ], [ -123.0340446, 49.2906741 ], [ -123.0339352, 49.2905651 ], [ -123.0338155, 49.290466 ], [ -123.0337246, 49.2903387 ], [ -123.0337252, 49.2902996 ], [ -123.0337481, 49.2902567 ], [ -123.0338088, 49.2902167 ], [ -123.033999, 49.2901362 ], [ -123.034201, 49.2900913 ], [ -123.034241, 49.2900983 ], [ -123.0345633, 49.290218 ], [ -123.0349914, 49.2903688 ], [ -123.0351106, 49.2904219 ], [ -123.035161, 49.2904366 ], [ -123.0353408, 49.2904363 ], [ -123.0353868, 49.2904281 ], [ -123.0355318, 49.2903937 ], [ -123.0357279, 49.2903457 ], [ -123.0358825, 49.2903306 ], [ -123.036074, 49.2903844 ], [ -123.0361206, 49.2904659 ], [ -123.0361587, 49.2905745 ], [ -123.0361812, 49.2906014 ], [ -123.0362233, 49.2906108 ], [ -123.0362573, 49.290609 ], [ -123.0363155, 49.2905659 ], [ -123.03634, 49.2904972 ], [ -123.0363576, 49.290478 ], [ -123.0364115, 49.2904641 ], [ -123.0365333, 49.2904531 ], [ -123.0366831, 49.2904547 ], [ -123.0368353, 49.2904755 ], [ -123.0369549, 49.2905202 ], [ -123.0370895, 49.29059 ], [ -123.0371546, 49.2905874 ], [ -123.037156, 49.2906937 ], [ -123.0372919, 49.290851 ], [ -123.0375083, 49.29092 ], [ -123.0377664, 49.2909607 ], [ -123.0382285, 49.2909738 ], [ -123.0386443, 49.2909632 ], [ -123.0389328, 49.2910049 ], [ -123.0391022, 49.2910455 ], [ -123.0393301, 49.2911295 ], [ -123.0395474, 49.2912554 ], [ -123.0396407, 49.2914217 ], [ -123.0396417, 49.2915945 ], [ -123.039723, 49.2917481 ], [ -123.0398281, 49.2919021 ], [ -123.0399591, 49.2919822 ], [ -123.0402158, 49.2920783 ], [ -123.0404768, 49.2921355 ], [ -123.0407399, 49.2921494 ], [ -123.041166, 49.2921938 ], [ -123.0417549, 49.2922403 ], [ -123.0424033, 49.2923564 ], [ -123.0427053, 49.2923423 ], [ -123.0430638, 49.2923606 ], [ -123.0432809, 49.29235 ], [ -123.0434554, 49.2922714 ], [ -123.0436207, 49.2921761 ], [ -123.0437664, 49.2920708 ], [ -123.0438344, 49.2919946 ], [ -123.0439546, 49.2919786 ], [ -123.0441682, 49.2920515 ], [ -123.0444862, 49.2922456 ], [ -123.044644, 49.2922942 ], [ -123.0447979, 49.2922988 ], [ -123.0455969, 49.2925533 ], [ -123.0458903, 49.2926651 ], [ -123.0459447, 49.2927104 ], [ -123.0459965, 49.2928045 ], [ -123.0460455, 49.2929468 ], [ -123.0461158, 49.2930381 ], [ -123.046263, 49.2931796 ], [ -123.046373, 49.2936101 ], [ -123.046531, 49.2936926 ], [ -123.046816, 49.293732 ], [ -123.0471555, 49.2937519 ], [ -123.047519, 49.2937246 ], [ -123.0478889, 49.293643 ], [ -123.0479315, 49.2935976 ], [ -123.0479735, 49.2935238 ], [ -123.0480339, 49.293471 ], [ -123.0481698, 49.2934592 ], [ -123.0484687, 49.2934432 ], [ -123.0485102, 49.2934183 ], [ -123.0485617, 49.293357 ], [ -123.0486313, 49.2933248 ], [ -123.0494856, 49.2933254 ], [ -123.0495697, 49.2933546 ], [ -123.0496566, 49.2934096 ], [ -123.0497, 49.2935114 ], [ -123.0497178, 49.2938256 ], [ -123.0497413, 49.2938758 ], [ -123.0498081, 49.293918 ], [ -123.0498962, 49.2939508 ], [ -123.0500041, 49.2939578 ], [ -123.0501213, 49.2939487 ], [ -123.0504972, 49.2938834 ], [ -123.0506128, 49.2938873 ], [ -123.0509675, 49.2938063 ], [ -123.0510771, 49.2937526 ], [ -123.0519482, 49.2935199 ], [ -123.0529438, 49.2932077 ], [ -123.0535203, 49.2929815 ], [ -123.054458, 49.292699 ], [ -123.0554092, 49.2923795 ], [ -123.0557864, 49.2922558 ], [ -123.0560294, 49.2921692 ], [ -123.0561024, 49.2921335 ], [ -123.056287, 49.2919717 ], [ -123.0564075, 49.2919158 ], [ -123.0565148, 49.2918956 ], [ -123.0566185, 49.269486 ], [ -123.0566336, 49.2621652 ], [ -123.0563441, 49.2621059 ], [ -123.0560189, 49.2620487 ], [ -123.0558515, 49.2620281 ], [ -123.054691, 49.2619989 ], [ -123.0522074, 49.2619744 ], [ -123.0465913, 49.2619712 ], [ -123.0461019, 49.2619766 ], [ -123.0440721, 49.2619467 ], [ -123.0433265, 49.2619169 ], [ -123.0413261, 49.2619137 ], [ -123.0399229, 49.261902 ], [ -123.0377414, 49.2619052 ], [ -123.0364345, 49.261902 ], [ -123.0339952, 49.2618882 ], [ -123.0335465, 49.2618892 ], [ -123.0325545, 49.2618754 ], [ -123.0319785, 49.2619212 ], [ -123.0315739, 49.2619659 ], [ -123.0309114, 49.2621065 ], [ -123.0307026, 49.2621714 ], [ -123.0303126, 49.2623237 ], [ -123.0299831, 49.2624855 ], [ -123.029443, 49.2628305 ], [ -123.028712, 49.2633075 ], [ -123.0278407, 49.2638804 ], [ -123.0274948, 49.2641125 ], [ -123.0272305, 49.2642807 ], [ -123.0263592, 49.2647556 ], [ -123.0257457, 49.2650197 ], [ -123.0252856, 49.2651804 ], [ -123.0245318, 49.2653678 ], [ -123.0240978, 49.2654711 ], [ -123.0235826, 49.2655866 ], [ -123.0234668, 49.2757599 ], [ -123.0234595, 49.2763976 ], [ -123.0234451, 49.277453 ], [ -123.0234436, 49.2775648 ], [ -123.0233954, 49.2811064 ], [ -123.0232619, 49.2927885 ], [ -123.0232545, 49.2933649 ], [ -123.0237804, 49.2932983 ], [ -123.0244519, 49.2931869 ], [ -123.0251562, 49.2930897 ], [ -123.0253803, 49.2933069 ], [ -123.0254747, 49.2933342 ], [ -123.0255318, 49.2933232 ], [ -123.0256833, 49.2931938 ], [ -123.0259213, 49.2929342 ], [ -123.0263688, 49.2926772 ], [ -123.0268872, 49.2924503 ], [ -123.0270782, 49.2926255 ], [ -123.0272378, 49.2927217 ], [ -123.0274285, 49.2927578 ], [ -123.027628, 49.2927424 ], [ -123.0279921, 49.2925882 ] ] ] } }
]
}
